,GEOID,r_income,r_pbb,r_upr,r_wr
0,80439790013,48667,0.2863939078364043,0,0.9095394662044451
1,80150003001,59167,0.3976878566741288,0,0.8968713685182924
2,81190102033,75295,0.38718662413389104,0.040690505,0.9022164158772306
3,80930005003,55023,0.37499999585176996,0,0.9055793894251138
4,80930005002,77619,0.3938520615384048,0.046009389239348455,0.8785850776425901
5,80150004022,75529,0.5232843073126924,0.033957845,0.884782599
6,81190101091,69922,0.32806323786498776,0,0.8783102088378928
7,81190101122,100707,0.3463235268652682,0,0.8770949650670793
8,80930005001,49234,0.29061371316581747,0,0.9029702791491034
9,81190101111,57549,0.4199178601651144,0.019328585764714287,0.8861788552388851
10,80410037131,129625,0.6614173098146199,0.03407155,0.8675577051329563
11,80410046023,69141,0.15140045305525773,0.052496799,0.8443045172048969
12,80410039102,57500,0.20788530093395519,0.006802721,0.8520900230215431
13,80739618002,54063,0.3231899231564541,0.002952756,0.90525536
14,80410039114,47212,0.19999999534883733,0.021032504377963588,0.819875769
15,80410039131,148192,0.3155043986763412,0.031602709,0.871008934
16,80410039113,92132,0.40525738877045575,0.08195292,0.8519218597862517
17,80410075021,93902,0.5770042133227404,0.036144578,0.8363187100906813
18,80410075024,171000,0.6131829982082263,0.042040816,0.8756308548102708
19,80410037132,114583,0.49483145845019566,0.044752475,0.8719153902392659
20,80410037133,119896,0.44528710243459263,0,0.8387953867245759
21,80410039111,135673,0.4904214496753327,0,0.835873378
22,80399611002,59231,0.2161849685990177,0.006862745,0.8962722779880691
23,80739617002,79219,0.063411078,0,0.5179703980410825
24,80739617003,57279,0.338082897,0.016853932394899636,0.815300538
25,80399612052,117083,0.3534338299257315,0.025751073,0.8627935616465567
26,80399611001,83750,0.2934131692602819,0.002724796,0.8700636831839021
27,80930004002,111727,0.26056337110692357,0,0.8851351201835285
28,80659619001,72692,0.5011185626273091,0,0.6390293160866601
29,80930003002,85161,0.19080459331483696,0,0.8397789939257045
30,80930004001,67065,0.4057591587630091,0.014542343759261387,0.8810992659500883
31,80350144041,143250,0.6778900036151515,0.008866995,0.8755916100365679
32,80350144042,145682,0.7205081604309604,0.010344827497027349,0.9058823453287198
33,80350144072,148958,0.5930760465773209,0,0.893879561
34,80350142061,140750,0.5317073084275235,0,0.8578680094179187
35,80350144091,171928,0.5911625886265011,0.050716221,0.8466054087631306
36,80350144054,155000,0.5926267226486016,0.028179191,0.8718647716910318
37,80350142051,128450,0.5158924142311441,0.028213165849392208,0.9094107219928697
38,80410074021,237738,0.5902236058750723,0.082455336,0.8490360100071443
39,80410074012,195288,0.7234468865386083,0,0.854211198
40,80410074013,170286,0.7664165031293011,0.004009623,0.8730933442764287
41,80399612092,93333,0.37891737351969557,0.03934871,0.90392156
42,80350145061,141711,0.5437665710375786,0.037181996,0.864161841
43,80350144081,164764,0.6465047067600164,0.006076389,0.8911084963137151
44,80350146021,163500,0.5202774785470785,0.011181331982589537,0.8971712503930762
45,80350145062,152232,0.590051457,0.014918726,0.8508522710007057
46,80399612091,101172,0.2419700188225908,0.008093525,0.8989751032285864
47,80399612081,150417,0.2605247085996052,0.020047169693118105,0.8890160132207322
48,80590120584,0,0.638095208,0.042654026,0.9008498328371153
49,80930003001,77083,0.4759249849167512,0.052721817176503136,0.8895405626122163
50,80350143001,136763,0.4561186593804863,0.034117647,0.9052496683066624
51,80659619002,61292,0.085133417,0.015223596,0.4005145763249179
52,80930002002,102944,0.32966321030010876,0.001890359,0.8591909838239069
53,81170004031,109762,0.6666666551525621,0,0.8938207058849373
54,80930002001,106316,0.45885286496974526,0.018735362887966258,0.8731988422294015
55,80590120583,103125,0.4572972923535428,0.009018036,0.8917874309972229
56,81170004054,165045,0.37303370367377864,0.00533049,0.8768821888672969
57,80590120582,95313,0.6870078604919713,0,0.9125248418238088
58,80739617001,54688,0.5452586089383921,0,0.8096468491847817
59,80399612051,75625,0.26637554294349847,0.005813953,0.8389830443837978
60,80050071014,129500,0.261660975,0.02276867,0.8300455172227199
61,80050071013,86375,0.129318854,0.00341006,0.7558650970977633
62,80050071011,93424,0.23637557297192663,0.067013287,0.8024316074579608
63,80050071012,94643,0.13415892534407714,0.10162002870677446,0.883449877
64,80399612082,108929,0.42716192439255996,0.016577540018301924,0.8708091154635265
65,80350146041,144219,0.5331905743526726,0.0647653,0.8493741870980829
66,80350145063,171272,0.6758703400255661,0.061224489060930504,0.8220244624913853
67,80350145053,100380,0.5289093263540781,0,0.8517169570670293
68,80350145051,117109,0.5591194933388711,0.017155506,0.8314556068884379
69,80350145052,105417,0.527498059,0,0.7924781679484341
70,80350146033,117725,0.5647921691345701,0.013856812773016019,0.8456712619468554
71,80350145042,76407,0.3323317287720449,0.041501976,0.7999265756243518
72,80350145041,55893,0.400590547,0.026632302176698437,0.7653562606550598
73,80350146032,141743,0.41141847903814904,0.088262056,0.8172453230933028
74,80350144071,43415,0.20692431395391053,0.014671361416247879,0.7278521304789539
75,80350146042,153854,0.6949860675836625,0.005411906,0.8468384035276889
76,80350145043,109226,0.46496289806296043,0.020737327029667227,0.8527607296567429
77,80350146031,132530,0.7077892809194539,0.008967001,0.8176271158724504
78,80350140136,160417,0.4914502818780856,0.006845708,0.8017450276212068
79,80350145032,76141,0.5318007622084233,0.011154856,0.8007334914380594
80,80399612061,116750,0.45315614316839775,0.017251293747836148,0.89046321
81,80350144106,137986,0.446455499,0.1119133560539909,0.8237597857456933
82,80350145031,145189,0.5905271154276004,0.030759573,0.8246110286439837
83,80350144101,182120,0.5321795536388342,0.10631741085609958,0.8387819039911244
84,80350140135,139228,0.4716855398288772,0.00715465,0.8300090624206298
85,80350144102,156550,0.5036540773224478,0.031729243618565606,0.82691456
86,80350144104,150208,0.7347956058345403,0,0.8527341588915314
87,80350144105,185074,0.6973929171564905,0.077490774,0.7517793527421766
88,80350144103,127026,0.7214035037094491,0.043676662,0.8306386385180329
89,80350145033,100737,0.4491682042565114,0.071060762,0.8140307147611842
90,80350140131,171406,0.7094386137604034,0.012455515940358743,0.8568507113657939
91,80350144107,141362,0.4730913582842133,0,0.8026533930128242
92,80399612072,139911,0.37744806897656935,0,0.876519198
93,80350139093,137593,0.6621066940888277,0.042168674190738865,0.8842530163626782
94,80350144051,185313,0.6265718937858289,0.03872933,0.8378006844061832
95,80350144053,115863,0.6530789188804951,0.058315334,0.8186119830777498
96,80350139091,123500,0.5885947022867832,0.007901065,0.8484343742557149
97,80399612071,126875,0.3045843022176822,0.019071837132410445,0.8998993918516127
98,80350141232,52888,0.40151514898033364,0.004259851,0.7342441571871126
99,80350144052,152712,0.5511982450719337,0.13704819070710555,0.8112764227777884
100,80399612063,142045,0.3599439725498043,0.009291521,0.9037837740131485
101,80350140132,239000,0.6285444174995802,0.009251472,0.8633392699742171
102,80350140172,250001,0.7945791612756182,0.00622665,0.8412698352000734
103,80350140134,181250,0.5003584193522694,0.00942211,0.8442234808512145
104,80350139092,150362,0.6140350848844178,0.021819678790367728,0.8906836931229012
105,80350140171,119205,0.5167682887441442,0.008469055,0.8563913684566472
106,80399612062,141250,0.5521126605038688,0.036496349476974464,0.8607095813310174
107,80350141231,193787,0.8347540928868584,0.009714633,0.9076305168810642
108,80350141421,250001,0.6986486439280497,0.06569343,0.9007430950066715
109,80350139151,169318,0.6008130032454227,0.013235294020328721,0.8852023829780864
110,80350139153,128958,0.6086956415879019,0.054491899,0.9011212956052875
111,80350140133,179044,0.7409700645926722,0.039142590501932986,0.8777251101637431
112,80350140162,181583,0.7636664783894728,0.035095715428004944,0.8394750083822564
113,80350139152,99205,0.44158877472923425,0.006329114,0.8650217581274056
114,80350141412,248695,0.7680478395213676,0.008310249,0.8595387810638058
115,80350139141,161250,0.6221349009683372,0.021696252358499743,0.8853538075405716
116,80350141413,80032,0.48737863604486764,0.049317146818534545,0.7847919543071455
117,80350141411,211500,0.655643417,0.005259698,0.862817792
118,80350139142,154175,0.6787148548948135,0.022727272587670315,0.8919338113136824
119,80350140161,156136,0.5495258137538155,0.004799302,0.7598982900112666
120,80350141272,141641,0.5988950210066849,0.021920667829638123,0.8628318529530224
121,80350139111,178542,0.4230145798538966,0.031654676,0.8689057327312488
122,80350141273,190761,0.7513464923577514,0.011848341138638696,0.8968926490332441
123,80350139074,90420,0.29986431072097275,0,0.8021077189448745
124,80590120361,0,0.6809453370613687,0.010709505,0.9345930096716133
125,80930001021,80919,0.3541176449757786,0.015873015783032792,0.8919254621452362
126,80590120581,134485,0.5197132579232024,0.070059484,0.8776425312130524
127,80590120372,148750,0.5204741323224771,0.04222451,0.8904593534692656
128,80930001012,132841,0.4215328390231234,0.017667844210815475,0.8754098264982533
129,80350142031,178839,0.7572156154090797,0.015524625184557682,0.8761290284897676
130,80350142032,164257,0.628185902,0.06610499,0.8316299040794518
131,80350142071,148214,0.5060532646807646,0.014175257640623341,0.8043478216034123
132,80350142033,146548,0.5289982394317619,0.019924609478058106,0.8549747012859413
133,80350141351,250001,0.8035814168797907,0.037608485836024656,0.8256203862319906
134,80350141271,226667,0.7211660283829783,0.037682789,0.8327183237690925
135,80350142052,200263,0.7819025476687788,0.007654456,0.806869365
136,80350142081,135000,0.4273170690017847,0.004508566,0.8243870058026044
137,80350141442,243750,0.805111808,0.00135318,0.6949261355496074
138,80350141352,211000,0.8583569364572382,0.00234375,0.8554301803405141
139,80350140163,125650,0.5461847316441134,0.024618991505052857,0.8700507525883172
140,80350139071,133281,0.6778783870908359,0.009205984,0.8436560382221525
141,80350141253,250001,0.8003875891435311,0.021069691887603794,0.8532901787848426
142,80350139114,197500,0.6886446802363287,0,0.8719052651032803
143,80350140111,221314,0.7522288233572479,0.023186485514453507,0.7068359883630478
144,80350139073,0,0.3425925862482855,0.077881619,0.8037077338745068
145,80350139072,162578,0.6156901657612206,0.014225941363071374,0.7849070332303789
146,80350139115,172917,0.5974155010197266,0,0.8550649306230393
147,80350139103,163102,0.5738515860505189,0.045592704890013956,0.8316100402185621
148,80399612043,152946,0.3726823215532613,0.056338028,0.8511647935670198
149,80930001022,125887,0.32920110041689116,0.026166593867568276,0.8899355434311574
150,81170003021,79489,0.26539277568168207,0.051565377,0.8442265703243294
151,80590120371,109063,0.6066818480889761,0.005970149,0.9031890609157799
152,80590120362,243750,0.7486772288709729,0.045685278,0.8997214359370274
153,81170004041,175074,0.786743493,0,0.9102941042603808
154,80590120373,124792,0.5988505678293038,0.047966631,0.9059233344259776
155,80350140061,140662,0.7043638555355632,0.020689655,0.8141914164548137
156,80350140063,115909,0.5294705241811136,0.026116259257655778,0.7475273256245324
157,80399612044,136136,0.40020628983905987,0.015356820165506683,0.858437631
158,80350139101,188426,0.5939514100448616,0.074990184,0.8355759736279095
159,80399612041,169583,0.3272569416036724,0.023655914,0.8660508033137945
160,80350140091,153375,0.5655088326294404,0.010579064529069798,0.6628216474586439
161,80350139112,166115,0.6590388965748368,0.030006522961470824,0.8314415389816031
162,80350139053,134375,0.5149006537268104,0.001436782,0.8138343226828837
163,80350140062,163878,0.6975554252555121,0.003814974,0.7916496078933704
164,80350139102,170250,0.5535353498078428,0.014407684021303714,0.8155216259048294
165,80350141251,209848,0.8305220816825536,0.027201145116670402,0.7324364668726722
166,80350139054,56726,0.29663212050994664,0.0787172,0.8081818108347109
167,80350139052,136734,0.531996912,0.052173913,0.7956204334889364
168,80350139051,62163,0.42236024188881616,0.038374717,0.7973163785500256
169,80350139113,134844,0.5514563053256669,0,0.81282495
170,80350140082,147537,0.6994122527337342,0.034356725,0.8013937247326056
171,80350140092,146923,0.6508538858263512,0.026808295261465376,0.8021712874862432
172,80350139124,172386,0.43294460325842127,0,0.858034317
173,80350139041,78790,0.27746319051570567,0.029440627777815233,0.8061377185169333
174,80350140103,161917,0.5049660193153893,0.032618409,0.784159826
175,80350140087,90769,0.42100839982345883,0.016789791693822755,0.5743440199746704
176,80350140113,229659,0.688679239,0,0.7046688343937632
177,80350140084,164023,0.7263533567736267,0.043317485243964685,0.7536764675094915
178,80350139043,75536,0.4703862620567703,0.007270324,0.7573696087878337
179,80350140083,165417,0.7186761144364525,0.032474804,0.8342309944091503
180,80350141252,100679,0.713455144,0.028700906,0.7635903870822353
181,80350140086,169688,0.9309462796554184,0,0.642935979
182,80350140085,191731,0.7194513626003571,0.038915094,0.7859103313274444
183,80350141403,223750,0.7370600363211868,0.01343033,0.7924720203841709
184,80350140112,93405,0.4564686700043233,0.017027863645295172,0.7730870661405866
185,80350141443,148421,0.679417118,0.018645731017439986,0.7767857113958865
186,80350141341,250001,0.8696497998077186,0.068682726,0.8121279731691667
187,80350141441,201528,0.7470141069813887,0,0.6946854626101656
188,80350141342,154844,0.6585557248151042,0.005772931,0.738226295
189,80350141343,157292,0.7097791723472222,0.034782608,0.7549148050136645
190,80350141431,180192,0.8694581227250116,0.050621669402212834,0.7623135980012941
191,80350141463,119634,0.619672124,0.014721345796831275,0.722636811
192,80590120363,163125,0.7039682483812044,0.011604095,0.8592337457630919
193,80350141321,205139,0.6878669208623589,0.074960127,0.7813194901310638
194,80350141323,157059,0.7207415907214184,0.024096385300237097,0.8123280087378756
195,80350141402,162731,0.6596583399496824,0.028651685232293903,0.7888349482652307
196,80350141242,115556,0.5451428509126531,0.031453361914822536,0.8410886668912321
197,80350141241,152593,0.6282853527641717,0.021208907628796885,0.7990033189410161
198,80350141292,125724,0.6047516133396155,0.018095237922902498,0.8115215979240977
199,80350141243,155636,0.6477987363180707,0.007147963,0.8328513543501946
200,80350141333,230938,0.7596618265741325,0,0.7836879377043409
201,80350141291,196895,0.6761833157311546,0.015101772717650869,0.826606872
202,80350141281,122083,0.5857059814892157,0.022604422,0.8176100594649472
203,80350141322,171912,0.7626794221881367,0.002494802,0.8237061742113316
204,80350141401,194781,0.7340590865620671,0.024657533908800905,0.8402009965808945
205,80350141462,127321,0.6809895744662816,0.022580645,0.7631742048160309
206,80350141452,96865,0.6445334822865857,0.015220700074983764,0.7376830859401549
207,80350141312,84402,0.5099999957500001,0,0.8635703856054399
208,80350141331,135000,0.7025423669276071,0.12654924901142042,0.8494845325794451
209,80350141451,211250,0.7438136718513294,0.016209476107113766,0.769392028
210,80350141432,210795,0.6597938008289939,0.07839388,0.8031914808171119
211,80350141303,0,0.42192921289431495,0.029773462590463026,0.8212401
212,80350141461,148697,0.5437135674961402,0.007225433,0.749253727
213,80350141132,136050,0.5605326808652218,0.049407114,0.7660098459276696
214,80350141302,191618,0.7966850740697782,0,0.8354856775099063
215,80350140081,138333,0.8016528759989076,0,0.8654390812260754
216,80350141254,78636,0.6637168076330697,0.030553261514836817,0.7532679677020591
217,80350139042,104398,0.4154411734158737,0.039228723,0.7875243613546176
218,80350139123,119643,0.4712918622703998,0,0.863565077
219,80399612042,187409,0.37014470395929394,0.029871011,0.8639705829413568
220,80350140101,82019,0.5361635135823347,0.065989847,0.7314614778152522
221,80350140051,174231,0.6081612556137598,0.020781379797251122,0.8104212830361371
222,80350141162,125000,0.7197149472751795,0,0.7401129838967093
223,80350141152,115875,0.5953878365102178,0.015062213391865007,0.7753351164861388
224,80350140102,90590,0.37277147286455176,0.016277128479644704,0.7380297152557528
225,80350141164,74785,0.6389496671119645,0.076923076,0.5904897048226423
226,80350141151,147105,0.7067806920783097,0.025510203937016983,0.8253393627812697
227,80350141161,218092,0.6670190204332027,0.022136669661822237,0.8306499652316639
228,80350139132,164911,0.4044684098268998,0,0.8999999928571429
229,80350140073,90938,0.40034762224595816,0.06044226,0.5483042109542435
230,80350140052,109474,0.4841017449594456,0.031080031,0.7922141080670846
231,80350140071,50278,0.5367741866222686,0.077330508,0.7291139148213429
232,80350140072,144583,0.4693877455226991,0.040983606,0.843251076
233,80350141165,111691,0.8253461040964206,0,0.5698787455655473
234,80350140152,61167,0.5546984533331104,0.025682182848142415,0.7332165748206855
235,80590120333,176786,0.5122448875052064,0.027173913,0.9020172780689153
236,80930001011,81250,0.6480769106139056,0,0.8707015010907634
237,80590120331,132635,0.4851778608184006,0,0.8947778574062522
238,80590120313,101528,0.5765595354147536,0.066334991,0.8837696242537212
239,80590120321,150179,0.5775075929330538,0,0.9207547100320399
240,80590120351,184773,0.787439606,0.005967604,0.8921911369918931
241,80590120311,119957,0.534167464,0.046182846,0.9082231945064376
242,80590120241,105733,0.5998663954584743,0.045679012,0.8259476731129329
243,80590120322,161786,0.6598639343560556,0.029051987323364108,0.8613445257514772
244,80590120332,116563,0.6227106113056665,0,0.939573449
245,80350141282,154167,0.6125143478041656,0.013951170832330988,0.8205828742232109
246,80350141332,165686,0.8432908871533258,0.004928315,0.834482755
247,80350141304,153224,0.7212435158420362,0.004416961,0.8077699252887491
248,80350141261,107660,0.6664536698629159,0.032990806,0.7254901922337563
249,80350141301,172759,0.5659801634936678,0,0.7998070390747368
250,80350141092,188265,0.83966635,0.039009752145463227,0.8603935986445659
251,80350141091,147778,0.7070957037368342,0.007323027,0.8910355418003436
252,80350141083,103261,0.5855130725803513,0.004784689,0.8330206326890517
253,80350141121,134286,0.6963162560977875,0.042914979,0.8379152300233951
254,80350141122,165511,0.670957356,0.027486911,0.8363196085408251
255,80350141082,178646,0.7476722462972789,0.013389121226869279,0.8688327264209824
256,80350141392,178170,0.6410595984035788,0.023321956636393876,0.7904680086283039
257,80350141131,149750,0.7228618361606757,0.010174418530709169,0.7769452404787018
258,80350141103,159861,0.6332547095135058,0,0.8074074024234111
259,80350141081,155786,0.37681159172060874,0.020942408255134333,0.8393085733719041
260,80590120571,88431,0.5332741745051094,0.037302726,0.8426821351213273
261,80350141314,113889,0.7268244504257944,0.018181818024399846,0.9061901665208031
262,80350141311,92354,0.5898186039214828,0.054890219286974955,0.7778412291385424
263,80350141071,182321,0.7852161730459123,0.010918432813625993,0.8405194761531456
264,80350141313,93056,0.7064935003766797,0.039321510876472544,0.8215767578037568
265,80350139125,83068,0.438675018,0,0.8145820187644122
266,80350140143,129375,0.49174916680281905,0,0.6616008038338318
267,80350141163,80978,0.7555228165607832,0,0.6221142087227921
268,80350141142,101641,0.43391812611743785,0.018357980528516164,0.7872083636878182
269,80350140142,60134,0.45529800947600985,0.054257724,0.614999995
270,80350139131,138528,0.6669367855191508,0,0.8085714227959184
271,80350139122,176618,0.6226834646205822,0,0.8413344113805175
272,80350139121,104643,0.4354430269508095,0,0.7483176211531949
273,80350140151,95240,0.4560051351573209,0.045850261,0.794155016
274,80350140141,116458,0.592158856,0.010014306103889812,0.6929278098463619
275,80350141391,116583,0.5811712336458768,0.026009582299729075,0.8268063936745372
276,80350141102,173798,0.592979122,0.034241245,0.8130185015123261
277,80350141381,117900,0.5389681609333902,0.12068965401638262,0.614705878
278,80350141382,89118,0.549356219,0.024096385,0.7514053669493731
279,80590120553,96927,0.4743975867891748,0.022941970155587247,0.7938799030376449
280,80590120573,91851,0.2797992436662579,0,0.8065348167967772
281,80350141072,140104,0.47081412848837073,0.028553693,0.7970323222202844
282,80590120572,138321,0.41388638039777836,0.06645817,0.8480565311091411
283,80350141101,57125,0.5846774134609132,0,0.7429718825771627
284,80350141104,66168,0.3839122416103795,0.092647057,0.730303019
285,80350141141,134238,0.5072231058230642,0.010666666524444446,0.7760180907690262
286,80050067093,187590,0.636220462,0.061313868,0.8324382295119417
287,80050067094,154688,0.6853396819387404,0.047082906,0.8342736189402424
288,80050866003,72212,0.5595134616897179,0,0.9079798640691599
289,80050068632,85579,0.5991902799352788,0.029925187,0.635661633
290,80050071131,193679,0.6475563879344154,0.012797882,0.7243515264252747
291,80050067092,98393,0.7657657559103507,0.020100502,0.6467661637913253
292,80050865003,126053,0.4790575790822624,0.064285713,0.679830738
293,80050067095,171563,0.8336886815844631,0.028089887,0.8522167382731929
294,80050864002,223021,0.6391128903404659,0.017006802431857104,0.8449275239865577
295,80590120574,77988,0.412908926,0.035797665091068756,0.840386936
296,80590120602,86726,0.5594900770610471,0,0.810867285
297,80050056313,130893,0.7385245841104543,0.013130614974909364,0.8787128658495491
298,80590120592,151705,0.6363636289468109,0.032719836,0.8396475696947351
299,80050067083,150365,0.5939119132518659,0.095036319,0.7730769193602071
300,80590120552,175179,0.4768786058254537,0.010781671,0.8760806832268907
301,80050056303,109955,0.7896907135083432,0.014177694,0.8547215444629447
302,80590120532,97375,0.3988269736242379,0.016709511353348184,0.8397104359905849
303,80050056292,167500,0.8175765536940539,0.02122347,0.8637770808691736
304,80590120533,140833,0.5841694472221912,0,0.8407142797091838
305,80590120352,190417,0.820135047,0.020865936,0.883936448
306,80590120243,163371,0.7033639089956888,0.056957462,0.8696705384221388
307,80590120353,203370,0.9108280138748024,0.013498313,0.8812552936280298
308,80590120323,171786,0.6346555191094881,0,0.9309210373203777
309,80050056302,146719,0.6603915612922322,0,0.8423028733272662
310,80050056322,150329,0.6560364414879541,0.025065963,0.8172828855662816
311,80050056321,165202,0.7175226477715613,0.061516451,0.8335025296091114
312,80590120601,107461,0.3902728327979073,0.025454545,0.8106978653961643
313,80590120593,136250,0.31713243843095457,0.010799135952493133,0.8462913239830981
314,80050056342,57396,0.4782110036902408,0.071428571,0.8682170467853829
315,80050067081,178864,0.83505154,0.017508417,0.9074168751538779
316,80590120242,166581,0.6661392352362402,0.022237664890634713,0.8714837238197257
317,80050056341,101563,0.5826028281685581,0.020190024,0.9136842057174516
318,80050056304,127609,0.712545667,0,0.8629343546048808
319,80050056312,107917,0.5547073650201688,0.034965034149999207,0.8101952189783599
320,80050056301,93947,0.4630606799068512,0.013192611963158154,0.8297665288933217
321,80050056291,200833,0.7748414294414225,0.013837638248730275,0.9118745264236406
322,80050056332,105929,0.6444026279924494,0.006884682,0.8515928449759685
323,80590120551,170694,0.6127999901952002,0,0.8849637600999659
324,80050067082,134414,0.7499999898097828,0.044857768,0.8392857067920919
325,80590120591,93276,0.4930555498488941,0.026342451607472627,0.8373083403977143
326,80590120531,130172,0.4047786338385198,0.011889035588579686,0.823841054
327,80050056331,161328,0.6996148863952831,0.019320842978215205,0.8685215446343615
328,80050056311,164865,0.6807432317442021,0.04579025,0.8478260737915206
329,80050056222,131875,0.8002773814108547,0.010169491,0.8316779883341454
330,80590120512,133125,0.5400183942960589,0.030944625155174064,0.8856304920408322
331,80590120232,135000,0.5362595317507723,0.064981948,0.7979568581389687
332,80590120521,130625,0.3687943225046168,0,0.8295819869004664
333,80050056284,140516,0.5774456443281842,0.16605616402861828,0.8622009486870723
334,80590120233,140227,0.4542190223659063,0,0.802325573
335,80590120522,88359,0.5461956447527766,0.13257142705632655,0.79466666
336,80050056281,129500,0.6448362666260599,0.034829721092649216,0.8680738729018874
337,80050056262,57109,0.4737732616432042,0.040688575581466546,0.8255813900156241
338,80590120222,107857,0.5514845195736923,0,0.861301365
339,80050867002,209219,0.6300211389851114,0.015395631881863114,0.7290950723679981
340,80050866001,102188,0.5689530644840934,0.003496503,0.8331578903518005
341,80050067091,210778,0.7815384555266273,0.016608996424851235,0.8412371076203635
342,80050068641,118878,0.7206405661893213,0.043288324,0.6778866609378497
343,80050863003,118636,0.5502438970707912,0.028469751,0.49751243286057284
344,80050068631,57390,0.29314615777748837,0.031746032,0.5436105439918151
345,80050866002,122308,0.4826601367496526,0.005095109,0.6834694433019728
346,80050067072,95341,0.4999999907063199,0,0.8207847208824526
347,80050071122,130000,0.5158730121509884,0.074449076,0.5886023270024862
348,80050068633,59087,0.37815125697337765,0.014061207,0.5437847050671306
349,80050863004,81500,0.2551319610684463,0.043956043,0.6245809986080335
350,80050067074,129000,0.6557161543269888,0.020270270042001465,0.8065420485369902
351,80050068642,0,0.069875775,0,0.668224291
352,80050865001,70862,0.19153846006508876,0,0.6149103104545386
353,80050864001,196944,0.6453674052676528,0.015810277,0.8237951745196147
354,80050067073,75536,0.6407582877653243,0.096952908,0.8224137860136743
355,80050863001,168125,0.5657439348487209,0.009463722,0.8056265881633429
356,80050068154,93500,0.825338243,0,0.5299760128300238
357,80050865002,177011,0.6192017226580274,0.045496750020906446,0.6651504525362125
358,80050863002,64669,0.6173410333255372,0.018633540228000463,0.5817469172354596
359,80050056252,111829,0.6155595968354886,0.036348949772419425,0.7934426200603183
360,80050056241,132500,0.5120743,0.004385965,0.8565592335153915
361,80050067062,119359,0.7109252445848132,0.007755278,0.7585768709928976
362,80050067063,186389,0.8025750900734959,0.024144868729479504,0.8848560590130656
363,80050056271,103106,0.5962691499249224,0.017391304239805564,0.8901044212326981
364,80050056273,155313,0.6817691404339898,0.034965035,0.9186746918774497
365,80590120513,114682,0.6648648576771367,0.010486177211761896,0.8664731432041136
366,80590120523,145714,0.42112298902241996,0,0.8024072136167782
367,80050056212,162250,0.5921908829480381,0.022177419131276018,0.8527799463368838
368,80590120231,95556,0.5511684081291829,0,0.8044280393331609
369,80050056233,79107,0.6103151775026479,0.025198939,0.8652007565468379
370,80050056261,114643,0.5423529379861592,0.054161915312645866,0.7972972933068203
371,80590120224,196033,0.6697722497953184,0,0.83389544
372,80050056231,139432,0.7194029779163883,0,0.8793903188907203
373,80590120524,89405,0.4587458594473314,0,0.8374612873458005
374,80050056232,182813,0.8608617516978299,0.039001559758178164,0.902713429
375,80050056272,143906,0.7179487099448305,0.019289339905691982,0.8838304483215821
376,80590120511,172031,0.7795698819950285,0.014580802,0.8764301959218513
377,80050056283,99864,0.5959839309559524,0.069293478,0.8290513793031058
378,80050056282,97813,0.5426452343307141,0,0.7923322620420746
379,80050067061,130152,0.8592032908021752,0.017396520591502575,0.8404774778053311
380,80050056251,73188,0.4482142817123725,0.043290043,0.7946026926941328
381,80590120525,128036,0.5455319102507923,0.071158213,0.8104786493500734
382,80050066033,41902,0.48945782395394843,0.028328611496761878,0.8317683815980565
383,80590120471,86830,0.39168489867480016,0.014100394731526257,0.7881773355874256
384,80050066031,117760,0.5019973301997692,0.035353535,0.8669022277161104
385,80590120453,174615,0.6635220056234591,0.016848364550561302,0.8078372207397346
386,80590120482,114635,0.46634614263591007,0.042682926,0.8103932470450387
387,80050056113,93333,0.4609999953900001,0.039787798,0.8078852988682057
388,80050056142,76250,0.5396551631093938,0.067484662,0.8359374869384768
389,80590120221,153417,0.7075306355949101,0,0.864913863
390,80590120223,108021,0.4538534685646673,0,0.8372248109591407
391,80590120312,127763,0.7323556303175469,0.016556291253673087,0.8946648365618001
392,80590120342,250001,0.8489702420026288,0.020449898,0.8896103823895262
393,80590120304,146964,0.665628238,0.015080112958717126,0.9183895438695371
394,81170002012,48449,0.48776757663963954,0.033023735,0.7533632202537756
395,80590120442,105156,0.6534056621253426,0.030303030139052868,0.7991452957301483
396,80590120263,133194,0.6460481055254426,0.024878640625736404,0.9094775157382897
397,80590120272,129630,0.5567514622627059,0.018214936081831185,0.9184735393020509
398,80590120472,133393,0.15877437104771072,0.032216494,0.7999999922705315
399,80590120483,102619,0.43295637426564826,0.030386739911785362,0.8296703205530734
400,80050056354,108194,0.6167108671523758,0,0.910941464
401,80050067114,151500,0.70921985,0.051546391221171224,0.8528769056600372
402,80050067113,196477,0.7340153358821568,0.008071749,0.8739884292024459
403,80050056353,145977,0.5522388016320597,0.011896430987428755,0.835179148
404,80050056112,98068,0.5229716468917728,0.008605852,0.8373449975394238
405,80590120473,94412,0.46938774978018427,0.017148981595402128,0.7875568984252133
406,80050066032,103472,0.5751014807158122,0,0.8630009239235702
407,80590120491,122083,0.6295418591663361,0.011895910692223713,0.7865352994716185
408,80050065023,68250,0.4230055580147392,0.07597173,0.8463414530933969
409,80050056221,250001,0.8395792186746929,0.00238806,0.906210387
410,80590120451,178015,0.5510204045357445,0.049757281,0.8490838917594797
411,80050056141,127188,0.549999995,0,0.8793517354180568
412,80050056111,165388,0.7781065012021056,0,0.8899167355234344
413,80590120493,190139,0.47866418406931016,0,0.8651994378927176
414,80050056114,144375,0.46680080013278874,0.039436619348012965,0.8377682331522041
415,80590120481,47639,0.4589552153179997,0.014084506794286853,0.8681446806517541
416,80590120452,124875,0.3539703855454861,0,0.8465753347344719
417,80590120461,131167,0.45293465722110016,0.024752475002450744,0.7948557039218588
418,80050867001,167784,0.6879581115813711,0.035398229923622584,0.7013996867763618
419,80050067071,162656,0.5689012982411424,0.006825939,0.7878590026902154
420,80050071132,191250,0.7252167330372531,0.017633857,0.6945427440965865
421,80050068153,76333,0.5642161154630991,0.006196747,0.4712269246947507
422,80050853001,135781,0.540404037,0.036067193,0.6207298112549308
423,80050067131,80524,0.6417004005283374,0.00968523,0.5906499396200118
424,80050068621,105682,0.7747489128443484,0.009803921,0.5158582041431138
425,80050071061,148194,0.5418359013660772,0.014295925558999818,0.6760316037048656
426,80050852001,190521,0.6985507178883988,0.013975155171000349,0.7103658493270375
427,80050851002,172500,0.6874451212691386,0,0.5856801881351781
428,80050067123,0,0,0,0.38095219954657167
429,80050068611,134125,0.623634552,0.019736841942953602,0.7147375033855945
430,80050068601,64233,0.6546700886489282,0.067507418,0.7238805928594685
431,80050851003,243295,0.7468354380623888,0.014783526849083808,0.6879271044497831
432,80050068612,216806,0.7749196016893956,0.011124845350743569,0.5699300649481638
433,80050068152,205500,0.8002296119376623,0.010799135952493133,0.7338308396863115
434,80050850001,99750,0.5268210021071654,0.027958993345950634,0.5743343174026098
435,80050071121,159828,0.5541786727545283,0.035705177159639945,0.6300798246914372
436,80050852002,168686,0.6260311583315201,0.028571428362114078,0.7706237372862258
437,80050860022,93036,0.4339999913200002,0.025104602160326332,0.5392254166909095
438,80050056211,121875,0.674868184,0.039068993856450594,0.9142367014623402
439,80050056143,79219,0.6178756396648234,0,0.8679867891310584
440,80590120492,117031,0.4374999949363427,0.028969957,0.8475894179814197
441,80050067112,147589,0.5180920967419064,0.041666666,0.7929184464279136
442,80050065011,24224,0.522045846,0.018987341,0.8027923071065916
443,80590120462,127321,0.3835616372677802,0.055743242301634424,0.8062755688093374
444,80050056351,223214,0.7860962482770455,0.009891197,0.9384615318988704
445,80050067111,144423,0.7886597802635777,0.00610687,0.8034934427642494
446,80050056352,146705,0.6920052333944269,0.020202019946944195,0.8564771588399147
447,80050066042,95323,0.41088434815123337,0.039215686,0.7962819458072661
448,80050068572,166667,0.796523509,0.021575985,0.7529975958992998
449,80050068151,250001,0.871635593,0.007017544,0.7999999891156464
450,80050861001,133466,0.5038759624822228,0,0.5914285672040817
451,80050851001,179167,0.6936416134852484,0.042449969,0.5609995072954458
452,80050068613,206813,0.7306397224395093,0.015356820096144353,0.7377926372054004
453,80050861003,116500,0.4324324273509703,0.057507987,0.6818181762839434
454,80050068622,198438,0.7529411617070361,0,0.8157181461284805
455,80050860012,148224,0.46877469985158343,0.006680027,0.6208333296378968
456,80050856001,187794,0.7758318671118051,0.006976744,0.6827105719904334
457,80050855002,170208,0.6561264785086026,0.017891682698782965,0.6790180607734225
458,80050065022,82074,0.53654618,0.007601935,0.8440251519243701
459,80050066041,102702,0.3834019178093147,0.040364583,0.6476043226614813
460,80050066043,35594,0.3580246879579802,0,0.7493649386167236
461,80590120422,141375,0.4151747620189705,0.006531205,0.8157413006971245
462,80590120543,195739,0.5025906670648878,0.011614401723409969,0.7513397561485556
463,80050056194,88333,0.5524256564565625,0.027510315990229493,0.8320683033010597
464,80310120104,69784,0.4312499910156252,0,0.7656587390317631
465,80310120103,170125,0.7213270073807867,0.014782608567107752,0.8100775115302566
466,80050056362,250001,0.904988102,0.017543859,0.831509829
467,80050067121,185347,0.8811369395201946,0.012790697525689563,0.8784313639369474
468,80590120441,123542,0.5447690806336561,0.035284683,0.8072218939591037
469,80590120454,102656,0.483333328,0,0.7764628482809807
470,80590120303,104167,0.5387673902707019,0.026269702046675114,0.9038344436772098
471,80590120343,185000,0.6534482645957196,0.014610389373207966,0.9227696281921488
472,80590120432,135221,0.5500685833328629,0,0.8018292648003951
473,80590120433,112674,0.5536309090364363,0.022418878923782425,0.8452183480087433
474,80590120341,189750,0.7281616640928184,0.017636684,0.9027777732997134
475,80590120302,169444,0.6442785909383435,0.05116279,0.8495867628167477
476,80590120431,144470,0.5958041916377329,0.017826337,0.8432036049452701
477,80050862002,117552,0.4563953444147738,0.010143702365649177,0.7101355667518685
478,80050068082,136625,0.8433734812744959,0,0.7648514788378591
479,80050856002,157891,0.5868448038350996,0.016379310203626637,0.7127532734639257
480,80050861002,126750,0.48257372330714665,0.010907003381704918,0.6805437524191004
481,80050849001,171250,0.6199836149059491,0.00462606,0.7539062450917562
482,80050849002,181875,0.5503533520286806,0.017114914,0.6508494396552464
483,80050854002,192679,0.6006458492933708,0,0.6374531787456691
484,80050068592,48818,0.5341880227737602,0.092307691,0.4815195022431263
485,80050068083,174844,0.874015742,0.005617977,0.7706666632414815
486,80050068571,250001,0.8126582175612884,0.045401629273554955,0.8665987691792386
487,80050056122,76722,0.3183183151319488,0.099858356,0.6603336392014196
488,80050056361,250001,0.8734439743418675,0.019512195,0.8926553609275751
489,80050066012,65884,0.619469022,0,0.696227659
490,80050056121,250001,0.8830254979505233,0,0.944777106
491,80050066011,54806,0.42839656758388533,0.053117782,0.5683407465458312
492,80050056202,78387,0.6740331450335596,0.032121212,0.8671632472553492
493,80310120101,159514,0.5791505716969039,0,0.6947723381553766
494,80050066014,65000,0.26768867608857694,0.051909891754065705,0.5723350181175759
495,80590120421,134574,0.5285624574478188,0,0.7905052230378692
496,80590120541,96827,0.6449026272061555,0.037330316319792806,0.8265078121630096
497,80050068081,250001,0.8445209360612683,0.00424854,0.8446069431233686
498,80050855001,125385,0.5604113038507544,0.005279831,0.7589838862516488
499,80050067122,195536,0.5974025780064098,0.093939391,0.8993435251784787
500,80050068591,106250,0.7836575814501355,0.058782365,0.6791277205675411
501,80050068593,85000,0.747933877,0,0.6745970784758475
502,80050854003,131042,0.47480105471086137,0,0.6737756660839205
503,80050860011,127125,0.4321855205046696,0.006857143,0.6436535135349334
504,80050862001,136250,0.6555308043390438,0.00796284,0.6531764675144636
505,80050854001,141831,0.6924177346751235,0.008206331,0.7281606037538763
506,80050855003,91553,0.40550458343573775,0.047928513014390633,0.7184401803143412
507,80590120262,129861,0.7774524044296867,0,0.909340651
508,80590120271,223958,0.5880217679124906,0,0.9109159233260236
509,80590120301,121000,0.6105263029362884,0.015734265459191165,0.911111098
510,80590120395,105000,0.4784876078424041,0.024418604,0.8030063227610259
511,80590120391,97875,0.4259055935685445,0.033570702,0.8445408471110568
512,80050862003,132188,0.5353535330023999,0.023440453597578622,0.5992882540950596
513,80050837001,110357,0.5991792024679945,0.006321112,0.7501357916885617
514,80050817001,162724,0.6624346477786808,0.014654570728160708,0.6862640262626188
515,80050860021,92639,0.5615894014940864,0.010073615,0.6144917319222942
516,80050857002,105056,0.20664206260808005,0.03488372,0.5642523298568654
517,80050848002,105855,0.3148148099565616,0.009070295,0.6650563553538136
518,80050817002,159716,0.6661184100967367,0.026490065874303765,0.6696878079588338
519,80050071062,137308,0.45349626458419456,0.043263965,0.60512577
520,80050837002,102500,0.4764460317445079,0.056167979,0.6681000755742764
521,80050857004,125714,0.21784776712294168,0.1730300554587323,0.5800933080863662
522,80050065012,87353,0.4887556185250703,0.030934343239050865,0.7993589692348784
523,80050065021,53494,0.4233668288521755,0.013381995,0.8026905739608681
524,80590120542,146685,0.5878938591385252,0.012247838528473786,0.8937198019660773
525,80050056201,64583,0.5062499894531253,0.027826086,0.7894211498061762
526,80050056191,145893,0.7284826909628865,0.041763341,0.8594559529827982
527,80050056193,118103,0.5323149173641021,0.017786561,0.7005347499928509
528,80590120503,64211,0.7472793138176624,0.031527093,0.8363123157449454
529,80050066013,58030,0.35230768959763314,0.037965071845367716,0.7142857099801947
530,80050056192,109167,0.5717948644641684,0.016611295,0.7695716339027205
531,80590120502,145819,0.7575757518365474,0.043790849386987914,0.7603563440518648
532,80590120501,111607,0.4413542872871308,0.09090909,0.6739926657632154
533,80050055532,126806,0.35270805346488704,0,0.7298013148370687
534,80050064002,42090,0.22684309804496128,0.049156273,0.6563400529082128
535,80310120161,81359,0.22073170462522312,0.036556603,0.7234042486271578
536,80590120411,125671,0.48407642871632006,0.012396694112424016,0.838858899
537,80050063002,101250,0.4128256430295463,0.060263652,0.8219395735780672
538,80050063003,118026,0.38554215706198325,0.038147138,0.8122923453107584
539,80310120162,67679,0.2882165582148363,0.009976976,0.7528517062556926
540,80050064003,89485,0.39570551540328963,0,0.7786516766443632
541,80310120105,81222,0.5939968310585019,0.040123456,0.7618384295008576
542,80050848003,123830,0.5067339982031314,0,0.6218034909582303
543,80310068042,110052,0.7821590123971622,0.043611793343907905,0.7951467223750185
544,80050857003,80789,0.1691542267518131,0.057174887,0.6381156248595757
545,80050848001,124700,0.27938670971561574,0,0.7138200735735328
546,80050846002,97361,0.2819767359890484,0.064599482,0.636020143
547,80059800001,244063,0.948717827,0,0.6692307177514832
548,80050859001,155647,0.5931601141613144,0.025686274,0.5413566731708874
549,80310068041,97738,0.6960461227673301,0.019461078,0.7669660640370956
550,80050859002,118184,0.5155974072066074,0.003823047,0.5535336413307929
551,80050836003,85250,0.40747662789763317,0.031249999,0.5999999904000002
552,80590120382,147589,0.5721596666104436,0.018281535481887243,0.8163016981976783
553,80190147011,145339,0.6442687683372651,0.023963133419694624,0.9341715907235829
554,80590120381,92961,0.4296626325292003,0,0.8067312554475714
555,80590120392,102383,0.47074009921910415,0.030147058601859865,0.7816780754993315
556,80590120394,103295,0.3625632316599792,0.034865293,0.8498694406022267
557,80190147021,0,0,0,0.5384611242606736
558,80590120412,104655,0.5422176953996165,0.027091633,0.8443579700828173
559,80310055034,83350,0.324455198,0.033707864411059225,0.6175115150459768
560,80310067013,82179,0.6402438981013286,0.031556039,0.7350948459681921
561,80310055031,140057,0.4141145084671837,0.040697673945375885,0.6766275274639538
562,80050064001,112500,0.4362416009789351,0.022727272,0.8019525690104244
563,80310067012,98292,0.6654330076577868,0.007823613,0.7639287721773189
564,80050067043,250001,0.7490347393946624,0.044198895,0.882657456
565,80310120151,103836,0.49725274042235246,0.05298913,0.7321888349168341
566,80310120152,87727,0.5140186872215915,0.013412816591558744,0.7206798826023803
567,80310120102,75652,0.5236842059325947,0.030303030079061124,0.7855440763658136
568,80050836001,71192,0.34392523043060536,0.023076923,0.615062758
569,80050858001,122917,0.4806265417920318,0.043296089,0.6314252299566283
570,80050857001,71302,0.2103718179024284,0.030859048950299842,0.6009988867869096
571,80050068542,173125,0.6348547630033919,0,0.7752987986031968
572,80050836002,75057,0.3232044169134032,0.097978226,0.5918220904460395
573,80050846004,71696,0.3393595023793414,0.009606148,0.6136281239085606
574,80050846001,88398,0.2464678140271929,0.11964735365683433,0.5871743428138844
575,80050846003,103675,0.3403083662961634,0.008412198,0.6562173390154928
576,80310068165,41894,0.26821541427438844,0.061754385531548175,0.6066725144278093
577,80050838003,98000,0.5220700072744291,0.067842604,0.5703517516287469
578,80050055531,95625,0.451317292,0,0.6766467015221055
579,80310067011,101641,0.7203579337767569,0.022774326886394133,0.7530516361215809
580,80310120153,67264,0.35376343705630714,0.056886227,0.7306272995329585
581,80050062003,122125,0.4437298964030563,0,0.8119800197673874
582,80050063004,153393,0.5124153383201956,0.008948546,0.7469387653477719
583,80050067042,250001,0.920033662,0.010802469052450085,0.8745819349242925
584,80050063001,76728,0.5220588158520763,0,0.8505079702393619
585,80310055032,80233,0.34389951947428515,0.017997750179990158,0.6629040499594456
586,80590120413,122854,0.34687156589603113,0.013319671994675493,0.7943380450096749
587,80310055033,140833,0.5328467075496831,0.003994674,0.6845454483223141
588,80310068162,75152,0.5403225697515611,0.10221464902530411,0.7938540231260689
589,80050062002,105625,0.35832083420808347,0.014409221694391619,0.7780748559080902
590,80050055533,63401,0.21368178160121612,0.14726688008188502,0.5808580826135419
591,80590120414,107132,0.4016824353135391,0,0.6345444937622723
592,80050062004,72367,0.5689277837097617,0.12596153725036985,0.7848232766650387
593,80050067051,250001,0.7941176412197233,0.015277778,0.8781148381467235
594,80050062001,100000,0.5872420152487428,0,0.7821655951316485
595,80050061003,100556,0.494928996,0.009689922,0.8494764286717745
596,80310120012,108421,0.5485278020880283,0.067741935,0.8145604283714227
597,80599804001,0,0.010765550110459926,0,0.7944093706545593
598,80310068102,66016,0.4348178102443902,0.023584905474961435,0.5768839074496747
599,80310068164,38806,0.4203980064643615,0.030092592360396665,0.6481876286553829
600,80050847004,98409,0.2572855931949576,0.033967391,0.5909563378848424
601,80310068103,157551,0.8137472103381994,0,0.7407975346503446
602,80050839002,63950,0.4161915573980438,0,0.6108562644429949
603,80050844002,77130,0.2924623086184693,0.1132844326545686,0.5638852635991835
604,80050840001,83889,0.4323873049684924,0.089153045,0.6775757493627182
605,80050842003,76500,0.33729215751434494,0,0.546887309
606,80050842002,92778,0.2899082515613165,0.033033032537041554,0.566801614
607,80050832022,128375,0.33547793809303367,0.015676568,0.5993288550380614
608,80590098464,160472,0.6790960375243386,0,0.9046587117588439
609,80590120393,136250,0.2605210368633059,0,0.8118668478745753
610,80590120261,143621,0.7367303452923494,0.067940551,0.9154557342740326
611,80590120273,109728,0.41155234161790205,0.015909090728305788,0.8977663153112859
612,80590098483,160568,0.8243559525911955,0,0.9290540383605738
613,80590098463,191563,0.784132827,0,0.8912175559758727
614,80190149001,56458,0.45258620201954525,0.087128712,0.8648180167693413
615,80310068161,203056,0.8124999850643385,0,0.8031745946754011
616,80050060003,96625,0.5060893030299147,0,0.7927565312599947
617,80050061002,62340,0.38615664141791184,0.015624999728732644,0.7721674781752774
618,80590119042,82283,0.49509803517076767,0,0.6926383627477788
619,80050067044,250001,0.8778195323718133,0,0.852311152
620,80050067041,246250,0.7883064357196283,0.035947712,0.9126984006256825
621,80310040041,113125,0.6729428126015146,0.016497461824254683,0.8155487763437562
622,80590159001,86711,0.5194099338555129,0.055327868,0.7769516670858613
623,80590159002,55948,0.3555093518138321,0.040530007,0.6580675391272629
624,80310055021,102721,0.27919833946649386,0.022988506,0.5904710889161077
625,80050842001,109411,0.4294813427708704,0.012734082301617362,0.5798479050706723
626,80050832011,127083,0.3985872815480597,0.013219284500627648,0.6049382676742153
627,80050832013,166449,0.49669421077112225,0.020973782614428595,0.5623791075320159
628,80310068163,137216,0.7802690466327497,0.014204545252776346,0.721549631
629,80050847001,128094,0.5546995292033972,0.013793103258026162,0.6883248661083771
630,80050844001,125556,0.3091451261516389,0.033014769478585844,0.521739127
631,80050832012,118674,0.6163655652690458,0.044596912,0.5877094950178416
632,80050832021,121557,0.40376006800572906,0,0.58893709
633,80050838002,193536,0.6500829079588241,0.037681158874186105,0.6018957250885352
634,80050839001,70038,0.5517684851976303,0.13275967957738366,0.6480125489120683
635,80050847003,122619,0.47242920309345454,0.014851484964709345,0.6153846079881657
636,80050840003,97200,0.35963302092416477,0.031932773,0.6032138367958735
637,80050068541,76678,0.5875754910476662,0.010006671047320406,0.457968022
638,80050843001,81938,0.2565165861580771,0.040606389,0.5843540079638324
639,80050841002,62056,0.40618955119739314,0.029539530586103122,0.5346481847833252
640,80050841003,96607,0.1741112108102898,0.048291233,0.5679953073388317
641,80310068104,64483,0.6225014242004487,0.042253521,0.6392600172699896
642,80310068101,46463,0.39430448637125426,0.014164305815256791,0.5212298644126657
643,80050838001,69970,0.3799772425486093,0.043996333,0.5277943781960887
644,80050841001,114653,0.34895832727502907,0.025210083680531042,0.6047745304617637
645,80050060002,102440,0.4090150182134388,0.012084592,0.8241758141126274
646,80050060001,59519,0.3093270329477328,0.073513513,0.7106145171998378
647,80050055521,40761,0.16135457845907214,0,0.7053254354399356
648,80310120011,91250,0.4929718826006839,0.043551088,0.7149355518200489
649,80050055523,52956,0.25562700553654333,0.11755485709161667,0.501016255
650,80310068151,132535,0.8169177241198278,0.034179182,0.8001983103609405
651,80050061001,50816,0.45098038910763766,0.040045766,0.7170900651438218
652,80050055522,36131,0.14163089926136052,0.00811124,0.560335776
653,80310119024,44547,0.17565871799675387,0,0.5948158213177639
654,80050059514,55966,0.5556640570735932,0.037109375,0.8232271241189402
655,80050847002,103882,0.4630681774330665,0,0.6330275176561508
656,80050843002,113888,0.6588366816684935,0.009057971,0.5248868730779469
657,80050840002,99873,0.19781931156044688,0.011673151599570018,0.565853652
658,80310070062,43607,0.3953124938232423,0.034435261,0.24972914274252903
659,80310068185,47039,0.3826086873345938,0,0.6899488809208028
660,80310068183,58713,0.6126656758075748,0.067919074,0.5951882782930097
661,80050845002,58256,0.15978835809747768,0,0.5056047167810931
662,80310068181,62171,0.6711798709636388,0,0.6352412947784367
663,80050845001,74845,0.4527896947125569,0.051948051,0.5816242774272004
664,80310068184,66379,0.6020599194563678,0.034069981,0.687296409
665,80050059513,0,0.24180966861451375,0,0.7455830300873613
666,80050059522,72602,0.46054333466660197,0.020770010026494378,0.7005195999030722
667,80590117293,61165,0.26912442148272425,0.018965517077883475,0.7391618443702179
668,80050059512,35407,0.43076922761341224,0.046829971,0.746236554
669,80050057022,85777,0.4381210439194124,0,0.6336633628511367
670,80310048013,95278,0.5047169731962741,0,0.5513157822195291
671,80050055513,73052,0.094308942,0.11570247854199395,0.4884708708223855
672,80310040032,75083,0.5683453155633768,0,0.83932853
673,80590117302,63370,0.31685575107896474,0.025482093488415333,0.7492354701873829
674,80050055512,23548,0.31481475651578583,0,0.466666647
675,80310119023,48486,0.2494758883702737,0.069999999,0.5239633789770416
676,80310068122,65536,0.5881883432706437,0.0538358,0.8573912968922496
677,80050059521,115694,0.8002904807531556,0.004732928,0.8451761938464691
678,80590119041,68138,0.438567938,0.04826546,0.7430829980783953
679,80310157003,120394,0.5914110356882082,0,0.5043894612578654
680,80050059511,101354,0.4756277625461187,0,0.8165938793310579
681,80590117301,48889,0.3308270552320656,0.14410480034705678,0.7421652315930879
682,80310040034,117271,0.6619607791218762,0,0.7966401344240484
683,80310040022,250001,0.9862475248281429,0,0.8744292137622236
684,80050057021,91894,0.5083056393969163,0.002816901,0.7290886300987687
685,80590117311,117969,0.5425101187119933,0.010919017238766981,0.7710407204930283
686,80590098472,116288,0.5173116036933645,0,0.8932948745977298
687,80190149004,0,0.5358649562926179,0,0.8380281395060515
688,80590098482,0,0.6056971423433712,0,0.9246411372650581
689,81170001022,127448,0.7289915813237063,0,0.8986693869122888
690,80590098462,250001,0.8361701949751023,0,0.8941018646903236
691,80590117243,227837,0.7802625144372264,0.026134800430376887,0.8380736883061612
692,80590117242,219078,0.8065794656893401,0.014978601943728237,0.8471019292235111
693,80050816003,87188,0.16924778573840946,0.066603234,0.5804713765624824
694,80050825002,88542,0.27249356976229344,0.050617283,0.5877711973592584
695,80310068143,41940,0.47670250041751794,0.052554744,0.6460113914101753
696,80310070061,65851,0.18425760121415383,0.019368722960052202,0.2916120557561464
697,80310068142,63054,0.11819235089000753,0.1474609360599518,0.3220858881591328
698,80310068182,138750,0.60399159,0.024528302,0.6939953730485523
699,80050816004,102173,0.3330479423540416,0.051012753,0.6409883674346776
700,80310070063,40428,0.24716980898896407,0.062407132,0.49952785175138953
701,80050834003,115923,0.16221662386792632,0.004784689,0.5537735822935208
702,80050834001,107333,0.29454253375166506,0.01510574,0.623608901
703,80590117313,89375,0.4818181745179065,0.010526315650969531,0.782264444
704,80310048012,118036,0.46485819402147727,0,0.5330316693843288
705,80590117292,80595,0.37276785298250165,0.073440643,0.7374136156227679
706,80310119022,94534,0.5591497175679324,0.012762762666946226,0.5536374811736283
707,80310040021,115750,0.6682808554895677,0.020689654696789548,0.8822055027292544
708,80310040031,165000,0.8584070701503643,0.035602093868040904,0.7857142787855884
709,80310068121,86295,0.6191066920706366,0,0.8031319850624014
710,80310068123,78000,0.5296108246225819,0.039816232,0.7009021464198324
711,80590117291,68896,0.47721409735843423,0.026855123,0.7270803897949197
712,80310157004,75450,0.14703425106905388,0.11692725957221442,0.41639033436101214
713,80310068141,93958,0.6975748830588462,0.17689015439529024,0.7071509567860278
714,80050834002,96950,0.23871331693728376,0.073808303,0.527957396
715,80050816001,73537,0.203243241,0.17830289819223524,0.7061281238700818
716,80050833002,96761,0.44172296924220467,0.042957746,0.5433070837621675
717,80050815001,47917,0.4525939136619507,0,0.871964673
718,80050815002,40950,0.5227963446383534,0,0.8497340312535369
719,80050833001,66802,0.15181058284386376,0.012870012704375641,0.5989417926037905
720,80050833003,98919,0.3620273502652667,0.009433962,0.5676549834627764
721,80050804002,113314,0.6214470203947413,0.053515215,0.646300445
722,80050816002,69583,0.2886133000156336,0.040191387175202035,0.5424749127593651
723,80050151002,143472,0.6404494316603735,0,0.852365409
724,80310156001,79034,0.26533742127808724,0.031506849,0.3249657675720412
725,80310119032,80288,0.22377622064648645,0.043478260358657345,0.5817361828440115
726,80310157001,40694,0.079721362,0.029821073361026684,0.46801566274141215
727,80310040023,152477,0.8973261936114846,0.008056395,0.884782599
728,80310157002,96607,0.4328593928458232,0,0.6122650780191388
729,80590117303,89583,0.566115695,0.020501138718665848,0.7332053672437105
730,80310030043,180384,0.7164082641058898,0.05942275,0.8372536501128185
731,80050058001,184821,0.6399572581201148,0.027777777491998175,0.8607594858882506
732,80310040033,79643,0.5917001259477895,0.019362186567628854,0.807174879
733,80050804004,71121,0.70824949,0.12250453609342526,0.6403225754812696
734,80050825001,90469,0.3257484990928324,0.038176034,0.5652492627181139
735,80310068171,156983,0.7160305288852632,0.004984424,0.7587890587949753
736,80050830002,141912,0.5164733154688013,0.0817738,0.5157256517024416
737,80310068144,85057,0.8015747905263813,0.019908116,0.7719714872687472
738,80050804003,81563,0.3125925879615913,0.067615658,0.590909086
739,80050815003,60859,0.46047793694413663,0,0.9068203563225711
740,80050804001,110875,0.4979591768985146,0.014435695348612922,0.5186104154018559
741,80310068131,82833,0.5946882148419375,0,0.7036669900528544
742,80050071091,137083,0.43942856891755105,0.016916384645160053,0.538428872
743,80050830001,157813,0.37563451141058357,0,0.5296216950062691
744,80050873012,76773,0.417133704,0,0.4790665718663928
745,80050831001,96029,0.08482871,0,0.506627386
746,80050873022,93654,0.760772648,0,0.768765124
747,80050873011,68000,0.5603217083066795,0,0.5587686515040238
748,80050873013,63287,0.2883642447156114,0.052112675,0.4181102329282659
749,80310068133,64889,0.21612902993409647,0.036978756593400816,0.5759336051789743
750,80050824001,81150,0.21436715833104722,0.0063593,0.5314577977930548
751,80050814004,93860,0.42873302682428704,0.042944785,0.6226259238428908
752,80050835005,69464,0.23282051043261015,0,0.5339412306591568
753,80050057011,94524,0.44090908422865027,0.079118028,0.7833333214646466
754,80050058002,129125,0.6703124947631837,0.023646071520624933,0.838383833
755,80050057012,0,0.547101443,0.012761021,0.6756255729784469
756,80310119021,102813,0.4956169892406137,0.009198423,0.6350028748704498
757,80590117312,72679,0.5025553577077452,0.07539118,0.8204264778852247
758,80310048011,108077,0.29352678243831715,0,0.579207916
759,80310040024,91250,0.8776223622793293,0.019230769,0.8934426124889624
760,80310119031,110000,0.5788402789538121,0.02334267,0.6880733896395668
761,80310156004,85435,0.1445182712249313,0,0.31236121160354396
762,80050055511,75250,0.27435897084155164,0.078260869,0.46063912345565766
763,80190147012,152067,0.926202314,0.030097817681731996,0.8953008994616579
764,80590098471,208810,0.8223048265999642,0.005513439,0.918904954
765,80590117241,148958,0.5400149548241215,0.038659794,0.8065618536803701
766,80590117262,233636,0.7257495526829846,0.029249012,0.8013392821368781
767,80590117263,127750,0.6514546454566192,0.030353200715490063,0.8551252808422538
768,80590117251,134219,0.5562264108964045,0.009495982,0.8787356271337033
769,80590098453,172917,0.7087294666488378,0.025296442,0.9204097642205693
770,80590098461,158851,0.8426782752167759,0.023156899701526935,0.9070740857803512
771,80590117121,127083,0.586484307,0.016886930859861007,0.8466579236785196
772,80590117092,89981,0.37190082303121375,0.027966742,0.7731673528826601
773,80310040064,175625,0.713513494,0,0.838345854
774,80310040063,44438,0.9400479503591374,0.096999999,0.796246643
775,80590117281,117250,0.4993968576671067,0.07113402,0.7646566100112512
776,80310046033,84891,0.45404411347385926,0.095200629,0.5583881533027291
777,80310047002,162917,0.52131147,0,0.649305548
778,80310046032,42786,0.16496944674196648,0.13333333111111115,0.52581521
779,80310069022,85650,0.3431952633711305,0.010337698,0.584480597
780,80310030022,84844,0.7308447793547195,0.024809159831886266,0.8551236648395328
781,80590117282,119821,0.47925142002236437,0,0.8038182962223944
782,80310156002,0,0.079710144,0.072697899,0.2356807500672265
783,80050835003,118523,0.4112769417698683,0.018072289,0.5165876716044114
784,80050803002,133914,0.41813135598398377,0,0.6393979015746211
785,80050803004,47643,0.31605350642050994,0,0.5316091877642358
786,80050814002,78393,0.3353293390862985,0,0.6011777269744233
787,80050805002,72421,0.48682170165254496,0.041025641,0.6279540808375822
788,80050805001,82895,0.4983541771010258,0.006734007,0.5490939715588117
789,80050831003,98750,0.3439241898331985,0.068038639,0.3911659355703703
790,80050824003,38588,0.083172145,0,0.30875575681156964
791,80050873021,70023,0.4238532071206128,0.008825526,0.49562362967383133
792,80310068132,46888,0.33057851011998274,0.036036036,0.41652397081967474
793,80050151001,124821,0.6074297127768101,0,0.8091969745422308
794,80310047003,0,0.19113149554844808,0.024464831430201357,0.5807860177469284
795,80310069021,45229,0.1937172724157782,0.061643834,0.5989130369683365
796,80310069032,0,0.581168812,0.13311687879490655,0.6318785458846576
797,80310040061,0,0.7366771082896854,0.017492711200265198,0.845778082
798,80310069031,58917,0.40113394471202024,0.051329622,0.6601642676582943
799,80310030041,33775,0.7233429290584593,0.036406619213207474,0.744724862
800,80310030042,141857,0.8488444669029078,0.007238883,0.8477135425033927
801,80310014032,86618,0.7171453375357238,0.013029315854810132,0.7002567349149118
802,80310030023,97254,0.7178014707317353,0.033117932,0.8248048497415017
803,80590117261,110375,0.4190632668934818,0.010167029701038274,0.7785285226837199
804,80310047004,0,0.8172757203562885,0.039886039,0.44986806794369305
805,80590119511,112303,0.6381259993840711,0.013412816491612273,0.6759133919085698
806,80590119513,95875,0.42857142617046823,0.011352418502702771,0.6028495075563245
807,80310053001,71458,0.5952836163461848,0.035378662048763616,0.7590102164657869
808,80310156003,85268,0.33460074773381193,0.13636363119834732,0.3414376285260293
809,80590117273,91667,0.4496288393464598,0.008361204,0.8245613969333222
810,80310040062,39922,0.8280329702234044,0.026007802171600765,0.8060606011753904
811,80310046034,75846,0.2834890936293967,0.046920821,0.5115697278826159
812,80310069023,39899,0.29819276659348243,0.2117224855057119,0.5571428521683675
813,80050873014,107048,0.17657992236840295,0,0.3395585709714892
814,80050835002,108214,0.4084821337392381,0.012396693958745993,0.4418052204061138
815,80050835004,47637,0.254394077,0.08913649,0.40664556747549807
816,80050831002,76903,0.3938132040820154,0.048958333,0.43536357851036794
817,80050871002,69677,0.39489885316711654,0.037555228,0.5590345690865325
818,80050872004,133438,0.6137071555497328,0,0.6133333242469138
819,80050806003,69952,0.4982517395410535,0,0.4840271008322643
820,80050835001,117854,0.44858756555268287,0.013278855839848256,0.4320987609866383
821,80050824002,72146,0.14063713954438897,0.028976571954521753,0.5111111081221573
822,80050803001,97813,0.6201395750733841,0.053259871,0.5614871252479778
823,80310030021,102344,0.587646067,0.007961783,0.8567603633633151
824,80590117272,96842,0.5090047345118035,0.045780969068393455,0.7971014434992649
825,80310047001,75380,0.28732393556833985,0,0.4149577754528616
826,80310046031,60142,0.13784460807406998,0,0.3333333293932231
827,80310047006,73106,0.10218408656642679,0.013185287902947342,0.2880404251092621
828,80310047005,128958,0.29547959982933186,0.008483563,0.5155626455262359
829,80590117271,127802,0.43209876009754616,0.018805309526489938,0.7729336896191309
830,80590119512,85476,0.5491698525010236,0.0075,0.7433154980840174
831,80310046035,61008,0.088588587,0.039591314947748216,0.42502696413131646
832,80310051024,81199,0.470919316,0,0.704123704
833,80050803003,83400,0.42026666442524446,0.018749999909855767,0.4489442698201998
834,80050814001,44500,0.43762375804332915,0,0.5652542324978455
835,80050806002,63516,0.47925486469724926,0.023700305629202556,0.6408668681047456
836,80050806001,56883,0.1836734662640567,0.12727272561983474,0.42475907765189713
837,80050872003,0,0.5299999894000003,0.022222221842355182,0.4783759887168933
838,80050831004,66680,0.37619047260770977,0.081766148,0.4269572201214107
839,80050828001,85987,0.23261693764074667,0,0.5279583840834956
840,80050823002,111023,0.14133899956069076,0.069911504,0.4595443797364935
841,80050823003,66098,0.22281166911749187,0.014126393947015658,0.42105262877379995
842,80050814003,0,0.4475524397281042,0.11318051413781499,0.43566591094307067
843,80050872001,53333,0.4366666618148149,0.047777777,0.5788113645235886
844,80310070131,86538,0.5236220442990887,0.028051948,0.6925925893861453
845,80050812003,57883,0.1869060170337274,0.24137930803276525,0.3846153812533621
846,80050872002,166071,0.6356304938736768,0.009102731,0.6610169454179834
847,80050869001,66360,0.4729344661975147,0.001001001,0.4185021995704684
848,80050871001,59971,0.28281622574204984,0.070575461,0.43655302616900543
849,80050828002,59982,0.3207964530797245,0.035940802622816015,0.5415070173498465
850,80050823001,105846,0.2612612553769988,0,0.5020449846416668
851,80050802004,103799,0.44250594415141997,0.024088541509840224,0.5818713407757943
852,80050812002,86473,0.14354643976421666,0.039911307909007335,0.32341156082763844
853,80310040051,75833,0.49454828275273927,0.036666666,0.7943925180614652
854,80310040052,58719,0.7897822379415224,0.054326922815735944,0.7656458021942041
855,80310051042,64402,0.3954480768460308,0.044315992,0.6399297386420976
856,80310052003,98500,0.7250453654714577,0.054290718,0.7887788713797123
857,80310030032,48269,0.506024081,0.031832297889500795,0.7253424607853256
858,80310030061,117455,0.7086368292545595,0.023908523659994557,0.8419328350374051
859,80310030063,187000,0.9183921934422389,0,0.8823016488029499
860,80310030062,122596,0.8174273791084865,0,0.869905949
861,80310046023,74625,0.26666666296296304,0,0.4079696355980111
862,80310014031,80938,0.6871035795538356,0.071550254,0.6796959752476007
863,80310014021,58462,0.30023093994847716,0.097514338,0.4239256629044639
864,80310014024,41289,0.3261904723072563,0,0.33720030675019097
865,80310030031,98125,0.6547085152861845,0.042838018,0.8564814765249915
866,80310014034,0,0,0,0
867,80310052002,128281,0.6745406647102188,0.045454544306703426,0.7715133416689416
868,80310051023,126555,0.6482112380901939,0.027638190723298237,0.8127522129721371
869,80590117023,81458,0.3256445003304681,0.045343136699226266,0.7257352887813582
870,80310014025,0,0,0,0
871,80590118043,80075,0.2648953279799088,0.067940552,0.64195298
872,80590117022,100385,0.4302973937704703,0,0.7333785567613396
873,80590118042,137031,0.4865930560994239,0.033860045,0.6376811547994119
874,80310046013,66731,0.19075520709143745,0.034617532,0.452054792
875,80590118041,79375,0.313114749,0,0.5531716366308617
876,80590117103,62518,0.4142554663778725,0.097197376,0.7697368378852147
877,80310046014,98167,0.30445544177654155,0.028375733577536855,0.47453310293265616
878,80590117102,114648,0.5415512390366864,0,0.7272727194944094
879,80310046022,61199,0.19762845693574344,0.031948882,0.36326897007961845
880,80310051041,59766,0.5039596795971225,0.028725314011218948,0.625993186
881,80310052004,131375,0.6994434007524416,0.001628664,0.7477360834704259
882,80310014022,83418,0.2096153825998521,0.010009099089999099,0.43354838150260155
883,80050813001,113750,0.19457546940359116,0.06687898,0.4059775815318955
884,80050802002,105265,0.3078375797182476,0.035266457,0.46260959018767617
885,80050869002,54934,0.29254996794336785,0.027572624187234742,0.37638962214722277
886,80050807003,119974,0.40586034659688064,0.004778972,0.48339684004683264
887,80050870001,58456,0.383216778,0.0489335,0.48055372128837365
888,80050828003,89583,0.16707021656924764,0.021142857022040818,0.4768717192328482
889,80050071031,140313,0.35633116593887043,0,0.7539358556621816
890,80050822001,71521,0.22810060513355937,0.049138480860635096,0.523006131
891,80050827001,122440,0.2788550297427975,0.036202735,0.4439461858523196
892,80310070133,81000,0.6592920256741589,0.021398002547817367,0.7561779117598367
893,80050829002,100278,0.2966666646888889,0.007075472,0.5032377405030631
894,80050829001,137250,0.32267168087797105,0.010156249920654298,0.4445775887083428
895,80050807002,0,0.13691931205576255,0,0.6793478076264183
896,80050071111,72423,0.26306413145448854,0.043674699,0.3413407802159733
897,80310070132,79028,0.7025232310421882,0.006337136,0.6697819245090143
898,80050829003,96875,0.3177777742469136,0.012820512683541532,0.5352335666252291
899,80050870002,89500,0.48840048243711254,0.072120559,0.5293500992730598
900,80050822003,73864,0.3077930562685458,0.055421686413122374,0.39808756719633837
901,80050822004,72875,0.3391521112430895,0,0.4772329205145979
902,80050868013,80000,0.5106761520402477,0.02278275,0.5307753754534342
903,80310014023,0,0.25468164317075576,0.01983471,0.35210008621894473
904,80310039023,188194,0.8565488476450224,0.010357815345029988,0.834912038
905,80310034023,221176,0.8019704354485672,0,0.852593259
906,80310039022,136125,0.7126050360285291,0.018181818044077137,0.8004446870458883
907,80590118033,130067,0.5231539358804264,0.059511157709764534,0.5291828725138409
908,80310155003,76458,0.7184465879913284,0.034090908537485254,0.6434316267636512
909,80310051022,144523,0.9099999886250002,0,0.8280756967180489
910,80310014015,100905,0.20297029451769438,0.021857923258383354,0.4056291357149906
911,80310014012,116250,0.1669367882182044,0.046483909,0.4422788539388478
912,80310050043,86168,0.5417536477896279,0.065155807,0.6709601794969534
913,80590117024,110426,0.526139407,0,0.7644259323948487
914,80310030051,165313,0.7904073535452868,0.041322313786889296,0.8389731572988731
915,80310014033,88098,0.6502866449607974,0.008295626,0.7608938462469962
916,80310030052,136979,0.7513274269794034,0.011952191139823178,0.8713286652354639
917,80590117101,77297,0.4149425239661779,0,0.7747415009250997
918,80310052001,93958,0.6731054877696064,0,0.7511045544756325
919,80310014011,30759,0.261811018,0.063609467,0.40031274120162047
920,80590117021,86250,0.44040697,0.10473815330750433,0.6329218054903555
921,80590118034,92647,0.11443432955504337,0.009137636,0.6438356120285232
922,80590118032,86731,0.3201970417060998,0,0.5497722800925682
923,80050807001,56053,0.2860927133371344,0.009444444,0.3743111472051244
924,80050802003,90750,0.2680652649409643,0.073146292,0.4721586539118333
925,80050802001,79554,0.38275499071761315,0.082536924,0.5343203194191096
926,80310050041,55500,0.39040114333523535,0.088927137,0.4403148209868175
927,80050868021,74688,0.44966996328655146,0,0.41097723955169185
928,80050868011,55938,0.4350721372356034,0.099385245,0.4614318685384209
929,80050813002,91719,0.3045930676503379,0.016899338597359745,0.26744185898426437
930,80050812001,66148,0.2776162770522073,0.021213906769511452,0.4085801817743607
931,80050822002,91719,0.2973640832177588,0,0.37901375929464587
932,80050827002,85742,0.15228758070400275,0.1170678330576158,0.4211986658091084
933,80310046021,40741,0.2010376121852295,0.016198704,0.30220492735752297
934,80310046011,81071,0.46643716925237233,0.11392404883031569,0.4599844564103772
935,80310046012,84787,0.29607842846981935,0.012668918811917916,0.375164255
936,80310046024,78877,0.38314784764470833,0.027397259898667675,0.3839122451196321
937,80310039021,196250,0.8081896464634737,0.031124497679472916,0.885628285
938,80590118031,61094,0.26423200575475825,0.014285714158163267,0.5262110117703317
939,80310155001,57000,0.35609755518540565,0.015837104,0.6283292902139311
940,80590117091,74040,0.27115384093934924,0,0.7610722522019552
941,80310051021,106250,0.6124030849508247,0.070528965,0.7541478015965641
942,80310014013,18843,0.2161073796495654,0.043640897,0.3956343765645677
943,80050868022,70938,0.3573381918200712,0.10624551251797909,0.49187278804330187
944,80050870003,70274,0.4200362074831852,0.008232711,0.3424036268238714
945,80050807004,23417,0.0606488,0.048728813043126984,0.27596153580806215
946,80050828004,84375,0.29909365107109287,0.060150375,0.35653104543328645
947,80050868012,56934,0.34117646256055384,0,0.38336932631350623
948,80050801001,40500,0.3594164408565459,0,0.4404186760030703
949,80310070373,70282,0.4030226598734847,0,0.439189182
950,80310070884,51600,0.4572490677989525,0.059438635,0.4732379413182939
951,80050826001,79300,0.37123420436118365,0,0.42857142554051325
952,80050811021,40293,0.24675324354865918,0.016129032057952457,0.41993636882358043
953,80310014014,26918,0.17447306587268074,0.006469501,0.3414448643236132
954,80310155004,55809,0.5326953663046992,0,0.6251541229944004
955,80310155002,52188,0.41988949696285227,0.027203482,0.6535433006541014
956,80310029022,167433,0.8509316694682194,0.038265306,0.8601190412193523
957,80310050011,80972,0.4328244241769128,0.025394646,0.6274614123072836
958,80310153003,54570,0.6397379772982975,0,0.708708698
959,80590118063,104173,0.47368420297154384,0,0.6084337257766005
960,80310045062,68090,0.1043024758239573,0.024615384362919136,0.26300366107689627
961,80310045031,72708,0.14003759266881963,0.041368336981954364,0.2871105663585182
962,80310013012,64245,0.260096926,0.013661201999163907,0.3347602711065045
963,80310050042,25703,0.6282258013852758,0.03950426,0.672056917
964,80310029023,108860,0.761138604,0.064261555,0.9019792563432681
965,80050049511,51264,0.46153845772093915,0.020223152,0.6297686014398461
966,80310029014,64208,0.732142841,0,0.8490908936528929
967,80590117011,133177,0.4311377193875722,0,0.7772065057651542
968,80310153002,56750,0.7145242030354803,0.081799591,0.7245005219532045
969,80590117082,90278,0.43876784042999367,0.047711153786517385,0.7964503560928987
970,80310039012,0,0.8802816694769562,0.039906102,0.81310418
971,80310034022,212763,0.8627951444620604,0.039473684,0.89279801
972,80310039013,137313,0.8743500790784222,0.024334600575402276,0.872920819
973,80310034021,245278,0.8377862515478411,0.007832898,0.871375458
974,80310034024,0,0,0,0
975,80310029013,105549,0.7039800936651733,0.045146727,0.8520985952558389
976,80050049522,83958,0.5324511623664073,0,0.6806083613220621
977,80310045032,37708,0.10817030945718861,0,0.29587155737101256
978,80310013013,83295,0.30086955998487724,0.015243902206647833,0.3890728444613175
979,80310013023,81442,0.21841794311194873,0.02349336,0.5186500842038181
980,80590118081,69545,0.31513082690408617,0.053866203,0.6510554046764155
981,80310045063,30313,0,0.010273972485456936,0.30071942229698256
982,80310045061,0,0.22545453725619866,0,0.4081871297288055
983,80050811022,65250,0.21437578544292832,0.072142064,0.3585572817640928
984,80050808002,96591,0.312364418,0.022187004,0.3568129289051625
985,80050808001,68750,0.1960059157100154,0.052725118,0.28308070346955877
986,80050811013,75930,0.27008416013707603,0.042168674444767025,0.25302663285092836
987,80050826002,74207,0.2893616996650068,0.016393442,0.3170542611081065
988,80050801003,85104,0.22358015655226343,0.029120198,0.4046711134191081
989,80310070883,76558,0.5673981131933322,0,0.717647053
990,80050801002,35700,0.3123711308002976,0.13020030716332584,0.34442724191619783
991,80310070881,102821,0.48955223149922045,0,0.5782901
992,80310070914,29684,0.4799107035734218,0,0.8140161615361704
993,80590117122,96528,0.4711538411201513,0.027184465755490623,0.8369397153250409
994,80590117123,119651,0.6829035273839205,0.029045642912484293,0.834795316
995,80590117112,115329,0.5964601664343334,0.00783699,0.7700631129841018
996,80590117093,126406,0.31513902868033955,0.009823183,0.7388646223679946
997,80590117113,122156,0.6011477675588556,0,0.816132849
998,80590117204,90365,0.4418604557746204,0.052854122,0.8130530883511827
999,80590098452,179958,0.8153846080055692,0.032114183,0.9220314669382584
1000,80590117111,71181,0.42064264439491095,0.025451559725356652,0.801886786
1001,80590117203,172109,0.759643911,0,0.8249878423675846
1002,80590098481,187083,0.7581344820158951,0.009372071,0.9139966196121702
1003,80050821002,87391,0.17919855840072688,0.031174229195794146,0.36857892625204747
1004,80050821003,58877,0.095679012,0.10580819403057994,0.2545005285757129
1005,80050071081,57016,0.24269005493143195,0.033994334,0.6634942171074493
1006,80310070882,64107,0.29063096958640594,0.016176470350346025,0.3523676831146562
1007,80050826004,52212,0.25518134384480123,0.016528925468053946,0.30013767645645856
1008,80050821001,104030,0.32540540188750916,0.039354187,0.35344827368566334
1009,80050811011,60083,0.25259515279590367,0.10632183806205137,0.35450346010965983
1010,80310070912,40607,0.4241348675764431,0.062111800691110906,0.8364565516485813
1011,80050826003,49422,0.25421132841942834,0.16361071701536367,0.41843317586697537
1012,80050811012,115284,0.512690342,0,0.3559670745270877
1013,80310045033,47279,0.090332804,0,0.2599410879238506
1014,80590118062,64750,0.16580310773443582,0.012924071012794448,0.5420433971878689
1015,80590118082,42399,0.4150058567994624,0.007705479,0.6243567699454823
1016,80590117012,111094,0.5808039328892213,0.024372230248358714,0.7891156402939106
1017,80310021024,57235,0.9785714110969391,0,0.7262180805981884
1018,80310013022,53156,0.20754716654800054,0.010542168515931198,0.35269709177700115
1019,80590118061,0,0.44491886895884825,0.015612160923482655,0.5930144222246437
1020,80590118064,0,0.15206185175098322,0,0.5394853545742204
1021,80310045043,42394,0.17892643779470305,0.007936508,0.30846324823537585
1022,80310050032,53471,0.5777934895488438,0.036295369,0.5728744910279631
1023,80590118072,39345,0.3585476496437572,0.020356234,0.6353522789202438
1024,80590117014,86484,0.45393257406893095,0,0.7230769145197998
1025,80310029012,117083,0.8898876304507009,0.021367521139235887,0.8506304476175515
1026,80310013014,103462,0.3294797640248589,0.008667389,0.4352159420241867
1027,80310050031,140022,0.7259615210105405,0,0.7421874903361004
1028,80310045053,32895,0.10693069095186751,0.027419354396462026,0.2788732368180917
1029,80590117081,86827,0.3608847455077445,0.020854021639979924,0.7772397031699781
1030,80050049521,60625,0.5866666588444446,0.04496788,0.6385336688957062
1031,80310029021,155000,0.8818953261534984,0.008831522,0.8892580238690032
1032,80310013011,51964,0.19186045953894015,0.069037655,0.3957968407040834
1033,80310070913,59417,0.6208651346830778,0,0.8022892736494353
1034,80310070911,31016,0.40204677774785413,0,0.8112903094953177
1035,80310070372,46795,0.4106145213164384,0.016047297161762692,0.44423076638313613
1036,80050809002,119712,0.2976817687161129,0.13191881857971025,0.4084376429835992
1037,80050809001,86742,0.23951048741686637,0.054989816,0.4068780687499863
1038,80310070371,58301,0.22169167652324914,0.064498346,0.225708501
1039,80050800002,65792,0.3118279527980114,0.033846153,0.41750841516549714
1040,80050800001,53510,0.35776397293314305,0.058473199,0.32732732568905243
1041,80310070901,54171,0.4262416573295652,0.023759608499234044,0.42412451086819386
1042,80050820003,53718,0.13011152295435388,0.018549746892497918,0.386915884
1043,80310013021,68500,0.5067264528544713,0.094763091,0.38166566577791694
1044,80310045051,36396,0.1078571420867347,0.015834348259230524,0.27769985844927597
1045,80310153001,70117,0.6239999928685716,0,0.6589902510275443
1046,80310050012,150694,0.7103448177883473,0,0.7474747399244976
1047,80310045041,58409,0.15256410060815256,0.016276704,0.28306878119663503
1048,80590117013,95727,0.409803918,0.005947324,0.7458270049633763
1049,80590118071,81740,0.6824644503556909,0.026032823848144742,0.7175528832615615
1050,80310039014,91538,0.8847611760063595,0.012134189777771665,0.8392721695278835
1051,80310045042,63403,0.05707491,0.037305699,0.322909583
1052,80310034012,127366,0.8665425147948944,0.015540944318344624,0.9060133589932589
1053,80310029011,96842,0.5941806953417964,0,0.8480845330504025
1054,80310013015,49896,0.069133398,0.12301957014893225,0.35873983375264396
1055,80310045052,36757,0.021186440229100843,0.013262599,0.26691449615676954
1056,80310039011,152560,0.8123872470692288,0.07180081,0.9187045544038034
1057,80310028023,72183,0.8635578509191896,0.044715446790931326,0.8029197015172774
1058,80310010002,57563,0.15676567398076446,0,0.31367521099422896
1059,80310009033,77961,0.16631129709357576,0.04634581,0.4003944733688908
1060,80310009023,0,0.4433593663406374,0.084586465,0.3709677379465835
1061,80310028051,82303,0.6869265976269886,0.036871508,0.8131578876038782
1062,80310028052,128380,0.9001482901623911,0.020417633315927455,0.8555219332241983
1063,80050071102,88125,0.5022421299442991,0,0.6186915772207182
1064,80050077041,68523,0.4401197560866292,0.060869564688090745,0.34322819824843415
1065,80050820001,59620,0.1313304709757041,0.10565568610530959,0.28722891427841485
1066,80050810023,43833,0.019480519164277288,0.073587384,0.219038815
1067,80310044071,186458,0.8066139410020565,0.034066714,0.7400909633522355
1068,80050077042,66083,0.21303656428428805,0.032616238,0.315889027
1069,80050072013,31646,0.078324224,0.14631336236966172,0.2785793531789195
1070,80310044072,86652,0.5751357840969477,0.045751634,0.6646077784767895
1071,80050810022,62363,0.1388564744590843,0.13977389373305352,0.4063926903525782
1072,80050071082,126146,0.3076923048746126,0.11825572713779951,0.5715099682535044
1073,80310009032,63750,0.19894597893351806,0.034598214,0.4223175929414799
1074,80310043034,236477,0.8698629938387444,0,0.8948655147326955
1075,80310043033,250001,0.9462151205933244,0,0.8903940777045065
1076,80310038023,171645,0.8673469314001111,0.041198502,0.8239316192368569
1077,80590112022,120080,0.30508474253088197,0.050964868624617174,0.8430799179187137
1078,80310034011,172083,0.7614424304931702,0,0.8950863094942058
1079,80590116023,0,0.38644067359954043,0.012422360119851344,0.5642954817763647
1080,80310021022,91739,0.7028423712072147,0.023419204,0.8282411161994954
1081,80310043061,154313,0.8019417320011315,0.035460992279060424,0.8343653121615278
1082,80310021023,107035,0.7605344217827912,0.014843749884033204,0.7252747199613574
1083,80590098451,162813,0.6640548416840858,0,0.8648849230520793
1084,80590117114,98442,0.33428980869024666,0,0.7308684373958002
1085,80590117231,105909,0.5452976657006241,0.024855012221582335,0.8593861466139462
1086,80590117232,71375,0.4342507618700259,0.017761033273621996,0.7181770522882291
1087,80590117083,87212,0.38934425697617137,0.042875157088585664,0.7994814105489939
1088,80590117202,135211,0.6943972776366955,0.011415525027279109,0.8415067459736549
1089,80590098561,72181,0.3167613591369125,0.060063224,0.7411575503122384
1090,80590117331,78333,0.5982807988637203,0.008754864,0.7481829809825439
1091,80590098553,176375,0.7661156961478042,0.018982535922683858,0.8796394439043508
1092,80590117211,78103,0.6108555601577226,0.015669515557909432,0.8471849809169908
1093,80590116022,61333,0.21016365021392205,0.022256331371785638,0.5497835463835279
1094,80310038013,0,0.6666666597438561,0.068535825,0.8592232905434067
1095,80590116021,69276,0.30954994171734423,0.054832713,0.566895364
1096,80310009022,110526,0.27539062,0,0.41410255879355695
1097,80310038012,83116,0.5106815817835038,0,0.8764478679879549
1098,80310028022,65212,0.7035881325493272,0.044604316,0.8743169303353341
1099,80310028024,58342,0.50236966,0.029141103847529083,0.8287671138268594
1100,80310043063,96083,0.5467091237079711,0.020952380752834468,0.6371287097171846
1101,80310043062,71271,0.7990902138052296,0.054149085,0.7403718410333875
1102,80310010003,94479,0.381009611,0.017561983289648933,0.365125237
1103,80050077033,60232,0.14968944006404075,0.036386986,0.25179568933840507
1104,80050071103,126983,0.4503446503693014,0,0.5218315291309283
1105,80050810011,60272,0.3757188474394962,0,0.3356367209494732
1106,80050077023,64098,0.2663043442078214,0.022199798,0.3462837818339877
1107,80050077043,67045,0.11686143475073928,0.095578673,0.23647798593410072
1108,80050820002,73676,0.14686824736785645,0.034214618,0.27796609933927036
1109,80050810021,68818,0.16680778859603906,0.02,0.22664015754380282
1110,80050077022,49019,0.37765204557776455,0,0.4150397656179337
1111,80310044062,47220,0.7776898672651118,0,0.7388059651370016
1112,80050077032,139231,0.4451612807492198,0,0.37564766514984743
1113,80310009024,58523,0.1424682382716131,0.006728343,0.38683680062567627
1114,80599800001,0,0,0,0
1115,80310028041,93276,0.9187897942867868,0.012030075007066541,0.87499999
1116,80310009034,56653,0.2942742970136578,0.010548523095479715,0.3742289213555249
1117,80590112024,104464,0.37027026026296594,0,0.810249296
1118,80590112021,75662,0.4645748940832501,0.0058873,0.7649006571860884
1119,80310032031,250001,0.8993288504378826,0.026086956294896033,0.9061371732113457
1120,80310010001,0,0.105919002,0.017964071702617008,0.34508474342315426
1121,80310021021,0,0,0,0.5794391981832525
1122,80310028042,61589,0.8699788491545577,0.009090909,0.8427626683118099
1123,80590117212,194306,0.8205979975570543,0.027692307408284027,0.8378158040927808
1124,80590117321,73017,0.34873949213508937,0.023790642,0.7156862686626939
1125,80190147023,136471,0.5797579694196043,0.031372548712033835,0.8713951607841375
1126,80590117324,98620,0.6156521632060493,0.023255813615467826,0.7431271413820693
1127,80590117323,67500,0.45256608938466425,0.078299775,0.7108938448199184
1128,80590117201,129595,0.300925922,0,0.8652117989061386
1129,80590117322,60815,0.6405846892469073,0.011235954972015318,0.7709251044719155
1130,80590098502,216188,0.7545164638202289,0.018126888034975953,0.9160186553964335
1131,80590098501,178542,0.6973684144984171,0,0.8782479519061028
1132,80590098563,71458,0.6116504705910081,0.056923076,0.8475073189515057
1133,80310038022,208902,0.8497706324567589,0,0.8376344
1134,80310028021,91732,0.7726879794927574,0.015360982984938687,0.779386705
1135,80310021012,195446,0.7979966477796887,0,0.6973244030547759
1136,80310009031,40234,0.2772861329667047,0.050125313,0.35872780799757537
1137,80310028012,86250,0.7346938650562268,0.033333333,0.7999999910112361
1138,80310038011,114559,0.812903218,0.034873583,0.8421926863665964
1139,80310043032,250001,0.9080717386987474,0.039707419,0.8691300933862195
1140,80310043031,236607,0.8668098725369509,0.012795275464613431,0.849858351
1141,80310043065,250001,0.9999999816176475,0.018691588493900492,0.8924843330638379
1142,80590112023,115978,0.500651884,0.020860495164791458,0.7438596425977224
1143,80310043064,115357,0.8953020014053423,0.035935563371306524,0.800415792
1144,80310021011,117500,0.7782805359431626,0.045151739118047825,0.7796340431214476
1145,80590116012,84444,0.4422476540869131,0.040991420009614685,0.6776099758528564
1146,80590116011,55982,0.1560630769110219,0.040326234525028384,0.423582765
1147,80310009021,56603,0.5284809959341458,0.048632217,0.4475524412929729
1148,80310009025,52079,0.15994020807219575,0.03045977,0.40041928441356195
1149,80310038021,160673,0.8873239323005899,0.015312131739550863,0.8568093318536238
1150,80310021013,91161,0.6959999920457144,0.002247191,0.6631234614626046
1151,80310009035,75556,0.19999999523809536,0.014314928132619057,0.44430379184425584
1152,80310032032,143125,0.9002808862320101,0.042995839,0.8881818101074381
1153,80050077031,96983,0.4553660937275216,0.075381679,0.528447439
1154,80050072012,58839,0.1658075587129935,0.016248153,0.32213656210277225
1155,80050077021,93861,0.21167161017139852,0.036219081,0.40079051066568766
1156,80310044073,97730,0.5820476817528213,0.022877784329453435,0.5518788527656823
1157,80050076003,70946,0.41424801564316605,0,0.38683127174041904
1158,80050076004,36063,0.23442135802903985,0.045822101190778945,0.2862632057035235
1159,80050072023,60256,0.13224821839015038,0.082990961,0.32494278928342646
1160,80050072011,61379,0.3609467384428651,0.024630541467478794,0.35727272402479343
1161,80050074004,69286,0.1859688175281869,0.033686236441903404,0.3127868831948401
1162,80310044061,215721,0.9109400719574487,0.074151436,0.6973103143423913
1163,80310028025,72607,0.7082111333106872,0.014450866843195567,0.6490195951172629
1164,80310028013,85757,0.8416523163368992,0.006584362,0.8244094423274847
1165,80310028011,75750,0.8072916582573786,0.021717670071888746,0.8372752995527408
1166,80310032033,250001,0.9340527465940918,0.013620885202941144,0.9144567928617896
1167,80310033003,219444,0.8237232154246588,0,0.8758620588981373
1168,80310033002,185250,0.827800813,0.020912547,0.8756345066543845
1169,80310043083,159688,0.931166339,0.018198361981816544,0.7806340978523214
1170,80310009054,72557,0.4239766019886462,0.016150740024889098,0.4722814448584068
1171,80310043023,99125,0.6831091078757981,0.025815217040554117,0.8442534818017886
1172,80590111013,137917,0.4567756955984148,0.076756756,0.8034482666270314
1173,80050074002,72981,0.1087344009138253,0,0.2959472168148236
1174,80050071101,134417,0.4412136480251119,0.023923445,0.5006031332894866
1175,80050818002,75481,0.16430902976812808,0.035653649952006365,0.27332457113452974
1176,80050819002,117589,0.15739130297920606,0.021596858497402758,0.41991569852520705
1177,80050074003,73451,0.24129352933714515,0.097097096,0.35702054488852275
1178,80050076001,50000,0.098859312,0,0.34725273962081893
1179,80050819004,50221,0.28989361316630835,0,0.3076398341907242
1180,80050075002,75313,0.26941362489043386,0.064220183,0.358347383
1181,80050076002,78477,0.18469015571457892,0.12030716620898323,0.3216845849311417
1182,80050819003,24810,0.1287726349512231,0,0.24328593900755946
1183,80590111022,51848,0.5224550819991755,0.090663057,0.5865595282208946
1184,80310009041,58818,0.19581464580247168,0,0.41291418510693134
1185,80310009042,27000,0.21221864724310133,0.095467694,0.42496493390627677
1186,80310009044,37027,0.18749999644886373,0.060185184,0.331676134
1187,80310043091,0,0.541284394,0,0.8015075276192521
1188,80310027071,93929,0.6522012537597406,0.012939001768706089,0.8381679325330692
1189,80310043093,231484,0.8868940674426027,0,0.8542141165207736
1190,80310027063,106375,0.7828418160603948,0.025043177676656498,0.8357221517560953
1191,80310027062,70469,0.691056901,0.018018017815112412,0.788717941
1192,80310027072,90000,0.7513983794195254,0.059175134,0.814946614
1193,80310027061,77695,0.7707477340119332,0.065102195,0.7905982849672487
1194,80310018002,56528,0.6621513891462041,0.012167300287701138,0.532987394
1195,80310009053,109028,0.42367599926242994,0.051219511,0.4767025032652031
1196,80310019013,75275,0.2404921673323024,0.024347825875236297,0.40070298417659944
1197,80310043102,159539,0.7479338739954012,0.060645160507804385,0.825334376
1198,80590109022,52076,0.2532981508065246,0.054519368331998795,0.694652095
1199,80590115522,0,0.44766930125180915,0.021531100306769534,0.6406585494584213
1200,80310033001,128788,0.8264621205516576,0.066169617,0.8394584058079458
1201,80590115512,56500,0.3727735321530085,0.027477919259294218,0.6716906902248316
1202,80590115513,74573,0.5592823669322748,0.028956228761237518,0.6737739824180954
1203,80310032052,72444,0.5469858107536719,0.087931034,0.8482328423545887
1204,80310033004,97667,0.7469879293075925,0,0.8869701587602801
1205,80310043081,51250,0.5520945160892103,0,0.7190827131934258
1206,80310009052,0,0.36834093807700247,0.033898305,0.41109852309061695
1207,80310043082,63400,0.7376775209884919,0.017094017,0.7482798122231662
1208,80590111012,93393,0.6246498541115794,0.009787928,0.717748235
1209,80310027092,81685,0.6291322249056589,0.02173913,0.7870967678459938
1210,80310027053,91250,0.6170655502906811,0.058545797,0.8016443905278069
1211,80310027051,0,0.4289617369136138,0,0.758034012
1212,80310032023,72188,0.7670349837289596,0.016799292512826768,0.8688259038961466
1213,80050818001,46949,0.088209606,0.043333333,0.19179104406048117
1214,80310044042,63994,0.2471482870939294,0.079773869,0.37417812089552827
1215,80050075001,68611,0.23692307449309669,0.018691589,0.3585823463614847
1216,80310044044,45246,0.14505776450503513,0.062062061,0.20917431000757514
1217,80050072022,57750,0.1746522384134121,0.024729520483314987,0.4335511935343007
1218,80050074001,41384,0.16109422329185186,0.025304592077745155,0.3888537024138461
1219,80050072021,70107,0.19119350879265923,0.084337349,0.3023952077700886
1220,80050818003,80051,0.18940809850836077,0.023170089398788365,0.27347858547348924
1221,80050819001,84221,0.036511156,0.060557768,0.3422982857188404
1222,80310044041,121645,0.6174016612943783,0.052808988,0.6227417574628932
1223,80310043022,133352,0.7999999914438504,0.027992278,0.8153409013698778
1224,80310032051,208911,0.9567901136132705,0.021604938049331914,0.8616352065780628
1225,80310019012,89097,0.5755101993835903,0.053828658,0.5559673791255199
1226,80310019011,25586,0.1505154608141142,0.014084506843880186,0.4929378496261451
1227,80310020003,111779,0.8638631442347602,0.014705882254639825,0.7848837163669552
1228,80310020002,110052,0.6869158825006552,0.1026561370950744,0.7882037463073839
1229,80310009043,0,0.2140575045677715,0.091612902,0.35999999485714296
1230,80310027091,66430,0.5418719167333997,0.016874541328873505,0.8237547813816593
1231,80310037032,85278,0.6919609264315483,0.026279391242881114,0.7933478691747663
1232,80310037022,133424,0.8595678879696314,0.027272727,0.7890442798479688
1233,80590098562,58125,0.31729518443049176,0.074029125,0.7625354705531177
1234,80590109015,0,0.12365591176243887,0.063271604,0.831884046
1235,80590109014,70217,0.34241788719484356,0.088137839,0.7431551450902533
1236,80590101001,59669,0.4402851971428664,0,0.6892980357963402
1237,80590101004,80163,0.24096385278243315,0.064991334,0.7826086830497797
1238,80590101002,80170,0.342931933,0.027348394,0.8447653368609002
1239,80590109011,127250,0.550561785,0,0.8386004420022524
1240,80590109013,76176,0.4825870586742903,0.020166073307638515,0.7801831741866514
1241,80590109012,122450,0.479850743,0.073943661,0.8392857049186864
1242,80590100011,83118,0.3272623771925875,0,0.815954411
1243,80310027052,75833,0.7260869502079396,0.037995149,0.7928388679212373
1244,80310009051,67149,0.45930231890548956,0.007267442,0.4566284704316126
1245,80310037023,72438,0.729433266,0.033308099672156706,0.7768895292377215
1246,80310032022,71680,0.6710963380830971,0,0.8510638202568441
1247,80310018003,62401,0.5321100879879317,0.048994975,0.7609890057624381
1248,80310032053,72981,0.8023952015729022,0.039735098961824984,0.8460161070186561
1249,80310027082,52684,0.7828467081857052,0.048012003,0.8043478204463688
1250,80310027042,60417,0.7011363556689051,0,0.7667253453633333
1251,80310007053,0,0.35860057786296534,0.055033556,0.46077738190263334
1252,80310008001,26250,0.025104601985259375,0.13122923370051107,0.2457852684491103
1253,80310043071,60841,0.5697073977641572,0.019607843041138023,0.7379275616804448
1254,80310043101,146449,0.8678102838767883,0.009803921,0.7620817773040727
1255,80590111011,52552,0.17016806543941107,0.12956204261348503,0.6482534472115886
1256,80590109021,66231,0.4039024350838787,0.074468084,0.6570827443402332
1257,80590111021,60259,0.20641282427245944,0.038151531,0.5664708992713781
1258,80310043092,101392,0.5631546484093983,0.0511883,0.7427631530081371
1259,80310018001,25350,0.33846152110453737,0.066666663,0.5668662561503741
1260,80310007042,150667,0.6353861130460791,0,0.6620745489297039
1261,80590115521,17462,0.18431771706397437,0.1446977190812912,0.5130990382549583
1262,80310007041,101759,0.5740585726020203,0.063265306,0.5766374032637582
1263,80310043021,102378,0.5378787776916898,0,0.824438191
1264,80590115511,150783,0.43253588102836477,0.013266998,0.5709188173869865
1265,80310032021,62798,0.6723826654117088,0.032786885,0.779400455
1266,80310037031,67063,0.7381370761147884,0.008561644,0.7829403551807188
1267,80310032041,85813,0.7545317163555006,0.035099793289058545,0.7588055072066959
1268,80310027081,80734,0.5209059188074397,0.069023568,0.7432176609260716
1269,80310032042,56103,0.8938547361193473,0.18005181113922525,0.8135990525955563
1270,80310027041,28941,0.5551694130741146,0.04622871,0.7257187200798857
1271,80310037021,74450,0.7122538215289517,0.016649323447977905,0.8077651438658604
1272,80310037024,58041,0.7456445941070063,0.06626506,0.7978216419481168
1273,80310020001,0,0.3818380702205901,0,0.6441515597681091
1274,80310007062,72156,0.45057161768277326,0.028014616,0.4959064298485004
1275,80310007052,117375,0.5586481002256839,0,0.5386473364897665
1276,80310031022,33214,0.4734097969404609,0.009310987,0.722408021
1277,80310026042,32436,0.46478872912120617,0.048909841,0.6976592932531905
1278,80310026041,21287,0.14925372816090132,0,0.5724507947683222
1279,80310042013,110625,0.7311827825952907,0.046017698300571716,0.8513215765272955
1280,80310042014,96071,0.699507372,0.077272726,0.8056680053216194
1281,80310042024,144750,0.7696628997285703,0.077747987,0.8388059576297618
1282,80310037011,128043,0.793733675,0.005568815,0.7312276476088937
1283,80310044043,51602,0.26392572594262964,0.018223234416591863,0.26614750221645667
1284,80050073021,30288,0.080241587,0.11384615297041421,0.1724723866929805
1285,80050073012,47418,0.40822991242175105,0.052135054358813035,0.3099323956841789
1286,80050073011,56957,0.3461538413989857,0.03253012,0.270897831
1287,80050073022,0,0.1394230752473188,0.014778324977553449,0.27282976017102867
1288,80050073023,50000,0.084302324,0.075834175,0.23365300580947684
1289,80050073024,49808,0.15879827985411418,0.074918566,0.2917093112414605
1290,80310044032,79826,0.5120428143439535,0.045495093260525483,0.5239999970057143
1291,80010078012,46588,0.061162079,0.039436619496131725,0.2198973540469903
1292,80010078021,48125,0.19738406424037974,0.10569852844027088,0.18886539683674844
1293,80590098072,120417,0.7504620933371148,0.089285713,0.8116308367682574
1294,80590098551,0,0.9075143984095724,0.039906102,0.7132442197661699
1295,80590100012,90543,0.5678732967435147,0.031221303661879675,0.8063145063368883
1296,80590158002,79293,0.574257419,0.028344671,0.7995319750426523
1297,80590101003,106793,0.44347825829867676,0.012093023199567333,0.8119290660293979
1298,80590098552,180132,0.9287168853621816,0.025974025,0.8654646204512536
1299,80590158003,79083,0.566054238,0.041989664,0.7412045274823821
1300,80590100013,82000,0.5571776020151435,0,0.8616714573246188
1301,80590098061,154152,0.6986301282860508,0.025171624425953956,0.8668555158937157
1302,80590098071,64583,0.5486842033067868,0.008827238,0.8717948624808242
1303,80310007032,62750,0.6249999950238854,0.022568093209586824,0.7806340978523214
1304,80310007031,66975,0.5694164932654276,0.10991735446349295,0.5835654555462015
1305,80310037012,82083,0.745535703,0.031609195,0.7757731858792115
1306,80310026021,56458,0.5018867829832683,0,0.7759398379557919
1307,80310031023,56776,0.4696531724038559,0,0.7249190860310778
1308,80310037013,90446,0.7945768217372489,0.0232,0.8295365213704908
1309,80310017072,250001,0.7568331691156157,0,0.7431906556950144
1310,80310026023,132446,0.8701030838133703,0.004416961,0.7401709338446929
1311,80590158001,77798,0.3924775110999386,0.027535258,0.7929824505755617
1312,80310042023,143102,0.6317780500406299,0.053191488847277674,0.6664619123681701
1313,80590110006,70192,0.5289854880802359,0,0.631921817
1314,80590110003,75230,0.32550335297396515,0.10344827508659464,0.7626262549229671
1315,80590110002,80338,0.2274939145073733,0.056928034,0.7657951986296819
1316,80590114023,44545,0.35926773,0.061569016,0.6066837994285879
1317,80590114022,49902,0.28806855446230356,0.054054053736462666,0.6264367776089605
1318,80590114012,95114,0.4215976268994434,0.011936339364239532,0.5627198058297795
1319,80310007051,158958,0.7829698776430958,0.018691588590949236,0.7452300701994381
1320,80590114011,62000,0.2558746719590426,0.066860465,0.5584210496925208
1321,80310031021,67426,0.6655896553668041,0.013793103342581584,0.6827914299540727
1322,80310007061,165729,0.6091724764788388,0,0.5722891517014703
1323,80010078022,52692,0.062734082,0.10791366828839087,0.23713079968665993
1324,80010078011,34616,0.075883575,0.11783189224012654,0.2437633624820858
1325,80010078023,41719,0.087719297,0,0.15438324162619674
1326,80010083552,71175,0.15768462968939037,0.021618625157324694,0.3474226786215326
1327,80010083082,55085,0.11004784613774542,0.089963598,0.2479575153269709
1328,80010083551,53679,0.15301723973041767,0.009345794,0.4148471585527863
1329,80010083093,69556,0.012307692213017753,0.004437049,0.2489762479566902
1330,80010083091,62423,0.15927189807426737,0.051020408,0.25261688588543696
1331,80010079003,81477,0.1628099160098354,0.015815959627491303,0.29531914642281576
1332,80010079004,48582,0.09955947,0.094280326,0.21831325195993612
1333,80310017071,21824,0.811557769,0.053482586399470324,0.7803855760235912
1334,80310026032,98500,0.7568253920201563,0.006501182,0.7953829968762697
1335,80310026031,97143,0.7608938462469962,0.011156186499430157,0.7313988040818542
1336,80310042015,250001,0.820433424,0.033292231,0.8156209882762998
1337,80310042012,250001,0.8480769067677518,0,0.7978141967511722
1338,80310042025,183250,0.7841648504971275,0.007399577,0.8551881316398161
1339,80310017061,130542,0.765714271,0,0.7163601092317511
1340,80310031024,173438,0.6868198224084665,0,0.7464183274152102
1341,80310026022,91989,0.7130350125191147,0.040104620400134086,0.804999992
1342,80310024022,80333,0.5439393856978881,0.004504504,0.6687053958337881
1343,80310037014,0,0,0,0.8947363711913836
1344,80319802001,148958,0.748299269,0.033873342652822644,0.7619047316704471
1345,80310005043,136125,0.7940074807240015,0,0.7514018621364312
1346,80310031011,107688,0.7353171438111422,0.022086824,0.6948853574668703
1347,80310005013,0,0,0,0
1348,80310017042,92669,0.8312318057106518,0.027827647865101904,0.8125643582640129
1349,80310006002,240089,0.8586956055056736,0,0.667420799
1350,80310042016,154725,0.9362744945053187,0.050381678620127046,0.8561484819472334
1351,80310042011,158032,0.8132352821583047,0.013477088767155138,0.8582766342599021
1352,80310042022,175938,0.9366305883055551,0.039244185,0.8477088834540581
1353,80310044031,86389,0.3075801704434378,0.040730336506596396,0.49112425454290826
1354,80010083083,37683,0.040787623,0.09024552,0.2663584627796641
1355,80010080003,96625,0.25602967985102637,0,0.3829344393034918
1356,80010080002,53056,0.3186582742419649,0.03411131,0.26900584620529017
1357,80010080006,58074,0.0842627,0.009615385,0.31474479853738374
1358,80010083553,86917,0.1828978600605955,0.032057911,0.3851261594613137
1359,80310044033,81355,0.4164759693632649,0.010989010917976659,0.5229303125495515
1360,80010081001,48846,0.5873493931675497,0.032520325,0.6226415049155188
1361,80310041081,215938,0.8251927949854945,0.045488441,0.7424348997717459
1362,80010080001,71250,0.4855875723816503,0,0.36334404755258254
1363,80310042021,101136,0.6658932560117574,0.025531914350384804,0.5672727169586779
1364,80590113003,133548,0.5084951394600105,0.024333719,0.7007211454240247
1365,80310017062,101875,0.5475285136405037,0.07135362,0.740819204
1366,80590113002,47019,0.46551723246135573,0,0.709631718
1367,80310006004,76433,0.8676207435812098,0.028478437522551362,0.8141135902399863
1368,80310024052,125859,0.5283446688056931,0.006805615,0.6573060416120606
1369,80310005032,175602,0.8042744566448318,0,0.7092069215204474
1370,80310024053,56964,0.6520528834234316,0.16442738218536543,0.5140140114413713
1371,80590110005,78214,0.4960784216455212,0,0.7084805591123625
1372,80590108011,100594,0.5327951510313305,0.027447392246592935,0.8278950682796221
1373,80590110004,90782,0.505630625,0,0.8084112055092149
1374,80590110001,0,0.6152796641844521,0,0.8247190918570889
1375,80590114021,106750,0.501082246,0,0.62830349
1376,80310005012,137422,0.6793388317464656,0.051750379729826795,0.8038049844969681
1377,80310017041,43750,0.40458014881125814,0,0.6136363580578513
1378,80310017052,126938,0.8600682447087331,0.052132701,0.85823336
1379,80310005042,135227,0.683363142,0.055456171,0.7523601978768323
1380,80310016031,59167,0.5891525383786269,0.061895551,0.7834928182805454
1381,80310036035,0,0,0,0.19999960000080003
1382,80310023003,136183,0.7737373659218448,0.01772388,0.6813638995804592
1383,80310024021,75938,0.4949109351792502,0.053066037,0.6040403979389859
1384,80310041034,250001,0.9504643864761158,0.023162135,0.7928708979492206
1385,80310041043,138517,0.7925465740056327,0.050167224,0.5286458264499242
1386,80310041033,0,0.6529477124254982,0.019980019780419384,0.752677695
1387,80310041044,109792,0.7741935256834743,0.040302265987348464,0.7701863234443118
1388,80590113004,90605,0.4377952686961375,0.013657055938436177,0.7976804020917474
1389,80310006003,125662,0.7040194841411724,0.023323615,0.7485303674165228
1390,80590113001,110114,0.746585725,0.013657055938436177,0.8149210786955369
1391,80310017043,250001,0.610634638,0.046312177593273114,0.8429486909311318
1392,80310017032,103917,0.8018433087345241,0.016286645,0.8642629812909546
1393,80590098062,103359,0.7251252632417662,0.089435774,0.8681135177066582
1394,80590108012,178309,0.5967365897816248,0,0.90516332
1395,80590099011,51042,0.47763347074121976,0.046804680257404675,0.8599464725247703
1396,80190147022,62078,0.5668316761530733,0.012224938725856496,0.8839732814359492
1397,80190148001,71835,0.49845916411048413,0.01748041,0.8891551774166856
1398,80599808001,0,0,0,0.4705879584776715
1399,80590098571,75385,0.6849314934455677,0.020895522076186238,0.8280898783360688
1400,80590099012,93125,0.7208201779050445,0.011826543865617033,0.8737201265788381
1401,80590105042,135341,0.7609860582959694,0.025341130357298926,0.8429319298173479
1402,80590105043,166625,0.5773508536162705,0.048964218,0.9017543780547862
1403,80010079002,56466,0.24864863520818187,0,0.356877317
1404,80010079001,66991,0.3297697341301831,0.037890044,0.4083431233352343
1405,80310041121,135208,0.8559573156137682,0.007411631,0.7215351781597646
1406,80010080005,66131,0.076700433,0.20347394288493867,0.314253644
1407,80010080004,119464,0.629950487,0.011178862,0.5283560622515717
1408,80310041084,125764,0.7102189729181096,0.023627518946299383,0.7160988596118981
1409,80310041082,199615,0.901065442,0.0080591,0.7699905890404958
1410,80010082002,109261,0.21456692807791866,0.033562475,0.3530357846681311
1411,80310041083,174911,0.8355754795547423,0.014157014,0.8031249968627929
1412,80310041122,149286,0.7431952574769792,0.009503696,0.7745097991757978
1413,80310024051,41841,0.7802196944813522,0,0.6768149724399304
1414,80310017054,113938,0.822451308,0.027850304,0.7926646647255639
1415,80310017051,136250,0.8207364261556548,0.012853470326876861,0.7437787949882139
1416,80310016034,0,0.45742357579231907,0,0.6652506315611671
1417,80310016035,76346,0.4528301841824212,0.08275862,0.7564038133781827
1418,80310036034,134063,0.7603305659449494,0.019374068265662174,0.5686695217953914
1419,80310024041,0,0.7012447987293611,0,0.5169172835165924
1420,80310023002,114722,0.6864754028025062,0.013346043724060595,0.5977528045112149
1421,80310036031,54318,0.6695156599784094,0,0.46366781472124785
1422,80310006001,123281,0.7800338277490046,0,0.8338068063379716
1423,80310017053,92895,0.9408099541929914,0,0.8381937832719306
1424,80310041035,173729,0.8534798378483547,0,0.7150537557521102
1425,80310041032,0,0.8330605428304331,0.019762845589422325,0.6458100486501671
1426,80310041045,109728,0.6790697595457005,0.059483725,0.5849710915032243
1427,80310041042,122143,0.6232876605601428,0.10110803184060899,0.4366391124429874
1428,80590107023,69323,0.3593749980637123,0.042021276,0.501133785
1429,80310006005,60455,0.6909871145781529,0.068681318,0.707641188
1430,80310005041,110729,0.7017353503065581,0,0.7593671876822049
1431,80310005011,170690,0.7263157809787628,0.025612472,0.8107416810678458
1432,80310005031,0,0.483493073,0.03482587,0.5588737153679717
1433,80310017031,132688,0.7272727180899909,0.03375,0.8582456080123115
1434,80310004043,116379,0.7904191549151484,0.019138756,0.8357348642958583
1435,80310011023,104048,0.9234012584441232,0.023769100035262593,0.8546078943640075
1436,80310017033,108576,0.9023307336034325,0,0.8489722891065926
1437,80310024042,0,0.6999999904109591,0.009876543,0.6670441600561251
1438,80590105041,91406,0.5510203941066226,0,0.8688981747712947
1439,80590107013,103644,0.5848375409037001,0.018867924,0.8020434176114725
1440,80310016021,109363,0.7066215528921143,0,0.8185028219685634
1441,80310016033,0,0.5501022382392181,0,0.5765363064074156
1442,80310004041,111250,0.9027303600216663,0,0.7409440094298133
1443,80310036033,0,0.419170237,0.067024128,0.5271049535512693
1444,80310036032,112578,0.627427177,0.01092233,0.5866228005852763
1445,80310023001,0,0.7730891658193538,0.044712562,0.5312016475956594
1446,80310041036,150411,0.3896260507885881,0.040229885,0.5150720771288063
1447,80310041031,83625,0.669456053,0.02446982,0.4601664630182347
1448,80310041046,94853,0.5899280434070014,0.11737088926359415,0.44704263484122925
1449,80310041041,106063,0.4362068890309157,0.033123028,0.3637515796736175
1450,80310003023,166979,0.5902192193067519,0.010594946938916489,0.8074467999207787
1451,80310016032,107211,0.883236984,0.030237580666980773,0.7482915632313034
1452,80310004042,161619,0.967297746,0.1376936292995933,0.7960426058441004
1453,80590107022,83882,0.45986124420355556,0.023529411534025376,0.7461890187028276
1454,80310003022,113505,0.7731958603464771,0.13729507915378936,0.8061911062423809
1455,80310003033,151250,0.53535353,0.11717171598816449,0.8735954974382444
1456,80310003036,112738,0.7499999887724553,0,0.864367806
1457,80310003032,68229,0.5055624164949022,0.021344716954698858,0.7898089071361923
1458,80590105023,69342,0.36973047429350053,0,0.7777777734350767
1459,80310016022,104218,0.6523242387540367,0.07344992,0.7854389687989765
1460,80310016012,122059,0.6561264692465125,0,0.49578650989063894
1461,80310003024,155750,0.5748031382912768,0,0.7597684405243352
1462,80310041012,102818,0.7808988544691333,0,0.3279098832551955
1463,80310041022,96875,0.41428570583090396,0.03130755,0.35063436735139136
1464,80310041011,38875,0.25331125408425076,0.009055627,0.23089299894695897
1465,80310041023,56632,0.2354910688003229,0.023809523551844985,0.2852998038172166
1466,80310004033,85885,0.6411637861943558,0,0.8430962254906252
1467,80310011024,95952,0.759036134,0.006984866,0.7904676187907589
1468,80310004032,135925,0.8601875459489553,0.024390243697306614,0.7884761122935852
1469,80310036013,57353,0.41052631186099225,0.061224489296126616,0.47159841168032757
1470,80310036022,76583,0.5410627888632177,0,0.3921568576188646
1471,80310011021,103036,0.8287488835071084,0.024126456,0.7654784192277773
1472,80310036023,73996,0.6714542069756875,0.010221464902530411,0.4577181146615018
1473,80310036024,69355,0.5876288558826658,0.059420289,0.38608304841657637
1474,80310036025,111563,0.6447368208968152,0.23355262389629527,0.4607013245380735
1475,80310036012,127386,0.6726973573569514,0.060698026,0.49202127005290863
1476,80590105032,78259,0.3531889268761196,0.034302325381963227,0.7681091215046607
1477,80590107011,0,0.285834736,0.043844856291358716,0.7855382022552325
1478,80590107012,49600,0.35659455438524384,0,0.7601744130801278
1479,80310016011,0,0.6695746928072552,0.051254089,0.6157112395815024
1480,80590107021,72024,0.30256409997808464,0.02605364,0.6562874212198359
1481,80310003021,76118,0.6077419276420397,0,0.8077454936688037
1482,80310003034,88225,0.7490317525249284,0,0.8263999933888001
1483,80310003035,163889,0.7769952869249933,0,0.8388625493025764
1484,80310036014,145000,0.4191279828533336,0.075560802,0.49054372942619706
1485,80310003031,172011,0.7470448995970473,0.05324074,0.7598187196402006
1486,80310003025,103602,0.7555358657614184,0,0.8243345944917522
1487,80310016013,77169,0.730725619,0.066018423,0.8217439248248128
1488,80310041024,63750,0.23128341936786873,0.010282776217445036,0.30720145572286733
1489,80310004034,100588,0.43842363812112256,0,0.7248427558986988
1490,80310011022,0,0.8043757940234776,0.023485785,0.6850490112126347
1491,80310004031,0,0.7985212421715113,0,0.6822308601526478
1492,80590105024,81173,0.6300211283293631,0,0.8469750789208176
1493,80010082001,82439,0.10730387639942401,0.026629292034833274,0.33439201300185106
1494,80310041123,81332,0.6226306684512886,0.030978260701205105,0.6837209270524608
1495,80010083092,0,0,0.11764705350013333,0.32754341618998967
1496,80010083081,78693,0.264802627,0.010638298,0.4044016478376778
1497,80010082003,95179,0.2076155919527145,0.014935506,0.21967212994714683
1498,80310041101,0,0.011834319,0.015779092624363448,0.5408163239027389
1499,80310041102,204643,0.8861154400098001,0.03654485,0.7479184589494158
1500,80010083541,103438,0.3904191570009682,0,0.3805309566136745
1501,80310041131,153100,0.5949008456451782,0.02433936,0.7699316584855829
1502,80310083912,0,0.19480519331699622,0.031615120057628045,0.2178362562483613
1503,80310036021,52212,0.35056746090078866,0.056852791300986895,0.31559963646889416
1504,80310036011,92813,0.5394581797472535,0.02002002,0.567615653
1505,80310004012,54943,0.5224719042418887,0.009473684,0.6428571350743688
1506,80310004013,126063,0.6555323453959845,0.064202333,0.772431719
1507,80310003016,192241,0.8761904595011342,0,0.8008356434424005
1508,80310015004,62500,0.32485875400321323,0.050847457,0.48894842271300454
1509,80310011013,79755,0.4491758180058267,0.071601941,0.672069817
1510,80310011011,85294,0.7549909118876423,0,0.5238095149011988
1511,80590106032,118864,0.5996932423359932,0.016591252,0.7493150582285609
1512,80310003011,110446,0.631720422,0,0.7823049967135624
1513,80190149003,106429,0.9285712074830458,0,0.9183672532278313
1514,80590098572,57895,0.6601769794658942,0.094451002,0.8914233495308089
1515,80590098542,90135,0.7479508043452704,0.018008474,0.8446043043941827
1516,80590098573,171987,0.7566807207217902,0.024852070711809816,0.8447916578667536
1517,80590098063,153611,0.7870689587321642,0,0.8609929016950858
1518,80590105033,168478,0.685920569,0.1484098922448776,0.8415656957915593
1519,80190148002,0,0,0,0.9999996
1520,80590105031,73359,0.4760112843272692,0.060104529093166124,0.8176726769279858
1521,80590098541,96705,0.6706192270010642,0,0.920432211
1522,80590106034,79359,0.5940099784192182,0.028478437522551362,0.7576403641958752
1523,80590106033,52969,0.3258928535056601,0,0.7144508587924756
1524,80310003014,113861,0.7128987467898839,0,0.8125376683994113
1525,80310003012,150272,0.979763896,0.019543974,0.832107833
1526,80310003013,155139,0.8391719611596822,0,0.7836490450284243
1527,80590105022,115083,0.5208568148719638,0.12049335749057535,0.7957486063239501
1528,80310011014,115163,0.7657657559103507,0.025706941,0.5966709270592712
1529,80310004011,112151,0.8026070614039654,0,0.6917808124413588
1530,80310003015,0,0.8013816787326136,0.067993365,0.814917116
1531,80310041021,65721,0.37513750962444986,0.098458903,0.392428436
1532,80310083913,0,0.16455695971087259,0,0.196574831
1533,80310083903,89345,0.33365018852827855,0.049060943,0.21571194692074647
1534,80310083123,93454,0.22676837568121794,0.097573839,0.16869300826396652
1535,80310083902,99020,0.22910521027971872,0.05760709,0.24276687647899275
1536,80310083887,88523,0.22944078758683564,0.030460623845017656,0.32975085329872567
1537,80310083914,88175,0.21978913041533552,0,0.2609489039190287
1538,80310083122,64556,0.073464217,0.055650198,0.16923076875739645
1539,80310083884,106875,0.23017902518952654,0.045819014366334315,0.2559706046786858
1540,80310083882,93455,0.34877843008611265,0.069153069,0.3837953071226263
1541,80310083873,117679,0.047353759786159334,0.10488058042699294,0.18803986586020022
1542,80590106031,120625,0.562005262,0.009389671,0.7371900704596683
1543,80310011012,62188,0.46889949909571776,0.04072398,0.43356642598660095
1544,80310004014,116375,0.654994844,0.012596899102743225,0.7502944552379923
1545,80310035012,68750,0.018518518,0,0.2242990619268059
1546,80310035013,64659,0.1594724201502108,0,0.29423076734467457
1547,80310041014,64154,0.5151515091474184,0.051948051,0.29297458674906884
1548,80310041013,108438,0.6174558902743186,0.015447154345958095,0.49367088260428355
1549,80310001023,150375,0.6224188729359009,0.09073359,0.8513396642062259
1550,80310002023,96094,0.5109677353423518,0.070895522,0.7308868427024787
1551,80590105021,114650,0.4742268010681263,0.01689612,0.6982558098938616
1552,80590104032,79516,0.4207240896289128,0.066969352,0.7566607392836524
1553,80310015003,0,0.18947366426593007,0.064270152,0.7212643609074295
1554,80590104034,69766,0.37499999753289476,0.013043478189981098,0.6875612111284956
1555,80310002021,16250,0,0.073809522,0.2543978314695828
1556,80310002022,91688,0.6275590501767004,0.074045801,0.5280970592075539
1557,80310001022,108375,0.7468239496658444,0.075880758,0.7738562040924432
1558,80590106042,130313,0.3763888836612655,0.091623035,0.6935672433500908
1559,80590106041,86250,0.49093654847527873,0.019774011020141088,0.6956521663516069
1560,80310001021,149276,0.6739926657632154,0.022197558022224662,0.7133689763276045
1561,80590106043,56607,0.5617128321986693,0.083532218,0.7451523442499676
1562,80590104031,91080,0.30860214721933177,0.016376663,0.6694850063836664
1563,80310002024,147581,0.8529411607915228,0.018749999707031256,0.675925917
1564,80310035011,0,0.2414772692971979,0.049757281,0.32528957214971455
1565,80310015002,110911,0.33439153085299966,0.020242914774869284,0.3899497448246257
1566,80310001024,0,0,0,0
1567,80310154002,97639,0.5890767153566097,0.043478260358657345,0.7553072541306453
1568,80310035021,53623,0.14699073903945906,0,0.35230768959763314
1569,80590104024,79487,0.6572519033797565,0.094483195,0.6423728777267069
1570,80310002012,107305,0.4755681791160899,0.054405392130932144,0.5060750105331484
1571,80310154005,49265,0.9382715470202748,0.07407407,0.8533332195555707
1572,80310083901,76033,0.3012499981171875,0.027645376417324227,0.22804628921699696
1573,80310083121,82561,0.22209165556937924,0.11022787434961381,0.1524767795956781
1574,80310083911,75398,0.25241935280306976,0.09033877,0.24029982257363391
1575,80310083886,135293,0.8961864216909657,0,0.3758480274647486
1576,80310083063,131756,0.22784809838166964,0.096839958,0.131195334
1577,80310083871,105959,0.12641509314702742,0.057911908173638595,0.18963486342971222
1578,80310083064,45852,0.21686746834254098,0.034961154079016905,0.1705645154412721
1579,80310041112,172188,0.7034417694321462,0.012156686122662375,0.6782584091652292
1580,80310083872,115926,0.1755860231066518,0.026297814,0.17235664510322624
1581,80319801001,0,0,0,0.44444395061783265
1582,80310083891,120787,0.3151065772464636,0.032176122,0.19182389816462958
1583,80310041091,0,0,0,0
1584,80310083061,95658,0.10714285440962107,0.044943819,0.23576309526465725
1585,80310083062,85822,0.1395131073079297,0.067014147,0.18046971458300548
1586,80310083892,122188,0.3769574930016499,0.068802228,0.31005747037339804
1587,80310083862,94926,0.1421657583656034,0.07107438,0.19552179050171214
1588,80310083893,107395,0.4957561709268666,0.10736497509864165,0.2829194876274906
1589,80310083881,67898,0.3500200226270724,0,0.30508474495475435
1590,80310083883,96523,0.17782426685238353,0.069421487,0.3038035613683025
1591,80310083053,125455,0.10759493534689955,0.1077504715713566,0.2580645144640999
1592,80310154001,55481,0.30514285365551025,0.008359457,0.6641721172668652
1593,80590104022,72422,0.44417766573616246,0.018743109,0.7716262909028868
1594,80310154004,121094,0.6383928428930169,0.059967585,0.7192737379938985
1595,80310002011,40682,0.4741818147332232,0.020042949033336085,0.5891089079747084
1596,80310154003,129297,0.5241286793012242,0.007177033,0.7214566858124342
1597,80310035022,71875,0.10326086844281665,0.01879085,0.3552908174121176
1598,80590104051,43567,0.3813868578340615,0.036626916,0.7338651143302022
1599,80590104023,67575,0.26271186069616015,0.11812080378361338,0.7743055488341533
1600,80310015001,60972,0.2033057817635408,0.036339165056000475,0.3625954163874483
1601,80010087096,0,0.048780485,0,0.665116248
1602,80590098544,171814,0.8729127933867088,0.014434643,0.9085526256016275
1603,80590104033,60987,0.4052863376609936,0,0.7616580231952537
1604,80590098521,153580,0.6885085540904228,0.007863696,0.8818027173392741
1605,80190149002,55800,0.20780487602141584,0.014097744,0.8619133496217207
1606,80590098543,190170,0.7919896589664751,0,0.8829247638084329
1607,80590098421,131984,0.6836956447424387,0.018664046967936672,0.8793840814423945
1608,80470138023,58520,0.3117782837926494,0.022988505306733617,0.7932296359265358
1609,80590098581,156738,0.5041928668323599,0.020429008984381932,0.9024154502182082
1610,80590103083,134007,0.628700799,0.002866242,0.8622262747499201
1611,80470138022,137361,0.5733438440588025,0.014481707206694306,0.9076271109523126
1612,80590104062,50605,0.17371600946048324,0.003618818,0.2477477458877797
1613,80590104021,72359,0.3845623681284468,0.062670299,0.7098150748704832
1614,80010097521,92596,0.2976303289324139,0.06744868,0.4424019580735174
1615,80590104061,73750,0.44535839926346416,0.037160288,0.7768878674091083
1616,80010087093,0,0.4719101017548292,0,0.40415704076861403
1617,80010097522,105364,0.28004807355711453,0.096517412,0.4891461614388845
1618,80590103084,45655,0.3960948340851488,0.060225846,0.7996545699511696
1619,80590104052,100905,0.6677550965897543,0.006676558,0.7769461019689663
1620,80590103082,89024,0.44273126778124966,0.030120481322881903,0.7910798029215986
1621,80010097512,74085,0.23950232909016597,0.032674118,0.51176051
1622,80310083043,80625,0.08592777,0.055232558,0.1856846453767153
1623,80310083042,110481,0.15340908655087823,0.02742616,0.21851851649519893
1624,80310083885,100598,0.2989564131433001,0.018617021177569037,0.2634183469226557
1625,80310083861,70000,0.052740434,0.051607445,0.2251502532355513
1626,80310083894,126288,0.31457564285446826,0.11633281882640356,0.333333331
1627,80310041111,180288,0.7356067283631234,0.029566626,0.6910298982451528
1628,80310083052,68920,0.034117647,0.035913806576904975,0.19606358670655877
1629,80310083041,56679,0.047841306,0.063644289,0.20477247389138473
1630,80310083051,67760,0.1229773449517007,0.056327724533081755,0.2076700419126625
1631,80310083895,82065,0.28634577462502075,0.051589129,0.25943396139004726
1632,80010097511,59128,0.2548350383684014,0.070323488,0.44990548034062194
1633,80590103081,91250,0.46511627270702777,0.014268727535449138,0.854425138
1634,80010087094,54727,0.037138927,0,0.3210818285639263
1635,80010150003,0,0.1079545393207648,0,0.3513513434380328
1636,80590102125,58148,0.37733887341643585,0.007438016,0.7194570070637375
1637,80590103073,75503,0.33223953788154603,0.079514824,0.7628361820888206
1638,80590103054,54028,0.19999999529411777,0.014336917305790012,0.7980921971686455
1639,80590103052,101296,0.2808988711442159,0.036332179302211436,0.8273381175922573
1640,80590102124,71250,0.2694174691888964,0.036407766,0.7010954506870821
1641,80590102133,102625,0.4412296484406935,0.075268816,0.7545248783424787
1642,80590098523,102847,0.43783782994886794,0,0.8675595108994121
1643,80590098522,132361,0.5137533228593316,0.017764618669395865,0.8893333274044445
1644,80590103063,87305,0.29385964482661336,0.028455284,0.8223938118096035
1645,80590098511,127188,0.5263788905709965,0.012875536342537163,0.8564405028865241
1646,80590098422,173466,0.6947712372890769,0.03119266,0.8525386275826108
1647,80590098513,163625,0.5881856490448468,0.015957446687253445,0.8909853187212766
1648,80590103062,109107,0.4824447271463625,0,0.786922201
1649,80590103061,69306,0.4679487119493755,0,0.8561904680362813
1650,80590098512,84327,0.3668954968200191,0.034814815,0.8516556234989694
1651,80590098531,144516,0.6030900340805007,0.00496771,0.8654822303644588
1652,80590103051,70925,0.6242603457949654,0,0.7294807309088717
1653,80590103072,145305,0.46015935338327985,0.039145906776763224,0.8263305206396286
1654,80010095532,87373,0.49922719861493664,0.023939808,0.5904324994073886
1655,80010087091,125760,0.3473541336858327,0,0.42804427728380606
1656,80010096082,110813,0.36120401,0.08125915,0.5592356652277983
1657,80010095024,0,0.291666626,0,0.2207446779156293
1658,80590103042,125714,0.3389830426396358,0.039915966,0.8350515340934973
1659,80590103043,94063,0.48123323751698077,0.008805031,0.7991543255903348
1660,80590102134,48958,0.38865095943628525,0.036885246,0.7738775447030405
1661,80010087095,40114,0.038461538,0,0.35471697945888214
1662,80590102113,90685,0.36351705559688907,0.11310084719037844,0.7310605991376837
1663,80590103071,74117,0.43365881428110964,0.037407797,0.7865050037611755
1664,80010096062,82017,0.274817134,0,0.4611076511443208
1665,80590103053,101142,0.2771403329466873,0.048504446,0.8051575854330699
1666,80010089011,95295,0.047277936285416385,0.013559322,0.43673851511960154
1667,80010087092,16454,0,0,0.31791568900517747
1668,80590102123,107321,0.5118576973941167,0.013257575506485313,0.7931456451267364
1669,80590103041,97566,0.4880596942080643,0.025174824822729723,0.8358208881841889
1670,80010096072,66250,0.2959685319963763,0,0.5443335258700321
1671,80010089012,90170,0.091087169,0.032513180733627585,0.39333805532715765
1672,80590102101,85750,0.43144104426689045,0.015372168160419352,0.7886178819045101
1673,80590102132,79159,0.33302919404170445,0.019273535809684685,0.6883645184022416
1674,80590102122,104044,0.2441613536271475,0.016042780462695538,0.7474633512123636
1675,80590102121,95268,0.3954326875548956,0.020255863,0.7518796921815819
1676,80010087051,0,0.052132701,0.024609844,0.3628585789488748
1677,80590102112,49625,0.3990147734111481,0,0.7394136747604749
1678,80010087052,51321,0.020718231758035475,0,0.41729638608483305
1679,80590103035,138631,0.40767824124608554,0.033106961,0.8640636235425624
1680,80010096081,73542,0.4467592540884346,0.040042149209250276,0.6989409932001438
1681,80590102131,87273,0.34316617165028346,0.002757353,0.7268223586212147
1682,80010087063,71852,0.1029836371223904,0.052631578,0.3747927010790896
1683,80010095023,147009,0.7906137136545505,0.015761821274011552,0.6489013527400591
1684,80590103032,96071,0.235531625,0.043749999,0.846071035
1685,80010087053,65676,0,0,0.31011235606615334
1686,80010096061,54961,0.24593301200064105,0.077380952,0.38637601969277374
1687,80590102082,108841,0.436379159,0.032081911,0.7026490019692119
1688,80010087062,46303,0.048205128,0.041228779,0.32971014343428373
1689,80590103031,0,0.42663655921813637,0,0.8482269383230222
1690,80010087054,68984,0.022106631702124426,0.055664062,0.40871524861972014
1691,80010150002,35000,0.27719297273007115,0.028846153152736705,0.436660265
1692,80590103033,52660,0.34715025307167097,0.14003294662219198,0.7880511978940086
1693,80590098401,83112,0.4779477904775177,0.032258064,0.8560439513404179
1694,80590098411,123295,0.5392620573390534,0.003623188,0.8563501796772492
1695,80590098391,133219,0.5057283059618936,0,0.8877068452989735
1696,80590098381,146339,0.6584260376661473,0.025797205210328893,0.8487617899505843
1697,80590098392,144250,0.4776739306575916,0.020175438,0.8540145928731613
1698,80590098382,164091,0.6480891668145767,0.007976795,0.8786836892009642
1699,80590098402,93417,0.5230769192448578,0.031312458,0.8620689609439313
1700,80590098412,101563,0.4090019489432104,0.014950165864615186,0.8307692191500808
1701,80590103034,136983,0.5986842061499693,0.020505809839331444,0.856321835
1702,80010095021,85109,0.091525423,0.008662175,0.46293604314726716
1703,80590102111,95515,0.47327043281021336,0.027734976460169855,0.8397849372066136
1704,80010096073,42422,0.1547619030869924,0,0.4555785100434994
1705,80010095022,76267,0.21454218837933403,0.025578563,0.4589178326057593
1706,80590102102,144167,0.5658307165687249,0.00887372,0.8336853176679762
1707,80010096071,122717,0.4610837392996676,0.018292682767485344,0.6040160594054935
1708,80590102081,68672,0.22717621839515692,0.07965451,0.7211328923665005
1709,80010095531,66576,0.16601562337875367,0.036104114,0.4510489487959593
1710,80590102084,73125,0.29338842571090323,0,0.721991695
1711,80010095011,46563,0.15931863567816998,0.1929824543584261,0.41912350263646614
1712,80010096042,45223,0.3453093777913236,0.018796992304539545,0.609785929
1713,80010096044,69315,0.19148935915572662,0.070388349,0.5938529023726355
1714,80590102093,70708,0.43403263200917186,0.022536455932229534,0.7046228676174069
1715,80010093082,77375,0.024432809346722352,0.020066889296540314,0.41386554187116026
1716,80590102094,107986,0.4626623301515856,0.05316742,0.7592592531460608
1717,80010093083,74342,0.073684209,0.033333333,0.445805839
1718,80010096043,19722,0.17631578483379515,0.070707069,0.5729646609375628
1719,80010095012,80833,0.3165266076888272,0.029640084476781337,0.4954081607377135
1720,80590102052,97917,0.46595330286037645,0.026714158266125037,0.8991373530249678
1721,80010087061,42299,0.085139318,0.09339263,0.3273311876055872
1722,80010096041,63954,0.172999998,0.025616698,0.5317616206171473
1723,80010093084,47354,0.047526673,0.03251493,0.4288777667699945
1724,80010088013,62250,0.016238159565371044,0.029278142204552538,0.38051381298829945
1725,80590102063,93184,0.47135217363367327,0.07913669,0.8350444843597229
1726,80010093072,71378,0.3585237226843258,0.027694610571148123,0.47068583810461373
1727,80010093104,54485,0.19649122634656818,0.009511731,0.3734177198308421
1728,80010093103,83182,0.24783860957237439,0.031460673,0.4199475028875984
1729,80590102083,114914,0.4357798131821115,0.01242236,0.8025700887700346
1730,80590102062,119519,0.4627016082388951,0.013992537182905437,0.8174403963774128
1731,80010093081,101250,0.039938555454092854,0.074626865,0.4343749954752605
1732,80590102051,139028,0.6063708690970322,0,0.86291079
1733,80010093092,81953,0.17548386870343397,0.035087719,0.5724078785569162
1734,80590102092,86711,0.19230769054663288,0.030257185852820077,0.7316047601148931
1735,80590102091,62452,0.28113878803459935,0.016179215829625292,0.6931521134701928
1736,80590102061,157656,0.514462805,0.006542056,0.8396793503038141
1737,80010088012,85000,0.12068965422657012,0.029069767,0.445319333
1738,80010096031,88929,0.21839999825280001,0.017345399567530922,0.6870090592929966
1739,80010096032,43986,0.4150141584275615,0.1582822066468441,0.7166212436427624
1740,80010090042,72264,0.059071729542392905,0.017734554,0.3999077472328978
1741,80010088022,69766,0.2804284295966073,0.070723684,0.4496837236935956
1742,80010093102,59500,0.12145748741988892,0.016949152223179807,0.46012758803726006
1743,80010090031,95781,0.11965811892760611,0.093818984,0.4235436867503417
1744,80010093062,88578,0.20720108554890568,0,0.4299812009869304
1745,80010150001,58628,0.11676646619186777,0.10232809906698376,0.4944649416084567
1746,80010093091,135255,0.28186528205320954,0.010958904009507726,0.4773251308430044
1747,80010093061,69768,0.19561688152908377,0.009681881,0.4818443776262572
1748,80010096034,48783,0.27414329791054054,0,0.4886685483191424
1749,80590098334,116380,0.4304123600409186,0,0.7467438386867752
1750,80590098333,106167,0.3440453621163448,0,0.821899725
1751,80590098343,111645,0.3447154415493424,0,0.7551766046872521
1752,80010090041,70400,0.088709676,0.0913811,0.43679880002394317
1753,80010093071,68043,0.1344356568336761,0.033868092490385665,0.4514851462797765
1754,80590098321,96591,0.4034451459343142,0.004273504,0.7448015075941934
1755,80010093101,71641,0.14012738725998738,0.089760638,0.4654522583828376
1756,80010090032,80938,0.085714285,0.009394572,0.42672064431805146
1757,80010090043,78107,0.28610108045035126,0.008856088,0.5635179116383198
1758,80590098351,136923,0.6308771885552478,0.024568393,0.8563772730097681
1759,80010090033,123606,0.1595022606391147,0.015659955,0.4664914555421061
1760,80010093093,45423,0.162999998,0.097127222,0.5509893413166717
1761,80010094011,103571,0.17665289073705692,0.005804312,0.5906183326892798
1762,80310041092,187824,0.7962154236083303,0,0.6835610370931642
1763,80310041093,191875,0.8476070422215738,0,0.7152709289135869
1764,80010083542,114601,0.2930174554457062,0.019740129885706822,0.3240252889251178
1765,80310158001,69701,0.3100317734451576,0.027195883766277528,0.31075008534134085
1766,80019887001,0,0,0,0
1767,80010084011,105197,0.2764883927700465,0.062385320528575046,0.7307940559664683
1768,80010088011,61198,0.1180327830153186,0.007556675,0.3726235694217545
1769,80319800011,0,0,0,0
1770,80010088021,100709,0.12176165645386455,0.007028112,0.3148599250008531
1771,80010085381,79367,0.4965870222425423,0,0.5192603926154022
1772,80010094012,95000,0.3246628099743467,0.022569444,0.559903669
1773,80590098151,122222,0.7292046100230443,0.010237069,0.8360306608346223
1774,80010096035,30230,0.038493723527249175,0.048467569,0.5812324902836952
1775,80590098335,58954,0.30086956260113423,0,0.7557106551033588
1776,80590098352,116319,0.671304342,0.031892275,0.8923166420703339
1777,80010096033,107000,0.1307420471600345,0,0.646184335
1778,80590098342,87902,0.4473358061048847,0,0.8163265242046583
1779,80010088023,0,0.22811059645033877,0.012269938524847255,0.45171025702504775
1780,80590098322,106696,0.27191678644997347,0.023192359847307505,0.7775510124739693
1781,80590098332,91393,0.418936441,0.05390539,0.7783357189502459
1782,80010093183,71000,0.29333333032478637,0,0.36235766669552805
1783,80590098331,59980,0.40670390607034745,0.072614107,0.7098138687833007
1784,80010093202,62500,0.27317553971227276,0.037927844237485256,0.4512416689809711
1785,80010090012,56538,0.148562299,0.043963254304703055,0.4707903762092769
1786,80010090011,56194,0.18627450878935453,0.020287404817043934,0.5099953486285664
1787,80010094013,110705,0.358297869,0.006245663,0.5923694749379043
1788,80590098341,73092,0.3352941158540422,0.052083333074983466,0.789517468
1789,80010093201,39207,0.11351819658996364,0.077603812,0.43649258261449014
1790,80010093182,64402,0.13455149389907398,0.094777562,0.5051112417010749
1791,80590098301,108272,0.401408448,0.036334913,0.7939675137170881
1792,80590098372,250001,0.5316565435242278,0,0.8967320202827973
1793,80590098361,145375,0.6271186398161448,0.005418423,0.8561151035143109
1794,80590098371,127500,0.7505263078891968,0.023692003714787722,0.8680555495273921
1795,80590098362,128000,0.4820554609946537,0.031872509748522515,0.8799999948985507
1796,80590098363,235625,0.41463413189428117,0,0.8965517035275471
1797,80590605013,170980,0.8129496285906529,0.009513742,0.8909090849097031
1798,80590098373,179286,0.6823652520084634,0.010612425357920794,0.8381584221187004
1799,80590098582,115250,0.41904761239606964,0.082111436,0.8531994874128045
1800,80590098152,175375,0.6633141730684187,0.020486556,0.8560338713619129
1801,80590605012,177381,0.7375518646695993,0.036933582,0.7953034984596733
1802,80010091012,81136,0.13951011566016916,0,0.5047879582435845
1803,80010093181,38375,0.14720110471872078,0.049945711,0.3492940443545302
1804,80590098311,66397,0.5475830774351731,0.005909389,0.6581450614854634
1805,80010094071,58720,0.13080684516621732,0.011246943710283895,0.5004677245066991
1806,80010094072,69722,0.2540540513075238,0.10710607510704351,0.5587340197277296
1807,80010094073,101985,0.40210123780228046,0.039182282460116846,0.6187141908420485
1808,80590098312,60781,0.5235731944966105,0.140724945,0.7320441921542892
1809,80010092023,80994,0.13502109514738264,0.020107238,0.4761077282701327
1810,80590098283,100455,0.48861283138081957,0.041404140041366874,0.8462109892554904
1811,80010093192,47237,0.14186850720178176,0.042345275493639235,0.5387453808272401
1812,80010093193,38409,0.1314596542932035,0.10344827505134581,0.2777340654780955
1813,80010093191,63750,0.089108908,0.007936508,0.2855626296649402
1814,80010093043,38750,0.054216867,0.026506024,0.5040797778415251
1815,80010091042,97923,0.40370813155676954,0.007655502,0.4735902909579218
1816,80590098284,86471,0.5693501399675059,0.004061738,0.8413258050682242
1817,80010091011,99766,0.15222671941516827,0.017164178976386724,0.4722814473758985
1818,80010092033,59966,0.15011547228548522,0.039167686,0.4049858870884953
1819,80010091013,91032,0.2562432111157089,0,0.49433106015497663
1820,80010092022,90875,0.12458654768923322,0.035519125,0.529950079
1821,80010093163,56471,0.091393078,0,0.7802690512980355
1822,80010092021,65526,0.039826839482018705,0.014654570728160708,0.471224789
1823,80590098273,111587,0.4931402401437482,0,0.7410440084900511
1824,80010094062,96667,0.3503649616769293,0.029425723638226275,0.6925956709958582
1825,80010093164,66108,0.038321167183920306,0.062326869,0.29092159359751313
1826,80010093165,44954,0.059293044,0,0.2788643515529063
1827,80010094061,88631,0.26228208983928614,0.053124999667968756,0.566299662
1828,80010091041,91600,0.241321622,0.008555784,0.4482006530856034
1829,80010093161,72957,0.096774193,0.03917221,0.4365688467874995
1830,80010093162,71397,0,0.10185185080399331,0.26108927422184575
1831,80590098282,142721,0.5618556643107664,0.042047532,0.8331134509689087
1832,80590098274,144046,0.4216867427541492,0.064400715,0.7865535196700162
1833,80010091032,61316,0.092391303,0.099179716,0.289999998
1834,80010092032,72899,0.19954903946393418,0.025963807820898445,0.31557376790513303
1835,80590098272,146053,0.41264736963936366,0,0.7601042975221363
1836,80010092071,71452,0.14776321668430537,0.034533977,0.4322421667291722
1837,80010093211,56413,0.0616,0.013212795,0.3655443796871693
1838,80010092072,87182,0.20979020795637932,0.006677796,0.5549738187610598
1839,80010092043,84792,0.17445132147185527,0.019629225629066382,0.5110316010075635
1840,80590098281,160804,0.566462162,0.015293117966923382,0.7710144853042079
1841,80010092042,72933,0.24896998087716316,0,0.4955804331433092
1842,80590604002,106618,0.5926481575945375,0.029579067,0.7480270532805691
1843,80010094112,91833,0.2735768880749627,0.02210759,0.7081433178622585
1844,80010093222,73906,0.073437499,0.026833631324784547,0.37943495276138317
1845,80010093044,102230,0.099866843,0.016464471261139764,0.6106995834510323
1846,80010094102,180417,0.6455576498529523,0.014505119330161098,0.8449345220886663
1847,80010092031,65625,0.094805194,0.12412587304085776,0.5144230728010972
1848,80010094101,126307,0.4791502716038531,0.014442915994202778,0.7777202032242476
1849,80010093212,118750,0.19407007824703398,0,0.5851703348179326
1850,80010093042,64667,0.23469387276134954,0,0.5715596277838566
1851,80010093041,89917,0.2417739593451508,0.021013597,0.6303879242415095
1852,80590098291,128750,0.519565214,0.004092769,0.8123595459979801
1853,80590605014,198500,0.7662753427626716,0.018971542591255403,0.8483063297190488
1854,80470138012,119625,0.5028901675966455,0,0.8929487122246877
1855,80490002042,41128,0.5280235832441421,0,0.9221556748180288
1856,80490002032,0,0.4023746648763237,0.014322916480170358,0.8874172087481544
1857,80590098232,110787,0.3798767941144641,0.026381909382023182,0.830893484
1858,80470138021,96304,0.44603867469720104,0.019654556,0.8843636299319009
1859,80590098231,131302,0.4608695594923036,0.038260869232514184,0.7839694596643553
1860,80599807001,0,0,0,0
1861,80590098583,121554,0.5227442168326307,0.008739985,0.8840104791349248
1862,80010093045,60255,0.2931562789258807,0.059934318062936635,0.6035302063575682
1863,80010094111,119792,0.716723543,0.004769475,0.7991886355700566
1864,80010092061,83021,0.46677214943685574,0.030174445873764985,0.5292775645274617
1865,80010091031,62411,0.1532517697794477,0.008872651,0.3869924527955715
1866,80010092041,81827,0.42125983920267845,0.011396011314843224,0.5005219180557311
1867,80010093221,71424,0.25179425686725926,0.024568740070210454,0.579426488
1868,80010093213,50278,0.1152263358679515,0.018007203,0.5865209418349641
1869,80590098233,131094,0.5808019370497942,0.03926097,0.8247508237146942
1870,80010092044,53472,0.5957446702882151,0.02045728,0.5859950823956076
1871,80590098242,114875,0.5832797390142782,0.017524025,0.7887020233346183
1872,80590098271,77750,0.5015940435537296,0,0.746303496
1873,80010085055,66442,0.2741273072471529,0,0.6251060167505851
1874,80010085056,94940,0.1988416950030561,0,0.5785123898640804
1875,80010085343,106964,0.30151228448476103,0,0.6309103695772028
1876,80010093271,135605,0.2718978077381587,0.030969844898371273,0.6835222259501114
1877,80010093261,96998,0.4905129972557063,0.023391813,0.7933085442876688
1878,80010085332,80444,0.30178173383316553,0.068999999,0.6347150217958871
1879,80590098241,109181,0.5131826717835091,0.019844693615855506,0.7897247677441293
1880,80010093234,51319,0.17926565487547183,0.021097046,0.5751937895318793
1881,80010085335,121477,0.3192904620921235,0,0.5741885581592847
1882,80010094091,184148,0.6113580216723061,0.022684309911699858,0.794171217
1883,80010085331,84342,0.317995907,0.025069637650235493,0.6196822110728744
1884,80010093272,115000,0.3943488895043134,0.039070749,0.6909643075856924
1885,80010085054,88500,0.31710361651556035,0.045936395,0.6798679811892081
1886,80010085334,46763,0.1438016505156752,0,0.6510416553638602
1887,80010094092,121375,0.643812704,0.10440456684824986,0.7539266979822622
1888,80010085341,96010,0.23311132,0.034174125,0.6378186091415613
1889,80010093273,73199,0.23981900181200225,0.019097222056447725,0.5978455960696086
1890,80010085052,93194,0.18621700606719932,0.048894062,0.6139066732487953
1891,80010093262,140303,0.4613756564933793,0.022471909882820124,0.7307692250332086
1892,80010085053,108188,0.091341579,0.017241379,0.6332651626907624
1893,80010085051,79265,0.2385964870421669,0.052173912,0.6716867419300697
1894,80010093233,96250,0.3381147471697798,0.010494752,0.61767626
1895,80010085333,80601,0.39721723340566767,0.04822335,0.5651430988246771
1896,80010085342,90031,0.19857312486833384,0.031545741,0.6524193495772633
1897,80590604001,158235,0.6485461359222991,0.079074252,0.7422258531732745
1898,80590604003,89500,0.40071770095264536,0.052818689,0.7599009869641048
1899,80590605011,71250,0.3367346910141608,0,0.7939429881594835
1900,80010094093,112222,0.6010678825242725,0.003824092,0.8172185376343143
1901,80010093274,127461,0.5034722134813852,0.017133956119408784,0.6671641691468034
1902,80010085592,87977,0.22759369784033842,0.05408971,0.5412474827313984
1903,80010085593,109034,0.1120468688683747,0.076028622,0.49371787408989753
1904,80010085383,157975,0.3765377839343682,0.026803310891591204,0.6332317053864887
1905,80010085591,97008,0.1896551708566899,0,0.5590316552736251
1906,80010085384,143674,0.4235993190848925,0.038552587,0.6505808738439652
1907,80010085581,139902,0.2724064916287703,0.032591663953018914,0.5781990507625615
1908,80010085382,158056,0.47227658032525577,0.032659408918633254,0.6353366456499399
1909,80010085351,116989,0.23736493469025813,0.018726592,0.5391481751105631
1910,80010085571,115994,0.37171463865188187,0.024918743,0.6431924807137033
1911,80010085352,0,0.1216729991759316,0.053797467,0.574786313
1912,80010093232,49848,0.004376368,0,0.513333326
1913,80590603004,139722,0.46814814121262016,0,0.7466666608104576
1914,80010085504,100060,0.2265372149956536,0,0.7328966467765892
1915,80010085081,0,0.1609322956611288,0.011578947246537397,0.6744185995917584
1916,80010085073,92045,0.22852511785210508,0.059842518742637504,0.6257110281489076
1917,80010085505,148333,0.34958790968689624,0.031826862,0.6635021062051577
1918,80010085072,115851,0.10495381943783527,0.019075568,0.639020532
1919,80010093252,129779,0.5472836985426982,0.010094637160286201,0.7529601681756719
1920,80010085071,79375,0.2348754420536721,0.058212058,0.6410256370167252
1921,80010085064,0,0.22816398880278096,0,0.8217821578766793
1922,80590603003,63835,0.6203319373375117,0.026209676890933935,0.7671068335281293
1923,80590603001,110156,0.5145038128663831,0.052596089,0.7293546097893504
1924,80010085063,68783,0.24656188362905812,0,0.6192468576063678
1925,80140311011,89107,0.6746506918697536,0.046458492,0.7185450165858973
1926,80010085082,81625,0.30100755477954944,0.040019763,0.6419087110294244
1927,80010093251,57410,0.36322188173843556,0,0.6675475651820953
1928,80010085065,49119,0.21685508512995802,0.011818181710743803,0.5366093339724357
1929,80010094082,136696,0.6573705126902748,0.00913242,0.8190076812088911
1930,80010094081,140000,0.6025487829448475,0.016370602520478568,0.7386532164382876
1931,80010085503,126406,0.3770250340425255,0,0.6295913055892846
1932,80140302001,97562,0.502274201,0.010907003381704918,0.7361761914893337
1933,80140311012,79173,0.8106966867649776,0.045232274,0.7548638083342165
1934,80010085062,58180,0.3018480430832024,0,0.6612410919507519
1935,80010093231,82870,0.20909886081278337,0.062184873427017874,0.5622119772487559
1936,80010085502,87156,0.2605321478876702,0.055026454444164506,0.7114707902078059
1937,80010093253,54246,0.447368418,0,0.8072044606433056
1938,80010085083,76202,0.21225983337365203,0.015760441168160434,0.6914600512867215
1939,80010085061,46548,0.3562753000376994,0.07674772,0.6234413926219364
1940,80590603002,118750,0.5757575654945176,0,0.7289719550470202
1941,80010085501,93274,0.2746553523366347,0.007843137,0.6424778723157648
1942,80010085074,101495,0.11433447001421101,0.021276595588579635,0.6461649736167513
1943,80010085075,77629,0.14521841623118753,0.14031971456199188,0.6082474174549191
1944,80010602003,61737,0.20689655040295946,0.010131108402079212,0.6791181832264656
1945,80010085471,102042,0.4325259465683282,0.005819593,0.6108821054337832
1946,80010085552,84000,0.2124087575736587,0.11006910113490079,0.651012888
1947,80010085472,113500,0.3005822394426329,0.030914826,0.6629711722262919
1948,80010085551,156458,0.22303206671964917,0,0.6960926093184862
1949,80010085554,57372,0.2699999955000001,0.027663934,0.6525423689313417
1950,80140308002,88107,0.23452157158496115,0.029929576937859564,0.5510204019158684
1951,80010085491,124702,0.2913608114547667,0.024489796,0.6319804680134865
1952,80140311031,107765,0.6526374823084317,0.017952450179755212,0.8623297989796783
1953,80470138011,70349,0.4917763077010476,0.069020866,0.8833333186111114
1954,80130614001,195703,0.830666661,0.018065267959992613,0.7061462507575313
1955,80140311022,69632,0.48893359177195994,0,0.7536466652569422
1956,80140311021,85143,0.5327659529126302,0.049467275118209475,0.7340043081667555
1957,80130606013,107866,0.6461396999435689,0.044327573,0.6348636970239333
1958,80130137064,114091,0.44906443972839005,0.030120481322881903,0.8997461814753023
1959,80010085561,94912,0.35092024396351634,0.015441176413819204,0.6003305765278327
1960,80010085362,136111,0.3671052583275624,0.011086474378198732,0.6392830422757054
1961,80010085511,151250,0.537448555,0.012830188582413672,0.6661073788249028
1962,80010085562,116325,0.18141592820013314,0.013698630064812275,0.6283185820114107
1963,80010085532,123920,0.30122757176002085,0.022683583150005446,0.6567310820283947
1964,80010085361,146648,0.3995336167915522,0.034797890914594405,0.6473125393254394
1965,80010085523,82667,0.34226803418004054,0.034412955,0.7601351222950149
1966,80010085405,117298,0.3234365109069077,0.059530026,0.7045454514661474
1967,80010085401,116442,0.4044368531666066,0.038632986053001694,0.6444444395061729
1968,80010084013,121094,0.2567441836581936,0,0.7866287284023561
1969,80140300001,68889,0.45227061675374775,0.020316027,0.6899408243198768
1970,80140300002,91296,0.5120248214738183,0.041835357,0.768107472
1971,80140303002,84500,0.42886456615003715,0.009765625,0.8087628824290574
1972,80010085492,130459,0.1698880959319624,0.016129032113539138,0.7024539823431443
1973,80010085553,54102,0.39655172033954295,0.017264276113783027,0.726931727
1974,80010602001,64832,0.587945872,0.023148147880229772,0.6973270385430265
1975,80010602002,146000,0.5731225251136559,0,0.7566752766723717
1976,80140308004,129875,0.41343873190957525,0.009784736,0.7625628092803843
1977,80140308003,167250,0.7469725892481033,0.011242270875535296,0.769165605
1978,80010085541,79474,0.3994320851896257,0.12625250450399797,0.7183885093004048
1979,80140307001,144605,0.5082508208890196,0.019664967081828355,0.7335473476000677
1980,80010085461,86518,0.1683937812927864,0.029188557914836207,0.6652197467975055
1981,80140311041,93945,0.6925925861796983,0.029218407383357143,0.7388704269842497
1982,80010085462,144196,0.4688427253329107,0.055199999558400006,0.6816009517228139
1983,80010085481,101563,0.46367112367427227,0.02782462,0.609457089
1984,80140308001,133109,0.5895316723205004,0.012062726030606442,0.7505307775952147
1985,80140307002,107596,0.548672562,0.001644737,0.7961630631801514
1986,80140301001,103824,0.26937269124194935,0.003207698,0.7420357362701187
1987,80140301002,94405,0.45074223413303327,0.027946537,0.8008213470141545
1988,80140312022,102409,0.4801297609073012,0.007462687,0.7191283249447438
1989,80140303001,70625,0.3865877686614874,0.011247991,0.7460142894666614
1990,80140312011,71917,0.6457960528480134,0,0.7407407276765304
1991,80140312021,114398,0.5435779754176838,0.009584664,0.816216209
1992,80010085451,92039,0.4176632896259127,0.014667816957137042,0.7742338913431277
1993,80010085263,94149,0.4513817763420494,0,0.7292445719577818
1994,80140306003,62750,0.062608695,0,0.3703893423648087
1995,80140309003,101154,0.6416184896922719,0.036742800032345584,0.8312559843599618
1996,80010085242,183037,0.6345707582996432,0.020533881,0.6977660926559389
1997,80140304001,164615,0.6002444914395539,0.014675052257074925,0.8204419813955619
1998,80140306002,161516,0.5123022802082401,0.075822603,0.722826081
1999,80010085452,130000,0.607512945,0.038202247,0.7412213683876232
2000,80010085404,149167,0.4641608351034892,0.067082683,0.6558011013491652
2001,80010601003,156667,0.5445468468160765,0.021341463284503273,0.7611594158773367
2002,80010085244,104355,0.395216396,0.070008642,0.7320610631140377
2003,80010085262,142647,0.665436646,0.051434223,0.740384609
2004,80010085241,102955,0.4759725364151599,0,0.6878908431615074
2005,80010085403,159821,0.298632217,0.14723126939914483,0.6676792183008553
2006,80010601002,92292,0.2984732801643261,0.023405500155614392,0.5130825817126632
2007,80140305003,163125,0.5307692266863906,0.057456423,0.7373188361273018
2008,80010085455,120208,0.4786053806877119,0,0.7634989118412645
2009,80140304003,124479,0.7920489215897154,0.020608439444470664,0.8810198237888115
2010,80010085264,143306,0.3729433204215115,0.064954682,0.7685863793865301
2011,80010085453,138167,0.4456264722739188,0.03927203,0.7430340511267242
2012,80140306004,156250,0.4894826578198826,0,0.7650392294462108
2013,80010085265,150233,0.30600461540410373,0.028336379996925228,0.7570022652762887
2014,80140309004,117829,0.3789115620482207,0.022685468898311044,0.829355604
2015,80010085406,184267,0.22627736895945447,0.053455019,0.6214800221252127
2016,80010085454,172708,0.37953794962004456,0,0.6955503458583111
2017,80140306001,106066,0.3298319258438671,0,0.8084227844060877
2018,80140304002,188299,0.39655172011610834,0.067729083,0.8051947990435845
2019,80010085243,115288,0.3911404298667255,0.017884914,0.6977240348668277
2020,80140309002,147250,0.7984962285940417,0.043219075,0.8345618277267663
2021,80010085261,105789,0.5019659206948498,0,0.6795058114843538
2022,80010085442,111250,0.489089537,0.02475998,0.6886252017650359
2023,80010085245,155521,0.4663934388000538,0.070226773,0.6738794401139647
2024,80140312012,83750,0.7287630348080251,0.016782407310286997,0.7660527587553372
2025,80010601001,134115,0.47091932236904627,0.009725159,0.7244995210533857
2026,80140305001,198125,0.568421044,0.029139072,0.7349514491752287
2027,80140310002,122973,0.7213375738747009,0.027066568931480843,0.762003094
2028,80140305002,233889,0.6808859665226746,0,0.7519230721030572
2029,80130606011,157923,0.9004893817212173,0,0.6294591412030018
2030,80130606021,173606,0.6272084694839494,0.010687022737602707,0.7871212061581727
2031,80130125104,81731,0.8851484973237922,0.014652014,0.8543306974497284
2032,80130607001,217596,0.642857123,0.039080459,0.8128897959898171
2033,80140310003,148250,0.765992341,0.007129278,0.7136400956711582
2034,80130608011,0,0.20930230124391846,0,0.7974683039577023
2035,80010085443,194750,0.6206308557490976,0.007633588,0.6988277696175483
2036,80010085402,137545,0.17221693461258863,0.055144032467950355,0.6494444408364198
2037,80140309001,214358,0.8634992393401264,0.011605415785909633,0.806818178
2038,80010085246,199318,0.44809687806060766,0.044585987,0.649721444
2039,80010085441,139773,0.5483539038235196,0.051184834,0.6708860717032528
2040,80149803001,0,0,0,0
2041,80140305004,171793,0.7032842502459316,0.045666355585588486,0.807493535
2042,80140310001,151136,0.5768261892087382,0.018967333835960654,0.7438943845287499
2043,80010085522,87535,0.3625853895817899,0.022138679940941184,0.6552706529370703
2044,80010085521,97656,0.27130852015235873,0.043528064,0.5546218456323706
2045,80010085611,115000,0.5731497368919989,0.028085106143956543,0.9111913291610735
2046,80010085613,172500,0.48855674690071577,0,0.7918367317557078
2047,80010086062,47024,0.17029257186577215,0.084659913,0.5350877150311985
2048,80010086052,135000,0.2982658942296769,0.064948453,0.7019527199283006
2049,80010085654,113472,0.2402496062363556,0.067466266,0.6578538051488818
2050,80010085612,174875,0.4632627588634775,0,0.8481182681704534
2051,80010086063,53087,0.1455026416533693,0.068817203,0.5857664180130802
2052,80010085651,0,0.34793186924657094,0.060020345,0.7400185632310254
2053,80130137063,140707,0.5619999887600002,0,0.8914919742109498
2054,80149801001,0,0,0,0
2055,80010600011,79602,0.6481481406464336,0.010252366,0.7649340514745225
2056,80149802001,0,0,0,0
2057,80010600022,132727,0.5091324084672967,0.009225092,0.7449768045598639
2058,80010600023,181875,0.4922656916081375,0.014336917459950412,0.7384701870727212
2059,80130609002,132875,0.802547766,0.027263875232405668,0.7996661068461347
2060,80010600012,181296,0.5449735392066293,0.010367577659118023,0.7554179508094586
2061,80140313001,187031,0.7260490837209099,0,0.8184523760806406
2062,80140313002,186563,0.5854062921159819,0,0.8641425293525331
2063,80010600021,116094,0.5307892408431115,0.027624309201489578,0.7244897920274448
2064,80130608013,67306,0.7266139609577473,0.065172054,0.7071021217879621
2065,80130608022,78819,0.6227642175160291,0.038922155105955765,0.7043756595050623
2066,80140314031,248125,0.7678780683718867,0.086312118,0.7287191668359653
2067,80140314012,133828,0.6532534190646112,0.032013479,0.9609609537465394
2068,80010612001,171964,0.4319852914706784,0.015786609,0.7212449223218541
2069,80140314011,62813,0.5329670256460574,0,0.9700115228372373
2070,80130137062,120500,0.7030784438621803,0,0.8970698655366652
2071,80130137053,55767,0.5128676376311097,0,0.939999973
2072,80010085652,164333,0.2255319129741965,0.025222551741672466,0.725871309
2073,80010086064,80273,0.047422680086442064,0.010035419067087254,0.4601856352702216
2074,80010085631,99806,0.30882352702148974,0.008658009,0.7202898515928026
2075,80010085632,121559,0.32365396053445883,0,0.6685036003878609
2076,80010086061,67180,0.12228967803738354,0.044985250405713495,0.5340375555514228
2077,80010085653,64324,0.11705685540430197,0.034005038,0.6476470550138409
2078,80010086051,59349,0.14203612362860327,0.039543726,0.5489105213309665
2079,80010085655,55273,0.27892234106303737,0.066852367,0.3422496547170806
2080,80010085531,141920,0.21357285287044012,0.006575015,0.7845064853145635
2081,80010086042,58750,0.3352007438356607,0.033606557101585596,0.4818334238019373
2082,80140314032,243182,0.8797083732720733,0,0.8143754304649307
2083,80010612002,140729,0.6203071619427717,0.00222387,0.720973778
2084,80140314033,190500,0.8058771076947719,0.041379309988109396,0.7301504892052387
2085,81230020081,170865,0.7813411002785121,0,0.8211508489801644
2086,80140314021,172222,0.5709068741880288,0.037887485,0.6507936475655077
2087,81230020073,158750,0.6589595337632397,0.036816458923570876,0.8014649159542601
2088,80010086041,102656,0.14959349471875208,0,0.6724014288716743
2089,80010085601,174519,0.48066666346222225,0.030321782,0.8134362196394179
2090,80010086031,47109,0.083956774,0.016350555811964974,0.4490084964636048
2091,80010085641,81442,0.22154222495052356,0.057367828376064925,0.6912751619859466
2092,80010085622,100463,0.2910602895475037,0.048698168,0.6824644528200174
2093,80010085621,132083,0.34902353355521515,0.012073272,0.6914569004902482
2094,80010086043,81612,0.18380062114433415,0,0.5303584452790165
2095,81230019131,74299,0.1309475391177408,0.016489178919652424,0.5400907699240823
2096,81230019111,0,0.21059268334687664,0.041081081,0.5990521270232027
2097,81230019132,106996,0.1790200999402635,0,0.6287797925493067
2098,81230020051,137059,0.52068617,0.005730659,0.7530446498440823
2099,81230020061,205333,0.41310540133602847,0,0.8349753488922328
2100,81230020091,178750,0.6803355063365902,0.025178347,0.8179375196205282
2101,81230025023,102778,0.2754629597747343,0,0.8581016216864658
2102,81230019091,46705,0.2273781849796245,0,0.5414141304764822
2103,80490001001,94881,0.3392476909918546,0.097268487,0.8991712645084857
2104,80010084022,123750,0.26710634569574326,0.015243902346073767,0.8025540235630942
2105,80010084012,75938,0.12774806816548978,0.025431862,0.7327652953804596
2106,81219241002,55500,0.19418959947722325,0.011188811032324322,0.8751311555600089
2107,80010084023,129048,0.2706595885469326,0.036715621,0.8270746368703076
2108,80010084021,122292,0.17142856897959188,0.025912838328470692,0.8118374486586798
2109,81230025024,0,0.18352059581422106,0,0.8045454454028926
2110,80870002001,91719,0.19461077698644627,0.014393420052135572,0.833876217
2111,80870006001,88024,0.1050061037239792,0,0.7639810354125021
2112,80870008001,82277,0.22719448834432895,0.011217948538173901,0.830628795