,GEOID,r_income,r_wr,r_pbb,r_upr
0,2.71311E+11,114583,0.9044006024056621,0.4790928385606461,0.011818778648596331
1,2.71311E+11,141250,0.9482968312147395,0.6460626532932883,0.004597701
2,2.70491E+11,99464,0.9425566266783445,0.32454128068186605,0.033707865
3,2.70491E+11,109250,0.966005652,0.3633952158250606,0.007211538
4,2.70491E+11,77024,0.9414364588870914,0.2769701585541686,0.010431154308545519
5,2.70491E+11,91500,0.9281575844255064,0.2263701332297845,0
6,2.708E+11,101625,0.9573240950712331,0.2472067,0.007220217
7,2.708E+11,93750,0.9427443144842614,0.2742346903796596,0.043023255313683076
8,2.708E+11,52500,0.8079161722012087,0.22477063704654504,0.001631321
9,2.71311E+11,120735,0.9193976930053246,0.2985074607494649,0.04
10,2.71391E+11,142500,0.8700906306858409,0.3975983962801975,0
11,2.71391E+11,109773,0.9265175570843841,0.5490195958819261,0
12,2.71311E+11,60179,0.8974918113686826,0.44569816,0.006711409
13,2.71311E+11,41037,0.3115044220220848,0.14285714140975542,0.086455331
14,2.71311E+11,89583,0.6786542897190475,0.6627634505207624,0.031629275
15,2.71311E+11,73571,0.8080072719926545,0.5060605983930213,0
16,2.70371E+11,121800,0.8977002307874684,0.6962332843714061,0
17,2.70371E+11,99706,0.9484924503958235,0.35434411662105425,0.027993778724824593
18,2.708E+11,108068,0.9572471274387533,0.29701492315660505,0.027851458701250276
19,2.71311E+11,115208,0.9575021599522796,0.20828105133900815,0.012401352735046757
20,2.708E+11,102656,0.9395184912535615,0.3060374718526199,0.010120177039088064
21,2.708E+11,138074,0.935071842,0.3825363785599129,0.03551251
22,2.71391E+11,78846,0.9154135252310759,0.4197994934862219,0
23,2.71391E+11,100855,0.9302670485123584,0.3033707779952029,0.17782909520025186
24,2.71391E+11,102500,0.9108159306374201,0.3192360120158798,0
25,2.71391E+11,0,0.969823091,0.2527233060408866,0
26,2.71391E+11,150962,0.9420889251076636,0.3549060468704375,0.040515653029177666
27,2.71391E+11,102500,0.9457477867192406,0.2670682677295529,0.007104796
28,2.71391E+11,85938,0.8799999918139536,0.2898550640621721,0
29,2.71391E+11,99135,0.8753387454802282,0.3523809481859411,0.006944444
30,2.71391E+11,133958,0.8871892840612879,0.334096106,0.010395010286954155
31,2.71391E+11,67542,0.8929127691085951,0.22259136089373555,0
32,2.71432E+11,106250,0.9419023087819933,0.22531089813232702,0.021681997229421834
33,2.71391E+11,177659,0.9086459958511746,0.3866967261928216,0.017357762609857642
34,2.71391E+11,128750,0.9225806302809576,0.4203979994925871,0
35,2.71391E+11,148750,0.897711009,0.41638980712746615,0
36,2.71391E+11,145865,0.9256198283359516,0.4635627483445066,0.0287226
37,2.71391E+11,153831,0.9262294955433129,0.4821428475765308,0.11370716333789466
38,2.70371E+11,0,0.58333309,0,0
39,2.70371E+11,136298,0.7972846404621505,0.6462311492841091,0
40,2.70371E+11,143420,0.8242229279290147,0.7185385559061088,0
41,2.70371E+11,124962,0.8860759434638512,0.4988937997909978,0.044339622
42,2.70371E+11,136866,0.8648379009235018,0.5924369712338717,0.017644006
43,2.71391E+11,98750,0.9118046071112307,0.21444953882511997,0.009930486
44,2.71391E+11,154074,0.9521193017887025,0.3586833103441168,0.019138755797715255
45,2.71391E+11,173548,0.9289446088929508,0.3427109930599617,0.016685206
46,2.71391E+11,133938,0.9404973273490469,0.4462616770296533,0.026530612
47,2.71391E+11,139583,0.9057437274559098,0.3980815252258627,0
48,2.71391E+11,158375,0.8951090106357749,0.3969696929599021,0
49,2.71391E+11,102644,0.8524881466084826,0.23694267214085768,0.046610168997773635
50,2.71391E+11,110833,0.8889739595024965,0.24032825040646835,0
51,2.71391E+11,154145,0.9563269769728222,0.4393939338460362,0
52,2.71391E+11,108429,0.908740348,0.2941176408798815,0.013769363
53,2.70371E+11,0,0.083333299,0,0
54,2.70371E+11,52007,0.9045383270025301,0.38687391387091685,0.018003273027769672
55,2.70371E+11,108625,0.8238636270015497,0.3301886730153081,0.012480499025265226
56,2.70371E+11,142803,0.8582355897081306,0.555953442,0.044331395
57,2.70371E+11,84625,0.8135391875680571,0.2768199207201157,0.085365853
58,2.70371E+11,111583,0.6909090875139603,0.5381414664483948,0.026166098
59,2.70371E+11,102917,0.9119265999270545,0.4196342596762824,0.006477733
60,2.70371E+11,126125,0.9094616565296766,0.36156763133289976,0
61,2.70371E+11,151667,0.8686087938846089,0.7174254260798633,0
62,2.70371E+11,97000,0.8642936500078571,0.40934843612820915,0.022670024903400192
63,2.70371E+11,0,0.7468046211393511,0.41906873149591206,0
64,2.70371E+11,72586,0.7778889405808457,0.33563535679809836,0.007495315
65,2.71391E+11,234875,0.9274965736833339,0.5286160194732985,0.031841652
66,2.71391E+11,158611,0.9472902676518912,0.4361140397453639,0
67,2.71391E+11,161250,0.9132996556119558,0.5576407431951643,0
68,2.70371E+11,175865,0.8941769266843397,0.6515533110700814,0.007482993
69,2.70371E+11,153618,0.8648905721704037,0.4026622229174339,0.030973450870598072
70,2.70371E+11,115250,0.84378265,0.5210300384460941,0.020914019977428196
71,2.70371E+11,229500,0.8094276039769185,0.832369933,0
72,2.70371E+11,80950,0.8426461089104297,0.5770547895800103,0
73,2.71391E+11,116736,0.9397959087775928,0.3605095495476491,0.037796976
74,2.71391E+11,99572,0.884025009,0.2729026010327618,0
75,2.70191E+11,114583,0.9655568201428609,0.3232044154253534,0
76,2.70191E+11,97083,0.9614935710444158,0.29694322711873034,0.002594034
77,2.70191E+11,99911,0.9402810194346485,0.23001948869357722,0.017543859369316437
78,2.70191E+11,65929,0.8905419671568335,0.2127236538225914,0
79,2.7086E+11,84167,0.9548802858666641,0.16129032031850885,0.018801409884824795
80,2.70191E+11,84531,0.9112754074743493,0.18077474633034799,0.027027026679188847
81,2.71391E+11,99306,0.9271746397358419,0.31296100829335083,0.014842300418902594
82,2.71391E+11,71573,0.7177083295952691,0.084561675,0.04576144
83,2.71391E+11,170741,0.9041953606499977,0.6209150259159584,0
84,2.71391E+11,162500,0.8522372484274857,0.5831564006853758,0.025883838220430316
85,2.71391E+11,149297,0.8984227072654719,0.5122410497905739,0.026655201834435066
86,2.71391E+11,59264,0.7724795587705753,0.3565804234355408,0
87,2.71391E+11,143547,0.8686605925314655,0.31703341224911646,0.007676204
88,2.71391E+11,102632,0.7821428501594389,0.416015617,0
89,2.71391E+11,164659,0.8506571036400412,0.6008492505217702,0
90,2.71391E+11,80789,0.8598074557171633,0.47985004236316736,0.006177606
91,2.70371E+11,86274,0.6931764673262283,0.5239960797061897,0.012589928000944568
92,2.70371E+11,118214,0.7448849057232423,0.25050099949397797,0.035583941
93,2.70371E+11,115625,0.6975768839814683,0.4038342584796892,0.014909478088873919
94,2.70371E+11,104141,0.7317763571707264,0.2656972883959201,0.019675925812060614
95,2.70371E+11,131417,0.8122485435304043,0.4574155619866699,0.035714286
96,2.70371E+11,135039,0.8076490347846003,0.48049644538126873,0
97,2.70371E+11,133617,0.8728260822129017,0.5445391127456304,0.015182884643320326
98,2.70371E+11,134816,0.6751012077418906,0.32812499430338554,0.018575851
99,2.70371E+11,114559,0.6847345056998395,0.38068180736699414,0
100,2.70371E+11,95303,0.8077964222642317,0.5470588189322788,0
101,2.70371E+11,83678,0.7679738478434222,0.3440993746074612,0.024663676853546226
102,2.70371E+11,141250,0.8227201225522007,0.5213367582450552,0.067826087
103,2.70371E+11,147772,0.8567870432329574,0.5810344777497027,0.009566326
104,2.70371E+11,147426,0.7060133577875771,0.37116278724499735,0
105,2.70371E+11,156742,0.8233438399227777,0.6365159022359146,0
106,2.71391E+11,154650,0.9165786598038157,0.539682532,0.02112676
107,2.70371E+11,141304,0.8879907518707766,0.5327999914752002,0.033734939352591094
108,2.70371E+11,110850,0.823114864,0.3207547129464816,0.03877551
109,2.70371E+11,189084,0.8501477380745135,0.6690595788294359,0
110,2.70371E+11,116724,0.8441558395879013,0.5228151545025896,0.031055900406791577
111,2.70371E+11,99200,0.7774780797203097,0.48307291037665484,0
112,2.70371E+11,168974,0.7302118144548055,0.806340449,0.016774193440166493
113,2.70371E+11,158779,0.8357169019592339,0.6018318933090954,0.018121125330848233
114,2.70371E+11,124821,0.7551252804377832,0.33286118744432586,0.019754404592875575
115,2.70371E+11,95143,0.7492893646998899,0.18629343449523714,0.032813781519165044
116,2.70371E+11,91719,0.539999996,0.36636636086536994,0.025806451335414503
117,2.70371E+11,145441,0.49546279042229774,0.4199288181507328,0.12673610891083145
118,2.70371E+11,123281,0.7204058583968103,0.5149023585313222,0
119,2.70371E+11,125795,0.8237409973172543,0.49047618269085425,0.015492957528268205
120,2.70371E+11,147900,0.7890691649097424,0.5534213619037052,0.058883248
121,2.70371E+11,121563,0.7947976821185139,0.5261472729333269,0.039142590501932986
122,2.70371E+11,198345,0.8776529228757438,0.7936046280928888,0
123,2.71391E+11,63958,0.8922261326461814,0.10070257375403809,0.061674007
124,2.70371E+11,108633,0.79000632,0.37117903605957175,0.008136696
125,2.70371E+11,175529,0.8343464982192516,0.5876623313023558,0.017590149
126,2.70371E+11,146625,0.7938931251092594,0.36822001246585173,0
127,2.70371E+11,97824,0.7325819634601334,0.42058010759267883,0
128,2.71391E+11,190690,0.8666666586419755,0.7553310801870811,0.052072262996043964
129,2.70371E+11,97188,0.6958241727656079,0.3574168775101223,0.0423223
130,2.70371E+11,160455,0.856439121,0.638179793,0.028763183
131,2.70371E+11,60536,0.6010407580135234,0.099859352,0.014833127134324758
132,2.70371E+11,72628,0.6862169987358212,0.41422121428644226,0.095238094
133,2.70371E+11,73272,0.6236979139596445,0.4011103372580823,0.011532125142602278
134,2.70371E+11,90066,0.5529197046659385,0.6040403979389859,0.00625
135,2.70371E+11,148702,0.7550226781916871,0.5736793273987087,0.021959459273991053
136,2.70371E+11,86554,0.7697107159971032,0.277599998,0.011585807302057877
137,2.70371E+11,71026,0.6614035058710372,0.42591516312658245,0
138,2.70371E+11,0,0.09523805,0,0
139,2.70371E+11,145983,0.8139534804849469,0.4976958468007391,0.059961315
140,2.70371E+11,154318,0.5513874586259637,0.6461988241111226,0
141,2.71391E+11,156250,0.9243746310391238,0.46347606663748053,0.024734982157349948
142,2.71391E+11,73000,0.7635196996927617,0.3898514803236203,0
143,2.71391E+11,119722,0.9070667913501123,0.5406976709257256,0
144,2.71391E+11,184063,0.9338422273048063,0.5426195313384713,0.014035087473068641
145,2.71391E+11,178646,0.8301486164324898,0.5668044038098871,0.009407858
146,2.71391E+11,152161,0.8854536194351058,0.48627951189355767,0
147,2.71391E+11,135347,0.5523704459496092,0.6680672128557309,0.036679535971437534
148,2.71391E+11,178138,0.8520345200244481,0.6032863802559751,0
149,2.71391E+11,136840,0.8627450850264693,0.7014925198633702,0
150,2.70191E+11,185074,0.8740293280929308,0.8326359716508233,0.025581395051379126
151,2.70371E+11,134479,0.7761310391877454,0.4654510511952874,0
152,2.71391E+11,205179,0.8401883031709902,0.7948951650187093,0.027974783183708496
153,2.70371E+11,120000,0.723335483,0.42441860112609137,0.020392156702806613
154,2.70371E+11,62917,0.5980784579817577,0.33447683817363916,0.017142857
155,2.70371E+11,93355,0.6884570041904771,0.48031495590241186,0.034910783
156,2.70371E+11,102083,0.8183823469236592,0.49046321080414884,0.020460357881838382
157,2.70371E+11,144861,0.7778981497519161,0.47559448716402397,0.042908224
158,2.70371E+11,143750,0.6524520221084648,0.4235015739471485,0
159,2.70371E+11,115130,0.6569444353202162,0.39487178474687734,0
160,2.70371E+11,75172,0.7357679835041033,0.4377509952258837,0.013986013741503257
161,2.70371E+11,105195,0.7383773861588205,0.48930099159342383,0.046153846
162,2.71391E+11,151734,0.7764109929347974,0.5010783572891563,0.022208122
163,2.71391E+11,118272,0.6872278614860097,0.48051947571908615,0.026220614591133683
164,2.71391E+11,100737,0.7704447605077304,0.49969604559455294,0.078947368
165,2.71391E+11,123813,0.9107648596208944,0.5415778136124134,0
166,2.70371E+11,56786,0.16780238357919605,0.16064256705537014,0.034175333816116885
167,2.71391E+11,140000,0.8131788500131872,0.44401543830095963,0.010501750169174444
168,2.70371E+11,68165,0.4975308611263527,0.45138888540594996,0.017298735746515397
169,2.70371E+11,68750,0.7130350125191147,0.520661148,0
170,2.70371E+11,98021,0.6898262970237693,0.22246455591641706,0.02310536
171,2.70371E+11,0,0.3888886728396262,0,0
172,2.70371E+11,94688,0.8606557276269822,0.2266666606222224,0.010845986749544756
173,2.70371E+11,84231,0.7063914733262885,0.3866170967786515,0.01196709
174,2.70371E+11,58618,0.7571243474279511,0.3731343240742328,0.009384776
175,2.70371E+11,93846,0.7502738143453033,0.3890063342704792,0.032085560925391075
176,2.70371E+11,100489,0.8266779878786917,0.3627002246830638,0.16666666493055557
177,2.70371E+11,58686,0.8591342563526467,0.3674157262088121,0.010901882944480842
178,2.70371E+11,61992,0.8047508643988942,0.29323899140535387,0.013081395
179,2.70371E+11,121250,0.796347533,0.6299456894496067,0.037748344
180,2.70371E+11,71100,0.7131578884810712,0.31777107955164036,0.094133696
181,2.70371E+11,0,0.1777777382716137,0,0
182,2.70371E+11,96053,0.6912669041664588,0.35945944974433924,0
183,2.70371E+11,0,0,0,0
184,2.71391E+11,115833,0.7053915230719414,0.5199999945263158,0.035198555639002205
185,2.70371E+11,104130,0.7408970937155827,0.3379469395853871,0.002116402
186,2.70371E+11,0,0.16809815744664838,0.049751241,0
187,2.70371E+11,92500,0.6016597427156329,0.36309522728883253,0
188,2.70371E+11,119637,0.5905932624767865,0.46317512022272167,0.031062124
189,2.70371E+11,83281,0.621481477,0.22247445831470536,0
190,2.71391E+11,69610,0.8030075067216916,0.5205882276384084,0
191,2.70371E+11,54454,0.5918635131767486,0.37241378882283005,0.035944700129541936
192,2.70371E+11,0,0.45161275754427177,0,0
193,2.70371E+11,65469,0.7382715988619621,0.31217948517833666,0.070194384
194,2.71391E+11,209444,0.7732087179239332,0.721834489,0.006677796
195,2.71391E+11,242083,0.6964497000210077,0.820512813,0.052739726
196,2.71391E+11,124432,0.7003484271752723,0.30012771008776873,0.034482758224336114
197,2.71391E+11,0,0.3599788228693551,0.12713936326699785,0.061358656
198,2.70371E+11,81696,0.8303571354432399,0.4222222159670783,0.023611111
199,2.70371E+11,113430,0.5940438840436578,0.4717145302722843,0.038434661
200,2.71391E+11,96020,0.7727611911464134,0.5895270237076181,0.011684517956745286
201,2.71391E+11,130265,0.7935409427391735,0.41045214086639964,0.01632855
202,2.71391E+11,109231,0.716997789,0.6769230725838264,0.017452007
203,2.71391E+11,107969,0.6914335603895668,0.32286995033079297,0
204,2.70191E+11,124323,0.8494397699619064,0.5789915917731799,0.036989795682463036
205,2.70191E+11,76591,0.7772657390378975,0.4517282425300567,0.050391937
206,2.71391E+11,156455,0.6741678355641451,0.35449298965793086,0
207,2.71391E+11,250001,0.7531583989003071,0.78539325,0
208,2.71391E+11,104362,0.615821676,0.5579293298444591,0
209,2.70191E+11,97500,0.8672985699782126,0.5850340056457959,0.028070175
210,2.71391E+11,156888,0.7020250689391269,0.5182692257858729,0.022324865109123442
211,2.70371E+11,107917,0.8415466198518073,0.5180598501748209,0.035486806
212,2.70371E+11,141619,0.8418430831765686,0.576735087,0.013769363048456428
213,2.70371E+11,131369,0.8210302664841728,0.5659259217338821,0.022335673118470498
214,2.70371E+11,161667,0.772597519,0.5066991412095111,0.012219959142362942
215,2.70371E+11,164904,0.8456632599128618,0.7889447156889978,0.042016806
216,2.70371E+11,193399,0.900190713,0.7006236933407101,0.041218638
217,2.70371E+11,120297,0.8024691281816797,0.42181339787367417,0.021327014
218,2.70371E+11,245721,0.7827603349139993,0.7473535585931295,0
219,2.70371E+11,160278,0.8835341276753602,0.42318839966393623,0.026136363
220,2.70371E+11,56705,0.5515210937044054,0.3722126865829728,0.014367815885519887
221,2.71391E+11,117218,0.8298530484930159,0.27468230425530493,0.023986765723848093
222,2.70371E+11,90586,0.6756316163355207,0.32392894123376237,0.1068200484238287
223,2.70371E+11,94205,0.6435294041937717,0.33762517399677866,0.04481132
224,2.70371E+11,111618,0.7820388311551513,0.456316408,0.022314478
225,2.70371E+11,121786,0.7027026940699915,0.8017621027641395,0.061594202
226,2.71391E+11,180469,0.7302631498874654,0.4419580357768107,0.027748132041108518
227,2.70371E+11,114663,0.7327262949505823,0.473367694,0.025468164603234724
228,2.70371E+11,131786,0.6988202588562091,0.444870561,0.069444444
229,2.71391E+11,108094,0.6774415359185589,0.35940593703558477,0
230,2.70371E+11,113333,0.6001199004788975,0.2871736630286758,0.004016064
231,2.70191E+11,122981,0.8805815069513863,0.5235294040657441,0.056987787557831925
232,2.71391E+11,178173,0.7659467565748531,0.6305506160697103,0.006858711
233,2.71391E+11,39423,0.33476856474953104,0.11568627224144565,0.013782541902258165
234,2.71391E+11,152262,0.5344578287496008,0.5437787976668296,0.03890785
235,2.71391E+11,187946,0.7523041387983395,0.5354223360296685,0.031521739
236,2.71391E+11,193638,0.6817538800317697,0.5559566686650421,0.051546391
237,2.71391E+11,0,0.5992779729307043,0.3735763012852779,0
238,2.71391E+11,0,0.5773809466529668,0.29960052863381453,0.066331658
239,2.71391E+11,122664,0.5359539737684182,0.3105906282017248,0.097378276
240,2.71391E+11,218594,0.7046130899954384,0.6436781503501126,0
241,2.70371E+11,68864,0.6686303338097914,0.26676828861633706,0.062256809
242,2.70371E+11,101389,0.668114677,0.36608557264523656,0.022091310425753897
243,2.70371E+11,66250,0.46080401778490443,0.29738932693088166,0.035532995
244,2.70371E+11,152344,0.8134872368560921,0.47770218837715656,0.021160409
245,2.70371E+11,54375,0.4799588875644456,0.1414634136483386,0.098060941
246,2.71391E+11,128750,0.8807134844999248,0.5977291111295288,0.018558173
247,2.70371E+11,101250,0.5897920577041963,0.44513457249734595,0.047481180964208565
248,2.70371E+11,73229,0.6717492559434592,0.4121827390244531,0.01171875
249,2.70371E+11,55800,0.414519901,0.2664974551650392,0.033783783
250,2.70371E+11,55720,0.593032458,0.075376884,0
251,2.70191E+11,125583,0.9458762764706665,0.3207547094161625,0
252,2.70191E+11,79519,0.8855311274218761,0.15586419512555255,0.041966426
253,2.70191E+11,110000,0.9179464637211651,0.4011406818685635,0.036973834
254,2.70191E+11,74700,0.9300087407698273,0.3397379882992316,0.024351924
255,2.70191E+11,130242,0.9239864786825467,0.44951922536635547,0.035538005572181584
256,2.70191E+11,120833,0.8988218925930569,0.5431472012290964,0.004550626
257,2.70191E+11,136761,0.899917962,0.5772893730601512,0.049127342927425065
258,2.70191E+11,114091,0.9005586541868231,0.4966216174271823,0.011235954977275597
259,2.71391E+11,94518,0.5334829759316012,0.24717194430332612,0.041961338793204433
260,2.71391E+11,159563,0.5657439413740257,0.6189502343629841,0.033401499
261,2.71391E+11,112500,0.6722595003102965,0.20462633087853505,0
262,2.70191E+11,58098,0.8260292054976202,0.28353657672144583,0.074927952
263,2.71391E+11,93065,0.6942590073814485,0.29635498972777347,0
264,2.71391E+11,133214,0.6926575653498533,0.4674674627881135,0.012195121844990229
265,2.71391E+11,100417,0.6790371045231985,0.34580644715088454,0.012471655187396201
266,2.71391E+11,93486,0.6580547062457849,0.31195840013936915,0
267,2.70191E+11,37938,0.7981072471282098,0.267792518,0
268,2.71391E+11,128194,0.8099762374112086,0.3171874950439454,0.060927151510898656
269,2.71391E+11,100078,0.44556324452131374,0.3522833145173969,0.053719008
270,2.70371E+11,112171,0.7705011345643443,0.5491202305782974,0.046302251
271,2.70371E+11,55658,0.6666666617063493,0.4447058788650519,0
272,2.71391E+11,77266,0.8220108583965916,0.33636363254132234,0.059768063695200144
273,2.70371E+11,82750,0.7576335829667075,0.4014778292161098,0.041578576
274,2.70371E+11,43355,0.44938091442548495,0.23895253291403384,0
275,2.71391E+11,128678,0.7374999934151787,0.4371428508979593,0.054878048
276,2.70371E+11,0,0,0,0
277,2.70371E+11,96950,0.6054380628070207,0.3794037906106252,0.023333333
278,2.70371E+11,0,0,0,0
279,2.71391E+11,51250,0.6821318992249543,0.21749006122947154,0.011677282315937992
280,2.70191E+11,207264,0.9040207464071288,0.8079748078911353,0
281,2.71391E+11,79013,0.7252880489673253,0.16118684714364998,0.009603073
282,2.71391E+11,88875,0.651212934,0.5220125739262123,0.066478076
283,2.71391E+11,0,0.11111106995886298,0,0
284,2.71391E+11,48438,0.39830955943840696,0.13809523678004537,0.044830079
285,2.71391E+11,53125,0.807909597,0.25745856069106565,0.007462686
286,2.70191E+11,72548,0.4472049661664288,0.1662303643163565,0.019830028141359507
287,2.70191E+11,140667,0.6336689002591225,0.2925347196828583,0
288,2.71391E+11,63879,0.8188552133410424,0.31510791140210137,0.022914218
289,2.70371E+11,217159,0.7657430682257993,0.7425307491869003,0
290,2.70371E+11,184400,0.8342785076605009,0.6043656124916015,0
291,2.70371E+11,250001,0.9123036529803187,0.7664576682373406,0
292,2.70371E+11,138214,0.7409638464944115,0.47947760299482084,0.023400935672372298
293,2.70371E+11,0,0.41176446366796254,0,0
294,2.70371E+11,121715,0.8261700016602674,0.5892494869244475,0.012891344264352263
295,2.70371E+11,158203,0.8226514414165809,0.568870516,0
296,2.70371E+11,103980,0.43976683653000753,0.4339268937776299,0.043906131
297,2.70371E+11,36766,0.5669761235611663,0.20595968268221138,0.19426048422177716
298,2.70371E+11,77031,0.7468265109532686,0.46823324222599444,0.053333333
299,2.70371E+11,80179,0.6003159510243606,0.31710361651556035,0.054805400676684664
300,2.70371E+11,48011,0.4788135525591306,0.315151509,0.10535405690234789
301,2.7053E+11,123772,0.8093385135278355,0.4897260218067806,0.028907922602698904
302,2.7053E+11,69091,0.8706467607546844,0.5290780066797446,0.007777778
303,2.70371E+11,91667,0.5403755843174854,0.4843330305789344,0.010064702
304,2.7053E+11,75703,0.8473451233700761,0.5821228985237665,0
305,2.7053E+11,131208,0.828157341,0.605298005,0.013559322
306,2.7053E+11,96400,0.84311632,0.37137680486636226,0.030150753
307,2.70371E+11,98797,0.7144549720707644,0.46128608621203354,0.036414565622327366
308,2.7053E+11,74858,0.8007812447865804,0.5696539434813315,0.010526315710328454
309,2.70371E+11,90667,0.5631399278966558,0.44416456386091885,0.064393939
310,2.7053E+11,117500,0.8398950057751968,0.6120282946694777,0.004592422
311,2.7053E+11,133750,0.7880133097889755,0.5877550940441484,0.013559322
312,2.7053E+11,81019,0.7242614080191458,0.4018594999807903,0
313,2.7053E+11,95750,0.7195467371136917,0.3998226914909336,0.020960698506893465
314,2.7053E+11,115694,0.8566308166968565,0.6575505272586144,0
315,2.70371E+11,135069,0.7496453847542881,0.5942408299183137,0
316,2.7053E+11,120114,0.8407692243017753,0.5055555499382717,0.014056224758471639
317,2.7053E+11,113200,0.823758512,0.6032863778956998,0.053587647
318,2.7053E+11,127717,0.8053097300591276,0.5312117470550076,0.024557395633595686
319,2.70371E+11,99031,0.7272104131102782,0.622040067,0.08108108
320,2.70371E+11,75313,0.6591458448094614,0.7100149370700308,0.078811368
321,2.70371E+11,188056,0.8446096591478836,0.7381738092610142,0.010466222545516437
322,2.70371E+11,99844,0.725155274,0.3184019331912599,0.042806182606347415
323,2.70371E+11,0,0.6628420065062488,0.3688663220157983,0.018359852896452228
324,2.70371E+11,129345,0.7942139694638976,0.6698599803252765,0.010500308767755968
325,2.70371E+11,130250,0.772660813,0.5081206437573011,0.01552795
326,2.70371E+11,63083,0.6638513457444988,0.2917293189213636,0
327,2.70371E+11,109464,0.7611548456541359,0.6058091160620516,0.021052631209602962
328,2.70371E+11,196750,0.9259259186294254,0.680507489,0
329,2.70191E+11,107647,0.6605800143868956,0.27917619498452645,0.14338919658493116
330,2.70191E+11,180685,0.8564064738114399,0.5203980047721591,0.048500881
331,2.71391E+11,39286,0.6183510556070339,0,0.10476190276643996
332,2.71391E+11,50054,0.4902356869344398,0.3145057725994124,0.079716563
333,2.70191E+11,84342,0.8480662924857301,0.5234619340619193,0.014705882
334,2.70191E+11,92137,0.8252427131052251,0.5249077442351684,0
335,2.70191E+11,217625,0.941176462,0.721059962,0.00976801
336,2.70191E+11,70625,0.7530502647484125,0.3679738538040925,0.032697548
337,2.70191E+11,131176,0.8414188792831566,0.40727781380491385,0.01607717
338,2.7053E+11,99430,0.8204225310843937,0.6915100408845752,0.008313539
339,2.70191E+11,109615,0.6700636899995943,0.4393530938092575,0
340,2.7053E+11,199250,0.7746394184216381,0.5882845139055689,0.017980636113550233
341,2.70191E+11,134219,0.8902291810587554,0.5032362378117113,0.019253910718966177
342,2.7053E+11,184647,0.8126371179787751,0.6864348964796531,0.004848485
343,2.70191E+11,104219,0.9211822546652432,0.5227272628271352,0
344,2.70191E+11,52188,0.674915628,0.378712862,0
345,2.7053E+11,250001,0.8594436184561696,0.9339206842748748,0
346,2.70191E+11,108578,0.8668407235261905,0.5249643291731194,0.019464719957850124
347,2.70191E+11,154537,0.845978749,0.6220871264226229,0.022653721
348,2.70191E+11,66997,0.7743805968667338,0.30690536888167924,0.026366251072069743
349,2.7053E+11,76200,0.6546026699087123,0.30425752539711814,0.010344827497027349
350,2.7053E+11,158333,0.7957219166232951,0.733149921,0.089068825
351,2.7053E+11,86923,0.710411192,0.6072071962665371,0.022116903284093156
352,2.7053E+11,121900,0.6143459863768271,0.5260930814373331,0
353,2.7053E+11,89625,0.7170795212897064,0.3695652073487716,0
354,2.7053E+11,124667,0.8478260746691874,0.7437499883789065,0.21630803832040726
355,2.7053E+11,55781,0.685625639,0.28022598553416966,0.048913043
356,2.7053E+11,81488,0.5955369554007186,0.3735926266776599,0.028233150926838334
357,2.7053E+11,46217,0.4181681650287675,0.1287001270437564,0.008064516
358,2.7053E+11,68250,0.7268643241072388,0.4054054006415347,0.11310782121450506
359,2.7053E+11,71713,0.8126760506149574,0.5157360353732382,0.089673912
360,2.7053E+11,85676,0.7030508426911808,0.5624999949048913,0.010896898
361,2.7053E+11,130987,0.752465476,0.4493597153741593,0.025998143
362,2.7053E+11,87176,0.594875896,0.4698085350543662,0
363,2.7053E+11,129228,0.7243082932380603,0.4408117199457529,0.014991181525650956
364,2.7053E+11,115938,0.8260019469599028,0.7194860659638959,0
365,2.7053E+11,0,0.5459249605960549,0.18557794076799639,0.056776556
366,2.7053E+11,78173,0.73938506,0.46344485175409106,0.019417475518689584
367,2.7053E+11,60523,0.8174366556077746,0.4285714234693878,0.012195121816018605
368,2.7053E+11,97639,0.7519999899733335,0.34668988943048973,0.011532125015945223
369,2.7053E+11,205403,0.3162450045522969,0.682170535,0.007804878
370,2.7053E+11,250001,0.5330188637341284,0.5925233589483798,0
371,2.7053E+11,131923,0.5834645623349247,0.717612799,0.013698629949333838
372,2.7053E+11,77569,0.8002571761669216,0.503950336,0.006372809
373,2.70191E+11,122625,0.6832757736394881,0.6879643336703988,0.009887006
374,2.7053E+11,249957,0.7559342619845754,0.8096405162611069,0.013783597423958667
375,2.70191E+11,94219,0.8857142784839651,0.4931255683489866,0.004048583
376,2.70191E+11,141979,0.8849206278974554,0.6777629736649404,0
377,2.7053E+11,166000,0.8512585747424976,0.6923937282730008,0.007360673
378,2.70191E+11,249306,0.880046126,0.906412463,0
379,2.70191E+11,158125,0.9153374120817496,0.4537177472880463,0.097165991
380,2.7086E+11,103750,0.9604352031608784,0.1376248597377929,0.00502008
381,2.70191E+11,101161,0.859999991,0.6286919698588193,0
382,2.70191E+11,105000,0.9421397277058982,0.2052785893654166,0.006613757
383,2.70191E+11,67772,0.9191994001541928,0.5498676032668349,0.025726141
384,2.70191E+11,145000,0.9350993253629228,0.45790553474526624,0.01618705
385,2.70191E+11,68583,0.8983050794955869,0.46096345132090155,0.020803443179315328
386,2.70191E+11,0,0.9410939559453864,0.12341771956617532,0.020123838697773396
387,2.70191E+11,173108,0.9491740727498471,0.5015220661984622,0.025693035661304695
388,2.70191E+11,131000,0.8867147179535044,0.5584725403705838,0.0087241
389,2.7053E+11,76918,0.7395577304722638,0.6265060089998552,0.030232557436452156
390,2.7053E+11,49444,0.740689645,0.1966386521573336,0
391,2.7053E+11,92578,0.6265508607127684,0.5236294797045468,0.011784511586119335
392,2.7053E+11,91163,0.840490789,0.5781249949815539,0.018429487031815007
393,2.7053E+11,56691,0.5056472588562358,0.21126760232758057,0.015439429745374943
394,2.7053E+11,89267,0.6397379866103494,0.30729701636899265,0.016129032127991678
395,2.7053E+11,44898,0.6624338554239804,0.3447037671031978,0.020905923
396,2.7053E+11,137983,0.6598214226801659,0.3502252212812475,0.042391304
397,2.7053E+11,232702,0.8418032717884978,0.7583731966701771,0.025588536073812323
398,2.7053E+11,105625,0.7339346027741308,0.51625238,0.017636683992298344
399,2.70191E+11,191964,0.901011557,0.6831019593915655,0.018222222141234565
400,2.7053E+11,131640,0.7002379008704369,0.7443237833729143,0.037676608809445775
401,2.7053E+11,211136,0.84980236,0.6624999834375005,0.053677931
402,2.7053E+11,250001,0.7731629343567864,0.6952461740641241,0.031060605825298442
403,2.7053E+11,107938,0.6599763794571856,0.7529107276466918,0.079487178
404,2.70191E+11,220040,0.9135913509127691,0.7816244902579962,0.017482517
405,2.7053E+11,134141,0.6180963535952035,0.5876515921978877,0.040433925
406,2.7053E+11,250001,0.8241167371419605,0.8718749863769534,0.02853067
407,2.70191E+11,0,0.7142846938790088,0,0
408,2.7053E+11,210607,0.7797570787064204,0.7681660766753274,0.023809523431594867
409,2.70371E+11,130167,0.7811965745196874,0.707474218,0
410,2.70371E+11,113417,0.665450119,0.564080204,0.020394289460269957
411,2.70371E+11,139444,0.7627768280972025,0.7398812696174784,0.011566265004499927
412,2.70371E+11,99643,0.6523297452071103,0.4082254348193036,0.072429906
413,2.70371E+11,127197,0.8494783862420349,0.6035946050744153,0
414,2.70371E+11,0,0.7499990625011719,0,0
415,2.70371E+11,80172,0.5422567357594484,0.4928527004794736,0.014902363746647669
416,2.70371E+11,75347,0.6059213853704881,0.6656126429595839,0
417,2.70371E+11,0,0,0,0
418,2.70371E+11,62708,0.5195353721249453,0.3551988809825619,0.032030402
419,2.7053E+11,153452,0.8169440118465354,0.607344616,0
420,2.7053E+11,94464,0.8627708413475322,0.6509341135601365,0
421,2.7053E+11,55320,0.4406779611222829,0.2508960528513252,0.064444444
422,2.7053E+11,66516,0.556464807,0.2653061175267882,0.008759124
423,2.7053E+11,83750,0.6308664202990395,0.45038167079424296,0.026548672
424,2.7053E+11,90168,0.6871008852222109,0.31178706631583525,0
425,2.7053E+11,141146,0.8822857042024491,0.8183279611201293,0
426,2.7053E+11,117031,0.6927465306214626,0.49345549092335744,0.005399568
427,2.70531E+11,48705,0.561889246,0.1786074654025483,0.092430278
428,2.70531E+11,95625,0.6352549818707873,0.2602117963659335,0.039946737
429,2.7053E+11,80625,0.799651561,0.4912959333530374,0
430,2.7053E+11,67845,0.5202271077343711,0.18453038470132171,0.056478405
431,2.7053E+11,147512,0.8464197489065691,0.6699629130410203,0.037183098
432,2.7053E+11,84076,0.5090439232640489,0.385665522,0.075443786
433,2.7053E+11,75208,0.5590717240604248,0.17342129902524694,0.11218229524818321
434,2.7053E+11,91818,0.8587987264615519,0.6871165538785805,0.008522727
435,2.7053E+11,107500,0.7964683940848662,0.5560488284567278,0
436,2.7053E+11,112847,0.7740825599302459,0.44839254740452544,0.080476899
437,2.7053E+11,49524,0.44564102335568706,0.21825812992383914,0.064996084
438,2.7053E+11,127984,0.8910472897715601,0.6495925419139401,0.044605809
439,2.7053E+11,119141,0.7215619633144146,0.5818181742621017,0.041249999
440,2.70191E+11,69643,0.8489984526271306,0.615969574,0.0251497
441,2.7053E+11,241250,0.8211805484272522,0.8917431029037963,0.011922504
442,2.7053E+11,95921,0.21469329376110347,0.6909090752066119,0.006302521
443,2.7053E+11,75288,0.6939032011696845,0.5402298794124359,0.008364312
444,2.7053E+11,140324,0.7247451276668663,0.5928853676826698,0
445,2.70191E+11,210185,0.9246231089402505,0.6974358902827088,0.035026269
446,2.70191E+11,93266,0.7881713893290804,0.641760485,0
447,2.7053E+11,84042,0.5739452917295071,0.47362450100042824,0.023554604
448,2.70191E+11,102545,0.8918732720945367,0.5285832599123177,0.010309278274600308
449,2.7053E+11,139716,0.8026874059215884,0.7278350440429378,0.008595988
450,2.70191E+11,162841,0.8684373016155819,0.742857134,0
451,2.7053E+11,101324,0.5851063785326263,0.45549132421397315,0
452,2.70191E+11,192470,0.9209664171950597,0.7229299317010832,0
453,2.70191E+11,146021,0.9288256062486547,0.38941654831185146,0.029481131727816842
454,2.7053E+11,68750,0.4814814774286071,0.6754966812859086,0.059687786412417024
455,2.7053E+11,132679,0.7550306145666613,0.4661957571524142,0
456,2.70191E+11,115106,0.8692033190344434,0.6127596348255248,0.00390625
457,2.7053E+11,94716,0.3448275840449681,0.6361111052211935,0.069642857
458,2.70191E+11,117875,0.9218328778852232,0.667410707,0.026503567517802574
459,2.7053E+11,82917,0.6075949332129176,0.33247422394781595,0.055347793
460,2.7053E+11,121324,0.5498742619457313,0.13296398707806112,0.075870646
461,2.7053E+11,90045,0.5662847744166549,0.2976356008673769,0.027777777
462,2.7053E+11,89688,0.6798336751224278,0.39282664053948213,0.009338521
463,2.70531E+11,73684,0.5567533255754387,0.39043477921361064,0.016366611977359967
464,2.7053E+11,100875,0.8819691525387358,0.6382042197341178,0.005714286
465,2.7053E+11,71795,0.7181818138292011,0.4974093199817446,0.022727272481306574
466,2.7053E+11,86845,0.7410546069580546,0.599999991,0.025232403383367817
467,2.7053E+11,122991,0.8074534077903374,0.43696274445612115,0
468,2.7053E+11,0,0.2277318620042988,0.20174345950506278,0.010506208113598777
469,2.7053E+11,123125,0.4921414489966459,0.4933725995085037,0.048596111786219094
470,2.7053E+11,0,0.35714260204099857,0,0
471,2.7053E+11,0,0.19354832466183075,0,0
472,2.7053E+11,56920,0.1384062304469369,0.12424242298745028,0.091787439
473,2.7053E+11,0,0,0,0
474,2.7053E+11,0,0,0,0
475,2.70531E+11,0,0,0,0
476,2.7053E+11,0,0,0,0
477,2.7053E+11,0,0.19999992,0,0
478,2.7053E+11,0,0.29629618655696793,0,0
479,2.7053E+11,117292,0.8169014026978775,0.7154929510282352,0.030560271
480,2.7053E+11,0,0.4761902494332146,0,0
481,2.7053E+11,126394,0.3081023421311051,0.9403874673563716,0
482,2.70191E+11,81500,0.7439933658326979,0.4100529064369232,0.024539877112424256
483,2.7053E+11,0,0,0,0
484,2.7053E+11,112083,0.7093275411135842,0.44218749309082045,0
485,2.7053E+11,77823,0.6462264049335471,0.5242966617826941,0.066954642
486,2.7053E+11,122610,0.8180232510580043,0.6247086198546339,0.011699931
487,2.70191E+11,196250,0.8903508716143429,0.897254199,0.076341647
488,2.7053E+11,81308,0.4902723708156066,0.5181347096566351,0.14901256598731988
489,2.7053E+11,27937,0.2147519568227679,0.039156626112885284,0.1503523872329492
490,2.7053E+11,66250,0.6750250718403958,0.5347556742274214,0.009072581
491,2.7053E+11,0,0,0,0
492,2.7053E+11,0,0.3467561482465755,0.3451536561429396,0.014925372816090132
493,2.7053E+11,61236,0.7982142785873725,0.5427807414066746,0.040106951335468564
494,2.7053E+11,80987,0.4735632129475493,0.14438502480768683,0.068539325
495,2.7053E+11,69097,0.6786786684883083,0.33972601808969816,0.093150682
496,2.7053E+11,108063,0.518722461,0.3490959617650075,0
497,2.7053E+11,75263,0.4043927622455248,0.4741966847692631,0
498,2.7053E+11,93828,0.7555865869023283,0.7153700121881403,0
499,2.7053E+11,0,0,0,0
500,2.70191E+11,76250,0.8622589452501475,0.453910608,0.091708542
501,2.70191E+11,142109,0.8849765206280721,0.6838982992889975,0.033402923
502,2.70191E+11,152232,0.9002732178943086,0.6378174916480011,0.011101622450028844
503,2.70191E+11,208516,0.9208261565070215,0.7759131216592979,0.089068825
504,2.7053E+11,153125,0.8302277375415615,0.6422535150962111,0.094244604
505,2.7053E+11,149625,0.8112407125000985,0.5560407488203676,0.036290322092872015
506,2.7053E+11,147000,0.8044692625074126,0.6099290635950576,0
507,2.70191E+11,144871,0.8856613047857769,0.6558185339662866,0.024351924
508,2.70191E+11,189886,0.8984098860564498,0.7140762358639848,0.023904382152664248
509,2.7053E+11,69138,0.63554046,0.35937499719238286,0.026412326
510,2.7053E+11,94750,0.8066961414611741,0.7054673659129862,0.00661157
511,2.7053E+11,93375,0.3926325211803008,0.2199999970666667,0.15078533873523206
512,2.7053E+11,78816,0.5176311007340366,0.6143216041813969,0.047136340359167056
513,2.7053E+11,100204,0.7303718932812822,0.5235425950275494,0.024838012690734206
514,2.7053E+11,68750,0.34703557037916544,0.29219857741562305,0.006273526
515,2.7053E+11,37939,0.581572767,0.45976095251186494,0.008352316
516,2.7053E+11,230500,0.7468208006147885,0.8895027460496733,0.029051987323364108
517,2.7053E+11,140938,0.6186844554939518,0.7483176211531949,0.016229712656308206
518,2.7053E+11,64583,0.7671315902539019,0.5391079473877961,0.07120743
519,2.7053E+11,153750,0.8257713173704962,0.708064505,0.013595165957776949
520,2.7053E+11,115170,0.8744493295765493,0.5537806117808242,0.0078125
521,2.7053E+11,87083,0.838018736,0.8028895685976309,0.005639098
522,2.7053E+11,136475,0.7328339484040706,0.7717717640463287,0.007905138
523,2.7053E+11,68393,0.6309794940700114,0.4953488314494322,0.007882883
524,2.70191E+11,244196,0.8616438297147683,0.6198830318730552,0.024793388137032017
525,2.7053E+11,175313,0.8248490006484125,0.8191056827326658,0
526,2.70191E+11,165714,0.8768898424989933,0.4830795221397672,0.017445918
527,2.70191E+11,198684,0.8974358916831032,0.8364030245243443,0.03681592
528,2.7053E+11,0,0.29999990000003335,0.9999988888901234,0
529,2.7053E+11,0,0.7803370742677692,0.6907301009784241,0.02211472
530,2.7053E+11,247628,0.7934165630713217,0.846153831,0.001650165
531,2.7053E+11,70391,0.5055889896338006,0.31742738259930103,0.010327022286342321
532,2.7053E+11,98333,0.546355269,0.2985884875288981,0.02209414
533,2.7053E+11,108646,0.7020134133957932,0.6378269489370836,0.023214285299744907
534,2.7053E+11,85680,0.4946859855585895,0.3340987332480054,0.16260869423818528
535,2.7053E+11,98523,0.728260858,0.48224298164031815,0.02027027
536,2.7053E+11,124271,0.7914473632141621,0.6583101145932209,0.019230769
537,2.7053E+11,90833,0.767838117,0.5191489288063982,0.035532994472931546
538,2.7053E+11,130903,0.808383229,0.64922623,0.048764629071751435
539,2.7053E+11,210625,0.8483197016501389,0.8339670363248791,0.059887005
540,2.7053E+11,174531,0.8199233637938376,0.7486725531208398,0
541,2.7053E+11,160234,0.8501560785623717,0.8440797087446693,0.053308823
542,2.7053E+11,243333,0.7885572073917313,0.8147013657779271,0.029717682
543,2.7053E+11,111094,0.6287878719828153,0.4208416749330326,0.034246574756051806
544,2.7053E+11,80000,0.6266846276727139,0.4016227099062331,0.018867924204666823
545,2.7053E+11,113833,0.6479217524703943,0.5985185096515777,0.042796005095634734
546,2.7053E+11,70461,0.49999999691738595,0.2956431504601333,0.001628664
547,2.7053E+11,181944,0.8289308071832603,0.897330577,0.034645668745737504
548,2.7053E+11,65505,0.8235709186762815,0.4339171939974746,0.006279435
549,2.70371E+11,59131,0.7698598040904229,0.4112256539378505,0
550,2.70371E+11,170724,0.8791092165523944,0.4851631975495075,0
551,2.70371E+11,65906,0.5216365025835051,0.080433101,0
552,2.70371E+11,65688,0.7043966257773936,0.1395663937728131,0.065976713
553,2.70371E+11,79701,0.7230568208814054,0.6574803097836196,0.079020978
554,2.70371E+11,0,0.37254894655903004,0,0
555,2.70371E+11,112458,0.911255405,0.602072533,0.003649635
556,2.71631E+11,92109,0.7029876915378938,0.15656008647673555,0.060093896149353086
557,2.70371E+11,140139,0.6764705771818533,0.2214912232129118,0.084602367
558,2.7054E+11,0,0.4999993750007813,0,0
559,2.70371E+11,105221,0.6707547106532574,0.38316400024435415,0.013001083282761828
560,2.70371E+11,74583,0.7911110993909467,0.40566036970452135,0.027067668765899718
561,2.70371E+11,113601,0.8859179983011408,0.40441882416504493,0.018056749629778594
562,2.71631E+11,189893,0.7290715317422258,0.6457925509629638,0
563,2.71631E+11,46042,0.6288504836299739,0.24884792340036954,0
564,2.70371E+11,111538,0.8918205745922125,0.7558886428705713,0.014619882898441688
565,2.70371E+11,88281,0.7419650987881993,0.24771838008189856,0.070866141
566,2.70371E+11,75353,0.6039719555610753,0.25859491392234807,0.032467532045876206
567,2.70371E+11,98421,0.5898058180848809,0.26158939531160946,0
568,2.70371E+11,66935,0.597968065,0.4680306845520373,0
569,2.71631E+11,109044,0.8182579495958295,0.6360103544558244,0.011658030937072138
570,2.70371E+11,82614,0.727586199,0.2960893813395338,0.044311377
571,2.70371E+11,84306,0.7279029420687294,0.2540284336111049,0.031050955
572,2.70371E+11,91012,0.7137529104253942,0.3803101794989199,0.046025104
573,2.71631E+11,114583,0.763924046,0.5462264099412603,0
574,2.71631E+11,68558,0.7515060184374547,0.33775419683683294,0.045305318152952606
575,2.70371E+11,166500,0.9200949294296288,0.710798115,0.018633540207333273
576,2.70371E+11,64402,0.48844883951101387,0.2477341352306022,0.039897039
577,2.70371E+11,89444,0.7366440877603906,0.3942701174042276,0.063010501
578,2.70371E+11,81094,0.7965260447081136,0.22913504963376252,0
579,2.71631E+11,146392,0.6287878719828153,0.5595238011975625,0
580,2.71631E+11,159130,0.7001108628045707,0.5720628395762881,0
581,2.71631E+11,121250,0.8949730619840839,0.6232394293047016,0.010067113981352193
582,2.71631E+11,196979,0.7751633936263831,0.703196339,0.000818331
583,2.70371E+11,80370,0.6555070322391701,0.3618233592462724,0.040150564
584,2.70371E+11,0,0.3461537130178027,0,0
585,2.70371E+11,86364,0.7742555160974495,0.26640419597894754,0.009372071
586,2.70371E+11,44669,0.8320655305320916,0.6260575260797658,0.005488474
587,2.7054E+11,25950,0.5686274350524528,0.2979451952758495,0.038123166
588,2.70371E+11,112795,0.9106992341137385,0.6397449453799687,0.017509727456131056
589,2.70371E+11,87857,0.8110236092752188,0.45217390321361084,0.021812080170938254
590,2.70371E+11,117962,0.765793517,0.33514492146476593,0.030874785062182077
591,2.70371E+11,60260,0.6122125248833266,0.2127659554785758,0.009188361
592,2.70371E+11,23304,0.4815165831135869,0.17975206425875967,0
593,2.7053E+11,80833,0.6865828020274339,0.39732887483591195,0.021705426020070914
594,2.71631E+11,170197,0.7965811897728103,0.5635005276040499,0.004873294
595,2.71631E+11,161500,0.7835694006596635,0.6194762633430748,0
596,2.7123E+11,49148,0.12570260538731423,0.38120104106874636,0.022535211108906963
597,2.7054E+11,0,0.7333332355555685,0.2857141836735058,0.071428546
598,2.70371E+11,40813,0.4451361833063332,0.11695906295954313,0.016748768
599,2.7053E+11,89773,0.7701404229849192,0.4119291667108186,0.032618025
600,2.7123E+11,138088,0.8603723289844105,0.6158536460192349,0
601,2.71631E+11,91557,0.7850408498740361,0.5120331907715088,0
602,2.70371E+11,82614,0.696746466,0.2756476655373299,0.027247956155786048
603,2.7123E+11,104297,0.7504575915164271,0.49126637018268154,0
604,2.7123E+11,45662,0.6385017365984169,0.4627930635800911,0
605,2.7123E+11,57580,0.7931526277724305,0.40044993925253164,0.038974359
606,2.7123E+11,117039,0.7953667851304146,0.5464743502167573,0
607,2.7053E+11,107222,0.8601036180300143,0.7567999878912002,0
608,2.70371E+11,129191,0.9129612023371694,0.7896138376882312,0.013941698175643877
609,2.70371E+11,131250,0.9056924307077958,0.8413391435030693,0
610,2.7053E+11,73750,0.5893719735583095,0.7042253379431522,0.021317829
611,2.71631E+11,85490,0.6610455274814754,0.5801886737718049,0.041424418303601614
612,2.71631E+11,152188,0.6993299773925463,0.7229729632030681,0.012415349747005082
613,2.71631E+11,106542,0.6529783364035273,0.6049382672117773,0.027336299889788303
614,2.71631E+11,241056,0.8314203670629816,0.7234042413268039,0.041474654
615,2.71631E+11,144438,0.8271531051007589,0.6653543241598984,0.047342192
616,2.71631E+11,177188,0.7317647,0.7217659063473727,0
617,2.71631E+11,214306,0.7512702619132101,0.8935790672201007,0.049484536
618,2.71631E+11,142403,0.670253646,0.9171894489687648,0
619,2.71631E+11,250001,0.7188577020243343,0.7163072728011639,0
620,2.71631E+11,94459,0.7570498860661613,0.7736030753988143,0.008057296
621,2.71631E+11,150134,0.7199999912727274,0.7730061191614291,0
622,5.51091E+11,0,0,0,0
623,2.71631E+11,88750,0.6086248933390978,0.5767590556848715,0.16458333161892363
624,2.71631E+11,163719,0.7974308221597745,0.42334905161144987,0.13483145941169045
625,2.71631E+11,155568,0.8340425460932549,0.7593984867243297,0
626,2.71631E+11,125313,0.7426981816036414,0.6871344828323251,0.072657742
627,2.71631E+11,97670,0.7185929576020809,0.30039525098033104,0.034420289
628,2.71631E+11,153607,0.6389588527375412,0.7594085919434329,0.03490991
629,2.71631E+11,84412,0.7341640629889505,0.623748203,0
630,2.71631E+11,168352,0.7588888804567903,0.7823439759156169,0.042723631
631,2.7053E+11,118125,0.865916061,0.7729528440080292,0.049160671
632,2.7053E+11,90997,0.6671289782645079,0.5684454690435561,0.012331838426773113
633,2.7053E+11,75197,0.7075371512338793,0.7508250783782999,0.027082269
634,2.7053E+11,173708,0.8163934337006182,0.8087349275792933,0.021953896575698174
635,2.7053E+11,97832,0.7440993696385172,0.4709677343392301,0.040935671916145146
636,2.7053E+11,59095,0.674185458,0.27449249537076353,0
637,2.7053E+11,75767,0.6891891829802776,0.5037783311866709,0
638,2.7053E+11,98083,0.7261306441440875,0.48088530219546677,0
639,2.7053E+11,85061,0.5682742558496557,0.6248175136874634,0.007189073
640,2.7053E+11,45192,0.7349536951972953,0.3564356391530243,0.013808975675385781
641,2.7053E+11,155250,0.8237639487738122,0.8069584645683674,0
642,2.7053E+11,187841,0.8386308,0.6292601776453851,0.025252525070328102
643,2.7053E+11,94671,0.7808857717845481,0.5665137484744553,0.002155172
644,2.70191E+11,207969,0.8397548087587144,0.6773700202237001,0.025132274799837637
645,2.7053E+11,222531,0.8307379767722547,0.675999993,0.009769094
646,2.7053E+11,91714,0.6166495311752361,0.3315789415512467,0.057923497
647,2.7053E+11,115000,0.8287112425985116,0.644135176,0.016917293
648,2.7053E+11,98922,0.7745762580580295,0.4636591362491445,0
649,2.7053E+11,224839,0.919406141,0.7016011542707256,0.02606635
650,2.7053E+11,144141,0.9222797807994847,0.7122207527960479,0.010526315666358881
651,2.7053E+11,104625,0.7175974634605115,0.6672597746039186,0.015463917
652,2.7053E+11,90859,0.5816326471261974,0.35901386195664314,0.13296398707806112
653,2.7053E+11,146875,0.7719907318056628,0.7793522109442873,0.036697247033078036
654,2.7053E+11,86985,0.8228128369566685,0.6517690753860508,0.018998272556161096
655,2.7053E+11,212642,0.8623595457170812,0.6886281526297098,0.024886877640370456
656,2.7053E+11,82750,0.34036938864948035,0.26428570484693914,0
657,2.7053E+11,167955,0.8034124569479788,0.8292108265110621,0.008810573
658,2.7053E+11,80179,0.7613908781607809,0.5777777649382719,0
659,2.7053E+11,93846,0.661878446,0.2556179739379498,0
660,2.7053E+11,203875,0.8640101147121435,0.8035993677339642,0.011931394392756194
661,2.7053E+11,67500,0.621779852,0.3770139594305697,0.12987012866539768
662,2.7053E+11,92813,0.8520452493294582,0.7369033674400074,0.054483540811764576
663,2.7053E+11,114423,0.28433945508014474,0.4603174536750728,0.002518892
664,2.7053E+11,195714,0.8299776193514808,0.8789062328338627,0.026890755850575532
665,2.7053E+11,123696,0.769999995,0.6764360999245475,0.024363233
666,2.7053E+11,95375,0.7711693470648251,0.6788830597053568,0
667,2.7053E+11,175129,0.8448844814778508,0.7473118199213783,0
668,2.7053E+11,203194,0.8238420590444795,0.7331639042800012,0.017039403439409975
669,2.7053E+11,155268,0.8869179535334963,0.8912354710534798,0.013
670,2.7053E+11,142094,0.7355278009588218,0.6076758932265268,0.042718446
671,2.7053E+11,101404,0.8676470537197232,0.6785955389696453,0.008191556
672,2.7053E+11,173889,0.9116080840084336,0.7676767521681465,0.072124755
673,2.7053E+11,147174,0.9290697566387238,0.561837446,0.017271156869237362
674,2.7053E+11,170679,0.8951678878364628,0.767838117,0.02002002
675,2.7053E+11,78882,0.7735644553243288,0.5625744867392791,0
676,2.7053E+11,130893,0.7572712810297658,0.5748355215885237,0.007535795
677,2.7053E+11,127500,0.901976277,0.70921985,0.013574660479924656
678,2.7053E+11,104583,0.7923521529908752,0.5950069306864985,0.006510417
679,2.7053E+11,86629,0.8536018524120693,0.7752707511257153,0
680,2.7053E+11,117500,0.9021739032372402,0.43870966798473837,0.025440312613692513
681,2.7053E+11,143750,0.7585334923067827,0.6993769361467768,0
682,2.7053E+11,164297,0.7739938000619835,0.8098159343595924,0
683,2.7053E+11,190662,0.81996973,0.5660377239824377,0.12529550679319731
684,2.7053E+11,134554,0.820359275,0.6275933544855461,0
685,2.7053E+11,0,0.23566378448025307,0.2073619606458655,0.048180923813363585
686,2.7053E+11,250001,0.8767638675751283,0.9293785179466312,0
687,2.7053E+11,195938,0.8935824460310118,0.8839050015315963,0.073696144
688,2.7053E+11,250001,0.8595696391894718,0.8112582647142672,0.025757575367309465
689,2.7053E+11,170294,0.8486004981094084,0.7066115605149923,0
690,2.70531E+11,184813,0.7822580582075963,0.7369565137287336,0.012108981
691,2.7053E+11,112448,0.9224860270776115,0.4902763511742441,0
692,2.7053E+11,188869,0.8974654274485551,0.6027820617808027,0.033850493
693,2.7053E+11,104135,0.7632729496360215,0.6401816045382338,0.033333333
694,2.7053E+11,86250,0.8594339541562834,0.43196829019856947,0.027716186
695,2.7053E+11,250001,0.9222756336356119,0.8563685559496969,0.046530612
696,2.7053E+11,184635,0.8878923634096807,0.7777777593905968,0.052301254
697,2.7053E+11,67357,0.6333549601988646,0.49632352637056665,0.012324929902941569
698,2.7053E+11,162188,0.895999993,0.6093514236900238,0.041487839177570256
699,2.7053E+11,141490,0.877934267,0.5590872000074393,0
700,2.7053E+11,42317,0.5875706184511011,0.519956257,0.022483939922462847
701,2.7053E+11,99833,0.6640127282800521,0.319999997,0.033444816
702,2.70371E+11,130541,0.8255737650782048,0.6230314899307925,0.010968921289132346
703,2.70371E+11,0,0.742875643,0.3025362291436936,0.016211603957238873
704,2.70371E+11,157344,0.9066807963236395,0.7915869829524478,0
705,2.7123E+11,56935,0.5853304242169177,0.3267233208052567,0.026868178
706,2.7123E+11,41685,0.5803212793140434,0.42981186063948107,0
707,2.70371E+11,142500,0.8718914779812248,0.6811320690459239,0.008641005
708,2.70371E+11,82969,0.7631840720081187,0.47832167163186473,0.024258759780879248
709,2.7123E+11,85972,0.7925591793398064,0.6282722403442891,0
710,2.70371E+11,82386,0.7497517303897544,0.38388624985961695,0.009937888
711,2.7053E+11,172621,0.8063704877923681,0.8234552229072482,0.034870641
712,2.70531E+11,156563,0.8568994816277727,0.5422960643157695,0
713,2.70531E+11,144306,0.8603238779319445,0.7206896427467303,0
714,2.7053E+11,176848,0.8952819229541781,0.7794486117863583,0
715,2.70531E+11,122639,0.8804108519412264,0.7414529835314853,0.014070351617383401
716,2.7053E+11,186563,0.8926056259453731,0.6717877001146969,0.037887485
717,2.7053E+11,145096,0.8042553134449978,0.6156583575119363,0.031141868242717405
718,2.7053E+11,204222,0.8359030744944596,0.7866043491183123,0
719,2.7053E+11,111058,0.7317646972733566,0.5179339954385367,0.038674033
720,2.7053E+11,250001,0.8973746909621159,0.7623376524371733,0
721,2.70531E+11,162125,0.8901515067220501,0.8382352846353475,0.017148981595402128
722,2.7053E+11,170556,0.8729281647385613,0.8018867735404064,0
723,2.70531E+11,148438,0.8428362511488579,0.6896819186215523,0.033063923342660374
724,2.70531E+11,113051,0.6171485481839627,0.6954887087314153,0.056692912
725,2.7053E+11,67500,0.7419913355671746,0.6340150631430026,0.030602171
726,2.7053E+11,129167,0.854771775,0.693467325,0.026275116
727,2.7053E+11,142102,0.8620253055439835,0.8943089249124203,0
728,2.70531E+11,219474,0.8440925597552673,0.8549848813446392,0
729,2.7053E+11,250001,0.8997514424212806,0.7977839261515797,0.026248941352676195
730,2.70531E+11,152438,0.8596287603291327,0.9398496099270736,0.005312085
731,2.70531E+11,186528,0.8797872246831147,0.906856392,0.020987654061880814
732,2.70531E+11,150000,0.854999991,0.7265860917434125,0
733,2.7053E+11,106375,0.8431084920365324,0.6012269815700004,0.024539876798775527
734,2.70531E+11,163676,0.8498467737502884,0.8208744595081177,0.036734693377759274
735,2.70531E+11,224219,0.8654266863738875,0.9193899581832253,0.077405856
736,2.7053E+11,91645,0.8044794140164685,0.7753058868152849,0
737,2.7053E+11,129643,0.8554360710222692,0.593406583,0.081699345
738,2.70531E+11,216591,0.9051987698379299,0.7852412413884462,0.008787346
739,2.70531E+11,168750,0.8530020615631256,0.7445820318176156,0.054687499287923186
740,2.70531E+11,221855,0.8692033190344434,0.9158345090465834,0.037685060058074565
741,2.7053E+11,197000,0.9269972324105065,0.7948717812842431,0.019769357
742,2.7053E+11,192788,0.9129978939937328,0.7822685686796798,0.009944751
743,2.7053E+11,132708,0.8065994426526174,0.6777777670194005,0.007507507
744,2.7053E+11,182552,0.9173955207250193,0.6863309253765335,0.013140604295130035
745,2.7053E+11,83855,0.8826979385855529,0.7257053177789136,0
746,2.7053E+11,144531,0.9241706015138926,0.6631578831024934,0.025682182573319702
747,2.7053E+11,75000,0.6774367222539757,0.4432176621197345,0.034482758
748,2.7053E+11,46111,0.9217603836857344,0.5246098376397379,0.020833333104897662
749,2.7053E+11,129732,0.9085290369773914,0.6326530494869564,0.069999999
750,2.7053E+11,220385,0.8749999917763159,0.6275115822641177,0.019202363084160075
751,2.70191E+11,113966,0.9165551052362556,0.3860139833145875,0.023114355090545286
752,2.7053E+11,160076,0.9170673021810859,0.6858756984646814,0.033742331
753,2.7053E+11,86250,0.9094488117366235,0.3867924476173525,0.017220171989911784
754,2.7053E+11,144250,0.9054966161475736,0.36834318981740843,0.010958903959467069
755,2.7053E+11,114618,0.90061028,0.8198707526666337,0.014492753512641086
756,2.70191E+11,87031,0.9315642327993823,0.19417475351116983,0.008488964
757,2.7053E+11,188750,0.9143576711038077,0.7461368488711513,0.042801556
758,2.70191E+11,97054,0.9478859297159693,0.29682996690446734,0.030263157496537404
759,2.7086E+11,93958,0.9183808830897088,0.24448705422351819,0.014084506925563324
760,2.7053E+11,250001,0.899308974,0.8534621440666321,0.012949640101444029
761,2.7053E+11,132955,0.8609501638360352,0.7379032109293708,0
762,2.70531E+11,91563,0.7858081368487762,0.6701570563672417,0.098333332
763,2.7053E+11,158833,0.8816567942999196,0.8057142703673472,0.015673981
764,2.70531E+11,250001,0.8543983735652338,0.9314844872514766,0.018348623572651015
765,2.70531E+11,104947,0.7614378960549364,0.5933682269918286,0.019197207343853277
766,2.7053E+11,151289,0.8780231243110082,0.7478509921511319,0.047936084581410326
767,2.70531E+11,152344,0.8455723450802123,0.9161849578585989,0
768,2.7053E+11,203750,0.8844375826743054,0.8313659218993943,0.010752688006871153
769,2.70531E+11,167700,0.8932112822790902,0.7717717640463287,0.031531531
770,2.7123E+11,116222,0.612499994,0.591463409,0.029244516415560386
771,2.7053E+11,112692,0.7647058729815457,0.8098360522977697,0
772,2.70371E+11,42026,0.6181556166274946,0.26421636432582274,0.049595687
773,2.7123E+11,95000,0.6487570116378748,0.34767024674229097,0.009881423
774,2.70371E+11,83972,0.6785340243085443,0.2904458561726643,0.092857142
775,2.70371E+11,122539,0.7960591054575458,0.3820816813954983,0.044083526
776,2.7123E+11,48984,0.6994274742421043,0.3333333284169126,0.065771811
777,2.7053E+11,95927,0.8724239364825914,0.6301369791080254,0.020156775
778,2.70371E+11,124875,0.8454258608404901,0.48034933973417754,0.045328399210653104
779,2.70371E+11,55966,0.7705026404067286,0.23789473433795016,0.070967741
780,2.7053E+11,162813,0.8863274969290342,0.8604910618248766,0.036596522995457244
781,2.7053E+11,54561,0.8658318348315579,0.5999999926380369,0.014002333558899259
782,2.7053E+11,236250,0.8035230243425064,0.8677129850288569,0
783,2.7053E+11,89934,0.8740581176097081,0.5919003023068489,0.028037382740850738
784,2.7053E+11,250001,0.9035714231930273,0.8086253296619468,0.029552715418908023
785,2.7053E+11,152750,0.8765560075046057,0.9090908976124887,0.024886877546528536
786,2.70531E+11,96838,0.8343771688630678,0.8186528412574835,0.031015037
787,2.70531E+11,102232,0.7101576119951173,0.685224832,0.066476733
788,2.7053E+11,141520,0.8453085304707648,0.6779660945130711,0.028197381387740368
789,2.70531E+11,140075,0.8426829165526474,0.6651982305594909,0.039445628577338715
790,2.7053E+11,131625,0.7043235606091554,0.49213835704184977,0.024806201165795332
791,2.7053E+11,129524,0.8686401399755769,0.5904058967969754,0.082533588
792,2.7053E+11,149792,0.893533116,0.662955459,0.007393715
793,2.7053E+11,146375,0.806565055,0.5644171692574054,0.013574660428738153
794,2.7053E+11,250001,0.9281524790593478,0.9829683459131789,0.037037036
795,2.7053E+11,130637,0.9215686174121066,0.4296754183975979,0.019736842
796,2.7053E+11,78810,0.8775510118799708,0.47355472972257406,0.021714285466122453
797,2.7053E+11,40816,0.6571061615706071,0.42945544288703313,0.056042031196485514
798,2.7053E+11,242632,0.9174560092360486,0.7473460563196167,0
799,2.7053E+11,106591,0.8916518570901256,0.5708079880902869,0.064489795
800,2.70371E+11,126667,0.7697986525516869,0.4905472588005248,0.007653061
801,2.7123E+11,0,0.8159999891200002,0.457534234,0
802,2.70371E+11,105833,0.652914792,0.15474452328840113,0.018995929185943974
803,2.7123E+11,0,0.8178879222210353,0.6957295249870191,0
804,2.7123E+11,0,0.8624484062936946,0.5464852483790194,0.036281178
805,2.70371E+11,54333,0.657047717,0.31387807634399384,0.021889400669476953
806,2.70371E+11,78167,0.6488636326769112,0.39695340146099106,0.020610686865567277
807,2.70371E+11,88657,0.6915492860345172,0.28832951285287156,0.059245959
808,2.7123E+11,215958,0.8783943225691343,0.9112050547313942,0.060906515
809,2.70371E+11,49135,0.7407142804234694,0.4102564062104891,0.071741032
810,2.70531E+11,85905,0.8385093063539217,0.6692759164525262,0
811,2.70531E+11,156625,0.8632075369904771,0.7724957424024492,0.017886178570956448
812,2.7053E+11,117885,0.8836712819245328,0.7586206782815491,0.068241469
813,2.7053E+11,241563,0.8514356947386306,0.8847457477161738,0.025641025
814,2.70531E+11,116466,0.5243198637731257,0.5836972258559356,0.009831461
815,2.7053E+11,168281,0.8272884211805837,0.6317689454660776,0.047720041911770504
816,2.70531E+11,65250,0.7267657857478479,0.7875457586979576,0.058394158
817,2.7053E+11,231354,0.8715277676906509,0.7457983036596996,0.016891891606555885
818,2.7053E+11,108162,0.8853695190743662,0.7425149552392225,0.012681159
819,2.70531E+11,93571,0.84782608,0.8041871822144436,0.051497005
820,2.7053E+11,144830,0.881845837,0.6950617241045572,0.004683841
821,2.7053E+11,49075,0.5556603721164116,0.42902207525201774,0
822,2.7053E+11,135368,0.9064327352860712,0.3090908997245182,0
823,2.7053E+11,137625,0.9425706386274326,0.5781433539583625,0.04104903
824,2.7053E+11,146217,0.9218240967278168,0.8060605962901746,0
825,2.7053E+11,0,0.9196675772899228,0.1899441314253613,0
826,2.7053E+11,83418,0.7913875522355258,0.4061624611936278,0.15499533001871774
827,2.7053E+11,97143,0.8723404197317791,0.6491896982918046,0.024326672
828,2.7053E+11,72273,0.8743109054651499,0.5069444356433258,0.020866773340822257
829,2.7053E+11,89055,0.5528586809446673,0.42828947086651664,0.021459227336240175
830,2.70371E+11,106378,0.6941272374051612,0.1257014576240016,0.017932489262315516
831,2.7123E+11,168902,0.6825726070272551,0.7829716062942971,0.027982327
832,2.7053E+11,129141,0.8825301071908117,0.7982300743676093,0
833,2.7123E+11,148750,0.8258766526496173,0.7691001567215593,0.065079364
834,2.7123E+11,136042,0.8648648537340431,0.7205128020381333,0
835,2.71631E+11,84516,0.6696606719594743,0.4285714224489797,0.038557213450780926
836,2.70371E+11,139265,0.9067055305470794,0.6661807483064031,0
837,2.70531E+11,102394,0.8815330949022084,0.6249999932650863,0.007352941
838,2.7123E+11,49726,0.736322498,0.5746411455758796,0.049250535120982715
839,2.71631E+11,79167,0.811586352,0.4126420425238491,0.009113001
840,2.7123E+11,151053,0.8431372438805589,0.8197474073507761,0.026137463
841,2.7123E+11,116912,0.6867619596845124,0.5888568627391272,0.005728314
842,2.70531E+11,79792,0.7155425177974046,0.4841883311019794,0.045426259829332544
843,2.7123E+11,103684,0.7577197059653242,0.20597014720427714,0.023985239631132475
844,2.7123E+11,113750,0.8831488206254758,0.8167456427054401,0.038793102890903694
845,2.7123E+11,60329,0.8852173836068054,0.4871165584402876,0.019300361648970307
846,2.7124E+11,0,0,0,0
847,2.7123E+11,61429,0.8383838334023539,0.7187016890463418,0.043801653
848,2.7123E+11,149796,0.8627450839420738,0.8641188776195567,0.026768642
849,2.7123E+11,64719,0.8260869494792247,0.6659116572376936,0.018518518338026136
850,2.71631E+11,91406,0.6095979168664343,0.4551422219881352,0.042229729
851,2.71631E+11,135971,0.7841463366820346,0.5176730447888583,0.008408797
852,2.7123E+11,96364,0.46971026804468596,0.45647320919114726,0.023983316
853,2.7123E+11,85042,0.69030732,0.5571428372448988,0.068181816
854,2.71631E+11,75238,0.554428039,0.5187165719923361,0.01773399
855,2.7123E+11,96806,0.7436781523715155,0.3976311269436358,0.10460250900135971
856,2.7123E+11,72273,0.8375314755978404,0.2653061175267882,0.028286189213208166
857,2.7123E+11,138603,0.8438576252140342,0.7527932855755128,0
858,2.70531E+11,60357,0.8945634119511794,0.4712837758229092,0
859,2.7123E+11,112969,0.8093716633719737,0.714463831,0.03464755
860,2.71631E+11,110833,0.659909906,0.6613861320654839,0.019656019495036696
861,2.71631E+11,95750,0.9305157526467354,0.46166806687726986,0.004319654
862,2.71631E+11,150104,0.8750678931283656,0.5877640161124252,0.020735786
863,2.71631E+11,168438,0.7535250944527632,0.7123775537633343,0.028257456607084327
864,2.71631E+11,143466,0.8218829411974181,0.5641547746607989,0.021778583996758912
865,2.71631E+11,250001,0.7200577148624985,0.8204697917745823,0.010130245946959146
866,2.71631E+11,170758,0.8340983551862403,0.6468864421473521,0.021970233720976375
867,2.71631E+11,155781,0.8011126527533025,0.6485532770038583,0.033613445
868,2.71631E+11,149974,0.7859030802383123,0.8164739825399279,0
869,2.7123E+11,130000,0.8770053382138466,0.9094890378176783,0
870,2.7123E+11,69052,0.4253996409822412,0.49273255097772456,0.082368081
871,2.7123E+11,118281,0.6882621898760504,0.5063063017449883,0.004765687
872,2.7123E+11,37833,0.2075471686924681,0.3129713400228406,0.093899931
873,2.7123E+11,177739,0.8893844702106649,0.9813083928727404,0
874,2.7123E+11,133333,0.8583128512832691,0.7291925375255586,0.007415254
875,2.7123E+11,61368,0.6679104394538503,0.5439560339934792,0.028571428091236504
876,2.7123E+11,112917,0.8778550061782026,0.704081621,0
877,2.7123E+11,57115,0.8326216837521633,0.6759720770092514,0
878,2.7123E+11,126607,0.870056489,0.7687861160580042,0.040640393588172494
879,2.7123E+11,177143,0.9129901848898262,0.8571428340392768,0
880,2.7123E+11,111344,0.8525214000711571,0.6151260400819153,0.027888445844774956
881,2.7123E+11,92969,0.8537832223539548,0.887892367,0
882,2.7123E+11,131106,0.8183520522626212,0.6589805745269348,0.02510917
883,2.7123E+11,78240,0.8077889345755159,0.5058004581693682,0
884,2.70531E+11,111875,0.8722397338763449,0.732888135,0.078464106
885,2.7123E+11,58889,0.4140164875499618,0.17486818827005107,0.036954914730562345
886,2.7123E+11,54485,0.726732659,0.6796338517246259,0.093999998
887,2.7123E+11,59559,0.21886792315177409,0.14460284985129482,0.041074249
888,2.7123E+11,81250,0.8529862043953108,0.6375358074851604,0.020779220509360773
889,2.7123E+11,90893,0.4746600712320144,0.4720439920069295,0.001629992
890,2.7123E+11,95341,0.5964083119432106,0.3585951874566509,0.018581080767211475
891,2.71631E+11,97440,0.5536723085639504,0.6327345183086923,0.076923076
892,2.7123E+11,0,0,0,0
893,2.7123E+11,101818,0.8693424349330279,0.8359579942787665,0.035028248
894,2.70531E+11,105521,0.8441901334138193,0.5573333259022223,0.023839397442416595
895,2.7123E+11,114167,0.8679245228432421,0.7548928168229934,0.013353115627944246
896,2.70531E+11,149572,0.8923766682753862,0.8524355178734166,0
897,2.7123E+11,126667,0.847422672,0.9083333207175928,0.025404157
898,2.7123E+11,68438,0.86478227,0.8277634748646923,0.015238095092970524
899,2.7123E+11,75469,0.8878968165883252,0.6557970895688934,0.063118811
900,2.7123E+11,139464,0.6289381490205583,0.28163265018742195,0.050246305
901,2.7123E+11,126875,0.8595706542077759,0.7997218247604754,0.026420078911227492
902,2.7123E+11,94750,0.8372294299806976,0.7458791106335287,0.022321428372130105
903,2.7123E+11,0,0.6356720149140151,0.9999983333361112,0.050434782
904,2.71631E+11,112688,0.7611285218738024,0.527663084,0.005259204
905,2.7123E+11,80938,0.7416777531068209,0.34707903183713007,0.025764894915219085
906,2.7123E+11,119833,0.8613485198352467,0.849681518,0.038869257
907,2.7123E+11,86688,0.7685950322479925,0.659428564,0.046789989
908,2.7123E+11,22870,0.36188022947920007,0.11559632921471258,0.012213740364780607
909,2.7123E+11,93594,0.5751138044376798,0.15947136423373248,0.009868421
910,2.71631E+11,61010,0.6311203293314509,0.44622578192233947,0.10346695501913893
911,2.7123E+11,0,0.8797595146304633,0.9999994736844876,0.030769230506245894
912,2.7123E+11,85389,0.8717067483195103,0.8821838953709211,0.052631578
913,2.7123E+11,114444,0.8904823873470354,0.8387681007469547,0
914,2.7123E+11,138000,0.8934740797171393,0.718604634,0.016506189594137695
915,2.7123E+11,121667,0.8443298882027847,0.7728706502701791,0.025258323
916,2.70531E+11,134643,0.8507042133703632,0.8336052066296051,0.038284839
917,2.7123E+11,60089,0.8349999940357143,0.6244086979715355,0.015094339508721966
918,2.7123E+11,91287,0.7419354789865998,0.5627996110949223,0.12797618952398668
919,2.71631E+11,155833,0.7254685697302252,0.6637036938710564,0.023456789833866794
920,2.71631E+11,147875,0.7276995219753577,0.7694235396134451,0.049999998863636395
921,2.71631E+11,129875,0.75852272,0.6473429847448795,0.090066224
922,2.71631E+11,191172,0.663173649,0.8951999928384001,0
923,2.71631E+11,69537,0.6683997650583492,0.6909814277786378,0
924,2.71631E+11,92397,0.5990853628095256,0.5541727631466122,0.027594480938245465
925,2.71631E+11,78235,0.6076554987580413,0.4558823492166475,0.031667839
926,2.71631E+11,109432,0.6852756407168483,0.4299802718936857,0.054427294440070724
927,2.71631E+11,96111,0.9278445797609197,0.3949930404034348,0.015681543839788373
928,2.70531E+11,113333,0.8188153238779153,0.7808764836536988,0
929,2.7053E+11,186875,0.8995929321629181,0.775401056,0.011986301164618131
930,2.70531E+11,95250,0.6208053587113195,0.6415662457359566,0.067256636
931,2.7053E+11,114167,0.8053375069805729,0.6808942951037745,0.051660516
932,2.7053E+11,151625,0.8310756905890383,0.7152133514358687,0
933,2.7053E+11,65938,0.7296466861805425,0.4841953953420202,0.012626262466840121
934,2.70531E+11,105568,0.8146929735231034,0.753561243,0.016752577103703904
935,2.7053E+11,151625,0.9145454462314051,0.7971952449062002,0
936,2.7053E+11,88214,0.7265917534963319,0.6212832453633296,0.03488372
937,2.70531E+11,111346,0.8231481405264062,0.6487148023413121,0.020474138
938,2.70531E+11,86736,0.8754901874951942,0.8511627775013523,0.024745269
939,2.70531E+11,119886,0.7833511122374481,0.5476694857238402,0.008154944
940,2.7053E+11,0,0.14172185242752514,0.26647563706373534,0
941,2.70531E+11,111800,0.5604203103290691,0.49649532130262475,0.050163576334094045
942,2.7053E+11,156250,0.8870402724427296,0.794594584,0.028290282554855075
943,2.70531E+11,111895,0.8511488426458658,0.8070175320611472,0.013422818611774247
944,2.7053E+11,57292,0.7074829851759299,0.643192473,0
945,2.70531E+11,103906,0.8596059007437697,0.5530302925562445,0.028368793823248337
946,2.70531E+11,103370,0.8056300160103216,0.7446808378602688,0.037704917
947,2.70531E+11,149273,0.8158536485871507,0.7891156328381695,0.037704917
948,2.7123E+11,158289,0.8806146468012453,0.6998444681206148,0
949,2.7123E+11,100481,0.7635327526562287,0.40714284987244914,0.00660066
950,2.7123E+11,219375,0.8770614561160202,0.8472906195248616,0.056650245
951,2.7123E+11,76932,0.416867467,0.3307086570773142,0
952,2.7123E+11,57635,0.3773134305832034,0.12295719748671442,0.005239521
953,2.7123E+11,102813,0.482876707,0.15698586880712923,0.070603337
954,2.7123E+11,120833,0.7549271571985676,0.588764038,0.050955413
955,2.7123E+11,85882,0.5981308373948234,0.3956284109767387,0.014659685710369784
956,2.7123E+11,56146,0.7318708060215063,0.48603773218084734,0.032028469522929044
957,2.70531E+11,108272,0.8561564918739184,0.6505717833472454,0
958,2.70531E+11,74375,0.7283343532370353,0.5158437692273856,0.021854304491031096
959,2.7053E+11,101786,0.6812427999856985,0.7519841120638073,0.031413612
960,2.70531E+11,48984,0.6666666584665848,0.6178571318239798,0.054662379
961,2.70531E+11,151705,0.8074596692796404,0.9356435489167731,0.04264099
962,2.7053E+11,60375,0.461904758,0.3161434906694285,0.020588234991349486
963,2.70531E+11,0,0.8748537909373826,0.9457917126135277,0
964,2.7053E+11,160882,0.8758974269138725,0.7268041112232971,0
965,2.70531E+11,115833,0.8849270521081516,0.6539006999446709,0
966,2.70531E+11,114405,0.8418418334149966,0.5764705746712806,0.075630251
967,2.70531E+11,107552,0.7559931442123875,0.6937944995544812,0.032064128
968,2.7053E+11,135145,0.8548094296296785,0.5864440020977996,0.05
969,2.7053E+11,81333,0.7936507839603079,0.7260273848282982,0.028475711415817232
970,2.7053E+11,160298,0.8847765301342422,0.6639344194269015,0
971,2.7053E+11,188203,0.9281221839342122,0.6493506423230451,0.012072434486192812
972,2.7053E+11,48684,0.893886961,0.30685920392984833,0.038695412
973,2.7053E+11,62218,0.7706834463068035,0.4749999948369566,0.009656652
974,2.7053E+11,195893,0.9406976634802597,0.7130801537324862,0.001956947
975,2.7053E+11,113594,0.9093078704695234,0.4431554490088519,0.042682926540088574
976,2.7053E+11,131066,0.9446640222859286,0.7154362320075673,0.015258215783354276
977,2.7053E+11,198214,0.8640645913315668,0.7416666460648155,0
978,2.70531E+11,119531,0.7829698776430958,0.7017045354871515,0.008917197
979,2.70531E+11,149615,0.4425981806254051,0.6817204154468728,0.042682926
980,2.7053E+11,88611,0.5396551677615934,0.4055415566052701,0.034441804816605644
981,2.7053E+11,32639,0.3561643800766695,0.3903576922183874,0
982,2.7053E+11,136776,0.8278741115743474,0.6379460344826281,0
983,2.70531E+11,91898,0.6993801580642546,0.6377473266705126,0.028806583966987875
984,2.70531E+11,109346,0.8358413018352764,0.3575025140231368,0
985,2.70531E+11,69708,0.7061252532269425,0.7121033993877391,0.05585392
986,2.70531E+11,70568,0.2644466183697687,0.2560975557703749,0.023112480383474878
987,2.7053E+11,82337,0.7342823163193083,0.5925925838134433,0.023224043398578642
988,2.7053E+11,145950,0.924479159,0.7037861836994858,0.022549019
989,2.7053E+11,84271,0.9235601997532964,0.7173553600437131,0
990,2.7053E+11,114127,0.8203556050254102,0.5866441201467107,0.008842444
991,2.7053E+11,198750,0.9742765116675802,0.8239644848525964,0.024999999652777785
992,2.7053E+11,85912,0.8605363918732843,0.5442247602057777,0.024414062261581423
993,2.7053E+11,77115,0.8529784483334699,0.5360531258438983,0.013489208511787693
994,2.7053E+11,77734,0.6698795126917308,0.3885429590467876,0.009355509
995,2.7053E+11,0,0.8624535235831458,0.24297752467728195,0
996,2.7053E+11,109750,0.7367549607884524,0.5721212051864096,0.016969696764003676
997,2.7053E+11,131935,0.8977099168113747,0.5466666600404041,0.01626898
998,2.7053E+11,95446,0.8350071616211311,0.77414074,0.05564648
999,2.70531E+11,113929,0.6793981402847438,0.36497325715276396,0.069392812
1000,2.70531E+11,69129,0.7826467941924032,0.7897934290426072,0.033775632885698036
1001,2.70531E+11,67981,0.5545243587324573,0.38727415249588254,0.041920731
1002,2.7053E+11,213644,0.9118236381580798,0.9088607479891044,0.031141868
1003,2.7053E+11,78721,0.8366972400303005,0.5325953194022716,0.003344482
1004,2.70531E+11,64630,0.8093492134798422,0.5168295275045655,0
1005,2.70531E+11,88542,0.7933390196982151,0.6644920720923386,0.039036545
1006,2.70531E+11,97679,0.5243902359086855,0.4637002233325475,0
1007,2.70531E+11,84643,0.32340425187867816,0.3083475245596674,0.10027855013539624
1008,2.7053E+11,66953,0.6670135206346148,0.595879547,0.036553524
1009,2.7053E+11,63125,0.37037036564022524,0.39292364258987633,0.035928143174728394
1010,2.7053E+11,58490,0.5761589340379809,0.5168918831606101,0
1011,2.70531E+11,98244,0.5991902773361308,0.6595744580611784,0
1012,2.70531E+11,104250,0.5145038089388732,0.6348623736722501,0
1013,2.70531E+11,90458,0.7118030361201808,0.542399996,0.055469953
1014,2.70531E+11,87679,0.8267394157334322,0.37121211558769523,0.073593073
1015,2.7053E+11,98167,0.8939890612678791,0.8288834850863654,0.01431718
1016,2.7053E+11,75469,0.5917496359637321,0.2156448157368961,0.082918738
1017,2.70531E+11,62300,0.609281428,0.5706106761333841,0.082258063
1018,2.70531E+11,92015,0.7981651309577554,0.802469129,0
1019,2.70531E+11,69565,0.5638067731520781,0.4113667062061339,0.022194820934712443
1020,2.70531E+11,177083,0.8330708530225063,0.8801430969562952,0
1021,2.7053E+11,67895,0.7402666627185778,0.6431372498577471,0.013142174353989402
1022,2.70531E+11,85685,0.7764227579152622,0.7515657541590214,0.015549076622457953
1023,2.70531E+11,90391,0.5702564044076266,0.5921501605435127,0.017064846125173276
1024,2.70531E+11,95515,0.23801916742796192,0.4116575517002268,0.063977746
1025,2.7053E+11,79421,0.349240777,0.530351429,0.00896861
1026,2.70531E+11,49375,0.7700760712588667,0.7627291164691536,0.019626168040876933
1027,2.70531E+11,103828,0.6780487694626217,0.6518046570742111,0
1028,2.70531E+11,97542,0.6051844406262767,0.5161290246901903,0.035532994472931546
1029,2.70531E+11,98281,0.8067484538842262,0.6405353606016184,0.024856596083047876
1030,2.70531E+11,89583,0.7463976873544891,0.5445544477432186,0
1031,2.70531E+11,108864,0.6677704157407813,0.6569948118446134,0.031662269
1032,2.70531E+11,115438,0.8717126307138382,0.816108333,0
1033,2.70531E+11,100417,0.7678571352395126,0.4856278292643294,0.045197739
1034,2.7053E+11,95000,0.7823343766316049,0.727963515,0.011695906261755757
1035,2.7053E+11,59830,0.7053045117357121,0.4380664608452522,0.023668639
1036,2.70531E+11,0,0.85972221,0.8193760128181279,0.029275808
1037,2.7053E+11,81964,0.7892857048894559,0.6911764592945023,0.0124533
1038,2.7123E+11,59871,0.8546511503684426,0.671559621,0.016077170159531026
1039,2.7123E+11,140769,0.6737400470933683,0.7619047538422777,0.017509727456131056
1040,2.7123E+11,67857,0.8540925165588077,0.7793880711853773,0.042763157
1041,2.7123E+11,77908,0.850102661,0.7082706660410426,0.006906077
1042,2.7123E+11,115750,0.8153846084155162,0.8414217304072336,0.017726161260842536
1043,2.7123E+11,0,0.1764704844291268,0,0
1044,2.7123E+11,81840,0.27473497990516804,0.37357258770680934,0
1045,2.7123E+11,52303,0.7091702994832288,0.6030150678013183,0
1046,2.7123E+11,42546,0.6481068970143998,0.44774589705178386,0.017890771959597252
1047,2.70531E+11,97679,0.8165137521042001,0.5166402453781261,0.007496252
1048,2.7053E+11,64519,0.7481662500224175,0.6191903955143869,0.028301886
1049,2.7053E+11,67647,0.563614738,0.5406698478362066,0
1050,2.7053E+11,40117,0.8053596501359711,0.5373665384810224,0.021207177468072148
1051,2.7053E+11,59375,0.4233766178782258,0.45801525552124034,0
1052,2.7053E+11,41667,0.4351969476798161,0.3859489015880575,0.10353753146214383
1053,2.7053E+11,79773,0.5273809461026078,0.41956520827032157,0.016100179
1054,2.7053E+11,79330,0.8512973966936388,0.6380208250257705,0.008604206
1055,2.70531E+11,72200,0.4088345826237351,0.4095634053059937,0.20238095066002593
1056,2.7053E+11,67625,0.8027210793342281,0.5788590506902844,0.12688821624483165
1057,2.7053E+11,75027,0.7474747424412476,0.7648428316083489,0.061061946
1058,2.70531E+11,119750,0.8512856090946102,0.7085610135832331,0.023144453127338763
1059,2.7053E+11,56016,0.5170876594786381,0.3521505281679966,0.036247334
1060,2.7053E+11,56989,0.22679692793582046,0.1375661357464797,0.1240808812124919
1061,2.7053E+11,59833,0.2728602759849285,0.3862745022299117,0.034172661
1062,2.7053E+11,112596,0.3453237387487002,0.4756870985656755,0.087703435
1063,2.70531E+11,60500,0.3430830012404506,0.26484750778735944,0
1064,2.70531E+11,71395,0.41252301772545724,0.4801271821929477,0.046838407
1065,2.70531E+11,0,0.4374999943033855,0.14502762230624833,0.120967741
1066,2.70531E+11,47230,0.582210235,0.3344425901091083,0.088186355
1067,2.70531E+11,100455,0.7503121004954795,0.5311871120485491,0.026156941123602794
1068,2.70531E+11,63750,0.7945945860043829,0.6171428483265308,0.047314577
1069,2.70531E+11,95423,0.8085442974007572,0.7713997908217544,0.043935052
1070,2.70531E+11,49763,0.8116666531388892,0.41841491353828775,0.011506276
1071,2.7053E+11,102845,0.8331177123788136,0.6186612450575812,0.033333333
1072,2.7053E+11,75714,0.6045589632848467,0.2897196207529043,0.1106382963030029
1073,2.7053E+11,24973,0.14729645651151985,0.12499999886775363,0.078699743
1074,2.7053E+11,49399,0.4191616735092689,0.38692809951727974,0.14130434672900352
1075,2.7053E+11,144792,0.8425196795110257,0.6763875759511987,0.028021015516453456
1076,2.7053E+11,52308,0.34011299050719784,0.5606060499885218,0.032786884648690624
1077,2.7053E+11,106354,0.8173076792098128,0.4511149150752159,0.041411042309646595
1078,2.7053E+11,78036,0.8322236906494849,0.7683923496350858,0
1079,2.7053E+11,136019,0.8318965427597356,0.620689645,0.021671826
1080,2.7053E+11,148485,0.914984055,0.6996927749639572,0.022236755904272362
1081,2.7053E+11,70952,0.8217821727935171,0.4562499964355469,0.006798096
1082,2.7053E+11,75766,0.6990363180204869,0.5476718342830174,0.024248302383624614
1083,2.7053E+11,250001,0.8981481362678818,0.8568840424477528,0
1084,2.7053E+11,158929,0.9348346864646156,0.6545729353395848,0.018068102723640705
1085,2.7053E+11,194875,0.8716762905008522,0.7150442351319605,0
1086,2.7053E+11,122667,0.8740416162429265,0.6845952966861865,0
1087,2.7053E+11,117266,0.8382838191607941,0.39021163505011064,0
1088,2.7123E+11,98750,0.40152963415213744,0.3933975186602817,0.056144067
1089,2.7123E+11,84861,0.70538461,0.6893687593128114,0.016371077539275886
1090,2.7123E+11,100000,0.7263843569339375,0.701892733,0.013458950020740915
1091,2.7123E+11,133889,0.7643932616085628,0.5382550263321473,0.037037037
1092,2.70531E+11,131438,0.8351800438340714,0.7421652315930879,0.032763532
1093,2.7123E+11,87115,0.8039003163174397,0.7458333229745372,0.017811705
1094,2.7123E+11,108375,0.8627059367812984,0.7977611880764091,0.018691588668588232
1095,2.7123E+11,107545,0.8447893476187434,0.8710106267152843,0.026004727825003217
1096,2.7123E+11,65833,0.6771300372519055,0.4641101232634206,0.048165137246443904
1097,2.7123E+11,32308,0.8586723584866733,0.7430730291417373,0.028697571110428897
1098,2.70531E+11,86726,0.8053830144370289,0.7139979787109972,0
1099,2.7053E+11,90833,0.8429423403383542,0.806320901,0.025660377164827344
1100,2.70531E+11,89828,0.8538960969651291,0.8694581173712055,0.035282258
1101,2.7053E+11,81972,0.7644178434047393,0.7993092831952828,0.055352626986927146
1102,2.7053E+11,64814,0.3092428696694058,0.46850899441832267,0.10143388156434477
1103,2.70531E+11,35507,0.16736990037011323,0.3127571887754243,0
1104,2.7053E+11,53682,0.2504488307859171,0.20562389796794556,0.11385459377428542
1105,2.7053E+11,98750,0.5506155913090589,0.5890410901267995,0
1106,2.70531E+11,32356,0.2330925789028721,0.1813953467279611,0.18938605422074867
1107,2.70531E+11,89176,0.8432760278738521,0.9675810353169447,0
1108,2.70191E+11,99107,0.953316942,0.22183098201001794,0.013574660428738153
1109,2.7053E+11,197895,0.9081544986424507,0.4706723823938143,0
1110,2.70191E+11,142917,0.955176084,0.32713177787392594,0
1111,2.70191E+11,147578,0.938557427,0.20272314368043656,0
1112,2.70191E+11,74400,0.9356321731536532,0.15982404457736005,0
1113,2.7053E+11,103088,0.9230769159046083,0.5562565661802674,0.034383954
1114,2.7086E+11,68068,0.9203628985868806,0.11350919173853564,0.009114583
1115,2.70191E+11,78949,0.927180348,0.18104667353540774,0.010624169845628554
1116,2.70191E+11,105881,0.8915789379833796,0.2724306643975422,0
1117,2.71711E+11,118043,0.94433399,0.4464751919366824,0.003843198
1118,2.70531E+11,45313,0.21111110954732512,0.1335877837101568,0
1119,2.70531E+11,34125,0.45687645155155654,0.4166666570216052,0
1120,2.70531E+11,70500,0.692879908,0.47340425028293354,0.081278538
1121,2.7053E+11,98750,0.8550863641546415,0.5877403775511975,0.078478001
1122,2.70531E+11,0,0.30477031532888416,0.41397849017227434,0.16521738986767487
1123,2.70531E+11,46111,0.46088303283591764,0.3138686093203332,0.042726347
1124,2.70531E+11,71734,0.7782082286769576,0.7441860389869966,0.052313883
1125,2.70531E+11,74531,0.8417207723886301,0.690496943,0.016342412324183563
1126,2.7053E+11,132833,0.8761904642695175,0.7109207556548018,0.025742573747671808
1127,2.7053E+11,189000,0.9239956468621537,0.7965517104042809,0.025449101415432614
1128,2.7123E+11,51375,0.3591476072809376,0.2955575675833403,0.054451802
1129,2.7123E+11,66635,0.6876421479329633,0.3634020571726539,0.036029911
1130,2.7123E+11,88000,0.8208955136365084,0.5560538033474768,0.036649214
1131,2.70531E+11,110074,0.8185419903443583,0.6405307522252021,0
1132,2.7123E+11,82805,0.8029801258031447,0.6545123003234977,0.018503620124669187
1133,2.7123E+11,28618,0.23404255042502897,0.387692296,0
1134,2.7123E+11,61000,0.6696035143964242,0.6782608577693764,0.02872777
1135,2.7123E+11,105375,0.6462264049335471,0.6737967734278938,0.022675736447262212
1136,2.7123E+11,73000,0.7831526206576095,0.5849056551221414,0.027210884122356428
1137,2.7123E+11,32336,0.04556804,0.19371196558101456,0.047725577571024774
1138,2.70531E+11,79810,0.23641495951718447,0.3162184163307383,0.010540184383793252
1139,2.70531E+11,51442,0.47752808653421286,0.5045454488119836,0.062205466
1140,2.70531E+11,84868,0.6901763137257392,0.6317365174889743,0.11049723604285586
1141,2.7053E+11,48438,0.3881118835884396,0.3283582007871095,0.033103448
1142,2.70531E+11,20694,0.13192461375257217,0.15566037552287293,0.11645101555960245
1143,2.70531E+11,46410,0.45772057982131287,0.329983244,0.078220858
1144,2.7053E+11,69757,0.6404494326668156,0.47251772630746697,0.032232704149113965
1145,2.7053E+11,58932,0.7328370493561865,0.4710391782705351,0.02700491
1146,2.70531E+11,65559,0.5716560464040124,0.41924778297292276,0.086393088
1147,2.70531E+11,82195,0.24600355021311235,0.4797601127472247,0.13677419178355882
1148,2.70531E+11,49663,0.21312499866796877,0.33758864769377805,0.009719222
1149,2.70531E+11,62663,0.8261437854500406,0.6616465797023436,0.044678055
1150,2.7053E+11,135000,0.9132420021823288,0.8777429375366465,0.019390582
1151,2.70531E+11,103646,0.8593749921013328,0.7699876904060555,0.036199094613132414
1152,2.70531E+11,30846,0.7401960711745483,0.6637168043699586,0.046276211
1153,2.70531E+11,41417,0.5843971548312461,0.6738281118392947,0.078231291
1154,2.70531E+11,250001,0.8855967005300683,0.796533528,0.035567715
1155,2.70531E+11,114519,0.851361861,0.8033648706270782,0
1156,2.7053E+11,48105,0.5932489401413592,0.5508684795177609,0.038238702
1157,2.70531E+11,0,0.23424878647618105,0.4923325222572032,0.051910598
1158,2.7053E+11,81792,0.5438813282585745,0.4956140278419002,0.052777777044753095
1159,2.7053E+11,229737,0.8952262808727447,0.8050609109178921,0.030327869
1160,2.7053E+11,78750,0.841860452,0.39316238196118575,0.032258063648976786
1161,2.7053E+11,211898,0.9513836877233831,0.7358024600518215,0.014223194592744043
1162,2.7053E+11,183632,0.8752319068866794,0.6973525830484201,0.028927963534157893
1163,2.7053E+11,100000,0.8456140251974968,0.6061643731821169,0
1164,2.7053E+11,95603,0.901616297,0.7931354286351073,0.007462687
1165,2.7053E+11,167708,0.871720108,0.835334463,0.011560693474556454
1166,2.7053E+11,139784,0.8586437358295728,0.6828963710000453,0.031363088
1167,2.7053E+11,92381,0.7689133319269144,0.5020576028383209,0.017889087336510068
1168,2.70531E+11,43125,0.15205811064378638,0.20601851613404495,0.062499999486019746
1169,2.7053E+11,109342,0.7710437645535037,0.746760886,0
1170,2.70531E+11,250001,0.8586350915136832,0.8554502268311585,0.045602605
1171,2.7053E+11,47035,0.7475994410480187,0.5631229142338386,0.0962406
1172,2.7053E+11,41765,0.525364833,0.22645739656437897,0.067911714
1173,2.70531E+11,39208,0.4986571128141709,0.42514969423428606,0.077762618
1174,2.70531E+11,25491,0.13394109302986612,0.18004338004244297,0.070671377
1175,2.70531E+11,15227,0.1285189702751656,0.24999999495967754,0.11449015895366442
1176,2.7053E+11,52941,0.6421911347063971,0.564814806,0.051880674
1177,2.70531E+11,54491,0.4860759432142286,0.4101040057934026,0.056375838
1178,2.7123E+11,97961,0.6294820633534919,0.6233521539858352,0.059210525
1179,2.7123E+11,115833,0.24886466622284592,0.2904109509476452,0.031042127914808697
1180,2.7123E+11,69844,0.5108777155973164,0.5565862657088473,0.012908777857927902
1181,2.70531E+11,95694,0.8005565788445587,0.8330955658616895,0.056511056
1182,2.7123E+11,83929,0.17312348458688276,0.1792828649545246,0
1183,2.7123E+11,61333,0.3670731662552053,0.3820933117012193,0.085253455
1184,2.7123E+11,55288,0.17322834418335506,0.138671872,0.023923444594522416
1185,2.7123E+11,68295,0.3138401528865482,0.239766078,0.024258759780879248
1186,2.7123E+11,108854,0.6970509196501095,0.6807817367823539,0.058355436
1187,2.7123E+11,36845,0.2097844095374427,0.23144104466606924,0.019367991647624958
1188,2.70531E+11,109205,0.7204161154692313,0.7341337781452183,0.037542661475381205
1189,2.7053E+11,41141,0.147331785,0.3210116669063878,0
1190,2.70531E+11,138750,0.7825112019897847,0.775583476,0.029862174
1191,2.7053E+11,0,0.1847313837442848,0.1301369818446239,0.095115679
1192,2.7053E+11,74375,0.8569254055262495,0.7386759453192344,0.051083591
1193,2.70531E+11,51074,0.7493243192613221,0.5292712035288458,0.037095919
1194,2.7053E+11,71912,0.7461752382046228,0.5202821823608273,0.063258232
1195,2.7053E+11,91413,0.8064295430476776,0.7743628127858859,0.026298909
1196,2.7053E+11,147878,0.8695073119905817,0.8691756116635195,0
1197,2.70531E+11,34615,0.26178450958093846,0.1717305129229787,0.03673938
1198,2.70531E+11,163250,0.836998696,0.6644880029523311,0.037974682743150155
1199,2.70531E+11,37298,0.5973451274571228,0.47064989024476006,0.028933092
1200,2.7053E+11,45820,0.2665094323908642,0.15888689264913022,0.1775106069482984
1201,2.70531E+11,35833,0.544497602,0.3856304928793183,0.009888751
1202,2.70531E+11,70385,0.4526431668211105,0.49741601424527115,0
1203,2.70531E+11,58776,0.596032456,0.26987681668670976,0.063203463
1204,2.7053E+11,86250,0.6548279652895229,0.5532953575809979,0.021674140346232135
1205,2.70531E+11,40125,0.158990256,0.11752717311462518,0.013213530585552163
1206,2.70531E+11,250001,0.8698224749133435,0.9814126211633343,0.025906735
1207,2.70531E+11,68516,0.8132715986630278,0.7728459462763625,0.042929293
1208,2.70531E+11,58152,0.8346456610763222,0.7046070397054468,0
1209,2.70531E+11,16875,0.16540540361723888,0.2416225706944873,0.030716723025311896
1210,2.70531E+11,62344,0.749114517,0.6893982768515858,0.030689329411287394
1211,2.70531E+11,28118,0.419064744,0.3273092303753167,0.058823528476573475
1212,2.7053E+11,19089,0.30848532665753114,0.28023951760192195,0.061538461
1213,2.70531E+11,38370,0.7042682855257288,0.6299734664459753,0
1214,2.7053E+11,30000,0.6700879667142527,0.2462686521218535,0
1215,2.70531E+11,28229,0.40048543446307383,0.31702543410909134,0.026748971009952188
1216,2.70531E+11,52863,0.6402116364479034,0.7221418129936062,0.045747422
1217,2.70531E+11,76492,0.7194174687435198,0.6662484232591164,0.046706586
1218,2.70531E+11,203750,0.8571428442534911,0.8303964574802543,0.015296366820337155
1219,2.7053E+11,31083,0.3117229101978427,0.14737991105480447,0.074702886
1220,2.70531E+11,53740,0.41375545399830294,0.22478069928968533,0.058114034
1221,2.70531E+11,29144,0.4315789408785122,0.4503205056038381,0.06300268
1222,2.70531E+11,13064,0.11233885716078401,0.054263565365663124,0.075666379
1223,2.70531E+11,68977,0.1401425161503264,0.19523809058956929,0.050933785
1224,2.70531E+11,23772,0.019206939,0.12925562533608986,0.12209567142553224
1225,2.70531E+11,47386,0.6931447149821033,0.698394487,0
1226,2.70531E+11,49911,0.6227436710696088,0.8675496114205555,0.018867923934970946
1227,2.70531E+11,26458,0.7077826673437396,0.23579544784672024,0.11768530482649348
1228,2.7123E+11,92031,0.8525179794782879,0.7319672071150229,0.040963855
1229,2.7123E+11,69926,0.41777777313580255,0.5101009972196718,0.026070763
1230,2.7123E+11,39101,0.5247677937342446,0.21691175673118543,0.28909951921565125
1231,2.7123E+11,41875,0.37318840128999514,0.3873873804074346,0.060553632
1232,2.7123E+11,0,0.3529409688582536,0,0
1233,2.7123E+11,81477,0.47697367898055176,0.4669926593277181,0.052216748254022186
1234,2.7123E+11,46302,0.6957383479114139,0.6364812336807085,0.016726404
1235,2.7123E+11,85750,0.5005464426169788,0.43902437953599077,0.036281178
1236,2.7123E+11,52036,0.5250909052720661,0.4307116064540112,0.020817270464014877
1237,2.7123E+11,87063,0.7331606154303919,0.6895674124792007,0.046580773
1238,2.7123E+11,58875,0.3437499970967061,0.3275632446396372,0.048578198
1239,2.7123E+11,92321,0.6998635648040442,0.6864728105376383,0.076571428
1240,2.7123E+11,58106,0.7405691545958362,0.6204575959561562,0.048192770637694435
1241,2.7123E+11,125417,0.8143133304774984,0.7600671013411561,0
1242,2.7123E+11,101328,0.58730158,0.5878378245982472,0.042087541378997624
1243,2.7123E+11,0,0.13636357438019348,0,0
1244,2.7123E+11,87692,0.7641891840257488,0.6335676569985268,0.086077844
1245,2.7123E+11,21311,0.4158004114781662,0.039999999,0.13390313008822993
1246,2.7123E+11,0,0.8271604824806519,0.631313115,0.041841003308765626
1247,2.7123E+11,50640,0.6323943572902203,0.4575070756727043,0
1248,2.7123E+11,44840,0.23067010012023068,0.3171806097537311,0.14143426013079163
1249,2.7123E+11,15417,0.2487745067552144,0.083182639,0.013050571
1250,2.7123E+11,0,0.7499990625011719,0,0
1251,2.7123E+11,11127,0.066731141,0.090909088,0.14603174139581773
1252,2.7123E+11,92167,0.4484911503799048,0.6325301014298162,0
1253,2.7123E+11,73750,0.346376809,0.43450064287288404,0.040650406090951156
1254,2.7123E+11,78750,0.22881355716748064,0.2634803889279364,0.043103448
1255,2.7123E+11,53333,0.6937459658688203,0.39258750588478036,0.050869285
1256,2.7123E+11,71938,0.15979043772239399,0.2994440007986974,0.054095826475302734
1257,2.7123E+11,36226,0.11752577198427039,0.072033897,0.030100334
1258,2.71631E+11,38971,0.4341636959173939,0.10646387630296814,0.020967742
1259,2.7123E+11,40375,0.23596357939329607,0.18327401809120966,0.024719100845852802
1260,2.7123E+11,68313,0.27288578663569496,0.2929515353975433,0.010479041759295782
1261,2.7123E+11,38798,0.27840908969226796,0.24326240962225243,0.08201701
1262,2.7123E+11,60444,0.4860335127648951,0.5273631709611152,0.003937008
1263,2.7123E+11,43125,0.36195121598096375,0.2132505131832192,0.023659305620515686
1264,2.7123E+11,27169,0.2754285698546939,0.1276391542453056,0.061299176
1265,2.7123E+11,0,0.24854044830241495,0.1703296679899771,0.034438775
1266,2.7123E+11,0,0.722222088,0,0
1267,2.7123E+11,76607,0.37451984395313803,0.32366697545681034,0.027977617682033433
1268,2.7123E+11,30797,0.16012810119993515,0.37580992708833855,0.061151078
1269,2.7123E+11,75714,0.5743772201111942,0.6083916030734999,0.021011673
1270,2.7123E+11,52788,0.6726114563998541,0.3733552570171833,0.15515288612510889
1271,2.7123E+11,53529,0.25436408766114643,0.16167664477033958,0.005405405
1272,2.7123E+11,0,0.098222637,0.11363636164971397,0.023006134616470327
1273,2.71631E+11,102188,0.6714943997926636,0.1366508677989663,0.010471204119952853
1274,2.71631E+11,54333,0.6848118233547592,0.25771971190356635,0.004077472
1275,2.71631E+11,0,0,0,0
1276,2.7123E+11,66528,0.5467625873056949,0.6162089710903619,0.005896226
1277,2.7123E+11,58167,0.2982086391032211,0.1779359409497516,0
1278,2.7123E+11,37143,0.1682242968194353,0.21844659663964572,0.075203251
1279,2.7123E+11,122026,0.8199233611759469,0.7158273252549042,0
1280,2.7123E+11,62045,0.1874633849592069,0.12461695480472978,0
1281,2.7123E+11,34000,0.041881812725864526,0.1469740619887218,0.050704225
1282,2.7123E+11,90750,0.711849186,0.7137096678264829,0.039408866509743026
1283,2.7123E+11,87554,0.2627484851966423,0.2247190975165474,0.002985075
1284,2.7123E+11,82782,0.3475490179041715,0.17679180766695013,0.047225501
1285,2.7123E+11,76494,0.28119348751181295,0.2935916498719575,0
1286,2.71631E+11,0,0,0,0
1287,2.7123E+11,97344,0.2988929861725739,0.11111110994642442,0.099537036
1288,2.7123E+11,45938,0.46285713844897963,0.17169373350703326,0.055374592
1289,2.7123E+11,28625,0.5105431277281589,0.6328671107389122,0.089139343
1290,2.7123E+11,80076,0.398831261,0.26073298156300545,0.019699812197937972
1291,2.7123E+11,85175,0.47360481940264226,0.4112149404605938,0
1292,2.7123E+11,0,0,0,0
1293,2.7123E+11,93030,0.4559902172616735,0.1530128628773672,0.036892118295739976
1294,2.7123E+11,73438,0.4522167443131355,0.43239795366839345,0.062801932
1295,2.7123E+11,65357,0.15274948927953677,0.040760868,0.083507305
1296,2.7123E+11,36667,0.27545691546400897,0.26436781102743656,0
1297,2.7123E+11,36199,0.18735083308650557,0.074355082,0.061224489
1298,2.7123E+11,82072,0.7723935332423383,0.6691449731208802,0.046106556904645934
1299,2.7123E+11,84000,0.2793448564208839,0.3027295210240814,0.064960629
1300,2.7123E+11,81635,0.6966463361536103,0.488505742,0.055694098
1301,2.7123E+11,42019,0.7178571343112247,0.7318255132176815,0.069512194
1302,2.7123E+11,101818,0.6768826560693287,0.5453551852966646,0.048414023
1303,2.7123E+11,31591,0.6581782501647576,0.4873949497916815,0.043422733
1304,2.7123E+11,76111,0.2783705113640106,0.24737630813528774,0.062095730115191074
1305,2.70531E+11,75875,0.7991525356004022,0.7659774364099865,0.047337277706362826
1306,2.7123E+11,60368,0.4772400552120744,0.576190472,0.005905512
1307,2.7123E+11,91528,0.3545383991114166,0.1399662708268757,0.037552155
1308,2.7123E+11,59400,0.2103694862314095,0.15531335008798047,0.15455140697739747
1309,2.7123E+11,56715,0.20554854851482632,0.1837140001617279,0.036104114
1310,2.7123E+11,78021,0.5776340057519963,0.8877005189358197,0.060869565
1311,2.7123E+11,70333,0.31129476155241376,0.5249999890625002,0.034548944
1312,2.7123E+11,38438,0.1658064505431842,0.2030178298625812,0.019845645
1313,2.7123E+11,42143,0.2702702675648622,0.036624203,0.085603112
1314,2.7123E+11,35893,0.32503276113980656,0.3614718536477954,0
1315,2.7123E+11,64271,0.41197690900449563,0.19016393234793516,0.095281306
1316,2.7123E+11,64211,0.4861215267357725,0.38342696090692474,0.00630517
1317,2.7123E+11,54219,0.24221789765458218,0.18125552448049934,0.040060468
1318,2.71631E+11,152880,0.8342370190996358,0.6550607234408039,0
1319,2.71631E+11,116875,0.9287189986702583,0.5148809447190336,0.035809018092718595
1320,2.71631E+11,179426,0.791666663,0.7221570883812598,0
1321,2.71631E+11,213269,0.8466666572592594,0.6362126140164018,0
1322,5.51091E+11,0,0,0,0
1323,2.71631E+11,53309,0.5219033193209719,0.14007781919484022,0.034653465
1324,2.71631E+11,155481,0.9236894431075684,0.6016483461387514,0.00394011
1325,2.7123E+11,0,0,0,0
1326,2.7123E+11,0,0.1742100753696834,0.14766838995677747,0
1327,2.7123E+11,69643,0.5958701977010296,0.4229979379261204,0
1328,2.71631E+11,50750,0.5150187702439376,0.1862312428399714,0.050946142278412355
1329,2.71631E+11,63750,0.7237196716730481,0.22412060076260704,0
1330,2.7123E+11,64792,0.2267290679837282,0.2642390264776935,0.05019305
1331,2.7123E+11,49554,0.1921733040379224,0.09021739,0.042228212
1332,2.7123E+11,25000,0.2681912654034172,0.026315788979026523,0.15373352629965556
1333,2.71631E+11,65417,0.7657534141677614,0.5407801322556715,0
1334,2.7123E+11,77973,0.33459356961631787,0.1308139515870065,0.018446601762654353
1335,2.7123E+11,69783,0.6960387979301633,0.6955223776787705,0.009183673
1336,2.7123E+11,78438,0.7139588018997849,0.612640157,0.009118541
1337,2.7123E+11,56505,0.2157652461693599,0.17506193084176772,0.068707991
1338,2.7123E+11,32833,0.5218901979020835,0.3857142817784257,0.017664377
1339,2.7123E+11,71875,0.2891036881449588,0.19512194857558335,0.015011547170767353
1340,2.7123E+11,21136,0.20263788725853854,0.27386933985252915,0
1341,2.7123E+11,101385,0.24125873844686785,0.25641025428941067,0.002304147
1342,2.7123E+11,56969,0.2680288445430959,0.11352656867721536,0.011133603126178107
1343,2.7123E+11,104038,0.22062004166820445,0.194831012,0.012491325381739589
1344,2.7123E+11,50573,0.30006123514965566,0.17391304137786182,0.053971486212102994
1345,2.7123E+11,57163,0.5814249289895047,0.7347825927221175,0.010909090710743806
1346,2.7123E+11,77422,0.6242235960225301,0.4553928035233981,0
1347,2.7123E+11,66332,0.18587662186788456,0.009411764,0.27586206395894625
1348,2.7123E+11,82750,0.2557172530590722,0.2605633766117834,0.045924225
1349,2.7123E+11,58954,0.22875816878452404,0.2073011707001151,0.004995005
1350,2.7123E+11,40208,0.096476025,0.20524017168500477,0.007361963
1351,2.7123E+11,69722,0.31893939152318646,0.12564766676622194,0.022538552520301867
1352,2.7123E+11,143750,0.3716356069188861,0.3048498810063524,0.036836402634491845
1353,2.7123E+11,86483,0.3734827229366693,0.41460794398917356,0.089920948
1354,2.7123E+11,155496,0.8690824028691853,0.6294691190169603,0.017412935236751567
1355,2.7123E+11,31926,0.2559440541542374,0.015977443458858615,0.018882769324289776
1356,2.7123E+11,72467,0.4433352880602743,0.24623655649208004,0.008024072
1357,2.7123E+11,60819,0.2856200508864113,0.12824956450174066,0.011655012
1358,2.7123E+11,86875,0.8348729695742152,0.6477115028056657,0.056728231
1359,2.7123E+11,65703,0.37011884235892323,0.30726256554102566,0.023201856
1360,2.7123E+11,35500,0.19422382531246335,0.086956521,0
1361,2.7123E+11,130357,0.5748855423486884,0.2933141603643842,0.027794204448289745
1362,2.7123E+11,86944,0.6859243625428113,0.9205128087113743,0.064321607
1363,2.7123E+11,94853,0.7787524290569939,0.411510785,0
1364,2.7123E+11,106188,0.327783555,0.18924302411866487,0
1365,2.7123E+11,52396,0.2551928745520345,0.9096509053459774,0.019083969101450972
1366,2.7123E+11,44856,0.23072625569426672,0.277575754,0.037438423276468735
1367,2.7123E+11,68015,0.6642246561144731,0.6347825994959044,0.027413587277549615
1368,2.7123E+11,128690,0.8010012415394088,0.7508960438907519,0.027692307266272198
1369,2.71631E+11,85114,0.7098380982585543,0.4642857032312928,0
1370,2.7123E+11,72000,0.6670113684900583,0.3258003705122341,0.014729950659084277
1371,2.7123E+11,101997,0.7852897415654552,0.7338618263435807,0
1372,2.7123E+11,45735,0.19612970608718774,0.24632352639309404,0.093380614
1373,2.7123E+11,46111,0.19877049078498724,0.1952837126360817,0
1374,2.7123E+11,49327,0.18475991456409274,0.20460357532983184,0
1375,2.7123E+11,68583,0.30687318192765556,0.2514619834023005,0.00877193
1376,2.71631E+11,64375,0.7023901256562056,0.34117646693928916,0
1377,2.7123E+11,0,0.3735705162189261,0.3583814959849423,0.050583657
1378,2.7123E+11,34397,0.12057667024523808,0.29906541590240787,0.056689342
1379,2.7123E+11,100083,0.3544433058790265,0.11782945553752783,0.018005539916820777
1380,2.7123E+11,88493,0.8359030744944596,0.7802606931050151,0
1381,2.7123E+11,71475,0.5569693432216927,0.44661776327124886,0
1382,2.7123E+11,0,0.153921567,0.17647058535178783,0.012269938462117509
1383,2.7123E+11,80875,0.2465663816444318,0.2707253850942308,0.030075187646883054
1384,2.7123E+11,124514,0.8778242604366171,0.8499999898809525,0.045887445
1385,2.7123E+11,74013,0.44844516450989913,0.44278605863716275,0
1386,2.71631E+11,112042,0.7340194976488651,0.38528138194561573,0.073565076
1387,2.71631E+11,90189,0.6605950172398602,0.19525065791336274,0.094512194
1388,2.7123E+11,105250,0.6770833245171443,0.45638944307526486,0.090909089
1389,2.7123E+11,105893,0.8569536367089163,0.5289473637811635,0.020667726385789138
1390,2.7123E+11,77321,0.35137254626374476,0.2780203744101838,0.009501188
1391,2.7123E+11,81800,0.48586117627427794,0.16410255989480615,0
1392,2.71631E+11,77264,0.5825019141788035,0.2806122413187214,0.013447432598442145
1393,2.7123E+11,62736,0.4471733065469263,0.18735891436389487,0
1394,2.7123E+11,118828,0.8397328811374551,0.5936170149615211,0.027001862
1395,2.7123E+11,70170,0.4834437032732483,0.30188678431572014,0.023584905104129597
1396,2.71631E+11,96579,0.7246811648561053,0.3790322536977851,0
1397,2.70531E+11,53348,0.4292803916962731,0.9430379597620576,0.019746121019095612
1398,2.7123E+11,125441,0.7980062917208485,0.5864611220746574,0.015110631326979863
1399,2.7123E+11,0,0.047817047,0.15662649973387552,0.032608695
1400,2.7123E+11,59659,0.5606874268454627,0.6482035831107248,0.011363636220156108
1401,2.7123E+11,64423,0.44198250471147227,0.26007066954013663,0.023545706
1402,2.7123E+11,35087,0.21338155386750118,0.057859208699525475,0.056082148
1403,2.7123E+11,70481,0.3791018965535242,0.18384400858155978,0.014440433039224633
1404,2.7123E+11,62614,0.21189590946780726,0.13479359616854594,0.020820575500180186
1405,2.7123E+11,112583,0.4781725839779433,0.28587829752148913,0.041030534
1406,2.7123E+11,0,0.060356653,0.028824833063750933,0.002670227
1407,2.7123E+11,96667,0.4129235586058033,0.46273636860137524,0.007376185
1408,2.7123E+11,41568,0.12077921999494014,0.35132575424880913,0.041601255560429706
1409,2.7123E+11,54375,0.2337203420811694,0.25251256,0.028571428231292523
1410,2.7123E+11,69773,0.6515270113427799,0.6680383996153855,0.010909090776859505
1411,2.7123E+11,53648,0.7486252886989373,0.651764698,0.090502792
1412,2.7123E+11,59070,0.24728260533583418,0.1779359398943783,0.072635134
1413,2.7123E+11,140292,0.658172226,0.42234331849668505,0.020618556
1414,2.7123E+11,96786,0.43304220936650506,0.49423962564240065,0.037892791
1415,2.70531E+11,97684,0.6603153701687557,0.7046263295044389,0.033426183611238273
1416,2.70531E+11,0,0.7679211452331516,0.5288135413961512,0.075042158
1417,2.70531E+11,94453,0.8087753712588385,0.6162235813481692,0.013504823064277666
1418,2.70531E+11,52125,0.7099737439635991,0.6452205763746218,0.088235293
1419,2.70531E+11,63214,0.620689644,0.5297371987588216,0
1420,2.70531E+11,0,0.6245006630070986,0.482456134,0.080412371
1421,2.7053E+11,105403,0.8643815158252285,0.7295136527014414,0.012247397353047168
1422,2.70531E+11,120694,0.8525226280398108,0.9033391756882395,0.015358361512655948
1423,2.70531E+11,18846,0.416843218,0.8630705036070331,0.072184792
1424,2.70531E+11,74643,0.6592489477155918,0.43867923838554657,0
1425,2.70531E+11,25600,0.5176056292464293,0.7960198608945342,0.048576214
1426,2.7053E+11,200357,0.8467202085226224,0.8782112190465156,0.045415595
1427,2.70531E+11,78301,0.5714285646820713,0.772649559,0.025745257103722805
1428,2.70531E+11,111102,0.8608837900091343,0.6394502777732395,0.042088854
1429,2.70531E+11,93125,0.5471698061587754,0.744773513,0.10100231225133144
1430,2.7053E+11,116563,0.8296774140020812,0.4584500424047615,0.015075376758162675
1431,2.70531E+11,39177,0.47027663054575264,0.8575031417717133,0.052464229
1432,2.70531E+11,21083,0.4588235278695007,0.6151960633530377,0.027522935611480517
1433,2.70531E+11,87479,0.5425531873666172,0.5188284464557694,0
1434,2.70531E+11,64471,0.4507640029646519,0.39799330659985166,0.2409177797235394
1435,2.7053E+11,102330,0.8936755188480704,0.7115384555891434,0
1436,2.7053E+11,91992,0.5063039117033583,0.6999085022881198,0.011955593
1437,2.7053E+11,0,0.693910245,0.6214833600643642,0
1438,2.7053E+11,110153,0.85871812,0.7417721456390537,0.015021459120018175
1439,2.7053E+11,120321,0.8267605575580242,0.47619047234713097,0.006517017
1440,2.7053E+11,180625,0.8582159543829488,0.7248908191427829,0.022756004769203482
1441,2.7053E+11,89750,0.7241847776889622,0.6025758914206449,0
1442,2.7053E+11,73295,0.8940092083501455,0.5268096444127394,0.010701545651586854
1443,2.7053E+11,203495,0.9095505566879183,0.7600348973818944,0
1444,2.7053E+11,110909,0.8447606617754119,0.7416413148437291,0.044817926
1445,2.70531E+11,93091,0.5721200331837364,0.4181568030514883,0.031668696
1446,2.70531E+11,182500,0.842176867,0.9108159349581786,0.00954033
1447,2.70531E+11,109041,0.7306843226783426,0.6747075974071082,0
1448,2.7053E+11,0,0.8034744755323076,0.9064885323189212,0.024251069554193018
1449,2.70531E+11,0,0.6514778298379399,0.18471336403099592,0.026436782
1450,2.70531E+11,83375,0.4425427818760051,0.3611940244597907,0
1451,2.70531E+11,0,0.3417721446883514,0.49999998579545496,0
1452,2.70531E+11,105189,0.23066666359111115,0.5394912913053375,0.060679610914082395
1453,2.7053E+11,32557,0.8358499715740381,0.9459456902849485,0.030460922
1454,2.70531E+11,0,0,0,0
1455,2.70531E+11,22500,0.14490674214557575,0.12470023831294678,0.16638078759536204
1456,2.70531E+11,21918,0.6859027177003185,0.7546173943372719,0.072580645
1457,2.70531E+11,72417,0.42395436456360525,0.7254601115726977,0
1458,2.70531E+11,109464,0.692685921,0.8538812707408103,0.015715467198383234
1459,2.7053E+11,27379,0.5789889369748109,0.4651416071335337,0
1460,2.7053E+11,74188,0.8284714022348728,0.6198347,0.07142857
1461,2.70531E+11,73047,0.7571669349550264,0.6900368876376959,0.027322403873908857
1462,2.70531E+11,8125,0.3047263643690751,0.041850219342506184,0.083682007
1463,2.70531E+11,106389,0.8175872033605581,0.8135021028396447,0.097902097
1464,2.70531E+11,140250,0.7886178797673343,0.821932673,0
1465,2.7053E+11,92361,0.8490853529102843,0.575406019,0.016528925278327992
1466,2.7053E+11,130213,0.8573584840954077,0.5510204015483745,0.035123966579297866
1467,2.7053E+11,99808,0.7352201211621376,0.699447506,0.012621359100763504
1468,2.7053E+11,157289,0.8794749298392014,0.5935918955549427,0.039184952
1469,2.7053E+11,143906,0.826185098,0.6337579577467646,0.010061486807929084
1470,2.7053E+11,163333,0.8613693925497093,0.6829865277480229,0
1471,2.7053E+11,250001,0.9186147106613445,0.7440543517094638,0.028632025147062302
1472,2.7053E+11,144135,0.8538162946066217,0.6770921329070826,0.009855951
1473,2.7053E+11,79519,0.745598585,0.4921780927535729,0.005387931
1474,2.7053E+11,63517,0.6559561077119428,0.536138074,0.013875123747521072
1475,2.70531E+11,33214,0.8109820442925975,0.4640883721498137,0.035694673060435625
1476,2.70531E+11,138503,0.8048268540941569,0.9621668017010593,0.014671814558518808
1477,2.7053E+11,37222,0.2408687044336752,0.17021276317164055,0.023183925
1478,2.70531E+11,76385,0.73487773,0.8197278772155123,0.012330456150860319
1479,2.7053E+11,75190,0.6933995692448576,0.6532846476903413,0.016457680121805016
1480,2.7053E+11,0,0.8018691513844005,0.49135299601878946,0.012012011891771653
1481,2.70531E+11,185446,0.9046692430998202,0.8271604682975164,0
1482,2.70531E+11,40288,0.058210251449085565,0.22521246139925694,0
1483,2.70531E+11,55261,0.5599001617312799,0.38834947685927407,0.011904762
1484,2.70531E+11,52337,0.7050228246116638,0.6404886450176502,0
1485,2.7053E+11,53958,0.079354404,0.16237113192820707,0.03131524
1486,2.7053E+11,53194,0.098603839,0.28985506646262804,0.004769475
1487,2.70531E+11,45966,0.026678141,0.031175059204435033,0.21342925147651676
1488,2.70531E+11,53438,0.626815635,0.41775456373688563,0.011969531969863636
1489,2.70531E+11,110733,0.8462913239830981,0.7798861406082909,0.040441176
1490,2.7053E+11,63646,0.7339197320840036,0.5392156787224696,0.036395147
1491,2.70531E+11,131719,0.8681885061252688,0.9235033157039544,0.037756202
1492,2.70531E+11,129762,0.8644421182018549,0.6616800844455687,0
1493,2.7053E+11,78385,0.35018050120119737,0.4751655550469279,0.055865921007459206
1494,2.70531E+11,96577,0.8443045172048969,0.7689750649918279,0.037398374
1495,2.70531E+11,106356,0.8307967696437174,0.8072653803505008,0
1496,2.7053E+11,62750,0.8123249242834389,0.4126794209009639,0
1497,2.7053E+11,59803,0.8307209944543261,0.6396825295288487,0.016369047375460605
1498,2.70531E+11,55197,0.7641921313952824,0.6282641992586144,0
1499,2.70531E+11,99948,0.8040865287970369,0.5286284883005528,0.016091954
1500,2.70531E+11,86444,0.7640449380970417,0.6281725808607541,0.026912928617873727
1501,2.7053E+11,209770,0.8306976666911845,0.8647281812297323,0.055327868
1502,2.70531E+11,35446,0.13157894617441973,0.2711864349324908,0.016155089
1503,2.70531E+11,0,0.5765765691560287,0.5584415493759489,0
1504,2.70531E+11,69375,0.717314479,0.6210691726246985,0.06371191
1505,2.7053E+11,80391,0.7586750668978697,0.42565597047148734,0.026595744327184253
1506,2.7053E+11,92188,0.8817966798842001,0.6333808754153941,0
1507,2.7053E+11,0,0.2682926174896055,0,0
1508,2.7053E+11,81875,0.8553948736885999,0.5106685560360091,0.074349441
1509,2.7053E+11,121250,0.7982683913569837,0.576298692,0.014430014221789116
1510,2.7053E+11,132875,0.8226415042601163,0.6663685092453622,0.006384677
1511,2.7053E+11,79727,0.5393162347066989,0.547987608,0.021244309
1512,2.7053E+11,240212,0.8504155046129686,0.7370572106667955,0
1513,2.7053E+11,107222,0.8149350583203323,0.5951629800718929,0.026052103947373707
1514,2.7053E+11,84583,0.8983492537067832,0.41919805079953765,0.018498367589789254
1515,2.7123E+11,93229,0.2275449092712778,0.18218352188758524,0.05013624
1516,2.7123E+11,78676,0.7466442890382191,0.8680555404851469,0.08970727
1517,2.7123E+11,0,0.4465832488298051,0.15354330507161018,0.017688679036690105
1518,2.7123E+11,115938,0.3470105469283641,0.19869706516780025,0.021067415434446412
1519,2.71631E+11,145536,0.7560975555516675,0.3557522092411309,0.021772939
1520,2.7123E+11,118688,0.7947284281571212,0.6862745023281644,0.034608379
1521,2.7123E+11,86250,0.7895522329137893,0.726679098,0.093075204
1522,2.7123E+11,132688,0.8069815112219557,0.6603220986775681,0.00754717
1523,2.7123E+11,60750,0.6729559695522329,0.3599003691170564,0
1524,2.7123E+11,75000,0.8385876312914549,0.40374036959581555,0
1525,5.51091E+11,0,0,0,0
1526,2.71631E+11,176833,0.8757170116270426,0.7294589105264638,0.007395234
1527,2.71631E+11,89602,0.8772763192614702,0.3622377571714999,0.057603685972307764
1528,2.71631E+11,197303,0.8403416501948643,0.7342799138993921,0.009785933
1529,2.7123E+11,58750,0.31447587092782137,0.228571424,0.029459901318168554
1530,2.7123E+11,78764,0.43511449828098603,0.5469879386267967,0
1531,2.7123E+11,52759,0.49667994028313495,0.39909296147181494,0.046332045
1532,2.7123E+11,87604,0.6445312437057495,0.36377708415205756,0
1533,2.7123E+11,81618,0.6181818122662027,0.1931506822856071,0.011553273279162089
1534,2.7123E+11,115625,0.5079645972746496,0.388795983,0.025880661208622133
1535,2.7123E+11,82665,0.49272030273777545,0.20430107252283505,0.11239495680257398
1536,2.7123E+11,91287,0.7804583741802368,0.4860907688712918,0.072519083
1537,2.7123E+11,71136,0.582172694,0.26338027798055946,0.024193548061914677
1538,2.71631E+11,68000,0.7333333277777778,0.2967667402220931,0.02792696
1539,2.7123E+11,92500,0.6864766483536893,0.5243902396391038,0.096198603
1540,2.7123E+11,108125,0.6074543964515908,0.4463470268681846,0
1541,2.7123E+11,77321,0.5202172569691174,0.21603375345119197,0
1542,2.7123E+11,147917,0.8049999932916667,0.7727272654097797,0.007020281
1543,2.71631E+11,87898,0.6289635559443276,0.2980582495334151,0.014683152900439313
1544,2.7123E+11,88750,0.8022440280190178,0.4318706597720402,0.058394159518354756
1545,2.7123E+11,90625,0.5616681405353315,0.19280205407709441,0.008905852
1546,2.7123E+11,50833,0.35477940850386575,0.2776659903890143,0.12837837620982473
1547,2.7123E+11,68105,0.5484234203354538,0.5221402165854224,0.034100596
1548,2.71631E+11,0,0.33333305555578707,0,0
1549,5.51091E+11,0,0,0,0
1550,5.51091E+11,0,0,0,0
1551,2.71631E+11,187250,0.9130044761165518,0.5883870891821021,0.016835016646071642
1552,2.71631E+11,56838,0.921855911,0.3121387238130242,0.011811023467046936
1553,2.71631E+11,126641,0.8976936670745496,0.4517374482491317,0.018309859
1554,2.7123E+11,103571,0.6649572592738696,0.6240963780229353,0.025641025355172518
1555,2.7123E+11,90365,0.7043343598735731,0.149293285,0.038291605
1556,2.7123E+11,104079,0.7901572058089049,0.5876190420226758,0.035906642
1557,2.7123E+11,88990,0.48356806754979553,0.3089700894029871,0.025423728382648673
1558,2.7123E+11,81500,0.48953140090198005,0.159709616,0.010802468969097702
1559,2.7123E+11,66473,0.6380628662866367,0.25572518758619356,0
1560,2.7123E+11,78558,0.4503311225141198,0.47368420650522747,0.022900763
1561,2.7123E+11,127346,0.7116237736324421,0.4800498693260615,0.012698412564037963
1562,2.7123E+11,98859,0.7734994249886815,0.7039473568429712,0.012345678842994803
1563,2.7123E+11,59474,0.6223350190625887,0.4184210471260389,0.016374268814336037
1564,2.7123E+11,113287,0.7916018539408732,0.5875299619297372,0
1565,2.7123E+11,65873,0.5272856093034329,0.30458970369138105,0.039509536
1566,2.7123E+11,88750,0.5723641088908703,0.5710503038742251,0.032656023
1567,2.7123E+11,69375,0.5642932989979458,0.30890051547380853,0
1568,2.7123E+11,49531,0.5395962691025135,0.4582781396254551,0
1569,2.71631E+11,37614,0.32969696570064283,0.2987551743255114,0.010600706339197657
1570,2.7123E+11,0,0,0,0
1571,2.7123E+11,85551,0.7538631263370517,0.25553662256326026,0.051562499194335955
1572,2.7053E+11,0,0,0,0
1573,2.7123E+11,58182,0.6730496406166693,0.490811635,0.014587891943195536
1574,2.7123E+11,0,0.43396218227128636,0,0
1575,2.7123E+11,64596,0.7995139635539008,0.5702341041766873,0.067692307
1576,2.7123E+11,0,0.6439135307859667,0.3971774113472296,0.18687872391891205
1577,2.7123E+11,113375,0.7361702049343596,0.48458149068162276,0.022880215035259555
1578,2.7123E+11,113939,0.7929824491843644,0.5328467104667272,0.012690355222585827
1579,2.7123E+11,58472,0.549719884,0.4468085038478951,0.13103448095124853
1580,2.7123E+11,39653,0.7613940950724388,0.17086092488925927,0.007263922
1581,2.7123E+11,136071,0.5736095902550754,0.45725915254736565,0.047738693
1582,2.7123E+11,98935,0.797209295,0.515887846,0
1583,2.71631E+11,106691,0.6545454515702479,0.4237360735915335,0.067477876
1584,2.7123E+11,68750,0.6927609369296217,0.2675544761797279,0.026143790564882457
1585,2.7123E+11,51528,0.5261845342794303,0.321003959,0.048491379
1586,2.7123E+11,66985,0.5107863569186754,0.2726098155993564,0.020768431767721373
1587,2.71631E+11,138750,0.7146092824767312,0.5314183076174299,0.015635622
1588,2.7123E+11,75329,0.8763900732404187,0.5201573203524354,0.035749752
1589,2.7123E+11,41635,0.49034748719210114,0.6370875922970695,0.01722282
1590,2.7123E+11,90534,0.5786035092747916,0.3356725126568859,0.027852169106308684
1591,2.7123E+11,128583,0.6692776298116726,0.46236558903038616,0.020197486444355983
1592,2.71631E+11,98333,0.6870300687309204,0.16479999736320006,0.067142856
1593,2.7123E+11,68393,0.7038068644029075,0.41107871120876516,0.044159543530490834
1594,2.71631E+11,210379,0.8929539234894721,0.6838768053996667,0.001525553
1595,2.71631E+11,206250,0.9183313694575125,0.7138531361555402,0.013020833248562284
1596,2.71631E+11,195625,0.8950276119471324,0.7533556920577904,0.022970903170430275
1597,2.71631E+11,157664,0.8775403810446046,0.6102883818371911,0.019621584
1598,2.71631E+11,107768,0.8740685478832448,0.3982188244501422,0.014238773
1599,2.71631E+11,0,0.3809523708742759,0.014367815679085757,0
1600,2.71631E+11,0,0.37426132387221717,0.008403361,0
1601,2.71631E+11,0,0.9460154180847339,0.39919999680640006,0
1602,2.71631E+11,55833,0.8771106859558098,0.4569816578704985,0.018041236880911898
1603,2.71631E+11,89712,0.773455369,0.43391520655966076,0.031590414
1604,2.7053E+11,73813,0.2541603611636887,0.3540983567858103,0.022335025153959135
1605,2.7053E+11,45250,0.13453815170991867,0.10854092333557076,0.008816121
1606,2.70531E+11,77568,0.22580644947052705,0.26760563037636836,0.00896861
1607,2.70531E+11,94327,0.27293934468942965,0.47017044786689705,0.016089108711768458
1608,2.70531E+11,15485,0.1618589717650806,0.22631578550323184,0.069846677
1609,2.70531E+11,0,0.11764698961941787,0,0
1610,2.7053E+11,119655,0.7982988967399891,0.5743740710696014,0
1611,2.70531E+11,72065,0.63873067,0.5038071002054937,0.034872761
1612,2.70531E+11,89013,0.7290799781364772,0.843157886,0.047673750444148476
1613,2.70531E+11,0,0,0,0
1614,2.7053E+11,84688,0.8425925847908095,0.7274041885220233,0.006271777
1615,2.70531E+11,84886,0.8602150445138167,0.5985552053812673,0.017101710017086318
1616,2.7053E+11,144727,0.8157543282275791,0.5624123343280177,0.021304926
1617,2.7053E+11,78977,0.7644411045428274,0.6058751455829235,0.0251497
1618,2.70531E+11,85147,0.7608381447916319,0.6285266408422677,0.070359281
1619,2.70531E+11,42422,0.16370106567377146,0.21757321265384047,0.06872852
1620,2.7053E+11,64655,0.6191406189537049,0.3026481676841341,0.028469750551960254
1621,2.70531E+11,0,0.5999988,0,0
1622,2.7053E+11,55066,0.10096153724805845,0.31619536462222714,0.2536382483651092
1623,2.70531E+11,90417,0.8240740645361798,0.602329441,0.062780268
1624,2.70531E+11,45625,0.14593077506145205,0.30063290187870567,0.053030301691154004
1625,2.7053E+11,0,0.7380952283320737,0.6306695328149129,0.029354206861952902
1626,2.70531E+11,44091,0.14840182478993352,0.12716762822012098,0.048109965084651034
1627,2.7053E+11,78844,0.7649402339645403,0.5615640552282525,0.086139389
1628,2.70531E+11,118102,0.76870747,0.6729559536806304,0.090692122
1629,2.70531E+11,89327,0.20744680575203717,0.22727272296831966,0.056277055464977556
1630,2.70531E+11,0,0.2022279331428626,0.192520773,0.068123392
1631,2.7053E+11,66607,0.6717741881308533,0.5442176796705078,0
1632,2.70531E+11,75729,0.6585677665144787,0.4841772075288417,0.007407407
1633,2.70531E+11,42868,0.1909722200118956,0.2150537588160482,0.032310177
1634,2.7053E+11,87882,0.70314465,0.49137379877716425,0.009478673
1635,2.7053E+11,70147,0.7886855175650124,0.5270758059316991,0.03318584
1636,2.7053E+11,0,0,0,0
1637,2.7053E+11,62159,0.8817567418622172,0.383132521,0.004192872
1638,2.7053E+11,201932,0.8877550938056114,0.8165853578869722,0.009302325
1639,2.7053E+11,164875,0.8644897888613079,0.55342465,0
1640,2.7053E+11,97704,0.7612049907332477,0.46375266030114437,0.005300353
1641,2.7053E+11,112039,0.852775536,0.5610357514052312,0.014460511518792976
1642,2.7053E+11,202829,0.8623428136178504,0.8316953214779444,0.002306805
1643,2.7053E+11,83173,0.7231270279790768,0.3721973060789479,0.018787361
1644,2.7053E+11,39485,0.16917728656804998,0.1803797411272234,0.052631578
1645,2.70531E+11,0,0.24999979166684028,0,0
1646,2.70531E+11,62426,0.3782608662759925,0.3350717035844628,0.014580802
1647,2.70531E+11,29354,0.6336939672821177,0.4011259648055879,0.036177474
1648,2.70531E+11,41591,0.20338982785671672,0.10389610196853244,0.059726961
1649,2.7053E+11,171923,0.8532778267088675,0.6859592638160851,0.058422589
1650,2.70531E+11,75083,0.20591233225369693,0.35524256095082063,0.028460542969462575
1651,2.70531E+11,45125,0.15515288612510889,0.036398467,0.13418078906524308
1652,2.70531E+11,14359,0.5601056729180228,0.3878887006892193,0.021035598365119767
1653,2.7053E+11,76250,0.7364990620437704,0.4589552181721988,0.009478673
1654,2.70531E+11,0,0,0,0
1655,2.70531E+11,103375,0.648290296,0.40017667491010006,0
1656,2.7053E+11,64194,0.6438818511064823,0.5391527530275642,0.055487052336781105
1657,2.7053E+11,55962,0.7588005116192893,0.4438943821139541,0.008
1658,2.70531E+11,52708,0.18903940770295932,0.36151078486491395,0.020537124
1659,2.7053E+11,101875,0.7804877929803691,0.4121621528792308,0.066945605
1660,2.7053E+11,99375,0.4390601991327431,0.6319444225019298,0.009404388
1661,2.7053E+11,62962,0.47894441056179443,0.5555555510498333,0.054532577517474666
1662,2.70531E+11,12488,0.16449086018719877,0.021627188,0.036328872
1663,2.70531E+11,0,0,0,0
1664,2.7053E+11,66786,0.6405135429313332,0.6018099411355218,0.13991769259428616
1665,2.70531E+11,82697,0.8329176988119892,0.5623607955193676,0.029015543740771567
1666,2.70531E+11,100588,0.833571423,0.6330097025921388,0.060918462
1667,2.70531E+11,73299,0.170535713,0.2573770449610321,0.028416779
1668,2.70531E+11,57632,0.20368885161436368,0.14461883245943014,0.045966228
1669,2.70531E+11,56354,0.46936274222204205,0.3427787902853858,0.045314899805569124
1670,2.70531E+11,62833,0.2049036759640659,0.19306929737280706,0.10638297419646918
1671,2.7053E+11,142045,0.8409090822220137,0.5596707742157644,0.025673941
1672,2.70531E+11,68809,0.5849056555791169,0.6205673685512132,0.010869565099243857
1673,2.70531E+11,84405,0.6781214126217479,0.6780104534552238,0.068093384
1674,2.7053E+11,38237,0.5449735401677819,0.25165562580588574,0.2934537212928474
1675,2.7053E+11,101750,0.7153284606265652,0.5707692219881658,0.10149253579861887
1676,2.7053E+11,119591,0.8004354078342859,0.4564489073999254,0
1677,2.7053E+11,37431,0.49582383830050236,0.30158729723539257,0
1678,2.70531E+11,51571,0.5512995820615653,0.27399165126576286,0.036263735865233675
1679,2.70531E+11,58552,0.3236574699033749,0.355748365,0
1680,2.70531E+11,75417,0.29545454253503417,0.2887029228304828,0.00338983
1681,2.70531E+11,52568,0.2661417301878604,0.19302614952644895,0.065388951
1682,2.70531E+11,0,0.5898617466216456,0.2752043571734391,0.025761124
1683,2.7053E+11,81000,0.6651305632478451,0.517875378,0.037489102
1684,2.7053E+11,203750,0.8345864572010048,0.5084226568388567,0.014765100472951672
1685,2.7053E+11,110682,0.7261904725883409,0.593770705,0.016763005683450835
1686,2.7053E+11,57472,0.7670915322469116,0.512820503,0
1687,2.7053E+11,116146,0.6198224806226148,0.4860215001503065,0.005190311
1688,2.7053E+11,98750,0.5653377598818508,0.5162036997206505,0
1689,2.7053E+11,250001,0.9244532741918272,0.6210780320106353,0.000748503
1690,2.7053E+11,174435,0.8477703698217818,0.8330658039079791,0.005979073
1691,2.7053E+11,112188,0.8664546762089876,0.7295285178777043,0
1692,2.7053E+11,85938,0.5159914657143767,0.3161904701678006,0.12259970276809894
1693,2.7053E+11,111406,0.7968970324619391,0.6563517861860604,0.035201149172405535
1694,2.70531E+11,135117,0.8586239315869564,0.5435016053329581,0
1695,2.7053E+11,99875,0.6906686209355722,0.45494993932202515,0
1696,2.7053E+11,114464,0.7355996153390028,0.36403507973607285,0
1697,2.7053E+11,90000,0.7762711798621087,0.3765765697914132,0
1698,2.7053E+11,78864,0.7092119788100779,0.11625708774804265,0
1699,2.7053E+11,62560,0.8555926472821983,0.5019880665806356,0.020874751
1700,2.70531E+11,61792,0.23657142721959185,0.15568862120071236,0.095761381
1701,2.70531E+11,59787,0.209028458,0.095316351,0.022624434
1702,2.70531E+11,71635,0.24815118941535588,0.18418907755347125,0.059620595802028484
1703,2.7053E+11,76906,0.7317339069603718,0.6044176585458302,0.043674698137429246
1704,2.7053E+11,112070,0.833133243,0.5746924327822068,0.015817222920611197
1705,2.70531E+11,97616,0.5974999925312501,0.41311474732598774,0.025110782494670865
1706,2.70531E+11,78977,0.42546245456515286,0.4712041761464876,0.19302325132504067
1707,2.70531E+11,90527,0.27152899585651147,0.093888396,0.05022831
1708,2.70531E+11,99732,0.31432192250542557,0.5406427118971132,0.067518247
1709,2.70531E+11,125729,0.8783120620381545,0.8111999870208002,0
1710,2.70531E+11,60125,0.6912983377672767,0.41652323221580695,0.021756648
1711,2.7053E+11,123625,0.6772908299074619,0.4489281153981322,0.019093078531108847
1712,2.7053E+11,76447,0.5756731608572594,0.46969696178961345,0
1713,2.7053E+11,123750,0.8919330153434853,0.3238546552313641,0.058186738
1714,2.7053E+11,86083,0.7954128367393318,0.3968586345878677,0.010658914625398114
1715,2.7053E+11,108750,0.7851500727871242,0.6045576326466805,0.019762845589422325
1716,2.7053E+11,192604,0.9236031821710013,0.5055432260411702,0
1717,2.7053E+11,90489,0.792383283,0.381551355,0
1718,2.7053E+11,117692,0.7185283656093601,0.591262713,0.029799427
1719,2.7053E+11,131136,0.7836644533946693,0.5872548962033833,0
1720,2.7053E+11,84211,0.5017006760059466,0.22432113076362303,0.087567567
1721,2.7053E+11,50188,0.4754262740679411,0.3251700636031284,0.013513513373040402
1722,2.7053E+11,130438,0.6914789354409507,0.6073825401445883,0
1723,2.7053E+11,77143,0.8044806435388937,0.4804992124727112,0.013623978016022099
1724,2.7053E+11,84907,0.7656794358390293,0.43617020761028125,0.016431924689766144
1725,2.7053E+11,104542,0.8433852058036458,0.7585421325906363,0
1726,2.7053E+11,104583,0.7433831905249345,0.33546734525650007,0
1727,2.7053E+11,120885,0.7875647586780854,0.5135908367154387,0.057499999
1728,2.7053E+11,45863,0.5579641794725336,0.2832278436198126,0
1729,2.7053E+11,72750,0.6905511756649514,0.42399999515428577,0.007276507
1730,2.7053E+11,94063,0.7360594704329682,0.3987729979801023,0.015037594
1731,2.7053E+11,121414,0.7465162525115047,0.5484126940602168,0.030241935280632157
1732,2.7053E+11,81146,0.8120411040816284,0.5740740588869298,0
1733,2.7053E+11,89632,0.733199591,0.32923496817985015,0.022641509149163408
1734,2.7053E+11,153333,0.8010416583224828,0.38996478529960577,0.004177109
1735,2.7053E+11,80083,0.71004784,0.4258241699749427,0.028460542969462575
1736,2.7053E+11,81641,0.5889464543268873,0.33065441641039706,0.041152263
1737,2.7053E+11,138750,0.8446757338296579,0.47695605062212165,0
1738,2.7053E+11,35045,0.5919044419913442,0.25642856959693877,0.018802228
1739,2.70531E+11,55179,0.2675828595991685,0.2689556470821796,0.007653061
1740,2.70531E+11,0,0.19413287149151967,0.3189655126585415,0.029292928997041123
1741,2.70531E+11,42025,0.36189515764218594,0.2571428530612246,0.089517078
1742,2.7053E+11,81813,0.6363636313330938,0.1710362026087865,0.012093023143320716
1743,2.70531E+11,56825,0.7452830048059811,0.3576642248743498,0.011655011383333068
1744,2.7053E+11,142917,0.9468371403308402,0.5468245366326745,0
1745,2.71711E+11,81786,0.9210875270484912,0.19727177127731615,0.016348773693471628
1746,2.7053E+11,250001,0.9331896484684652,0.7399999938333334,0
1747,2.71711E+11,111875,0.9545091703550744,0.2538569389360878,0.007135576
1748,2.71711E+11,64167,0.8941305491270952,0.27697841527353656,0
1749,2.71711E+11,113981,0.9227000494137177,0.40553745598096536,0.009957326
1750,2.7053E+11,69850,0.7149372780508862,0.3611111060956791,0.030612245
1751,2.7053E+11,193000,0.7705627657973855,0.6267837472361828,0
1752,2.7053E+11,181806,0.846205956,0.7502738143453033,0.036503361801120446
1753,2.7053E+11,77212,0.7566320558635288,0.6832579082464871,0
1754,2.7053E+11,136821,0.8821292663861944,0.8088467486754068,0
1755,2.7053E+11,158125,0.844610355,0.6779048724990676,0.008234689
1756,2.7053E+11,203510,0.7175792465845576,0.7589820302471405,0.011348464543735217
1757,2.7053E+11,192617,0.8147913981365904,0.8102766691663154,0
1758,2.7053E+11,120156,0.696838185,0.6089813733956038,0.085106382
1759,2.7053E+11,56838,0.8132780015495602,0.3960738984287079,0
1760,2.7053E+11,85694,0.6574839241737014,0.45837512077858455,0.067857142
1761,2.7053E+11,138750,0.8452270542611023,0.6686131289253558,0.054200541
1762,2.7053E+11,129327,0.8284023570603272,0.6698337133056126,0
1763,2.7053E+11,113438,0.7750373634152664,0.49874999376562507,0.010893246068701023
1764,2.7053E+11,103819,0.6748350549025914,0.49264705157871985,0.054317548
1765,2.7053E+11,119934,0.8256684403671825,0.5874999877604169,0.015779092390944924
1766,2.7053E+11,250001,0.8494176302045122,0.8194871710821828,0
1767,2.7053E+11,85990,0.7082294176031245,0.4451901466400415,0.020283975
1768,2.70531E+11,35661,0.3531745985029815,0.3672787918651287,0.026687598
1769,2.7053E+11,34714,0.6617063426418022,0.14649681342042276,0
1770,2.7053E+11,81250,0.7045123623797327,0.5122548894055174,0.004545454
1771,2.7053E+11,98000,0.7388743407141731,0.45158001578409773,0
1772,2.70531E+11,59822,0.4134366898356803,0.4739057199166185,0.092134831
1773,2.7053E+11,103427,0.7561547390837663,0.4205882291089966,0
1774,2.7053E+11,62297,0.6469933112806981,0.35076922537278116,0.087356321
1775,2.70531E+11,109856,0.5732876673062489,0.3612068934378716,0.059922178522006396
1776,2.7053E+11,53304,0.3235815574150571,0.1549497825688697,0.029449423438547718
1777,2.70031E+11,58406,0.39599198238079364,0.4369034971532158,0.051111110883950615
1778,2.7053E+11,50781,0.503295383,0.2694198596910535,0
1779,2.70031E+11,60875,0.6368038710082137,0.2710280358000699,0.007860752
1780,2.7053E+11,93906,0.7717690121744362,0.7268232295819131,0.011061947
1781,2.7053E+11,82250,0.7322834581602498,0.5566037677504846,0.009259259
1782,2.7053E+11,118295,0.8861538325207103,0.6329587777918061,0
1783,2.7053E+11,170946,0.8779552659555574,0.7037686178460244,0.006705784
1784,2.7053E+11,0,0,0,0
1785,2.7053E+11,241189,0.6414863183279448,0.9070364616998641,0
1786,2.7053E+11,250001,0.773572798,0.791805085,0.016048144272335564
1787,2.7053E+11,85625,0.947368406,0.4758220410866143,0.010256410081087007
1788,2.7053E+11,148487,0.7743391335450059,0.737354985,0.013368983897642673
1789,2.7053E+11,163600,0.7450066528295163,0.6945147620716055,0.036833856
1790,2.7053E+11,65217,0.4012693906821623,0.11428571335276969,0.11809392183636795
1791,2.7053E+11,135361,0.7286295694894224,0.4396551660969085,0.012430939054821285
1792,2.7053E+11,106438,0.7406216426514294,0.31305449539854885,0.054809843
1793,2.7053E+11,67413,0.3732303684268936,0.30188678431572014,0.025943395614542557
1794,2.70031E+11,76474,0.5353075130196848,0.3547351467939784,0
1795,2.7053E+11,76750,0.6823658194702539,0.5371178922026661,0.024017467
1796,2.7053E+11,68810,0.7278382525051458,0.4140694531249381,0.004019293
1797,2.7123E+11,79583,0.6296547012210244,0.5556640570735932,0
1798,2.7053E+11,71990,0.7753479048176153,0.2775193755423353,0.04532967
1799,2.70031E+11,51324,0.4661957571524142,0.19642856753117924,0.039682539
1800,2.70031E+11,41650,0.5838041376289629,0.2635270514676648,0.058091285824968586
1801,2.70031E+11,93102,0.6206896499521476,0.5195530629505948,0.015734265459191165
1802,2.70031E+11,44233,0.4960356764319342,0.2660687573537462,0
1803,2.7053E+11,99063,0.36595744161762495,0.42301942566488154,0.049303322086781114
1804,2.70031E+11,142500,0.6741572975440164,0.42230025968129714,0.05077805
1805,2.7053E+11,42949,0.39620080873540287,0.4233333262777779,0.19256307845201756
1806,2.7053E+11,70292,0.3017975373529088,0.26315788871492246,0
1807,2.7053E+11,108333,0.3736730334488816,0.5863787278010179,0.021834061
1808,2.7053E+11,84619,0.34536505048921207,0.4080459723213107,0
1809,2.7053E+11,95898,0.3448275819602515,0.24379231955322078,0
1810,2.7053E+11,61233,0.4892193272177002,0.3583984340000153,0.072599531
1811,2.7053E+11,45938,0.4319938142813461,0.19094766349437534,0.10414052566950407
1812,2.7053E+11,65714,0.3672248781864541,0.36820083296861056,0.09008327
1813,2.7053E+11,26250,0.6144230710151628,0.23726541236909635,0.10663198821024723
1814,2.70031E+11,80257,0.6467780352413123,0.37479805533444177,0
1815,2.7053E+11,82767,0.42588726217197453,0.25565911776752176,0.077075098
1816,2.70031E+11,0,0,0,0
1817,2.7053E+11,108462,0.5944954092079792,0.30852105476473013,0.011882998063226709
1818,2.70031E+11,81761,0.577807845,0.382944486,0.034387895
1819,2.70031E+11,90684,0.5039999963345455,0.41009851711701334,0.091880341
1820,2.7053E+11,248500,0.5924012140048595,0.8942157327034095,0
1821,2.7053E+11,230463,0.5180081411900779,0.8546511586499459,0.017520216
1822,2.7053E+11,166250,0.44080294780498586,0.9331016426316104,0
1823,2.7053E+11,47813,0.3551476428160603,0.1956087804829463,0.076279069
1824,2.7053E+11,178897,0.8747579026807107,0.6173228297848596,0
1825,2.7053E+11,97963,0.7335276925158736,0.6945337546137862,0
1826,2.7053E+11,103750,0.8583433321828131,0.5136681467662546,0.002309469
1827,2.7053E+11,105147,0.7438596425977224,0.25082507836922313,0.032670454081385594
1828,2.7053E+11,204306,0.7178217771016847,0.7072330573222382,0.060445386421575965
1829,2.7053E+11,246875,0.5918901203931319,0.8808080719110296,0.008729389
1830,2.70031E+11,43300,0.638358099,0.2549019572142583,0.009668508
1831,2.70031E+11,70809,0.35548523019258843,0.2516129014221297,0.057192374
1832,2.70031E+11,46188,0.34551147864810566,0.11497730537099388,0.089858792
1833,2.7053E+11,106750,0.41900121547502306,0.19655172187871583,0.012487992195120153
1834,2.7053E+11,65690,0.4456177355267399,0.2593856611026338,0.007062147
1835,2.7053E+11,0,0,0,0
1836,2.7053E+11,89821,0.689018458,0.31240875456337586,0.007802341
1837,2.7053E+11,90057,0.34710192973283194,0.3008225581571967,0.018442622761858374
1838,2.7053E+11,108125,0.6578947333088361,0.4464621136727482,0.004643064
1839,2.7053E+11,83750,0.5742434864585257,0.24352940889965402,0.044633368
1840,2.7053E+11,67723,0.6115992916379676,0.2229639489590928,0.013546797862724164
1841,2.7123E+11,186389,0.8014766136056062,0.7391304244161231,0.022004889706541693
1842,2.70031E+11,85781,0.6659467194676262,0.407103821,0
1843,2.70031E+11,64297,0.5421052574515236,0.21634615037906813,0.070605186
1844,2.70031E+11,82222,0.5500848849738126,0.2236024821573242,0.021621621
1845,2.7053E+11,43704,0.4793281622782419,0.21952957790784336,0.061126373206549636
1846,2.7053E+11,53382,0.3278787858916437,0.21652421343982603,0.038140643168764685
1847,2.7053E+11,12679,0.37454544773553733,0.2225519221794682,0.041484715251425434
1848,2.70031E+11,56993,0.6019313240136124,0.12591507868352741,0.052419354134148465
1849,2.7053E+11,77927,0.29566694736051874,0.11729323131889878,0
1850,2.7053E+11,74046,0.46127366212329035,0.16728624328022004,0.063564131
1851,2.7053E+11,91094,0.39694041548357156,0.17125382001140949,0.053682896
1852,2.70031E+11,92668,0.5938023400854076,0.4860956564394254,0.008806262
1853,2.7053E+11,67446,0.23670212608575714,0.2192414410800977,0.028309741646047114
1854,2.7053E+11,99928,0.3306650225944272,0.29392624410058305,0.098039215
1855,2.70031E+11,73750,0.4823232262332926,0.12241379099286567,0.049928673
1856,2.7053E+11,41502,0.3356752510876249,0.2188328883443914,0.013671874866485597
1857,2.7053E+11,61050,0.5430672211862687,0.3445378054751315,0.037533511058082815
1858,2.7053E+11,57763,0.1431181477276605,0.13232103977959828,0.008348794
1859,2.7053E+11,0,0.5038673977473216,0.052067381,0
1860,2.7053E+11,66528,0.3384615357209592,0.16530849632935396,0.075996292
1861,2.7053E+11,88977,0.3899053603160545,0.20432692062107066,0.013129103
1862,2.7123E+11,139583,0.7434915716424841,0.6423840998828373,0.019801980019784157
1863,2.70031E+11,63214,0.7369207717718926,0.5972072975595349,0
1864,2.70031E+11,79660,0.6333955164795194,0.34056398762945783,0.063407181
1865,2.7053E+11,73966,0.326388886,0.18241042147219955,0.009137056
1866,2.7053E+11,59335,0.32121922249449913,0.4015904492725557,0.018181817851239675
1867,2.7053E+11,68944,0.306896549,0.1553672294439657,0.083423618
1868,2.7053E+11,59442,0.08073582,0.12039311965360491,0.026262626129986737
1869,2.70031E+11,50000,0.39265850508722466,0.11252268398325438,0.065810593
1870,2.7053E+11,211379,0.8315018254102431,0.810810804,0.00700191
1871,2.7053E+11,90602,0.7021414620237413,0.34667879575360516,0.074685534
1872,2.7053E+11,99271,0.8829568697848371,0.4058744939135582,0.020477815
1873,2.7053E+11,102754,0.7719928117415367,0.4429012277330058,0
1874,2.7053E+11,111250,0.7466349901295726,0.3589041046725465,0
1875,2.7053E+11,250001,0.7741456128075997,0.7524115674982683,0.038647343
1876,2.7053E+11,148781,0.6972249717679635,0.6530408708570202,0.059544658
1877,2.7053E+11,126265,0.5969148182634821,0.35087719030604736,0
1878,2.7053E+11,96875,0.8220443299135202,0.2542787265339957,0.013522650348055103
1879,2.7053E+11,106115,0.826224316,0.5528846065242852,0.079389312
1880,2.70031E+11,60586,0.5685234280790299,0.3115802923123462,0.037907101
1881,2.7053E+11,72938,0.19699409448741764,0.25664893275732803,0.067296339
1882,2.7053E+11,58884,0.43193448892595204,0.3182751507363948,0.038256227417649225
1883,2.70031E+11,62222,0.5669882039979828,0.2722580610031218,0.065934065
1884,2.7053E+11,45244,0.2087342693654014,0.18343194904473475,0.029508196237570554
1885,2.7053E+11,69286,0.4807453356429151,0.2934210487707757,0.036458333
1886,2.7053E+11,73472,0.3731257187247652,0.20485367448355693,0.007898894
1887,2.7053E+11,88281,0.4676945633796288,0.3414285665510205,0.031914893
1888,2.70031E+11,87036,0.7300158775541775,0.4055472233467225,0.066342057
1889,2.70031E+11,66612,0.4684854164229284,0.18437719785800705,0.040919282281842585
1890,2.7053E+11,126078,0.788972084,0.6525023545561629,0
1891,2.7053E+11,185161,0.7343300705328921,0.7547770640543228,0.016140350763927364
1892,2.7053E+11,186618,0.6688925950534635,0.6759478632941477,0.007567568
1893,2.7053E+11,101250,0.7689125250064271,0.41881028602242537,0.043235704022066224
1894,2.7053E+11,143149,0.8822714559242181,0.43939392988324827,0.018329938526885164
1895,2.7053E+11,111364,0.6911649672309229,0.5540679654575905,0.024725274498852798
1896,2.7053E+11,154472,0.806258625,0.638233049,0.038615179503227834
1897,2.7053E+11,0,0.49999950000050003,0,0
1898,2.7053E+11,110882,0.8868940674426027,0.42292088820567053,0.010406811632858925
1899,2.7053E+11,0,0,0,0
1900,2.7123E+11,123622,0.7721123748999753,0.6426701486561499,0.009950249
1901,2.7123E+11,112422,0.7912477776981208,0.4105102786709042,0
1902,2.7053E+11,28320,0.134471718,0.055235902701543126,0.022615535667497192
1903,2.7053E+11,85727,0.30602110300421415,0.25389104811390034,0.015573770364149423
1904,2.7053E+11,52684,0.25398700381578854,0.14237668001819867,0.010689990177939843
1905,2.70031E+11,58495,0.6073765579573078,0.192167576,0.030679933
1906,2.7053E+11,0,0.2876712302495778,0.27515151181634534,0.011458333213975696
1907,2.7053E+11,75477,0.31144067466694203,0.2282958162653406,0.046178343
1908,2.7053E+11,59180,0.2054120515939477,0.4678217763883444,0.072392637
1909,2.7053E+11,38800,0.30046022156173424,0.19581151627422497,0.1380255928882487
1910,2.7053E+11,184177,0.7524557907501258,0.7566433460609322,0.027511961
1911,2.7053E+11,83864,0.6504927926422078,0.26638772292346274,0.094076654
1912,2.7053E+11,124764,0.9112688472824415,0.2717520825774484,0
1913,2.7053E+11,186125,0.8736208538252673,0.5352517908596864,0.022427440337368862
1914,2.7053E+11,172951,0.8660676043386066,0.6820083641242776,0.032224532
1915,2.7053E+11,99345,0.7998614903056683,0.4262975749045151,0
1916,2.7053E+11,0,0.29999985,0,0
1917,2.7053E+11,108731,0.7988362360861493,0.7634010949463753,0
1918,2.7053E+11,250001,0.9230769155231022,0.8011551089013605,0
1919,2.7053E+11,99355,0.6990909059132231,0.6717369937598774,0
1920,2.7053E+11,66067,0.19104991284538203,0.21180555408468366,0.057704113
1921,2.7053E+11,93658,0.264499999,0.25519287682378117,0.026848409637139983
1922,2.7123E+11,84659,0.8168539234061357,0.4104234460843087,0.010835913144954905
1923,2.7053E+11,39750,0.1467221628853053,0.174863386,0.034729315
1924,2.7053E+11,80375,0.3488562063001944,0.2766272148427927,0
1925,2.70031E+11,61920,0.7133550430508547,0.37231503135662253,0
1926,2.7053E+11,78882,0.4472389259308971,0.20346320126122078,0.005928854
1927,2.7053E+11,40759,0.18444266091064426,0.4261306489836116,0
1928,2.7053E+11,49417,0.27716933212157263,0.34069980956353946,0
1929,2.70031E+11,100469,0.6472303144098123,0.3485653523000494,0.014111006452389403
1930,2.71711E+11,72358,0.8629441575694069,0.45098038888176917,0.031908104454957856
1931,2.71711E+11,58719,0.8789289769624101,0.1306306276884994,0
1932,2.7053E+11,94896,0.8831800925733906,0.4008474542301063,0
1933,2.71711E+11,131914,0.9310344780373505,0.5042904257142546,0.010095345
1934,2.7053E+11,148472,0.9310801793831665,0.5243342467921557,0.003984064
1935,2.7123E+11,127727,0.8433962184585263,0.523908513,0.052419354
1936,2.7053E+11,33608,0.3393501764217789,0.5130111460593415,0.026123301712400192
1937,2.7053E+11,101100,0.46969696258034904,0.43411927275840123,0.1343873500080718
1938,2.7053E+11,92083,0.3786191515667085,0.2626666631644445,0.041147132
1939,2.7053E+11,102698,0.3281081063345508,0.30658591743689695,0.009264978
1940,2.70031E+11,167692,0.7791842365796873,0.7475345020210158,0.023593465996488823
1941,2.70031E+11,114412,0.7145343715010064,0.29708222417662833,0
1942,2.70031E+11,59107,0.31108930018558095,0.3072625641105668,0.092592591
1943,2.7053E+11,94643,0.3724948142882183,0.3576388857843847,0.023272727103471075
1944,2.7053E+11,57933,0.2394366178447839,0.35069444038548103,0.022801302684024943
1945,2.7053E+11,136239,0.3216715226270989,0.20615384298224856,0
1946,2.7123E+11,130035,0.7037313380318557,0.743243232,0.010050251
1947,2.7053E+11,141007,0.2777777763619889,0.22065727440543106,0.059079061172206244
1948,2.7053E+11,0,0.276385723,0.16067652937258925,0.063795852
1949,2.7053E+11,64236,0.2455089805658145,0.1529548070341274,0
1950,2.7053E+11,77000,0.48349415701628157,0.36317321424182525,0.006381621
1951,2.7053E+11,69500,0.26700433960199466,0.21761657749201324,0
1952,2.7123E+11,119031,0.7725162416665159,0.4615384563174383,0.008806262
1953,2.7053E+11,0,0.20134679999093064,0.14596949573051207,0.003690037
1954,2.7053E+11,81250,0.24065987267996178,0.214124717,0
1955,2.7053E+11,171987,0.8691983049012801,0.6306748388874253,0
1956,2.7053E+11,144946,0.6985370914392002,0.7724928322493247,0.022645394
1957,2.7053E+11,96324,0.2909803898746636,0.2852983946827017,0.054499366
1958,2.7053E+11,0,0.15789465373965592,0,0
1959,2.7053E+11,96053,0.7230008184418729,0.47704081024182643,0.035671818838622846
1960,2.7053E+11,159063,0.854973418,0.7381974185562453,0.047085201
1961,2.7053E+11,131442,0.7531857763032477,0.5981554598398491,0.012690355168904122
1962,2.7053E+11,127314,0.7265377830350165,0.6890052319947371,0.041543027
1963,2.7053E+11,115063,0.8015384492071008,0.49082567681592487,0
1964,2.7053E+11,118849,0.818565394,0.592830877,0.11071744808930516
1965,2.7053E+11,81969,0.3664169764892823,0.18280632230428537,0.005922166
1966,2.7053E+11,101332,0.26688632399599405,0.3204488738098644,0.16419612127484468
1967,2.7053E+11,149179,0.33333333049161695,0.3016688022892323,0
1968,2.7053E+11,50057,0.20028510192241553,0.31754574469810826,0.12050534382404914
1969,2.70031E+11,86957,0.6038251333124309,0.262831856,0.009643917
1970,2.70031E+11,73036,0.2656716391475459,0.021959459,0.11444921152433174
1971,2.70031E+11,86786,0.5462130902040239,0.22554889994462177,0.046006944
1972,2.70031E+11,59094,0.5049833853489476,0.32328766680427856,0
1973,2.7123E+11,41760,0.5164011198087992,0.3663999941376001,0.027199999564800008
1974,2.70031E+11,61029,0.6056337980779828,0.2616487431751905,0.12999150271884874
1975,2.7053E+11,66196,0.7483388673241741,0.4753867758411619,0.007893139
1976,2.7053E+11,147779,0.8177257456711894,0.5280487740481857,0.050314465
1977,2.7053E+11,0,0,0,0
1978,2.7053E+11,0,0.4999993750007813,0,0
1979,2.7053E+11,78750,0.8356353533450598,0.2492307673136095,0.053867403
1980,2.7053E+11,51552,0.7717741873244017,0.338271601,0.022646007
1981,2.7053E+11,250001,0.7615849512318003,0.7980900300396995,0
1982,2.7053E+11,0,0.7278688445041657,0.5940593912361537,0.061503415
1983,2.7053E+11,139471,0.7478873186768499,0.3767985577626029,0.035074626603920696
1984,2.7053E+11,97574,0.588950273,0.17409766331141074,0.13844325526771684
1985,2.70031E+11,98203,0.7360060458698484,0.3381818140826447,0.045707915
1986,2.70031E+11,84688,0.6871002095570351,0.28244972319515793,0.005661713
1987,2.7053E+11,76071,0.40482822467582064,0.47906698278069987,0.043203371742869486
1988,2.7053E+11,86875,0.5314079384013868,0.3195020702696809,0
1989,2.7053E+11,146319,0.4099423601589167,0.4474474429684941,0.044953349915578034
1990,2.7053E+11,81875,0.5765911511510725,0.5182427362751844,0.011619462515472313
1991,2.7053E+11,85179,0.7009543934151178,0.2983050796897444,0
1992,2.70031E+11,72054,0.7008356506917234,0.3396071985302193,0.016774193440166493
1993,2.7123E+11,106336,0.7898979001080177,0.3883188603921163,0.003566334
1994,2.7053E+11,155778,0.6341222817147704,0.44217686473228757,0.014379085
1995,2.7123E+11,103083,0.8117518998272476,0.6429752012977257,0.029935852
1996,2.7123E+11,143036,0.8624725613571869,0.649546821,0.011854360610886024
1997,2.71631E+11,163798,0.9219553951804855,0.7800387521314075,0.022207267683665762
1998,2.7123E+11,101250,0.8847736504146276,0.38721136079553536,0.040268455700193696
1999,2.7123E+11,99318,0.8672316322935619,0.6913461471985948,0.097147949
2000,2.7123E+11,101458,0.8465882313101729,0.7206982498709585,0.007914076
2001,2.7123E+11,205132,0.8195187110994738,0.7687074755227651,0.008234218
2002,2.7123E+11,120000,0.8947858389684745,0.5247208847731917,0.016034985188994384
2003,2.7123E+11,117625,0.8402705471369899,0.47179168957351714,0.037015275928229875
2004,2.7123E+11,0,0.8808219057421657,0.5984455803511508,0.033678756
2005,2.71631E+11,116458,0.8646252952084988,0.5387205296511696,0.005925926
2006,2.7123E+11,79773,0.8283115359391044,0.5003357924759181,0.058045977
2007,2.7123E+11,57708,0.7603092685527156,0.35555554897119357,0.016420360978319195
2008,2.7123E+11,102863,0.7098214232900192,0.5204525629203433,0
2009,2.7123E+11,78571,0.8442028883550377,0.16666666394335516,0.03805175
2010,2.7123E+11,54297,0.8424068647219647,0.31989923627457845,0.009708738
2011,2.7123E+11,106923,0.8344252481570861,0.6655629083976581,0.013513513
2012,2.7123E+11,76500,0.9366972391128694,0.5249480194911849,0.016
2013,2.7123E+11,70500,0.8248175062070437,0.29520294658297147,0
2014,2.7123E+11,199667,0.8824489723881717,0.7997847061379472,0.044321329
2015,2.7123E+11,85000,0.8615520206212344,0.5899742854759089,0.050314465
2016,2.7123E+11,64628,0.7990654152265326,0.33376122806468256,0.065142856
2017,2.7123E+11,82333,0.8912529445478375,0.2838801671343771,0.12362030768631008
2018,2.71631E+11,167188,0.926401858,0.7236180783313555,0.005970149
2019,2.7123E+11,51944,0.8614072402835049,0.3185483806744278,0.087656528
2020,2.7123E+11,41597,0.3951715324628776,0.11618257020368113,0.028368793823248337
2021,2.7123E+11,250001,0.8096827979158364,0.6716196036906449,0
2022,2.7123E+11,69231,0.8221941888752309,0.5792079112341929,0.034985422230533206
2023,2.7123E+11,74583,0.5902823336160057,0.2363796112796168,0.004173623
2024,2.7123E+11,138523,0.8659320437744166,0.5959420255307709,0.010198604
2025,2.71631E+11,133281,0.9247842056130184,0.7089430779033646,0.008915304
2026,2.71631E+11,132917,0.9515011437470999,0.5365025375806021,0.018072289
2027,2.71631E+11,155882,0.9334719237684831,0.4853556383816812,0.030965391057096704
2028,2.71631E+11,148333,0.9070208642597641,0.6818757834996733,0.010238908
2029,5.51091E+11,0,0,0,0
2030,2.7123E+11,250001,0.8665667101456769,0.7672727179724519,0
2031,2.7123E+11,95434,0.6095238042465472,0.23714759142375472,0.025260029
2032,2.7123E+11,75550,0.9325301092466253,0.4019886306535706,0.018867924274017192
2033,2.7123E+11,104712,0.8818249747058715,0.5088105670835841,0
2034,2.7123E+11,77670,0.5472636781886587,0.19981583609746006,0.092043681
2035,2.7123E+11,129219,0.9009192962112431,0.6835616344717584,0
2036,2.7123E+11,117977,0.8518318919621126,0.5087412542942198,0.031645569
2037,2.71631E+11,241071,0.8955582125383168,0.6333333222222225,0.003164557
2038,2.7123E+11,115547,0.7793983520565329,0.42080924369006656,0.024485797997200805
2039,2.7123E+11,166103,0.7866666611461989,0.7920883091804204,0.013866231534533185
2040,2.7123E+11,142232,0.9147894131754221,0.5963455050440947,0
2041,2.7123E+11,117115,0.7320125092178701,0.5258855538066707,0.038827258
2042,2.7123E+11,60208,0.6376554117437353,0.3099236593904785,0.019061583298217253
2043,2.7123E+11,155972,0.9311797622025315,0.45719177299329156,0
2044,2.7123E+11,174044,0.917108429,0.6778947320849492,0.014534883636425095
2045,2.7123E+11,0,0,0,0
2046,2.7123E+11,250001,0.8521816486893887,0.6925207660315683,0.043316831
2047,2.7123E+11,67614,0.7035928073493732,0.3424345808596749,0
2048,2.7123E+11,112083,0.7989690662815239,0.6307363860113513,0.038461538082233356
2049,2.7123E+11,177775,0.7794348447454094,0.7738951616249212,0
2050,2.7123E+11,131389,0.7928348847910056,0.6787989019217571,0.1017202684987265
2051,2.7123E+11,154375,0.8185890165891487,0.7636103042462707,0.009234828
2052,2.70031E+11,88750,0.806694554,0.3885630441559671,0.004366812
2053,2.70031E+11,163125,0.7285106320977819,0.5035971162638235,0.034559643
2054,2.70031E+11,65375,0.5756005625266106,0.17582417468762654,0.039615166725437655
2055,2.70031E+11,132738,0.8284768157054516,0.6203155757365328,0
2056,2.71631E+11,0,0.9193548238813738,0.3009708640462504,0.014662756168247621
2057,2.70031E+11,149219,0.7407166075523348,0.5130344054949488,0.08457249
2058,2.70031E+11,171944,0.9154696082018254,0.5317604307462755,0.01847575
2059,2.70031E+11,69130,0.7649527726657631,0.28846153341850467,0.060356652121307926
2060,2.70031E+11,154583,0.8806365969881822,0.6507176955655778,0
2061,2.70031E+11,150862,0.9115941962927957,0.5740318841226437,0
2062,2.70031E+11,86974,0.9106644281928284,0.3954838684162331,0.026967528745363078
2063,2.70031E+11,76512,0.7698841639391184,0.18277679979985237,0.023741007023445993
2064,2.70031E+11,81875,0.8247753477228796,0.34752474903440844,0.057908383
2065,2.71631E+11,144643,0.8978952042190093,0.4954545426394628,0.016456390474731814
2066,2.71631E+11,133438,0.8965811889181096,0.6002372408038287,0
2067,2.70031E+11,122396,0.7149532376190075,0.8064514828304059,0
2068,2.70031E+11,156563,0.9005942685003011,0.7138047057934377,0.034351144710389844
2069,2.70031E+11,92500,0.8753193619043467,0.33050847224217184,0.015712682
2070,2.71631E+11,122000,0.9282982702839554,0.3072289110357092,0.077577045
2071,2.71631E+11,135547,0.8956208704521843,0.5940204516599492,0
2072,2.70031E+11,107019,0.9069373865741338,0.6079691438564377,0.07104984
2073,2.70031E+11,105521,0.7872885659288131,0.35420239833445627,0.051085568000730726
2074,2.70031E+11,183819,0.9072164844534194,0.6354344014406406,0.033498759
2075,2.70031E+11,109038,0.8292416757815512,0.4221422104217623,0.04520222
2076,2.70031E+11,135263,0.87665431,0.4857621399852417,0
2077,2.70031E+11,113897,0.8966101618931342,0.23579545231254306,0.00795053
2078,2.70031E+11,72381,0.8709677315296568,0.3758542098422072,0
2079,2.71631E+11,168152,0.9132755109187758,0.6005256162874426,0.018952062219040555
2080,2.7123E+11,88942,0.7731249951679688,0.3522626410624433,0.020237264338888596
2081,2.70031E+11,61630,0.6610441713972356,0.2718539839399233,0.019475021003598467
2082,2.7053E+11,138226,0.3393562939618504,0.447089941,0.008064516
2083,2.7053E+11,142917,0.4959183639733445,0.48295866219754413,0.011140235837875257
2084,2.7053E+11,132404,0.5746102407230124,0.4405737659777278,0
2085,2.7053E+11,102683,0.6502636146725518,0.3580401965070327,0.014981273221207576
2086,2.70031E+11,96167,0.7334300883723749,0.17040673092281394,0.003320053
2087,2.7053E+11,132520,0.4397537340391052,0.4816513687820892,0.055873925
2088,2.7053E+11,0,0.10526310249310396,0,0
2089,2.7053E+11,0,0.30769207100609924,0,0
2090,2.7053E+11,110215,0.7405812661970869,0.3978365360706939,0.022626931442456227
2091,2.7053E+11,74180,0.8034682022870795,0.15119916422107232,0.044303797
2092,2.7053E+11,0,0.083333264,0,0
2093,2.7053E+11,227500,0.8562801828951669,0.7950663985755902,0
2094,2.7053E+11,131528,0.9206484563084603,0.46204933147960786,0
2095,2.7053E+11,147574,0.8956197493418476,0.6221373986437271,0.032667876
2096,2.7053E+11,117679,0.8211009080148979,0.268833083,0.002828854
2097,2.7053E+11,149286,0.8404384794100064,0.40900562084417225,0
2098,2.7053E+11,81974,0.8069007215078648,0.6269515149798561,0.012518409
2099,2.7053E+11,128906,0.7713828875189218,0.6838365775517482,0.037156704
2100,2.7053E+11,112545,0.5695364175547857,0.15227629274291535,0.00249066
2101,2.7053E+11,0,0.43147207683784694,0.3565088704658451,0
2102,2.7053E+11,163409,0.374827107,0.3688394217990553,0
2103,2.70031E+11,81518,0.747154465,0.2945454509752067,0.025114154964450287
2104,2.7053E+11,115625,0.5477753424669924,0.16751917944348876,0.042095416
2105,2.70031E+11,101169,0.7959641196116284,0.1809338503800209,0.040816326
2106,2.70031E+11,82039,0.7204819190303383,0.36901407411227966,0.2791262068173251
2107,2.70031E+11,0,0.41176458477512207,0,0
2108,2.7053E+11,0,0.5236220446672144,0.4207650234903003,0.041050903
2109,2.70031E+11,102000,0.7564003044499589,0.37419354493830836,0.004032258
2110,2.7053E+11,150570,0.4994487265771916,0.43839169340607403,0.020477815
2111,2.7053E+11,131071,0.6676217745913415,0.4683894763802977,0.018765788456276473
2112,2.70031E+11,0,0.42402314871167657,0.182572607,0.029900331232547137
2113,2.7053E+11,123932,0.5685800569874316,0.47300770600247166,0
2114,2.70031E+11,68750,0.7976047856430851,0.3391493965196358,0.023255813737155222
2115,2.70031E+11,52155,0.653298831,0.1351351340283773,0.1294820708533727
2116,2.7053E+11,186074,0.5880665485480978,0.5193260602643601,0
2117,2.70031E+11,48859,0.8176519498946548,0.31932772725897085,0.010482180183624946
2118,2.70031E+11,106923,0.7142857069970846,0.3087855257262852,0.013597033206464361
2119,2.70031E+11,51413,0.7485994345336174,0.14755638959063544,0.042365401
2120,2.71711E+11,78125,0.9374999930245537,0.3559808578375038,0.022140221
2121,2.71711E+11,147396,0.9059602609008376,0.43169057746917916,0.008756567
2122,2.7053E+11,160060,0.9486301261571903,0.6854166523871531,0
2123,2.7053E+11,116179,0.8251548317048364,0.5817727803884346,0.030480656327780443
2124,2.7053E+11,108036,0.8440860158327553,0.3828522887703541,0
2125,2.7053E+11,108393,0.8468848907403919,0.4190751384526714,0.024324323995617243
2126,2.7053E+11,93015,0.85945945,0.30442803866368934,0.054226474
2127,2.7053E+11,126563,0.9279279139950763,0.4629629486739831,0.014851484780903843
2128,2.7053E+11,158667,0.8774150507833774,0.5583804090547985,0.003955696
2129,2.7053E+11,138382,0.8756983179071347,0.517326728,0.0077101
2130,2.7053E+11,96100,0.8243331110973773,0.3595959559636772,0.012369172099246697
2131,2.71711E+11,141429,0.9014715233431124,0.4928057494867416,0.003006012
2132,2.7053E+11,123750,0.6252478478172647,0.4853801098628639,0
2133,2.70031E+11,43693,0.5131004310796896,0.12328766912178649,0.03826955
2134,2.70031E+11,89844,0.6944444364068931,0.21938775137095662,0.033457248656044006
2135,2.7053E+11,116926,0.6618819723932857,0.4260563305271773,0.021961932
2136,2.70031E+11,107083,0.7298787130112601,0.3869731726633492,0.052388289
2137,2.70031E+11,46118,0.5757575687786961,0.27222221466049407,0
2138,2.70031E+11,59737,0.7024901657766044,0.13386613252880986,0
2139,2.70031E+11,76136,0.7807017467767862,0.25552485834910416,0.063989962
2140,2.70031E+11,98932,0.691564142,0.4297994207765126,0.070866141
2141,2.7053E+11,124135,0.7994791597267434,0.5161290253208465,0.092293906
2142,2.70031E+11,61250,0.7218788538704716,0.17630465195621084,0.011876484419519188
2143,2.7053E+11,116400,0.730500265,0.26909413615369326,0
2144,2.70031E+11,120625,0.6593727158324383,0.26331144957467945,0.037174721
2145,2.70031E+11,86750,0.6122448910176317,0.1853360451051722,0.06226415
2146,2.70031E+11,105929,0.7605304152844742,0.28242677528842286,0.002439024
2147,2.7053E+11,115313,0.7637271172283576,0.32443257460325386,0
2148,2.70031E+11,71713,0.6066411161348516,0.21198156193590872,0.014388488949847322
2149,2.70031E+11,85568,0.7873754087427292,0.19098143067213588,0.017087667035009902
2150,2.70031E+11,86971,0.6529605155763073,0.2553191429002567,0.013745704231173467
2151,2.70031E+11,56531,0.6854961779733116,0.267766494,0.013114753955030011
2152,2.70031E+11,96094,0.7699114987469654,0.19512194923656556,0
2153,2.7053E+11,111250,0.7411607689048648,0.49012229077965863,0.049441785889618936
2154,2.70031E+11,56574,0.7900912595170061,0.24037460728018098,0.013043478147448016
2155,2.70031E+11,63311,0.8100407000675665,0.4134275545330821,0.028391166744618824
2156,2.70031E+11,94640,0.6857349696905506,0.25810184886456194,0
2157,2.70031E+11,95074,0.7151979474431935,0.26894501829205025,0.011658030937072138
2158,2.70031E+11,101094,0.8148710043266919,0.32249999193750023,0.048117154
2159,2.70031E+11,77083,0.6860693218700502,0.1864541817812416,0.018221574211213017
2160,2.70031E+11,40305,0.7526690346816783,0.099290779,0.049549549
2161,2.70031E+11,0,0,0,0
2162,2.70031E+11,97660,0.6722487957864977,0.41430947729934314,0.023291925104162656
2163,2.70031E+11,52000,0.7447595469203508,0.12653061052339307,0
2164,2.7053E+11,92227,0.7770549924479303,0.48834355229026316,0.049493813
2165,2.70031E+11,65119,0.6419098058102148,0.13105076586716924,0.086294415
2166,2.7053E+11,181712,0.8059895728386774,0.422155676,0
2167,2.7053E+11,100511,0.7722308832119276,0.12268677092058417,0.037807183
2168,2.70031E+11,91875,0.7219730876953087,0.26106194401480154,0.04770477
2169,2.70031E+11,81750,0.7305893289935517,0.1055718459593571,0.018820577
2170,2.70031E+11,97614,0.8146674200416861,0.191185598,0.020224719
2171,2.70031E+11,76375,0.7281348711471562,0.06873614,0.10097087182580831
2172,2.70371E+11,103906,0.9118236381580798,0.3160112315166962,0.019656019414545218
2173,2.70371E+11,114135,0.9575856365612917,0.3812436250637755,0.027726432276095822
2174,2.70371E+11,104063,0.9526584052974625,0.34984193519660767,0.004587156
2175,2.70371E+11,106406,0.9491869822237096,0.21037867867631588,0.017412935
2176,2.70371E+11,107250,0.9488017325838591,0.20319303043261205,0.005398111
2177,2.70371E+11,92188,0.9193548263527578,0.2153392266861585,0.062015502273501236
2178,2.70371E+11,76689,0.8902438903760991,0.057245079,0
2179,2.70371E+11,100375,0.7718668382119228,0.37816544525511847,0.037755101848188255
2180,2.70371E+11,0,0,0,0
2181,2.70371E+11,51694,0.764285709,0.1788819853555033,0.007918552
2182,2.70371E+11,95000,0.9401805762959303,0.22185970274290862,0.014641288219014814
2183,2.70491E+11,112250,0.9074427394327983,0.3328380336873992,0.011750881178015498
2184,2.70491E+11,38125,0.6870532113816266,0.2052896699585684,0.040089086413261844
2185,2.70371E+11,104615,0.9494163331768839,0.18436577899165518,0.015027322199080298
2186,2.70371E+11,110833,0.9141347303284713,0.320754712,0.005813953
2187,2.70371E+11,134643,0.9269328762662153,0.3464619469528575,0.015643802553286387
2188,2.70371E+11,156371,0.8342218816089823,0.591051803,0.018021201349748404
2189,2.70371E+11,148000,0.8419540149238122,0.355745717,0.015503875797299272
2190,2.70371E+11,143889,0.8560411201022993,0.7333333076023402,0.064417176
2191,2.70371E+11,144297,0.8357271020132218,0.41076486670304724,0.074607329
2192,2.70371E+11,160313,0.8933500571308026,0.4237837792023375,0.004798464
2193,2.70371E+11,134938,0.781090903,0.3752997556918495,0.050267379141525355
2194,2.70371E+11,118776,0.7939189099783907,0.37967913423317823,0
2195,2.70371E+11,123158,0.8633776009167211,0.31133112968832644,0.001037344
2196,2.70371E+11,117717,0.9152941068788929,0.15495207420204354,0.017567567
2197,2.70371E+11,162438,0.8518722420051088,0.2964743565987632,0.023952096
2198,2.70371E+11,120625,0.9250585425933341,0.4018058660511222,0.012072434526677167
2199,2.70371E+11,101442,0.8672046891621079,0.1235132651096682,0.019339242390497644
2200,2.70371E+11,94643,0.8808290104730627,0.3235990503267636,0.050097592387133426
2201,2.70371E+11,96422,0.9013367224612557,0.3106682261351908,0
2202,2.70371E+11,141512,0.9639889129917666,0.33874458507852184,0.012533571955831943
2203,2.70371E+11,83581,0.9164124410224989,0.3442340762114107,0
2204,2.70371E+11,84444,0.8866259274499259,0.16876574094753474,0.029182879093551762
2205,5.5094E+11,0,0,0,0
2206,2.70371E+11,101528,0.8774811712698072,0.4894433734218486,0.043001686
2207,2.70371E+11,78109,0.8710554903642248,0.18073188812000085,0.040852575
2208,2.70371E+11,57411,0.9303338103749361,0.23214285470438178,0.035433071
2209,2.70371E+11,85833,0.8969873576580432,0.2492401177927034,0.023743016
2210,2.70371E+11,70547,0.8336902153198414,0.2601319485378704,0
2211,2.70371E+11,52198,0.9078156221661762,0.3430555507908951,0.078771695
2212,2.70371E+11,81333,0.8574467993888638,0.1454545438016529,0.009355509
2213,2.70371E+11,78728,0.8385826724489164,0.26190475950636666,0.024313725299500193
2214,2.70371E+11,117917,0.9445129353327628,0.3159609069061742,0.014577259262722169
2215,2.70371E+11,47971,0.7699929174098166,0.22631578709141278,0.051886792
2216,2.70371E+11,71207,0.6788399497439318,0.27324749251434205,0.10218977977871314
2217,2.70371E+11,105304,0.7760233872747171,0.44921190499814445,0.019639934
2218,2.70371E+11,167153,0.8737474862349951,0.5126050334015961,0
2219,2.70371E+11,103750,0.8377896538521421,0.5222222106172842,0
2220,2.70371E+11,90714,0.8503359752575689,0.4058875967360607,0.012924070977996195
2221,2.70371E+11,183876,0.7887944576997341,0.6324617630366958,0.024922118283013557
2222,2.70371E+11,158942,0.8155922008411086,0.5400100627075488,0.022785898
2223,2.70371E+11,142893,0.8343296256675523,0.6856725045954313,0.012232415777447343
2224,2.70371E+11,83875,0.8552456725730987,0.43119265263866696,0.050251255
2225,2.70371E+11,0,0.4999991666680556,0,0
2226,2.70371E+11,127292,0.8283898246582639,0.5448215792443727,0.020179372
2227,2.70371E+11,171162,0.8717632444912053,0.727272714,0
2228,2.70371E+11,106824,0.8201124246089168,0.6465378369843975,0.017411052
2229,2.70371E+11,87278,0.2261513139296767,0.073043477,0
2230,2.70371E+11,82759,0.5132311941975544,0.4043715791752517,0
2231,2.70371E+11,147083,0.7861374361010816,0.7507135989465881,0.013513513399379111
2232,2.70371E+11,177813,0.6923076842388382,0.4103641399108664,0.010335917179122517
2233,2.70371E+11,91310,0.7641356965740251,0.4946949536512606,0.017348203006837634
2234,2.70371E+11,156375,0.8093340875962772,0.6600760406077868,0.04457225
2235,2.70371E+11,98417,0.889810416,0.43577235063784797,0.062138727
2236,5.5094E+11,0,0,0,0
2237,5.5094E+11,0,0,0,0
2238,2.71631E+11,162911,0.8246329459654735,0.4717647,0.014634146198691257
2239,2.71631E+11,139861,0.929007205,0.4915750879738089,0.018673535
2240,2.71631E+11,78438,0.7507886387962862,0.3951747055309925,0
2241,2.71631E+11,141818,0.6969420324192512,0.3034825849077286,0.030534350950799295
2242,2.70371E+11,74971,0.6021634579196907,0.5696864061874006,0.008608321
2243,2.70371E+11,151250,0.8722627673557463,0.5078895413423122,0
2244,2.70371E+11,106184,0.7492283892806452,0.33795837127890616,0.04537037
2245,2.70371E+11,136667,0.7422192101338349,0.6705882274048444,0
2246,2.70371E+11,113250,0.7375296868317714,0.2627314784406079,0.014659685710369784
2247,2.70371E+11,164016,0.8497288857495826,0.6653061133971958,0.038106235
2248,2.70371E+11,126389,0.6986143106395576,0.2462686521218535,0
2249,2.70371E+11,52679,0.6145454500760331,0.44555555060493834,0.016100179
2250,2.70371E+11,120962,0.8103674487508697,0.6106666612385185,0.024428684
2251,2.70371E+11,124000,0.7614360118040764,0.7022263385693289,0.010164190694572394
2252,2.70371E+11,176347,0.846805228,0.600782773,0.020920501916983247
2253,2.70371E+11,65781,0.6974330928594589,0.38678413756137325,0.005216095
2254,2.70371E+11,242047,0.8299319633794562,0.6849710883674699,0.06760204
2255,2.70371E+11,170438,0.8442952906806002,0.830287185,0
2256,2.71631E+11,96786,0.7256302490519737,0.41018766481107466,0.007233273
2257,2.70371E+11,186667,0.7909918988310126,0.5554858899342577,0.005344418
2258,2.70371E+11,130395,0.7704741296285116,0.5058308964164593,0.044959127
2259,2.70371E+11,95227,0.8061825279382604,0.515103336,0
2260,2.70371E+11,78875,0.7034659775130554,0.502095553,0.083823529
2261,2.70371E+11,125457,0.7545520702508953,0.5660714235172194,0
2262,2.71631E+11,115458,0.8041957971661207,0.3010849882361213,0
2263,2.71631E+11,112668,0.7782122861552386,0.2684014849932975,0.007121662
2264,2.71631E+11,168977,0.8200636910029311,0.519219394,0
2265,2.71631E+11,121250,0.8233183782662029,0.49699879355343585,0
2266,2.71631E+11,109762,0.7988826726381825,0.3167259730119934,0.020869565
2267,2.71631E+11,100729,0.7831737292532577,0.29424306722555366,0.009
2268,2.71631E+11,110000,0.7649301094985381,0.30070830456723563,0.064883323
2269,2.71631E+11,164545,0.7897435829936446,0.5378346852405741,0
2270,2.71631E+11,115156,0.7487283748857745,0.31347961891097775,0.029451137490613958
2271,5.5094E+11,0,0,0,0
2272,2.71631E+11,106196,0.8430393741373302,0.3758992783219468,0.029682701997529672
2273,2.71631E+11,122917,0.8058252381163608,0.34782608286925876,0.060606059950150865
2274,2.71631E+11,115880,0.7279808224806422,0.565836292,0.046421663
2275,2.71631E+11,112357,0.8421052526051973,0.2271468081122768,0
2276,2.71631E+11,111657,0.764496436,0.36166800030739377,0.020396270277411012
2277,2.71631E+11,139832,0.7787894977033235,0.5118055520013504,0.023809523664166523
2278,2.71631E+11,106230,0.7854906013283371,0.3376205760641433,0
2279,2.70371E+11,99844,0.7673738056519839,0.3243243216681055,0.006060606
2280,2.70371E+11,49922,0.5150339426281868,0.17773019081659325,0.093422306
2281,2.70371E+11,66099,0.7119301579832187,0.4662251593877462,0
2282,2.70371E+11,106667,0.8791714513328948,0.5633333239444446,0.033973412
2283,2.71631E+11,87250,0.8488108672207765,0.2566176451719291,0.06311637
2284,2.70371E+11,83089,0.7666666611111111,0.46567163715749615,0.035874439
2285,2.70371E+11,45278,0.5990384557784764,0.4471968650952169,0
2286,2.70371E+11,0,0.4166663194447338,0.9999997368421745,0
2287,2.70371E+11,62588,0.7572891981301088,0.2282282259436614,0
2288,2.70371E+11,0,0.35714260204099857,0,0
2289,2.7053E+11,84824,0.7121661668236932,0.6167146938517886,0.011885467250753824
2290,2.70371E+11,77976,0.8137184056771234,0.5118012358782456,0.016736401498573205
2291,2.71631E+11,58670,0.5119176570318653,0.28601252311051645,0.052631578
2292,2.71631E+11,133587,0.7967032912314335,0.38945420546295834,0
2293,2.70371E+11,89750,0.557586832,0.3436055417009932,0.009987515
2294,2.71631E+11,93043,0.7060606017814509,0.2326839801657578,0.010486177211761896
2295,2.70371E+11,93469,0.8220338883531007,0.489878533,0
2296,2.70371E+11,91891,0.7525835820511636,0.28864059321563695,0.06741573
2297,2.70371E+11,41250,0.4403927006957546,0.11706348974080379,0.1700336671711504
2298,2.70371E+11,146750,0.7725155219525193,0.6428571350743688,0.008036739
2299,2.71631E+11,0,0.8421052517934514,0.4820717035443884,0.15844543858825952
2300,2.71631E+11,74315,0.7840327493140596,0.1731135055604724,0.018824871541215794
2301,2.70371E+11,170240,0.6961172714099949,0.5801041030647536,0.064663951
2302,2.70371E+11,73304,0.5354085561446805,0.39436619101148374,0
2303,2.70371E+11,111691,0.8380367995332908,0.2783505113644991,0.063074901
2304,2.70371E+11,99306,0.7707838388267952,0.46776858730961013,0.011764705709342564
2305,2.71631E+11,122031,0.6797385589181206,0.47489823287043265,0.027527792
2306,2.70371E+11,0,0,0,0
2307,2.70371E+11,56104,0.6654564280837322,0.26480541231129096,0.030660377117449865
2308,2.7123E+11,140093,0.7416393393990863,0.6177446051596633,0.006202619
2309,2.7123E+11,98839,0.6823361726162939,0.4063260241769824,0.012320328289110302
2310,2.7123E+11,68500,0.7008633788681393,0.5684007652369869,0.028301887
2311,2.7123E+11,95643,0.5668604568770282,0.3014861931743908,0
2312,2.7123E+11,42827,0.5926849493542399,0.3230174018758723,0.050966607
2313,2.7123E+11,70197,0.5672451162296903,0.2427745644692439,0.007639419
2314,2.7123E+11,121204,0.8064791065091296,0.453771284,0.013289036
2315,2.7123E+11,68500,0.7555676221859445,0.4211277628756048,0.08378088
2316,2.7123E+11,98036,0.6750957802674653,0.2743280790145683,0.005823627
2317,2.7123E+11,69559,0.8587419996868764,0.5883870929781478,0.035347776309305724
2318,2.7123E+11,70859,0.5252873502840535,0.14677103430976451,0.001904762
2319,2.7123E+11,121458,0.8252089079024449,0.7431444173387165,0.040106952
2320,2.7123E+11,91054,0.8155048027914374,0.63518197,0.030087093981891577
2321,2.7123E+11,125987,0.6826291015715578,0.5874855088356257,0.042430086
2322,2.71631E+11,72491,0.665354325,0.2179894156826517,0.00502008
2323,2.7123E+11,78878,0.7944015367335759,0.44057970375971445,0.004932182
2324,2.7123E+11,57961,0.5100788737065831,0.3306169926587079,0.16499544061079818
2325,2.7123E+11,65463,0.517263022,0.3729246440239509,0.071343638
2326,2.7123E+11,120738,0.5748502944837443,0.2118644045353347,0.012334801653437871
2327,2.7123E+11,57083,0.5673431708148378,0.5223967392530731,0.020255863431471944
2328,2.7123E+11,66589,0.5842970140943579,0.3263157856571253,0.026831785
2329,2.7123E+11,122903,0.8157614396617525,0.5539906016589891,0.079192545
2330,2.7123E+11,98393,0.8369230704852072,0.6134020539510044,0
2331,2.7123E+11,126250,0.8636787967910476,0.7087911990550659,0
2332,2.7123E+11,46738,0.6259459391789628,0.616883109,0.016883116663855627
2333,2.7123E+11,95850,0.5578562660431636,0.5256222470626318,0
2334,2.71631E+11,119205,0.9258311902067623,0.4649499218175977,0.009296149
2335,2.7123E+11,175256,0.8958496405963223,0.6719409211820578,0.030303030016069793
2336,2.7123E+11,46409,0.5960951763508531,0.2504215830487219,0.033454545211239674
2337,2.7123E+11,55750,0.6592292022390548,0.328484845,0.062146891953142464
2338,2.7123E+11,64073,0.7376126084593885,0.5806949762108496,0.023843930463555416
2339,2.7123E+11,62000,0.751552788,0.3285457750709915,0.068541299
2340,2.7123E+11,53667,0.46251128760152405,0.22945204693657376,0
2341,2.7123E+11,80106,0.6620241349858483,0.40874523937746693,0.016591252
2342,2.7123E+11,87778,0.765968863,0.5201401005241673,0.027632561406776987
2343,2.7123E+11,69821,0.6306578115228859,0.6593720203675355,0.037256562
2344,2.71631E+11,130000,0.865785456,0.702519373,0.027664767879049895
2345,2.7123E+11,56667,0.7229822111971121,0.32406416765706775,0.034516765
2346,2.7123E+11,122639,0.8225419565642451,0.7239583207646125,0.047128129
2347,2.7123E+11,156912,0.7661943242288024,0.47748976156221334,0.063112078
2348,2.7123E+11,82109,0.8084066392140113,0.36397747909985967,0.030965391057096704
2349,2.7123E+11,53911,0.5621761609483924,0.34509201924705496,0
2350,2.7123E+11,90130,0.7279915617923481,0.3379174830522758,0.066332916
2351,2.7123E+11,157031,0.9154160857378434,0.8292682782357443,0.028875379500374172
2352,2.7123E+11,71438,0.8207407285816188,0.7179053932786251,0.063414633
2353,2.7123E+11,60341,0.7143826274465223,0.4824120542410546,0
2354,2.7123E+11,88854,0.6730627256600537,0.31304347523629494,0.007653061
2355,2.71631E+11,78750,0.8121073625807689,0.48404254890033205,0.06210191
2356,2.7123E+11,91382,0.8171846360403598,0.29847908177796423,0.017605633492858565
2357,2.7123E+11,69400,0.7994907651210009,0.34367541492700543,0.010487353420805963
2358,2.7123E+11,96918,0.839912271,0.3309002392834521,0
2359,2.71631E+11,111694,0.9341317285360845,0.526030363,0.025763359
2360,2.7123E+11,139063,0.750661371,0.6189236057385104,0.006319115
2361,2.7123E+11,122386,0.8404371492848399,0.5605095452148162,0.035114503280694605
2362,2.7123E+11,49785,0.6487919820342252,0.35117599066361727,0.023223082172955087
2363,2.7123E+11,0,0.8613666172052128,0.9999996875000976,0.06433479
2364,2.7123E+11,80329,0.8484455848646946,0.7027491288187435,0.044382801048782235
2365,2.7123E+11,86818,0.8675827553555105,0.466998749,0.023735809868567496
2366,2.7123E+11,87250,0.8675986770756688,0.46847825577741026,0.046938775
2367,2.7123E+11,49282,0.3902862065022879,0.24175823796297902,0
2368,2.71631E+11,57031,0.903732801,0.44776118846068175,0
2369,2.71631E+11,99167,0.903529406,0.410182513,0.019440124265628893
2370,2.71631E+11,83939,0.8839226091799692,0.5482123450897904,0
2371,2.71631E+11,114632,0.9325726044338941,0.5134281119521625,0
2372,2.71631E+11,122458,0.9021675401161832,0.6999999937500001,0.078326996
2373,2.71631E+11,75700,0.7905027877758185,0.28193325337245967,0.026315789
2374,2.71631E+11,93315,0.8913907166703217,0.43840578915931544,0
2375,2.71631E+11,103333,0.9151624466140573,0.7433808478270789,0.026086956269691243
2376,5.51091E+11,0,0,0,0
2377,2.71631E+11,101957,0.9156976611090456,0.5540123371294393,0.044444443786008245
2378,2.7123E+11,127806,0.8650306695396892,0.42919580044409267,0.027667984
2379,2.71631E+11,148417,0.9281575790480002,0.6270190803668271,0.00656168
2380,2.7123E+11,71419,0.730608835,0.19491525010772776,0.057142856
2381,2.7123E+11,68845,0.8476499120935987,0.4448818862607726,0
2382,2.71631E+11,88929,0.9099804216244577,0.6873015763920385,0.00872093
2383,2.7123E+11,147148,0.8630434720069313,0.4046082912017669,0.009556907
2384,2.7123E+11,102583,0.7403168948915766,0.49586776039888003,0
2385,2.7123E+11,170521,0.8222396176801909,0.7496932423350523,0.01901566
2386,2.7123E+11,82434,0.6463714597394129,0.5117647015818092,0.003589375
2387,2.7123E+11,172833,0.7557172478615671,0.7448979439816746,0.025782688291294875
2388,2.71631E+11,148750,0.909378283,0.5963756079674529,0
2389,2.71631E+11,97981,0.9035294046782008,0.32535364172629333,0.010367577659118023
2390,2.71631E+11,109183,0.9240506222778985,0.47872339916251705,0.012795275464613431
2391,2.71631E+11,150625,0.9389312911940924,0.6107526816048099,0
2392,2.71631E+11,127813,0.9427816818417105,0.6054687421162924,0
2393,2.71631E+11,147222,0.9076922989644971,0.5289473614612189,0
2394,2.71631E+11,189844,0.9253915872819802,0.6876046843584197,0.016393442510973754
2395,2.71631E+11,115556,0.9027431346405392,0.28433734711375624,0.027796161298503236
2396,2.70031E+11,86027,0.6807628467598438,0.29694726829836016,0.023887973444085886
2397,2.70031E+11,62361,0.7780195780411363,0.30099502113190274,0.010538641562779373
2398,2.70031E+11,74124,0.8126919057042794,0.1414565806518686,0.013969732084170756
2399,2.70031E+11,70156,0.676613458,0.18835191835995146,0.047356828
2400,2.70031E+11,79864,0.6301261779958504,0.10600255292461619,0.12795698787143023
2401,2.70031E+11,57663,0.6382978684601953,0.19074598497879147,0.054980079
2402,2.70031E+11,168214,0.7703124939819337,0.7281879113178086,0.024884792397375184
2403,2.70031E+11,85694,0.8004807596096063,0.2547307095381265,0.039325842144299974
2404,2.70031E+11,0,0,0,0
2405,2.70031E+11,105529,0.7084468600504372,0.5084364397251244,0
2406,2.7053E+11,225714,0.9082568743242282,0.7527749671768419,0
2407,2.7053E+11,74934,0.7461509547647354,0.3668224277638877,0.017203107562690858
2408,2.7053E+11,164909,0.9023941012744376,0.7321232082941518,0
2409,2.7053E+11,81250,0.5118043801702835,0.2267303075569176,0
2410,2.7053E+11,105250,0.7524557919820443,0.4217687042950211,0.02023988
2411,2.7053E+11,90769,0.9315931509307548,0.7514619663315215,0
2412,2.7053E+11,160000,0.9024885682961474,0.4823284789859426,0
2413,2.7053E+11,179318,0.8346938718728308,0.28593389480450504,0
2414,2.7053E+11,131613,0.8501529014846967,0.40866141410502826,0.011741682897966843
2415,2.71711E+11,132135,0.9000933664794893,0.554829335,0.012287887581697557
2416,2.70031E+11,98750,0.7539981149858977,0.197463767,0.019427402763663584
2417,2.70031E+11,87917,0.8382687863457192,0.15555555390946504,0.044117647
2418,2.70031E+11,78875,0.6374999927556819,0.26176808,0.027027027
2419,2.70031E+11,180536,0.6580441598861567,0.4479166620008681,0.023094688
2420,2.70031E+11,55801,0.7646276544905076,0.3157894702216067,0
2421,2.70031E+11,124191,0.7404426509695329,0.3233160588257403,0.005159071
2422,2.70031E+11,85833,0.7955800995085622,0.10403396806721937,0
2423,2.70031E+11,48875,0.7421328606456918,0.1465416161015051,0
2424,2.70031E+11,102776,0.7979242930529653,0.12284644102736748,0
2425,2.70031E+11,87750,0.7722616172398612,0.39263157481440447,0.082251082
2426,2.70031E+11,100521,0.7113654888686387,0.21556122174029055,0.040425531
2427,2.70031E+11,92014,0.77985323,0.21214713248804848,0.089824561
2428,2.70031E+11,129868,0.7613726994303855,0.5301914502180936,0.00656168
2429,2.70031E+11,119284,0.7308031709549588,0.35189075260618957,0
2430,2.70031E+11,138750,0.8633938008175689,0.27540500330773193,0.012396694044122672
2431,2.70031E+11,82308,0.7534791202552742,0.21356275087487095,0.025974025749142635
2432,2.70031E+11,122500,0.6895604348244476,0.41775456373688563,0.052453468
2433,2.70031E+11,109911,0.785654002,0.20487804628197506,0
2434,2.70031E+11,97188,0.8534946121842122,0.19877048773011297,0.001615509
2435,2.70031E+11,110331,0.6414309457511191,0.2488539603873349,0.011387163502136834
2436,2.70031E+11,138346,0.712677721,0.22854477398745549,0.014814814715051753
2437,2.70031E+11,97500,0.7317862885494534,0.22834645505836468,0.028912633382070188
2438,2.70031E+11,60089,0.8374384133320393,0.25683890187174924,0.012912481880739141
2439,2.70031E+11,107778,0.7679477826834824,0.41800642638792684,0
2440,2.70031E+11,48372,0.734799473,0.16930022382279658,0
2441,2.70031E+11,62727,0.7232250213811671,0.25959367359833696,0.024229074
2442,2.70031E+11,110104,0.7601270789505395,0.28992628636454193,0.051961823
2443,2.70031E+11,101055,0.7376664,0.22722512851073165,0
2444,2.70031E+11,81563,0.714840709,0.2595628379841142,0.009987515
2445,2.70031E+11,76000,0.8488952184683164,0.21473028822893891,0.009081736
2446,2.7053E+11,56250,0.8155555464938273,0.3333333251633989,0.048245613
2447,2.70031E+11,87153,0.8824939977418546,0.30116731283138276,0.029366305800878626
2448,2.7053E+11,132903,0.9211956459157905,0.47357065292804046,0.014336917434257013
2449,2.70031E+11,26932,0.869930058,0.10138248614326069,0.015118790170220515
2450,2.7053E+11,108472,0.7893120344636853,0.26837416182211404,0.036798528
2451,2.7053E+11,131071,0.8538657567805192,0.3558667293294701,0.007926024
2452,2.7053E+11,161250,0.9157725272758984,0.7155844062911116,0
2453,2.70031E+11,101823,0.8898186765715667,0.3023872638940681,0.084643288
2454,2.7053E+11,125592,0.851965597,0.43632074957168926,0.012345678895102765
2455,2.70031E+11,0,0.21739120982990878,0,0
2456,2.70031E+11,86458,0.6884816693849767,0.233273052,0.017628204845701847
2457,2.70031E+11,126641,0.7834645617882903,0.2774363452376089,0.044599303
2458,2.70031E+11,102073,0.7686212300426211,0.44894365406789344,0.037037036488340204
2459,2.70031E+11,82159,0.8326848168026769,0.2967542457997798,0.010101009955252382
2460,2.70031E+11,140063,0.7207373238675698,0.453105194,0.009529482
2461,2.70031E+11,117188,0.7827225028439463,0.24907062734069468,0.1533834563400984
2462,2.70031E+11,103942,0.7416974078512004,0.2905982864587139,0.043235704
2463,2.70031E+11,99044,0.7614583293674045,0.2765027292185494,0.005352364
2464,2.70031E+11,55333,0.6249999954312866,0.30366491616640634,0
2465,2.7053E+11,128438,0.8094555757957654,0.24285713938775516,0.021144278343976638
2466,2.71711E+11,147694,0.8967551556286493,0.44633604406857114,0
2467,2.70031E+11,110139,0.8197767014389681,0.5310344705509318,0.01910828
2468,2.70031E+11,59670,0.8206958,0.27055306,0
2469,2.70031E+11,59904,0.7621231929087602,0.22374429019411607,0.043110735
2470,2.70031E+11,84625,0.7187499955958947,0.2741935449851918,0.073626373
2471,2.7053E+11,88839,0.8812949534616912,0.3218884051096909,0
2472,2.71711E+11,128500,0.8748344312924873,0.5430107468493468,0.017992424
2473,2.70031E+11,138393,0.7826086899810965,0.29238884481997857,0.072877059
2474,2.70031E+11,92800,0.7821927830596558,0.2602308472168851,0.016498625
2475,2.70031E+11,108750,0.8076923019395136,0.38385268578112347,0.025815217040554117
2476,2.70031E+11,84806,0.7473915390038905,0.43189837380452806,0.023508137290487417
2477,2.70031E+11,137697,0.7447141680132016,0.33503574734386365,0.025884382865535956
2478,2.70031E+11,92857,0.8217898768732306,0.3290870453387787,0.028906955475095253
2479,2.70031E+11,91169,0.8085106314169308,0.4390563507332064,0.012121212
2480,2.70031E+11,109345,0.8003412900994771,0.4645061656712012,0.037371133539031785
2481,2.70031E+11,73750,0.887816636,0.41412741808687786,0.062573789
2482,2.70031E+11,107600,0.8054347738539699,0.1987261121181387,0
2483,2.70031E+11,0,0.2666664888890074,0,0
2484,2.7053E+11,158672,0.8346234987007495,0.3943089404179611,0.00879397
2485,2.7053E+11,148798,0.9137284252533502,0.44937428385239725,0.03722334
2486,2.70031E+11,0,0,0,0
2487,2.70031E+11,80648,0.7995049465371042,0.34327368891137383,0.011191942
2488,2.70031E+11,102059,0.8193146353635932,0.3546099240480862,0.029953916705600037
2489,2.71711E+11,122614,0.8903061196099932,0.47853881060027936,0.015657189881923404
2490,2.70031E+11,105972,0.8460526204466761,0.20176990793327598,0
2491,2.70031E+11,110000,0.8060486469030332,0.28738069684644013,0.031924072
2492,2.70031E+11,135792,0.8781994626813816,0.4025670898183537,0.018498367589789254
2493,2.70031E+11,118088,0.8911739426634624,0.267567565,0
2494,2.70031E+11,123882,0.8743686813486826,0.35388993971641425,0.028667790652042238
2495,2.70031E+11,100192,0.806228369,0.2214634124735277,0.019933554651714664
2496,2.70031E+11,147031,0.9223454760511453,0.4396946497756542,0
2497,2.70031E+11,134519,0.8731422458962725,0.5223151985891549,0.014032946833234004
2498,2.70031E+11,112750,0.867862962,0.23974081900834543,0.037383177337176464
2499,2.70031E+11,111372,0.8671036897073677,0.2288828317086028,0
2500,2.70031E+11,121646,0.8064516067092811,0.2537485553200859,0.015136225881571888
2501,2.70031E+11,129688,0.8254390589385894,0.36578947047553095,0
2502,2.70031E+11,79985,0.7737920880395894,0.4297520601962526,0.019184652
2503,2.70031E+11,83750,0.6667959632785261,0.4475065587433953,0.05217859
2504,2.70031E+11,78718,0.7294429643727413,0.18757921181775397,0
2505,2.70031E+11,121741,0.8535773663140468,0.40948904810591935,0.087198515
2506,2.70031E+11,83906,0.7912979292677144,0.12662337525299378,0.015825914779169982
2507,2.70031E+11,109449,0.8610567430424977,0.44507845299460125,0.026900584
2508,2.70031E+11,105119,0.8422131061248658,0.11829652810257843,0.053050397
2509,2.70031E+11,71397,0.8373879534265307,0.1842105202562329,0
2510,2.70031E+11,124037,0.8192407212284697,0.3168487618352573,0.033746898
2511,2.70031E+11,138973,0.84653961,0.6026587798721008,0.019464719957850124
2512,2.70031E+11,118542,0.8759604733703571,0.23196346820124686,0.10534979337160665
2513,2.70031E+11,169911,0.9231372476616687,0.5377049121562305,0.043988269
2514,2.70031E+11,125461,0.8553606204469371,0.32729331637999254,0.008537887
2515,2.70031E+11,141116,0.8529784429280299,0.39728352466411676,0.024311182750223943
2516,2.70031E+11,170757,0.8689427264926062,0.3536931793061564,0.004372267
2517,2.70031E+11,128346,0.8868445180603081,0.29796511194818154,0.060975609
2518,2.70031E+11,160547,0.9038613009940007,0.4707259898041453,0.039062499618530276
2519,2.70031E+11,149566,0.8979413013668799,0.5522620861758027,0
2520,2.70031E+11,99286,0.8840579624728699,0.4041353307493359,0
2521,2.70031E+11,81518,0.8938447734715007,0.31800262394214684,0
2522,2.70031E+11,158603,0.8683495111908757,0.4750830533217073,0.005159475
2523,2.70031E+11,187375,0.875106922,0.44895287370480536,0.001131222
2524,2.70031E+11,120972,0.9122806953524162,0.22568093165680028,0.015860428
2525,2.71711E+11,79078,0.8580368878193778,0.3565217373067942,0.005770084
2526,2.7141E+11,89155,0.8616969060240466,0.42740471481483927,0.011647254478808199
2527,2.70031E+11,147772,0.8829051339777414,0.33765181912832537,0.00896861
2528,2.70031E+11,115833,0.8851269542306294,0.35869564567580353,0.024390243552507268
2529,2.70031E+11,77031,0.9389736346882991,0.21551723673454232,0.017730496139530212
2530,2.70031E+11,122813,0.8947766775565732,0.31926605211682524,0.006745363
2531,2.70031E+11,101324,0.8846153751643657,0.18074655833503817,0
2532,2.70031E+11,114219,0.926511619,0.16771752625829098,0.05852674
2533,2.70031E+11,99519,0.8811983380041494,0.3345588173794335,0.040518637917039906
2534,2.70031E+11,56617,0.8724440074369814,0.16978309521478613,0.012690355
2535,2.70031E+11,112356,0.9086918269649532,0.34685314200205397,0.010781671
2536,2.70031E+11,147792,0.8983050809393852,0.41428571159554733,0.026674570084916596
2537,2.70031E+11,82431,0.8648936078202808,0.306122444,0
2538,2.70031E+11,104375,0.901408442,0.4002789344452032,0.03902439
2539,2.70031E+11,96125,0.8883174071394754,0.2669950712611323,0.029510960965337597
2540,2.70031E+11,125684,0.9062499943359376,0.2049689425080051,0
2541,2.70031E+11,144500,0.8946153777337279,0.2776659931824347,0.028028932838798076
2542,2.7141E+11,85882,0.8456096510794437,0.2218579222849294,0.008924145
2543,2.70031E+11,160739,0.9283950540872835,0.3119999964342858,0.052073288
2544,5.51091E+11,0,0,0,0
2545,2.71631E+11,150707,0.951334365,0.6558823432958479,0
2546,2.71631E+11,122200,0.94700686,0.48676469872404854,0.00990099
2547,2.71631E+11,138214,0.9329388468151988,0.5579470106300164,0
2548,5.51091E+11,0,0,0,0
2549,2.70031E+11,0,0.7612197884855018,0.4702526449042164,0.013422818691850719
2550,2.70031E+11,116771,0.8962162065273924,0.47161065502189276,0.006382979
2551,2.70031E+11,116012,0.895563763,0.4906541979648879,0.045779684609732696
2552,2.71631E+11,70313,0.8654060018609232,0.32329494842077106,0
2553,2.71631E+11,106111,0.8771704123654636,0.39437689669926373,0.020209059
2554,2.70031E+11,92202,0.7196601898078873,0.11994219566515754,0
2555,2.70031E+11,0,0.5962144922329814,0,0
2556,2.70031E+11,176250,0.8471153764700444,0.6292775605581981,0.011314186150442244
2557,2.70031E+11,141875,0.729411758,0.4829721287465615,0.051114023
2558,2.70031E+11,165469,0.8063079747446827,0.5412026695924128,0.014025245376226061
2559,2.71631E+11,92000,0.8101190427969105,0.282415628,0.014615384502958581
2560,2.70031E+11,113750,0.7541038500700038,0.4823468303097257,0.010638297825184849
2561,2.71631E+11,89754,0.8162544073468267,0.4177583636425275,0
2562,2.70031E+11,201583,0.8506731842022867,0.6829268164554069,0
2563,2.70031E+11,120568,0.8422159828736607,0.32733812557148534,0.014909478009483728
2564,2.70031E+11,88182,0.7793394182759001,0.5763422770441085,0
2565,2.70031E+11,113529,0.7398119044951734,0.5912087782151917,0.036468329434389074
2566,2.71631E+11,118224,0.8526379572308189,0.40513290187779194,0
2567,2.70031E+11,119821,0.8657105549823302,0.5186666597511113,0.013986013823006833
2568,2.70031E+11,133750,0.8907942157870559,0.22884283049358523,0.074500767
2569,2.70031E+11,115179,0.7051056306993589,0.6064226989811599,0.014617940102206378
2570,2.70031E+11,178438,0.8376906287665554,0.5591531721098806,0.023388773267210117
2571,2.70031E+11,96447,0.9222422979703021,0.23940149028923965,0
2572,2.70031E+11,149375,0.8804553996161727,0.5066666599111113,0.016298020764865882
2573,2.70031E+11,109189,0.946099277,0.6292286789008298,0
2574,2.71631E+11,86250,0.8773448646847783,0.11290322353017695,0.012939001609260599
2575,2.70031E+11,135268,0.9037995076491552,0.43291838958619105,0
2576,2.71631E+11,0,0.879293416,0.3443708552256481,0.026279391061142587
2577,2.70031E+11,165875,0.8710708531109704,0.4972677550339913,0.021209740603222775
2578,2.71631E+11,101023,0.8824786277645372,0.3324999972291667,0.054387237
2579,2.70031E+11,135563,0.8730723502601145,0.2517605589478775,0
2580,2.70031E+11,84750,0.887745548,0.31488314495838693,0.010089685985541637
2581,2.71631E+11,108846,0.903769837,0.4065843587935444,0.026797385445768724
2582,2.71631E+11,92750,0.8465974527497411,0.2920353939227818,0.010723860446060851
2583,2.71631E+11,49656,0.9006289194889444,0.095454544,0.11528149979515416
2584,2.71631E+11,102847,0.8939288144178031,0.3984142676073908,0.017004048445311348
2585,2.70031E+11,94429,0.9133089021574005,0.2755775532082912,0.018396846
2586,2.70031E+11,100170,0.8771760069905609,0.37302551187089295,0.015300546280868348
2587,2.71631E+11,110813,0.8908839655955254,0.32964601040606173,0.031620552734771684
2588,2.71631E+11,69610,0.8183118702035675,0.2052489891975169,0
2589,2.71631E+11,135242,0.9277108294019454,0.6968084982835373,0
2590,2.71631E+11,91786,0.9188102820031328,0.4330628759324252,0
2591,2.71631E+11,131705,0.8547794039082776,0.6463104243471957,0
2592,2.71631E+11,88929,0.9414814745075446,0.38829267913860804,0
2593,2.71631E+11,148659,0.9332869983788256,0.43639052931663813,0.009541985
2594,5.5096E+11,0,0,0,0
2595,2.71631E+11,110972,0.9476351191277852,0.31658290661851995,0.015981735
2596,2.71631E+11,92143,0.8336700280560941,0.55375253,0.005128205
2597,2.71631E+11,71115,0.8628783146208875,0.10819327617444038,0.044788975
2598,2.71631E+11,153088,0.9310018859593483,0.6038151092896911,0.10827664337711654
2599,2.70031E+11,124700,0.9283305149381913,0.33865450012936715,0.039344262
2600,2.71631E+11,38558,0.9087301467099187,0.17967331797326103,0.001623377
2601,2.70031E+11,96625,0.915596313,0.1890606398447011,0.022547914063721374
2602,2.70031E+11,130539,0.8893557360689375,0.309174309,0.007401316
2603,2.70031E+11,111635,0.9284307227286229,0.385109109,0.027946537
2604,2.70251E+11,107969,0.9203664487641547,0.1986842079120499,0.019292604294827393
2605,2.71631E+11,132448,0.9431654608405363,0.41886791925952305,0.017758046
2606,5.5096E+11,0,0,0,0
2607,2.70251E+11,151512,0.9472656188329062,0.37519746939022536,0.034776437
2608,2.70251E+11,116731,0.9204993369218177,0.33599202057834476,0.030470913846067278
2609,2.70251E+11,102421,0.916475969,0.513609464,0.010875475742928353
2610,2.70031E+11,124250,0.8817065230658919,0.2695984677858655,0.043021032093489175
2611,2.70031E+11,97917,0.9312226972573941,0.3898071571651907,0.083588174
2612,2.70251E+11,111806,0.8804012277746819,0.21280991515692238,0.066729323
2613,2.70031E+11,111250,0.9039999919644446,0.15407554518811586,0.006849315
2614,2.70031E+11,104405,0.9164619089560859,0.18792866683225423,0.042895441784243406
2615,2.70031E+11,122917,0.8770427947311845,0.17926829049672818,0.024416136
2616,2.70031E+11,121653,0.9247104202475365,0.17281879049648666,0
2617,2.70251E+11,72344,0.9003717405176822,0.12135922182816479,0.025157232
2618,2.70251E+11,92500,0.8895300833509474,0.1959183653477718,0.020696143
2619,2.70251E+11,100859,0.8943170399370186,0.2504173580898605,0.00990099
2620,2.70591E+11,104766,0.9195601798636563,0.19097956172671204,0.034771409949958726
2621,2.70591E+11,82321,0.9228130281062348,0.17908653630905605,0.012195121816018605
2622,2.70031E+11,118750,0.8924205324424173,0.24840255392649718,0.011661807
2623,2.70031E+11,117679,0.8941835956959804,0.26620824885846517,0.017226528706059185
2624,2.70031E+11,126111,0.8986486410587108,0.2754490990474142,0
2625,2.70031E+11,129760,0.9110320238381697,0.28138847650377785,0.061991233174757465
2626,2.70031E+11,103938,0.8536398402019936,0.1615598863292495,0
2627,2.70031E+11,126000,0.9131914815898597,0.10217391193289227,0.029891304077071523
2628,2.70031E+11,110469,0.888531614,0.13082437158759525,0
2629,2.70031E+11,80088,0.8487060328553018,0.18431771706397437,0.043552519
2630,2.70031E+11,99464,0.8818348591492298,0.21158536456350388,0.017609391581593428
2631,2.70031E+11,137841,0.8998434984362794,0.17873100823296686,0.02112104
2632,2.7141E+11,108081,0.8748481139889182,0.25485351127831446,0.043729903
2633,2.70031E+11,148320,0.9257555786744048,0.3727598521773017,0
2634,2.70031E+11,147045,0.9188437970047594,0.4867469840421929,0.008778347
2635,2.7141E+11,147896,0.9259624830900174,0.3542319721455175,0
2636,2.70031E+11,110250,0.9181286482592935,0.1091234327527114,0
2637,2.70031E+11,81506,0.8999999948275863,0.05116959,0.014230271576777028
2638,2.70591E+11,101136,0.9512635293207263,0.23522595324187773,0.012181617
2639,2.70591E+11,102625,0.9215955920110345,0.11647727162426827,0.006309148
2640,2.70591E+11,90880,0.9432849321992516,0.16152639748287298,0.11681818128719007