,GEOID,r_income,r_pbb,r_upr,r_wr
0,60730187001,60525,0.26964000685437134,0.023205445537374553,0.7253773881755047
1,60590421151,108113,0.5701643417172649,0.011904762,0.8068027155999815
2,60590421141,115349,0.42541041809128893,0.015700483,0.6837696299279077
3,60590421142,135084,0.621276587,0,0.8610478261839656
4,60590421162,227308,0.22727272469008267,0.015490533429513483,0.8616462271309437
5,60590421164,145948,0.5259067323451636,0.035779259940695814,0.8236228769935229
6,60590421163,250001,0.8611449346998181,0,0.8512773644956445
7,60590421133,87375,0.34298956728864927,0.008412198,0.8161764630866134
8,60590421083,123170,0.4401544344896469,0.013528748438232825,0.7764705806228375
9,60590421161,126420,0.6025384061286679,0.022890778136750962,0.761775849
10,60590421132,137917,0.4745395398208067,0,0.8165217320302458
11,60590421081,93007,0.5588235230902316,0.011943539501155924,0.8433874612136025
12,60590421143,131902,0.5367088539657108,0.10625737773013721,0.8091602976225163
13,60590421082,0,0.36305731327842955,0.15605095044423725,0.6863033772267544
14,60590421085,103059,0.41760721876289825,0.084313725,0.6018202434377674
15,60590421084,71793,0.4138741892188466,0.020540540429510593,0.7071213605460313
16,60590421072,53911,0.2585635344830744,0.086543033,0.5529319143922395
17,60590421134,107981,0.5832205604435649,0.013959390685794534,0.7772925679334872
18,60590421071,146591,0.3812849108759091,0.014475271236727729,0.48698629803434046
19,60590421131,166719,0.4889975490342598,0.026286966,0.7994987401879805
20,60590421062,185208,0.6438095176780047,0.011915674,0.7910750453612235
21,60590421093,112880,0.5400516726091515,0.10397196140219672,0.6917740268406936
22,60590421092,145341,0.5957683675304191,0.010471204,0.7820613628476683
23,60590421094,0,0.4785100217978507,0.031806615,0.7683257849020291
24,60590421061,110682,0.6039076269288166,0.026825632983224545,0.8611521290819479
25,60590421091,69963,0.309034904,0.003571429,0.7308209910442733
26,60590422015,165329,0.5465768737757927,0.010816125754020396,0.7998379189640363
27,60590422062,124485,0.4765432069349185,0.041104294226354025,0.8033573102956483
28,60590421121,195600,0.5792522349697091,0.018664047059606843,0.7585951912806093
29,60590422061,71750,0.6127973698704071,0.036049026,0.8150288950038902
30,60590421122,104189,0.6099397544432248,0.040094339,0.7196312325399608
31,60590421111,151810,0.49839227761637434,0.020042193881411458,0.762183228
32,60590422014,131922,0.5326576516592607,0.007070707,0.7579250647653692
33,60590320631,162944,0.5511296043333556,0.00855615,0.7823416476685541
34,60590421112,143850,0.4737777735664198,0.061757719225987974,0.8317552743499251
35,60590422012,0,0.3996175831813082,0,0.7671232726590358
36,60590422053,107724,0.4073689651926883,0.046685340585035755,0.6350203153490198
37,60590423131,142813,0.6724137825640473,0.058748402825690896,0.8584779591658483
38,60590422054,103250,0.5844155768257717,0.016883116663855627,0.7447306733432422
39,60590422013,107708,0.6215246581029179,0.028761062,0.7938718607669091
40,60590421113,139911,0.4223918467584772,0,0.8262653785736611
41,60590421123,244271,0.4849896455228279,0.033800494502058964,0.7992879359177216
42,60590423231,109113,0.6984615277159765,0.017191976831060503,0.8322580537773154
43,60590423133,73882,0.542938926,0.030567685322552968,0.5670995640308465
44,60590423134,117500,0.5512820434290308,0.023752968839038376,0.7606209088184567
45,60590423135,113446,0.6696914639773914,0.014925373003289086,0.5858778588684614
46,60590423411,101083,0.3793604596023189,0,0.7308447865339412
47,60590421114,184779,0.5799086705031172,0.042197452,0.8257093177434319
48,60590423112,0,0.697368415,0.010645375844009475,0.7931034408844041
49,60590423132,110156,0.4955456514972645,0.030066814809946385,0.7222844264021901
50,60590423233,162167,0.7819905089732937,0.022321428239264463,0.8168007076246586
51,60590320632,250001,0.6858974296163239,0.051364366,0.7924226211717043
52,60590422051,135484,0.4254237216029878,0,0.8067954643118224
53,60590422031,188239,0.548387092,0.013783597423958667,0.7841091429846778
54,60590320621,181583,0.7282708076095992,0.020537125,0.7594064612644067
55,60590423392,139000,0.6691176388588524,0.014739228857831873,0.7879537888782691
56,60590423234,142400,0.5943223388798321,0.058823528937763665,0.8543955985275028
57,60590423415,190503,0.6369137573840582,0.060906515,0.8085937394714358
58,60590422011,63219,0.10738254889419398,0,0.518996412
59,60590422052,250001,0.632711612,0.067017082,0.8133086800988107
60,60590422034,165375,0.4569471579555073,0.052719664830797784,0.6361200394634511
61,60590320622,240125,0.7044261012421148,0.029500300845874166,0.813977387
62,60590423393,101818,0.5023999919616001,0.065714285,0.5730994104168805
63,60590423412,122807,0.3294001934178939,0.017941454032658604,0.7955911743928741
64,60590423114,116979,0.5858111602200774,0.006419074,0.769999997
65,60590423381,125893,0.551047702,0.007377599,0.7942314428623586
66,60590421115,233750,0.6980609321598209,0.018604650946457548,0.8105906231100751
67,60590423382,148125,0.6707855192340202,0.018638573592880278,0.7847946
68,60590422036,235500,0.765730874,0.010118044,0.7887417166308496
69,60590423232,116250,0.5222830295364892,0.020633750769095426,0.774065229
70,60590423413,128611,0.5709090839889808,0.016726404,0.7419112058546937
71,60590423391,99632,0.3387096743843219,0.099570815,0.8157067977412901
72,60590423242,73730,0.5322033717897162,0,0.7968574545807244
73,60590423414,81324,0.3627311496249563,0.069313169,0.577598479
74,60590422033,104917,0.3904555272184867,0,0.8632025359151375
75,60590423241,250001,0.7719907318056628,0,0.7684887377439578
76,60590423052,250001,0.7461197256527747,0.018903591503746774,0.8672086642528576
77,60590423401,71786,0.10135533234322137,0.020665322,0.30335096868011036
78,60590423113,162283,0.729551442,0.014304291,0.8013029250708231
79,60590422032,97417,0.34542157438421056,0.017225748,0.8404133083764259
80,60590422035,0,0.5624315412791263,0.040627885,0.7706974371766311
81,60590423323,158125,0.705617974,0.084325396,0.8012205719214447
82,60590423322,0,0.684508488,0.11864406720516417,0.7436170173211861
83,60590423372,193008,0.818373803,0.069827586,0.7654584167344818
84,60590423321,0,0.6382730380598245,0,0.8338220837358545
85,60590423122,145625,0.6332129918179568,0.037937166,0.7010435807179646
86,60590423053,188378,0.6560102217901507,0.043123543,0.8958109463393025
87,60590423173,168838,0.7526278854055509,0.010087424276479998,0.838961034
88,60590423051,156141,0.7587443878139517,0.026677445,0.8440029371302212
89,60590423244,130080,0.5543822539135982,0.056842104664819953,0.8410138184253931
90,60590423243,163625,0.6380737348527183,0,0.8173553651458234
91,60590320642,240911,0.5703421836371794,0,0.8429172392297722
92,60590423111,0,0.5396085690623619,0.016201620016187038,0.5922131107089269
93,60590423124,66094,0.10306122343815079,0,0.189264229
94,60590423371,173375,0.6809160201386868,0,0.7919020641063836
95,60590423123,94036,0.073451327,0.017487047,0.11129991456542092
96,60590320641,218145,0.5926829196014278,0,0.7713903691751981
97,60590423373,181125,0.6850649276508125,0.036548223,0.7447916589084203
98,60590423121,127528,0.23905529816212387,0.023019272,0.4368890759163235
99,60590423172,233700,0.7731481362168497,0,0.8585858477451282
100,60590423311,211067,0.5538555657658778,0,0.7431788620910399
101,60590320614,155813,0.5395256810370419,0.016274864,0.7608069054638775
102,60590320613,143250,0.6192893338143215,0.043442622594732604,0.8230358442178807
103,60590423313,130458,0.5152224784135638,0.03362391,0.7802659147637095
104,60590423252,126912,0.55313531,0.028097062,0.7367119855580223
105,60590423171,100184,0.46635367032310376,0.019455253,0.7427983462675067
106,60590423312,66643,0.3647058769896195,0.043743641,0.36424649
107,60590423153,136477,0.5608855985076459,0.062394603,0.772897189
108,60590423303,213194,0.6474820077339979,0.047197639653907185,0.7471819585573112
109,60590626324,164625,0.6530944572223578,0.00703125,0.8242766349733477
110,60590320612,164531,0.7275038092145205,0.025700934459341424,0.7523928391494263
111,60730190011,113889,0.19157087877942683,0.015325670302354146,0.5984189676014311
112,60590320633,144116,0.5123838982849128,0.043553256,0.6511891255145748
113,60590320643,140472,0.3893249546416805,0.037128712,0.708474564
114,60590320463,250001,0.640636841,0.017184402,0.7351996294850865
115,60650464011,142321,0.4548685113371108,0.011104256563206313,0.6134152554356618
116,60590320431,238281,0.6369910238993028,0.019020172801036468,0.7222914042246101
117,60590423304,95436,0.3279352193528824,0.071553228,0.39051269578096454
118,60590626202,96992,0.7982646334244617,0.028077753476482146,0.8281967158806773
119,60590423293,105568,0.577067664,0.062348178,0.7554125175224545
120,60590423302,58986,0.26792009085875335,0.012244897834235737,0.39792387084286196
121,60590423155,129038,0.6869047537273244,0.012591815187913797,0.6647173424491487
122,60590423251,182917,0.6994917363437628,0.007207207,0.7437968797241957
123,60590626203,238897,0.8338461410177517,0,0.8403263305323272
124,60590320611,134286,0.6670776736488573,0.047387606,0.764270605
125,60590423301,177829,0.8003826479567433,0.14058823446712804,0.7021379946446161
126,60590423261,123542,0.5526569994912367,0.041119859657744014,0.6825712347079441
127,60590626204,178750,0.7041322255856841,0.037280701,0.8283045917506854
128,60590626194,198333,0.6123919220116438,0.058748402825690896,0.8667425869391505
129,60590423292,127604,0.5005055561121784,0.022084805458614794,0.8109756035748811
130,60590320221,124557,0.23579545320570766,0.022026431621028932,0.37888406154733023
131,60590423192,135625,0.6357615809832904,0,0.6879581079794963
132,60590320581,250001,0.6622989835479512,0.026836158065743132,0.7463087228287014
133,60590320663,192936,0.6858513107212073,0,0.6378476382234121
134,60590320664,207887,0.7559779230166896,0.053837342188789564,0.7902230622201087
135,60590626201,149450,0.5670955830230185,0.043512658,0.847133751
136,60590626193,134309,0.7949836336424904,0.015274948927953677,0.7965284397634673
137,60590626053,97731,0.4749999892045457,0,0.8310911684440783
138,60590423291,115446,0.5766192641924287,0.043415339,0.775073021
139,60590423191,165833,0.5511482225931721,0.056057866,0.7174107110829878
140,60590320661,250001,0.6286200968601354,0,0.6949602075931021
141,60590423262,153250,0.532773107,0.039936734,0.7027565569486663
142,60590320666,38188,0.061111108,0,0.6639999734400011
143,60590626192,178750,0.7179487026079338,0.012145748741988892,0.8396572724644153
144,60590423152,166007,0.39627039319137225,0.029696578,0.7272727206611571
145,60590320223,133636,0.2799999966060607,0.021889400669476953,0.6438202174851662
146,60590626051,0,0.5622222097283953,0.05111111,0.7779886
147,60590320582,176406,0.7325581342110601,0.010410287750090093,0.6953966676611274
148,60590626191,159844,0.8246844204111582,0.039859319579609385,0.8300711669922495
149,60590320583,250001,0.75770924,0,0.7659793735466044
150,60590626054,80875,0.6290182395393724,0.078947368,0.789646666
151,60590423154,143063,0.47884614924186397,0.055650684455045514,0.7391304303192607
152,60590423361,143942,0.6494900662936658,0.077578051,0.7343957478937724
153,60590626052,138472,0.7048929555826765,0,0.8968253825900734
154,60590626563,178206,0.5862903178524974,0.003108003,0.8349587334211648
155,60590320592,203659,0.7187141134475992,0.012727272611570249,0.7161409985336687
156,60590320662,99219,0.48963474343894625,0.07920792,0.6184668935673616
157,60590423362,175114,0.743935303,0.046979865,0.6868613088550269
158,60590626323,141705,0.735618106,0.095449499,0.8148148082543091
159,60590626322,98017,0.6311728297658514,0,0.7863741248686591
160,60590320665,79875,0.5152582099148098,0,0.6437459027914479
161,60590320591,189709,0.5198529373540225,0.013176144152731316,0.6743787460395083
162,60590423344,151750,0.4246395750374892,0,0.8123195301990421
163,60590423151,0,0.607142851,0.053882725,0.6627172143545244
164,60590626394,113083,0.6553122412383435,0.038861901187634273,0.6326102125079761
165,60590320595,130849,0.813135978,0.027681660660193248,0.6510215314686829
166,60590320224,36579,0.35693214812784446,0.015151514974924068,0.37072503166398746
167,60590320222,107708,0.5168420998227148,0,0.5099111380047086
168,60590320594,187241,0.6681514402210308,0.014967259,0.6282649224427942
169,60590423351,123472,0.47762863000415406,0.00867052,0.6532012145335273
170,60590423353,91682,0.5140073050304061,0.076120959,0.5890070901099039
171,60590626561,0,0.4885620835202274,0.037202380398774104,0.8617200529220902
172,60590626393,122284,0.5343693931000036,0.045175682960537186,0.6565232575847385
173,60590320593,218355,0.7308868389772655,0,0.6507739897784892
174,60590423343,130486,0.47574626421878485,0.032161555,0.6485557039301534
175,60590320573,158833,0.6874999804687506,0,0.5840938646141608
176,60590626331,200795,0.7228229896253672,0.018094534645145734,0.5779816497693031
177,60590320571,151923,0.6349372351729224,0.025143361159491125,0.6779713731239223
178,60590423352,238850,0.8093359578610391,0.024498886277845845,0.5751072936690673
179,60590626401,115380,0.49215523953629037,0.039051603632834005,0.5948235266125951
180,60590320134,66974,0.36338418358690455,0,0.6421568564494426
181,60590626391,206181,0.6338418774779213,0.020320855,0.6069802685358098
182,60590423204,108889,0.4731385440797498,0.01056338,0.595530723
183,60590626392,182799,0.5002377532085699,0.030174245515621565,0.6365209838315837
184,60590423341,74583,0.41355139703795096,0.029292928997041123,0.6229508154170026
185,60590626321,151711,0.6142857017492714,0.058479531,0.7774524044296867
186,60590626402,109973,0.5634995243320835,0.037234042,0.6790849628817976
187,60590320394,110239,0.265999997,0.019827586035969087,0.5654205574449734
188,60590320464,232273,0.7245355494904834,0.014055179520795526,0.7340294795207034
189,60590423342,77717,0.3182579511179573,0.17105262907817795,0.45478035783996246
190,60590423331,169722,0.7054665376745214,0.004512975,0.7006139375203541
191,60590320133,109306,0.5622406522356711,0.020618556397370303,0.6972704628130216
192,60590320131,169605,0.28725868504047347,0.011963405967885954,0.7033492766878048
193,60590423202,0,0.22842639014146218,0,0.6262833546964404
194,60590320393,83506,0.46085671401984174,0,0.5135566147244289
195,60590423332,242841,0.7572528078315405,0.068030973,0.6487959988696228
196,60590626372,107143,0.5321212056712581,0.038636363197314054,0.6744847144670596
197,60590320572,196607,0.6022727241618144,0.033571128688329295,0.7049180308608797
198,60590320654,250001,0.6183719147246309,0.030573248212909247,0.6317477251109155
199,60590626382,182303,0.5718349888205193,0.022307202,0.5415740304954467
200,60590423203,96567,0.2855093236333621,0.026791694395233125,0.5499425915617532
201,60590320402,160357,0.6640253460534811,0.036262203,0.7623188332143108
202,60590320392,143177,0.6503456183735852,0.042153377,0.6736170184101403
203,60590423282,191964,0.8560126446833443,0.018324607089992055,0.7355212284216098
204,60590626371,136098,0.5267379659024524,0.031068623997717225,0.5987438918396932
205,60590626373,107015,0.4421487542403753,0.021464646193628204,0.5967540537031583
206,60590320132,61958,0.5702353791174231,0,0.734005034
207,60590626431,250001,0.8320441897011692,0,0.5452322705059153
208,60590626383,121351,0.5034964999755489,0.037424326,0.5825503336156028
209,60590626362,113986,0.37300177288630754,0.047451669,0.5770114898313295
210,60590626381,92120,0.5310558964980132,0.041637262,0.5913978449201395
211,60590423201,84028,0.6884480706624967,0.081259522,0.4940860188489999
212,60590320451,238571,0.6302631496018006,0.029946523743887447,0.7426686162560951
213,60590423273,147692,0.5597269586366761,0.021578648372636865,0.7005195999030722
214,60590320401,169167,0.533582085,0.036912751,0.7347715689418047
215,60590423272,110139,0.4100486157204438,0.00739645,0.628190892
216,60590626437,0,0.942307647,0,0.5090252615699411
217,60590626363,123162,0.5624999933667454,0,0.5894039686307618
218,60590626332,229345,0.7367075626957691,0.009243697,0.6500330447784763
219,60590320452,176354,0.524025971,0.070254957,0.7363184038898928
220,60590320391,221366,0.7846153745562132,0.082796687,0.698254358
221,60590626361,108125,0.6307505976906708,0.1191765967586501,0.5277108391348527
222,60590626562,250001,0.73662966,0,0.8614576437199104
223,60590320122,179688,0.6378640714770478,0.013781222964847347,0.7474541700783831
224,60590320123,94583,0.44276456927074365,0,0.6257142767755104
225,60590320462,177107,0.6074270476468562,0.010204081516960527,0.7758743699081059
226,60590320461,250001,0.8308321851182513,0,0.7179487082598015
227,60590423281,227500,0.6890243842419479,0.056188924623868694,0.7711442731261956
228,60590626254,0,0.3118279514009328,0.018564356,0.17119565101089912
229,60590626344,105375,0.5726872162600997,0.006775068,0.7037457354852925
230,60590626436,192619,0.9589815988828628,0.024096385219593237,0.6401326646755169
231,60590626253,143134,0.5307517043982407,0,0.6447368371150399
232,60590320383,208973,0.7154929537155327,0.011369788785220419,0.621776502
233,60590423271,227188,0.45849055738697064,0,0.6471238866468597
234,60590626342,176424,0.7734478152348229,0.015854374539903848,0.6111338493199596
235,60590320534,100657,0.41290322314255984,0.038988409,0.5819750691180485
236,60590626343,158203,0.5525876368516255,0.056603773,0.6639610335717449
237,60590320653,199310,0.6792143970604386,0.012481644548592918,0.6697742852317258
238,60590423274,72639,0.591216206,0.067567567,0.6408450629008796
239,60590626341,134659,0.4527162886777407,0,0.6881355854447957
240,60590626432,250001,0.7917594566619215,0,0.5496688696219465
241,60590626473,111625,0.42810457166581234,0.1130573239406264,0.6925619777474217
242,60590626492,86250,0.554259037,0.096844395,0.6701461331235481
243,60590320121,156667,0.5497685121554571,0.008628955,0.7447108551148741
244,60590423075,101845,0.37318840128999514,0.13786213648489373,0.38829786938983385
245,60590626252,48235,0.5547445197628309,0,0.7723995800988714
246,60590320381,150668,0.6320137671875601,0.053131493,0.6625641002989261
247,60590626433,0,0.706666656,0.071633237,0.8018372598184087
248,60590627021,0,0.7699619625482517,0,0.8383534052374156
249,60590627022,0,0.7672413660820454,0,0.872037901
250,60590628001,195625,0.7031602629440151,0,0.8957528871066324
251,60590627024,226486,0.8905723755795897,0,0.8828696796065933
252,60590627025,0,0.5090543157131928,0.042635658,0.8606557276269822
253,60590627023,190227,0.8068880589558665,0.026166098,0.8117123735232589
254,60590627012,192361,0.8342696512040779,0.012413792932223547,0.8668171492338815
255,60590626423,182750,0.6991525364478599,0.014892032651585759,0.8758837323182739
256,60590627011,160875,0.7522058768220157,0.011455525529275435,0.8736920711981161
257,60590423073,122417,0.31319702311155184,0.010033444732161834,0.6133720885656099
258,60590320382,228869,0.6445497324857946,0,0.577562319
259,60590626412,118472,0.687172766,0.042713567302593375,0.6988335026634835
260,60590423071,137274,0.6093445774864077,0.016139043971824682,0.613404562
261,60590423074,141505,0.36363635910789094,0.099552572,0.43807918754777436
262,60590626353,104737,0.6578947296283473,0.017068272921001278,0.6508828198163498
263,60590626251,61694,0.36633662912949716,0.028465346182359578,0.7067371108753354
264,60590626474,33550,0.4170692364401089,0,0.7265446141127618
265,60590626411,159806,0.5076335858487268,0.020983832,0.43676627418152003
266,60590320203,57102,0.5860306544117435,0.096264366,0.6571125195635614
267,60590626352,159826,0.7564668721989471,0.00578369,0.5883993274489719
268,60590626435,119000,0.8950617173449171,0,0.7108953537120243
269,60590626472,59803,0.38636363174206184,0.035885167034866425,0.7447129796871151
270,60590320201,156250,0.5460030138461387,0.042216359,0.716071425
271,60590320652,134643,0.5298912899486062,0,0.619221404
272,60590320032,185078,0.5070921925875628,0.056008146,0.7356544117623829
273,60590423072,178672,0.5969581673389333,0.012972972832724618,0.6339622593663226
274,60590320033,199464,0.566125286,0.059856864,0.6964064393035537
275,60590320154,128889,0.20193151710332294,0,0.6344586691824292
276,60590626413,66708,0.49685534,0.021383647529765442,0.5903954718870696
277,60590626351,165221,0.7014725475037142,0.012485811436029382,0.6406396929384789
278,60590320443,250001,0.7207661217664706,0.006584362,0.7604912921137023
279,60590626493,90156,0.6341463304155692,0,0.6794117547145331
280,60590626463,57340,0.6241438302727412,0.067636986,0.7279005474592504
281,60590626461,54750,0.45785123210163253,0.023140495485281066,0.6918238884933351
282,60590320152,162424,0.5346225793223794,0.04074296,0.6158940356563309
283,60590626454,250001,0.9687964194829656,0,0.6666666576332432
284,60590626464,40662,0.32746478296716935,0,0.7629009656499168
285,60590320031,151123,0.4295532616525549,0.023735165373296906,0.7027026982859668
286,60590626482,89750,0.5924369685668386,0,0.7095435611043199
287,60590628003,235962,0.38452520065034934,0.036519871,0.8391442088815831
288,60590628002,96750,0.7366166865820838,0,0.8346914920292027
289,60590626422,250001,0.730103798,0.011534025241822085,0.8461538362919133
290,60590628004,223500,0.635983255,0,0.8736517584953505
291,60590630062,157143,0.7061281238700818,0.04025974,0.8920863245173646
292,60590630061,157125,0.6674509751572473,0.017972681394876483,0.8909090828099174
293,60590626421,203056,0.5955056012498428,0.026385223578226293,0.8091921892870169
294,60590629002,212721,0.8378378189676168,0,0.8948069121863261
295,60590635004,110982,0.6111110922496577,0.11594202658505122,0.8124999873046878
296,60590629001,219000,0.7888138786035306,0.010166358501235134,0.881865276
297,60590626462,39338,0.5551982791511438,0,0.7709923580044454
298,60590626471,96339,0.4532418924361478,0.006362059,0.4581955575900068
299,60590626434,217434,0.6899224699236827,0,0.6865384549371303
300,60590626453,125294,0.7521472300350034,0.019758506918128353,0.7555373194787751
301,60590626483,62177,0.5248901864942154,0,0.7102199177864171
302,60590320202,167625,0.4394765515840973,0.025842178,0.6861747214326771
303,60590320021,250001,0.6344537726266979,0,0.779392328
304,60590320153,137574,0.4713839701208744,0.00657277,0.49377334686317964
305,60590626491,63558,0.5333333297777778,0.010666666595555556,0.7231833859987309
306,60590626452,248203,0.9485049676328079,0,0.7039238917488242
307,60590626524,121250,0.5933014212128846,0,0.7064989369706722
308,60590320024,168026,0.4242424199571473,0.004132231,0.6908396893829032
309,60590320444,159265,0.7044176650247578,0.032586557823580733,0.7725118437647402
310,60590626481,58452,0.6098484771483779,0.032828282,0.7004470834508632
311,60590320023,123199,0.30876934186610655,0.028666666475555557,0.6649264325347582
312,60590626582,87546,0.6372699337632673,0.008810573,0.789068508
313,60590320141,126708,0.23168214534735734,0,0.4039285699859694
314,60590320532,180250,0.5985169428123205,0.055419722,0.689070715
315,60590320151,217105,0.5246548288977329,0.052860696,0.5548523177486692
316,60590626222,60333,0.616613409,0,0.6337285819008093
317,60590630051,181750,0.685009475,0.005154639,0.8848920735986753
318,60590630052,124821,0.7282051188691652,0.028436018620426322,0.8311170102245079
319,60590630082,173542,0.5623959972979036,0.031613976,0.8193384119677047
320,60590626581,166649,0.5952980638514016,0.025697503482397185,0.8034759322483247
321,60590635005,250001,0.6628959126041649,0.030567685,0.8463157716565101
322,60590634005,171318,0.5916575127150657,0.011482254577429494,0.8582739441150123
323,60590635003,0,0.1673944662679117,0,0.8289817124153823
324,60590635001,154469,0.7448478827787254,0,0.845464716
325,60590635002,122463,0.6096153728920121,0.10223048137118065,0.8924731062839637
326,60590630081,214306,0.8028909277076812,0.020954598,0.7891491936550604
327,60590626225,48462,0.41712061932201855,0.014007782,0.6718639215317936
328,60590626223,45833,0.6518635951477907,0.042030134,0.6782700350393457
329,60590320533,140060,0.5382262955793097,0.037323943,0.6377068520230091
330,60590320371,63021,0.4751415954994236,0,0.820689651
331,60590320361,177888,0.5913865484098052,0.040039062,0.7625570706615793
332,60590320022,124981,0.31386861027492147,0.017756255,0.7216657842822046
333,60590626455,250001,0.7605396225924147,0,0.7420162758796727
334,60590626221,43750,0.408369402,0,0.7135761471262227
335,60590320531,223547,0.3958707343093773,0.018092105188766014,0.6843443491306053
336,60590626522,123546,0.46757881934813317,0.068424004,0.5194252234197699
337,60590320372,245104,0.6710526256925209,0,0.6925653001167763
338,60590626451,170556,0.6432637510126779,0.050955414,0.6495726456070046
339,60590524113,157176,0.33473506867338043,0.020069204,0.5086992501350518
340,60590320282,84212,0.40926430294678856,0.070395371,0.526565872
341,60590320362,152039,0.5508173379472826,0.022063594924960447,0.6649999972291666
342,60590320142,62037,0.19857524311152946,0.018341892748775547,0.469725937
343,60590320143,62454,0.17899159513452442,0.034508626897909775,0.3155688603858152
344,60590320373,131667,0.3599605504932912,0,0.8756884274139385
345,60590524111,140194,0.32990573838983944,0.024805103,0.38625592234001926
346,60590320651,217582,0.4656593342629213,0.026900584,0.5689293172223281
347,60590626554,250001,0.6627586161189061,0.006112469,0.42041198305050564
348,60590626583,212112,0.866204154,0,0.8328869800059615
349,60590626552,198250,0.7768786037355075,0.006936416,0.5702786342397608
350,60590320281,0,0.44171122522233985,0.019348269,0.5899613854057036
351,60590626224,82692,0.098461535,0,0.48251747576898635
352,60590626521,55179,0.37653814293241883,0.006373938,0.5685909337765926
353,60590524101,150729,0.6801152639752844,0.046109509,0.32624633191901514
354,60590626523,131442,0.5357142750850342,0.03407155,0.5837004341002155
355,60590320273,58942,0.2699530484747295,0.031187122422664765,0.37899543090566645
356,60590524112,85260,0.24476987191663316,0.081278538,0.3982300861461352
357,60590634003,172375,0.7200621971996548,0.050974512,0.8541147025671484
358,60590630071,0,0.7468085026935266,0.05410628,0.8391655394403396
359,60590634001,121719,0.5536480607489548,0.019920318,0.883295184
360,60590634002,219625,0.6307847019035745,0,0.8182640070681374
361,60590635006,127563,0.8487115473922565,0.0437846,0.8274647829051776
362,60590630102,88163,0.5078224080007508,0.040169133,0.683467738
363,60590634004,178417,0.8340806987874283,0,0.8399452689473972
364,60590630103,250001,0.825768662,0,0.8503484999985711
365,60590636033,96471,0.5292459441208883,0.008079552,0.7641824206663936
366,60590630042,95288,0.5047879582435845,0.043870192,0.7967032923258061
367,60590320442,238625,0.6961258995626405,0,0.794871788
368,60590320411,135517,0.52107279,0.012944984,0.7427983462675067
369,60590320441,250001,0.6173733131605655,0.013623978077893024,0.7882146978517229
370,60375990003,89298,0.15838509070830606,0,0.5595237984221468
371,60375990004,98261,0.20616882782193463,0,0.43550623831132984
372,60375990001,70351,0.005115089,0,0.5987054919303318
373,60375990002,98949,0.261744962,0,0.4881266426368517
374,60372976011,92656,0.334212838,0.042218543,0.5400843824885614
375,60372975011,108938,0.3380281610791512,0,0.6771217587246908
376,60372976022,78704,0.347749335,0.000831255,0.5736005489039354
377,60372975021,107039,0.40556087818254194,0.019927536051381013,0.5414993270314636
378,60372975012,201065,0.44680850504620145,0.062350119,0.6917221627809499
379,60372976023,94625,0.33711339858645983,0.015624999847412111,0.5118560873928366
380,60590632021,0,0.39387539182813736,0.042051281619986856,0.5948477682102135
381,60590637011,19655,0.147331785,0.026096033130521574,0.3881048347973303
382,60590637024,86563,0.2637434537713125,0.016138007700957108,0.329153603
383,60590637025,84449,0.056547618206136636,0,0.31109445044157086
384,60590636011,140278,0.5283687905789447,0.025347013,0.6788116553878271
385,60590636012,0,0.48794599336599814,0.10217755358310257,0.5835734828272804
386,60590992404,116545,0.5660777345153517,0.041740152605877996,0.7319711494472888
387,60590632013,86131,0.5888888823456792,0.053892215,0.7420574830404124
388,60590637014,87296,0.2185911385723229,0.004739336,0.1829436025932352
389,60590637021,139167,0.36078431018838913,0.10311750517092322,0.5047740260676383
390,60590632012,148646,0.5014662683069462,0.018181817945690678,0.758990048
391,60590637013,69318,0.2962184842834193,0.017163504813337806,0.2283105009799629
392,60590993071,106250,0.532504775,0.057094878,0.7550620460152708
393,60590630091,216875,0.7793344872270668,0.038016528,0.752564093
394,60590992202,128288,0.6255259423174899,0.045062955,0.6647887286490776
395,60590632011,136417,0.6174004128155093,0.02085308,0.7632534439850875
396,60590639061,90815,0.44471946827789216,0.008626887,0.42956989016360275
397,60590992203,162169,0.6372141305902898,0.053380782443231474,0.7660818657450156
398,60590992392,172857,0.5449735377649003,0.081145584,0.5499541654449664
399,60590638033,103672,0.4608294877784621,0.083246617,0.6713880956431719
400,60590992402,131681,0.6529814207919705,0.013321491888796697,0.7629083205326221
401,60590631024,118438,0.5130718898358182,0.095092024,0.7592814325791531
402,60590638081,100455,0.3267457158975908,0.028068244,0.3943808512259061
403,60590638034,121719,0.5219665217367518,0.074372759,0.49210903520725224
404,60590992201,61445,0.5233333289722223,0.009397024,0.7430972344351907
405,60590638082,61518,0.16518846823516112,0.062137530553955836,0.1920115486428703
406,60590639062,83203,0.18693008976496892,0.1532634023702599,0.2684426211171952
407,60590631023,74779,0.5301724061756838,0.020247469,0.7663043426202151
408,60590631012,90000,0.6334164430569466,0.07939914,0.7244785869980397
409,60590638083,86190,0.2436115801769748,0,0.17654028331433483
410,60590639063,100833,0.36804407510719517,0.020048899657462593,0.5127716335769286
411,60590992172,128500,0.47884614924186397,0.038827258,0.7689946218803175
412,60590993111,107500,0.6327043945571774,0,0.7313043414669188
413,60590631022,115818,0.4162679397384283,0.012017710233917076,0.7043335123185216
414,60590638032,117781,0.6393229083421497,0.030516432,0.682340641
415,60590639052,114063,0.4967405411115966,0.063454758,0.5345228818113043
416,60590639053,107388,0.4940238994619134,0.030222222,0.6824983690143243
417,60590631021,168250,0.5819397954385298,0.012939001768706089,0.7325876932761175
418,60590993064,125880,0.6070402255241363,0.013395847197616563,0.7305863650508212
419,60590993072,133879,0.4222936717867774,0.026548672,0.7793388365343898
420,60590992432,98456,0.6569282082059416,0.00608828,0.6923497229926244
421,60590992442,71333,0.44066785664479513,0.017292785,0.8403216493950508
422,60590992372,138952,0.5176151714759244,0.075918367,0.6861948916113986
423,60590992382,179219,0.5447443143128955,0.005806452,0.6976303284472496
424,60590993065,71115,0.534023661,0.031636863,0.7250509091135345
425,60590993112,132188,0.618197274,0.021137026,0.7752293527180252
426,60590638071,73958,0.14161073730462592,0.008510638,0.4157624190990153
427,60590993113,126136,0.7156862667136572,0.008893281,0.7292682837894112
428,60590992171,198920,0.650273215,0.022432113076362302,0.7650602343798603
429,60590631011,107394,0.4294367024261859,0.053147574545162155,0.5553359656356919
430,60590993103,118940,0.468579229,0,0.7481402683513255
431,60590639051,113250,0.5295698877278684,0.065828402,0.7426132584201361
432,60590993102,113393,0.7009189582212284,0.058094499937300544,0.7260195248361888
433,60590993101,171860,0.5892617410116662,0.013513513430506675,0.71633416
434,60590993062,79565,0.46529967720347515,0.013173652536842485,0.7225481917640554
435,60590993063,108996,0.3677221617188748,0.014014013873733595,0.7066037669188324
436,60590993061,128462,0.45454545126590584,0.010526315720221608,0.7178502833150974
437,60590992431,122096,0.565359474,0.008782936,0.7544570471861546
438,60590992441,189091,0.5297918124207336,0.017156862639970204,0.7361111075856747
439,60590992371,124400,0.43589743251050944,0.030906593,0.6887561070681363
440,60590992151,114765,0.4123760018310061,0.0710238,0.6038759666516434
441,60590993091,144971,0.4586267565261729,0.010204082,0.8446519452915794
442,60590639042,92813,0.38584779448699735,0.025285972,0.5327156888667303
443,60590639022,74474,0.4676353967287266,0.17820069049999404,0.5699916129925263
444,60590993052,88490,0.5266429793370961,0.052442528358889885,0.5850580485357999
445,60590992451,156786,0.4959459392439738,0.015366430078410992,0.6886363584194215
446,60590992461,152917,0.46742856608653066,0.079646017,0.6503759337370683
447,60590992463,117500,0.3451536561429396,0.030120481322881903,0.6992907702228259
448,60590992152,142067,0.5647865810610779,0.007097232,0.6862314827963166
449,60590638022,250001,0.6531365233316541,0.024561403221504057,0.8112049055164627
450,60590639043,57917,0.10876132766221559,0.046332046,0.12799999906909093
451,60590638021,168472,0.4159946208602512,0.038800705239266875,0.6155732641595754
452,60590993053,96218,0.41829393198053516,0.020657276801340125,0.6643145094323134
453,60590992153,140833,0.3883647737678495,0,0.6339468237837749
454,60590639024,93026,0.3513513485584154,0.017988008,0.3505412141942497
455,60590639084,92532,0.4530744299913072,0.013708019097271974,0.5214579628368139
456,60590639083,86912,0.34179687166213996,0.008211679,0.5334589959146183
457,60590992162,127792,0.40284756781534703,0.026425591,0.6987307902556393
458,60590638063,119861,0.7058232860861116,0,0.7456268167228366
459,60590993055,119295,0.29745596577831734,0,0.6505706703198361
460,60590639031,123125,0.37701804010429213,0.033179012089668114,0.3670048506087126
461,60590993081,250001,0.7322709104998334,0.004946996,0.605051045
462,60590992163,123214,0.3541383941093841,0.022020725103358483,0.6134812234344605
463,60590993093,121442,0.2843511396116195,0,0.7638888792438273
464,60590993094,43170,0.37270875384206975,0.029330889,0.6890756244615494
465,60590993051,63867,0.4620770074436755,0,0.6434210483985457
466,60590992452,141141,0.5223509890533858,0.061166429,0.6738066054234602
467,60590992462,144375,0.5690890422815861,0.011244377726803765,0.586306096
468,60590638062,149844,0.649815035,0.063091482,0.7108731407671076
469,60590992142,107000,0.6949739914215947,0.025954198077035143,0.661941105
470,60375991001,0,0,0,0.4874999695312519
471,60375991002,0,0.3731778316857775,0.00860215,0.5776081277962308
472,60376704162,131622,0.7431693938308102,0,0.4117647041398023
473,60376704161,156513,0.7530282587279391,0.099705014,0.5347749822631503
474,60376704132,162361,0.7773131166894244,0.08626506,0.42000735410074524
475,60376703283,196250,0.7516656526246781,0.041117554,0.6079433715771003
476,60376703282,250001,0.8884073576553916,0.024366471497402814,0.6787330255318278
477,60376704131,210123,0.8149779675845964,0,0.46296296076465826
478,60376703281,239886,0.8123752332859235,0,0.6965352366005348
479,60376703262,250001,0.7142857083874012,0.00627451,0.567107747
480,60372969023,41250,0.20822942383753837,0.077001012,0.4615941995536652
481,60372970012,204792,0.6113743930953935,0.045544554,0.6583850829443311
482,60376706042,137560,0.6995043327168257,0.018691589,0.6321498982635607
483,60372969022,61731,0.16627078187326863,0.045408677644715664,0.39492118743501586
484,60372970021,101369,0.5829145686797231,0.051667756,0.5160031185323722
485,60372966002,56304,0.1251448421188315,0.066954643,0.26226993663903425
486,60372966003,0,0.2112831835035046,0.061013443,0.25606207317107593
487,60376706041,178008,0.7840220342478125,0.016762452,0.6461934510989574
488,60376099002,93826,0.33248407219765513,0.041212120712580354,0.4186046462952948
489,60376707025,245804,0.6453703643947188,0,0.6688796624989239
490,60372965001,51600,0.31999999558620695,0,0.20803212684311545
491,60376707014,103083,0.50827422,0,0.4856348425798439
492,60372965003,54722,0.059225511,0.046052630569021265,0.2707865138113875
493,60376706043,187143,0.6412698209120692,0,0.5747126342411719
494,60376706031,216801,0.753077475,0.037460317,0.45673076679096813
495,60376707013,213552,0.4724264662460803,0,0.5380596974771664
496,60376707023,181250,0.5576922994424216,0.028290282554855075,0.6166194464908457
497,60372963001,128095,0.49877450369148896,0,0.2924043387069998
498,60372963003,99359,0.5397660787148183,0.036757301,0.4590655788295517
499,60372963002,58438,0.271186438,0.085067873,0.41012657708700534
500,60372933061,100938,0.3467153242492053,0.057531380151345395,0.43659043205207454
501,60376704181,213688,0.7005420006738347,0.028100183090408168,0.5264069241281085
502,60372944211,61154,0.2611367087382994,0.026874115602912085,0.21813285261999235
503,60376514012,97543,0.5371668928868598,0,0.4861111073602538
504,60372933071,67083,0.23285023929613297,0.069264069,0.1762589915377051
505,60376514011,83750,0.3944875073687553,0,0.5577967373328414
506,60376702021,225833,0.7448055367884628,0.051863041027879954,0.6165270349713364
507,60376701021,67375,0.2732532253081743,0.030315614492044788,0.3430501232028079
508,60376704182,206979,0.7381502847505764,0.015182186157984888,0.5492883471307942
509,60376701022,90024,0.46715327785177696,0.069273742,0.3925081401261552
510,60376701012,0,0.2528735583740698,0.067796609,0.37548891296624626
511,60372933072,44128,0.15580285920822165,0.026143790507924307,0.16261682091012317
512,60376703261,236581,0.7442660465107105,0,0.5469061839859868
513,60372944212,52366,0.028933091701029083,0.036697247225462026,0.12183907905932094
514,60372933042,66121,0.19526627053874665,0.058302583,0.18192627715858337
515,60376514023,110156,0.6020633706553915,0,0.3663636346983471
516,60372933041,71974,0.3175422123942673,0.062242374,0.24594813514607722
517,60376700032,124188,0.5215348432142926,0.012174875416851824,0.47622149526891533
518,60376700033,99833,0.1795827110314254,0.014705882258913797,0.4894083236712321
519,60376700021,0,0.34223705605614263,0.074525744,0.3531157243834145
520,60372944101,64231,0.179738561,0.15968063766014212,0.17531556720282576
521,60376700022,83125,0.488146549,0.020470828963813567,0.4046129773080024
522,60376514024,0,0.5173160061187012,0,0.4973432465744607
523,60376514021,81737,0.6942277582803782,0.022922636,0.4183381048869331
524,60372944213,55903,0.2084805616876226,0.032208588,0.18641975078494136
525,60376703243,250001,0.8118343099191206,0.016375546,0.7233449426944604
526,60372933022,72700,0.30053394126213623,0.043062201,0.23837952990030048
527,60376703241,139025,0.78579743,0,0.6860686957436193
528,60376700034,71207,0.4091324163549551,0,0.4284511766479327
529,60376703244,158514,0.8258122669150517,0.077232501,0.7555274746966048
530,60376511012,83958,0.47096773889698235,0,0.3245436092310604
531,60376513026,250001,0.6392693966625663,0,0.7685643469237086
532,60376513024,179712,0.7789202884596328,0,0.7208671989042386
533,60376513025,0,0.9266826811696793,0.15777777602469137,0.7332535797457705
534,60376510024,148667,0.46420322789603663,0.020255863,0.35127736905768825
535,60375436032,127692,0.40703901754369537,0.008426966,0.17925040641363169
536,60376513021,122885,0.40594058831767205,0,0.4629337502923206
537,60376513043,108000,0.5321637387999727,0.034008682821934276,0.7474687269358623
538,60376513044,162969,0.6552567157059082,0.013888888740503326,0.7252440624094273
539,60372933011,105833,0.5170278611092474,0.044318717,0.27210884256316203
540,60376513041,86292,0.43030302161003997,0.050092763449113856,0.763707562
541,60376513042,90407,0.8089171845713824,0.04347826,0.7060020274058797
542,60376512014,157500,0.7072829032593431,0.028,0.6096681052693499
543,60372932051,56632,0.4004611806267396,0.021943573530134337,0.15559684089365144
544,60376510011,119464,0.4118589677586704,0,0.4668265350373578
545,60376511011,156389,0.657773214,0.013035381689779413,0.41508703901320293
546,60376510021,108200,0.5224660342480039,0.082872927,0.3470007566666609
547,60376509041,128182,0.5645161176508847,0.045283018013527965,0.18209255350007492
548,60376511021,87639,0.5021148005914514,0.052243043,0.34335442856880577
549,60376509032,105078,0.35414884213730674,0.10806074703235545,0.3041391703410968
550,60376512212,108558,0.5445344074439837,0.053710936975479136,0.24744525366828282
551,60376214002,116337,0.8141025536653519,0.013874066020554259,0.7343065639831637
552,60372932052,58438,0.15145005207894682,0.055973266,0.13372092945511088
553,60376512013,173162,0.7614879483263032,0,0.5842349214183166
554,60376511022,64167,0.4626135537203805,0,0.4687162865765033
555,60375436062,102691,0.4468085085716535,0.042515500254581486,0.17564655109322358
556,60375436061,38889,0.036061026,0.055363321,0.22803738104637963
557,60376213263,106604,0.7800224379346528,0.022459892807915587,0.7265135648816036
558,60376213261,105046,0.724352324,0.03626943,0.6630952302012473
559,60376512211,102188,0.6408730116344378,0.078265765,0.40499510085702695
560,60590630043,46985,0.42636745545066684,0.045143638,0.7995689569011966
561,60590636032,212596,0.6404715064786689,0.029668411608478086,0.8107235089746544
562,60590633023,131250,0.5214797073809104,0.013402062,0.781083137
563,60590633024,140781,0.5696864012249756,0.087012986,0.8053475849695446
564,60590630101,159083,0.510909082,0.014409221694391619,0.8054474603703313
565,60590636034,121884,0.5830363465214801,0,0.552362704
566,60590633022,178000,0.622159082,0.033105022,0.8187435549048038
567,60590636031,91886,0.7106918175139999,0.071551724,0.8068920623739138
568,60590626571,126406,0.7618261784277988,0.10350318416399584,0.7334558778587262
569,60590630072,197955,0.8494845302440925,0.054448870820392625,0.7797164624879146
570,60590626553,165221,0.8567960957088326,0,0.5401730464749933
571,60590626532,0,0.907010001,0,0.18622174180600926
572,60590320272,123421,0.3201970417060998,0.008157716,0.43637300135820195
573,60590626551,101250,0.5947368108033257,0,0.43456375109792367
574,60590524161,0,0.45558085522594866,0.013910355,0.4553686875114012
575,60590320271,145540,0.5991810709773381,0.039748954,0.4662678615278569
576,60590524103,151136,0.26767371439472076,0.11189873361063933,0.43298400202435744
577,60590320351,181000,0.6139053209030672,0.08976157,0.7198363959111357
578,60590320322,139000,0.332822083,0.033990482,0.6575342428222931
579,60590524162,142241,0.48492966855371955,0.018262313125277735,0.493827158
580,60590320321,139375,0.5772179564379194,0.005285412,0.7655737642166085
581,60590320352,96563,0.6052631434147574,0.012738853232720738,0.7749999907738097
582,60590524104,117891,0.49796333505128987,0.054131054,0.6915146654122548
583,60590626572,250001,0.8065966895562715,0.029776674568527613,0.6541582083756774
584,60590320302,114844,0.5595075201128077,0.029321930181295478,0.6819419206808442
585,60590320293,84963,0.3894080966557002,0.016997167,0.543945909
586,60590626291,184750,0.8078740093868189,0.007209805,0.5495542708465954
587,60590320543,99095,0.31503579200391907,0.090434781,0.4425133630680032
588,60590320544,132132,0.47006651363562624,0.023784901512048588,0.5716704256677742
589,60590626141,250001,0.8932495935125653,0,0.5780141775648443
590,60590633013,154700,0.7219251240384342,0.038554216,0.7492997093935615
591,60590630041,118750,0.6286501342774098,0.022142121,0.7874087555318943
592,60590633021,155000,0.8713450122544832,0.062385319956232664,0.8143899810803965
593,60590630104,250001,0.8411967682255839,0.029015543740771567,0.8663563772183752
594,60590636053,59602,0.16360856018947156,0.030167597,0.1759259249078361
595,60590633012,122222,0.5714285638699925,0.013227513052546123,0.7852813784824123
596,60590636052,133438,0.4134663321024123,0.010835214,0.48870967544875127
597,60590632023,250001,0.6098159434378412,0.028026905515393438,0.8437499914944557
598,60590636042,96210,0.3142329005811788,0.02780083,0.6179487153079114
599,60590636041,52917,0.22266800177865595,0.037067545,0.3091226013415305
600,60590320432,235469,0.6818727409138927,0.039337474,0.7715958947906596
601,60650430083,95471,0.27726675062724376,0.035714285,0.5147435864439514
602,60590320423,204773,0.5244215893365759,0.023088022921442835,0.6700729878096863
603,60590320552,57309,0.2570016432124935,0.037037037,0.38998357643691645
604,60590320422,139844,0.23157894388603092,0.026773761355103596,0.6787807657821716
605,60590626313,208036,0.8049353606940616,0.048087431,0.610555044
606,60590626301,131154,0.7603036793893311,0.031220434898576777,0.6317859903085288
607,60590524151,167169,0.7400673350837217,0.008495146,0.6444895853504846
608,60590524163,146806,0.5937873286285863,0.036055142777782156,0.5568274688730379
609,60590320342,227557,0.654734931,0.040851064,0.7011154832640568
610,60590626145,166458,0.9601226846606951,0,0.6072821767583593
611,60590320553,164583,0.6265060089998552,0.10538116355647616,0.587516953
612,60590320343,179688,0.5018726529104538,0.054687499389648446,0.6839422201874068
613,60590626147,196142,0.7806122392083656,0.080435546,0.44973379126296964
614,60590626533,115848,0.7940038665522151,0.023679417,0.5642116443387087
615,60590992393,168750,0.6040608983740889,0.059405939,0.7596656137965976
616,60590630074,244318,0.8761061849988254,0.055913978,0.8141025575793065
617,60590992401,109448,0.5701106905883637,0.032102728216649626,0.679365072
618,60590633011,148929,0.6070528916284392,0.0512,0.7544169544662813
619,60590637022,107026,0.5412370994526521,0,0.6080178038303384
620,60590631032,229643,0.610294112,0,0.7842835070548266
621,60590636051,89975,0.2681954110847915,0.058310992,0.1990154697678237
622,60590632022,107574,0.5188679147383413,0.019138755675617933,0.8021338428503022
623,60590630092,250001,0.7010309157898469,0.011308562,0.7892603770085068
624,60590632024,130536,0.48499209344404276,0,0.7830882256974483
625,60590626311,201500,0.8416666526388892,0.052297938949319514,0.6397919292614834
626,60590626143,0,0.9257221330712224,0,0.48874999389062507
627,60590320541,83281,0.39743589539776464,0.014204545387289083,0.6242448625684862
628,60590320542,113750,0.25757575200052485,0,0.5514285635510205
629,60590626146,59306,0.8495092600925926,0.085247883,0.41885964728570324
630,60590626312,200972,0.7803921415609384,0.011173184149475155,0.5828571345306124
631,60590524081,191034,0.43382352303200705,0.14705882136678206,0.5216191304358866
632,60590524102,37969,0.24551723799286568,0,0.7397691422899356
633,60590626531,171397,0.9552572600083081,0.031678985937919894,0.3862275429828965
634,60590524152,166429,0.5425742538443944,0.026595744523665813,0.6751527460531938
635,60590320333,118438,0.49456520843178975,0,0.6825612986027071
636,60590320292,151220,0.4332281763067489,0.008144796,0.6829435991544457
637,60590524241,86806,0.355884423,0.008760951,0.47799442630643774
638,60590524243,214318,0.6862744994528733,0.014245014042093818,0.6066597231356949
639,60590320312,144306,0.5883143009515494,0.046780073,0.6973618681067105
640,60590320332,133875,0.5020689585921523,0.043766578,0.6666666595669153
641,60590320493,250001,0.5743380816406104,0.040465972,0.6046908289778642
642,60590626142,59750,0.8437710380890839,0.038408779,0.4173848795434994
643,60590320554,168963,0.5059523749291384,0.033846153,0.5766362835407102
644,60590524084,0,0.6139954783973423,0.012345678885332521,0.7399821839716636
645,60590992204,0,0.3037825023193558,0.048863636,0.7422222139753087
646,60590630044,171000,0.6096774095213321,0,0.8280507065923082
647,60590637023,108472,0.41048466458472144,0.048313582,0.5245346825335475
648,60590637012,67163,0.14330708435736875,0.13517060190064828,0.23815165735692145
649,60590636013,165938,0.7805755255292172,0,0.7443729783862866
650,60590631031,176250,0.6661329009917302,0.00658858,0.8040955576512249
651,60590630073,133984,0.6633785409162852,0.11221669368592209,0.7001407756915027
652,60590992394,162019,0.5525238669505612,0,0.7735449653593126
653,60590992391,185903,0.3944844077399951,0.018763797,0.7496870995032904
654,60590992403,96783,0.45379309718906075,0,0.7199519144236549
655,60590992381,124926,0.5776545120629595,0.014502762,0.582799142
656,60590626105,87833,0.6492185545789666,0.037526735,0.5140407277298162
657,60590638031,164375,0.606625246,0,0.7317073093138143
658,60590639041,145398,0.5573912995009452,0.045746388,0.6125721577128149
659,60590638072,0,0.6134663188661766,0,0.6600985140381956
660,60590638073,89567,0.6385947996217767,0,0.6359446977966288
661,60590993092,0,0.621448207,0,0.7303679256981443
662,60590639023,65385,0.24195623884226206,0.026018099253188924,0.4937943218635255
663,60590993054,86563,0.5457025846425295,0.040236686,0.722118952
664,60590992164,96445,0.5607235,0.035940802622816015,0.6064757085121332
665,60590525193,144583,0.6791393762475268,0.016739447,0.5025787936814969
666,60590525202,0,0.8006230404887377,0.10246433070733683,0.5603345213819054
667,60590525233,147417,0.550044282,0.014890282014966442,0.4010189199343601
668,60590525234,109821,0.8166666515432102,0.06240487,0.3762662753072898
669,60590525133,0,0.4446460899338278,0,0.4424620834749145
670,60590525203,123788,0.8340471002778683,0.034791252139251966,0.614429786
671,60590524382,174457,0.5659645201443209,0.019345237999279574,0.1800900441216106
672,60590525231,111111,0.5952626097295303,0.020608439444470664,0.429999996
673,60590525232,228750,0.8555194666311775,0.034920634,0.3245356762019973
674,60590626101,77639,0.6458164041769585,0,0.46817895105117235
675,60590524284,170547,0.6052631539127424,0.072706289,0.6209939590292894
676,60590525135,0,0.792237425,0.030973450642180298,0.574671439
677,60590525201,0,0.6354514837641645,0,0.46121883017702453
678,60590525321,69593,0.5123216568591332,0.12038614355260566,0.44030808540732524
679,60590524222,134293,0.7370967682492197,0.044657097,0.3577188919486239
680,60590524339,108433,0.560581579,0.3128698201710812,0.4383116835680554
681,60590524272,151898,0.6016221345342455,0.003018542,0.4847431421987518
682,60590525191,123125,0.868102276,0.053488371,0.4392956400435993
683,60590524285,176250,0.59958505,0.042168674,0.6371490211970948
684,60590525134,122727,0.8253234674184523,0.011130136891009102,0.5478489855324935
685,60590524224,185966,0.6776729506472252,0.03431709,0.45945945707141655
686,60590525223,94702,0.809684676,0.085084033,0.3764787726062716
687,60590525132,0,0.7401247247375318,0.024299065,0.40822784379506494
688,60590525116,0,0.583717349,0,0.5245202502716392
689,60590525222,145227,0.7148288882784678,0.044372294,0.383487651
690,60590525214,92667,0.6838235193555365,0.024752474941182243,0.35271686985017286
691,60590524281,179219,0.6495227961319046,0,0.5302782302361774
692,60590525136,166250,0.7882652860136408,0.022075055,0.5537806117808242
693,60590524271,210158,0.6254658346244358,0.011184544935513244,0.5225806430541102
694,60590524393,0,0.7122060390570433,0.014847161,0.2594718684331588
695,60590524337,151207,0.662839245,0.056558935092400495,0.20563380198940118
696,60590525221,141406,0.7107516583182526,0,0.39321357
697,60590525115,140000,0.634770881,0,0.5921052553670362
698,60590524381,250001,0.8409610887761889,0.025440313,0.14285714188532556
699,60590525213,109405,0.7571059333707244,0.043742405300821324,0.36811253964698076
700,60590524391,212554,0.6466992585978086,0.088105726,0.24702886038175842
701,60590525131,138443,0.6590084563602363,0.026694045,0.5520195770866637
702,60590524283,114688,0.413265296,0.029612756,0.7760814150625774
703,60590755165,0,0.4276041644395617,0.026641294,0.43674843464767465
704,60590525212,116944,0.4033613407716028,0,0.4232804200810248
705,60650430081,102566,0.30625776914107844,0.051692078647482036,0.5018438829076709
706,60590525061,126250,0.6449541225233567,0.088235293,0.5377604131656223
707,60590525113,112717,0.8360848958008857,0.018,0.5945347075735989
708,60590525114,115541,0.4622356425644163,0,0.3857421837329865
709,60590524338,199010,0.715199996,0.072669104,0.20030995660476575
710,60590755164,0,0.7621145206582706,0,0.422697365
711,60590524282,0,0.45882352170044505,0,0.618406278
712,60590524301,250001,0.8127208336975118,0.049079753848470034,0.5681818140162623
713,60590525112,154982,0.5067669096726781,0,0.534751765
714,60590525301,116523,0.7268673315113304,0.041517170468902256,0.3376521384465954
715,60590524383,134097,0.7452749108879944,0.035107169,0.3239818994751677
716,60590525211,125380,0.6930073866230393,0.003773585,0.4349573057008674
717,60590524394,210556,0.7999999911602211,0.037886340599338576,0.2585751961835409
718,60590525062,157875,0.6570247843385016,0.051582649,0.5673912981805294
719,60590525054,29135,0.154394296,0.023201855610165766,0.5890410869247932
720,60590524335,106053,0.6913207494994661,0,0.33957306949237087
721,60590524336,201083,0.8381330601972884,0,0.18113975453772216
722,60590755162,0,0.6873315178616842,0.097014923,0.370212761
723,60590524395,65950,0.6672678028199477,0.023183926,0.3399108826231007
724,60590525302,130536,0.7416909577743968,0.031130529595136375,0.3778393330867627
725,60590524392,178264,0.7116704642638338,0,0.16328413133501724
726,60590992141,108045,0.48194270881764995,0.069273742,0.7330264587683952
727,60590992143,160875,0.5327102741505809,0.038135592816360246,0.6356993670595056
728,60590992144,71591,0.3014552951880396,0,0.7520576054315061
729,60590638061,106250,0.21932114596186494,0.11341330301621262,0.49373617911764056
730,60590639021,147204,0.45089285462671397,0.030932203258761847,0.5801668184422297
731,60590639082,100057,0.4759036108742198,0,0.5249999970170455
732,60590639081,175469,0.6686507870173534,0.000801925,0.5008264421419303
733,60590993056,71675,0.19140624750773116,0.028169013753884815,0.6455696111734233
734,60590639032,126563,0.34246575107900173,0.031382016,0.5290697646455087
735,60590992161,131786,0.29717681579232075,0.00811908,0.6499999918750001
736,60590994182,0,0.7103824942518445,0.103211007,0.5669745892959055
737,60590638052,146806,0.588359782,0.015553522,0.7421758513995839
738,60590994183,23715,0.24940333980069607,0.067352185,0.6628332427452522
739,60590992353,105370,0.44592476139557397,0.056920311,0.6224188764331273
740,60590992354,106326,0.6670179065646163,0.03946002,0.7020584972691387
741,60590992311,223125,0.5434027730607398,0.027309236728439865,0.5928961716235182
742,60590992314,149375,0.35307016769582966,0.067150634,0.6076923010143703
743,60590992324,160357,0.5126999011034816,0.039376538,0.5094679845855006
744,60590992323,102625,0.5743801605423128,0.046544428,0.5309541112093655
745,60590992301,122857,0.28307059435866627,0.040581466,0.5772532157872682
746,60590993082,250001,0.46421785646473807,0.015625,0.6486059934318464
747,60590993083,195192,0.7833203368408391,0,0.712335954
748,60590994151,250001,0.7361878351355272,0.013333333171717174,0.632103683
749,60590994154,156037,0.638709667,0.013533834382949859,0.6892797262204379
750,60590994042,163929,0.4241907982726247,0.074784276,0.765897312
751,60590994153,153125,0.6712041814533594,0.023622047037427412,0.7127976137440654
752,60590994155,139265,0.4521276475497966,0.022088352970113394,0.7710049296374806
753,60590994173,201250,0.5972927140898018,0,0.553380778
754,60590994172,119297,0.5131820937266579,0.04813137,0.730931209
755,60590994152,123889,0.4737394908220642,0.086829267,0.7588235219723184
756,60590639092,93900,0.5972668762277582,0.033449477118818974,0.488329235
757,60590994181,152404,0.601286167,0.047846889,0.5336487879408581
758,60590638051,107708,0.4847775118878512,0.1229773449517007,0.6388888831640781
759,60590639102,139194,0.34405144473278815,0.027058823370242215,0.5409836038699275
760,60590994193,238056,0.5626911228946312,0.043010752110070535,0.5788423095923921
761,60590639091,127903,0.6456863773972524,0.030873887855186355,0.6037982933608494
762,60590994191,0,0.3426183796292705,0.020057306398688572,0.5299539109452315
763,60590639101,127736,0.365250133,0.010299166207458724,0.4993597930031592
764,60590740063,82238,0.25826681722766925,0.071238095,0.22313167180380186
765,60590740044,114395,0.24940047812110025,0.025732031829050435,0.23394898753760338
766,60590741063,86985,0.18456725563537793,0,0.28696826274835746
767,60590741072,106208,0.5809404886352871,0.053452985,0.4207836438637834
768,60590741071,78271,0.32543859363650357,0,0.32708088905579785
769,60590741073,113843,0.4549356184125698,0.042486231,0.4311875669745418
770,60590992294,54492,0.42497579453072803,0,0.4442518749609944
771,60590740061,93906,0.3001060413562456,0.065198983,0.23906408708988722
772,60590994123,135563,0.49435273245566697,0.015527950190000387,0.705696198
773,60590740043,77671,0.2762520178984813,0.067892503,0.27747252594795313
774,60590740054,148790,0.46029034619734976,0.033153430738986654,0.24620689485374556
775,60590741062,107241,0.2926490964448745,0.035147392,0.2703962693457798
776,60590992513,112407,0.7639138172000555,0.084786053,0.357575755
777,60590994022,70985,0.23373632565494343,0.079773546,0.38392007429153147
778,60590992121,106250,0.3042867160626373,0.041509434,0.4857934824269336
779,60590992331,135500,0.48471615297191134,0.055172413370326336,0.47512576592998457
780,60590992342,150250,0.5374375950509552,0.014388489001604476,0.4324022298055617
781,60590992343,104375,0.28823114666503774,0.073952879,0.4111014708490766
782,60590740042,105325,0.26121075940346683,0,0.22695738129873755
783,60590992292,133839,0.6448911168769589,0.005637773,0.44771389566449116
784,60590741102,164083,0.33142311049261597,0.020785219,0.2626609419514082
785,60590741111,106705,0.18435013018103277,0.066242037,0.23591212764171798
786,60590992123,83167,0.2783919570010859,0.075082508,0.34904153075845423
787,60590740053,61950,0.12279151834989825,0.044045677,0.1830065347515913
788,60590992502,131410,0.652914792,0.020570670069205904,0.45721271021016535
789,60590740041,92246,0.1798806463778291,0.077203204,0.20157068
790,60590994023,0,0.3481675301526825,0,0.666666659
791,60590741113,103958,0.16784452222683513,0.007254677,0.19926568691833882
792,60590740052,100078,0.11659965470074868,0.029991782949910503,0.1505964207226818
793,60590740032,81696,0.14230769121301776,0.052104208068776164,0.13881636144988527
794,60590994122,175750,0.38095237490551787,0.015290519643875847,0.6933333271703704
795,60590992501,96744,0.31763698358187514,0.002272727,0.3849792999114175
796,60590992122,83095,0.40285204272991015,0.020766772831201714,0.5858407027801708
797,60590741101,114284,0.38236945321521926,0.027067669037254792,0.16717993767188763
798,60590741112,90993,0.1780045331292003,0.031616982550885436,0.1782820082797244
799,60590741061,83788,0.2596059100512024,0.025365434,0.22637362537857744
800,60590994021,80399,0.15875754824195387,0.009540847,0.12601957534249764
801,60590994024,66188,0.12008426881963295,0.075711382,0.15917266115479917
802,60590992332,113906,0.2865306099058726,0.041244573,0.4815740132318925
803,60590992341,108516,0.47999999451428577,0.019860973,0.4184073079738426
804,60590992511,72847,0.3721940595786093,0.012747875263825247,0.4270427994793638
805,60590992512,67750,0.33969465389546066,0.018721756,0.35112107465864983
806,60590992291,135645,0.5260162558860467,0.057783820137431545,0.4155385496436813
807,60590992293,72853,0.2078346005676322,0.12667261260773763,0.48553344949788924
808,60590994121,72697,0.2843571862928614,0.10127282733108563,0.5771169325750155
809,60590992124,90556,0.37743732064850527,0.034444444,0.4724540862065602
810,60590740051,170417,0.05019815,0.038095238,0.15393451950640713
811,60590994053,100833,0.37042924983760533,0.007777058,0.5593220311897238
812,60590994114,71382,0.36860464687669015,0.012218044997950706,0.4812286648359329
813,60590741092,82083,0.13426573238789186,0.054282267,0.1305182333300177
814,60590743002,117000,0.2136824306276822,0.035114504,0.14621676816862594
815,60590741032,96250,0.13043478128984043,0.033416875,0.15190784627856121
816,60590994041,133519,0.5559167714179664,0.055144968,0.66337059
817,60590994171,127669,0.47925763930536225,0.024498886305127452,0.6818450580612356
818,60590994161,120453,0.5336134416413625,0.066585956,0.674999996
819,60590994162,92874,0.6233502474786777,0,0.6808080739312315
820,60590995131,106071,0.5388768840294074,0.017525773015198216,0.7376344033144487
821,60590995142,131771,0.5819725631484484,0.037757437,0.7205882313693451
822,60590994082,147567,0.5169340432743076,0.048465266,0.6257961758527222
823,60590994071,114688,0.47169810208259194,0.07922912,0.7095709453866181
824,60590995082,138651,0.5179557939508869,0.023904382232028065,0.6954148395697071
825,60590994051,164167,0.4624697280572672,0.018536585185008926,0.7165820582353464
826,60590525111,136178,0.6963265249279468,0,0.5540855988008903
827,60590525281,186267,0.8909574349606725,0.003754693,0.46648044041228437
828,60590525055,80020,0.5585284187537054,0.16307692140433927,0.32198952458128893
829,60590524322,110273,0.6300617664374621,0.008155583,0.25282363089248877
830,60590524324,122917,0.8739406733371786,0,0.2910477708107275
831,60590525053,158947,0.7450704120412618,0.023952096,0.3557858345787061
832,60590525284,148000,0.7783594977598692,0.057098764550944994,0.4119947795046313
833,60590524306,144803,0.4631901816810318,0.024740227,0.3335637734754104
834,60590525303,233375,0.9172229517059687,0.047678795,0.3395931115837785
835,60590525052,121250,0.49333332017777815,0.049528300718672154,0.32375978689608637
836,60590525292,216375,0.7912457779251553,0,0.2049963247244943
837,60590525283,108182,0.353344762,0.045523519794787255,0.2790102365272164
838,60590524334,86905,0.860302668,0.1955366610463692,0.27752639308049476
839,60590755163,152416,0.6191445965463891,0.056569342549549796,0.41889116613048083
840,60590755161,63750,0.6679936252548279,0.013116801916821975,0.3735070555184199
841,60590525056,115375,0.4618833977156189,0.0782241,0.3125720840533785
842,60590524303,192577,0.6788617830986847,0.012145749,0.6393341514221076
843,60590755166,116343,0.6577391281469943,0.10404454834687998,0.41812471772936416
844,60590525291,166324,0.5857627078931342,0.014657980376449617,0.3285216509282148
845,60590524331,98679,0.45876288068604537,0,0.3029571496502284
846,60590525261,97016,0.6081229351468393,0.040244969,0.3417721497356193
847,60590525282,158125,0.6622717985570812,0.014492753483161803,0.3796992433621649
848,60590524323,154706,0.87499999,0,0.3598913519244393
849,60590524312,216208,0.8779472832462235,0.045397225,0.2578582831227582
850,60590525051,152083,0.5230524559133155,0.016528925392163562,0.3285151073782509
851,60590524302,250001,0.8770550330446388,0.006004003,0.24572775341350764
852,60590525273,117965,0.717948704,0,0.3185349576189239
853,60590524333,113395,0.6795511137213078,0,0.3497907920519599
854,60590524321,0,0.512820503,0,0.3606168403248299
855,60590755184,145845,0.5816326471261974,0,0.22066326436792827
856,60590994192,132875,0.5191585235224754,0.025623735,0.6277511931686545
857,60590992351,175725,0.28645383704526456,0.038111019,0.5561268161428722
858,60590992352,118969,0.271232873,0,0.6145710856102106
859,60590992313,169896,0.55898876,0.019912881,0.5811777623490492
860,60590992312,0,0.6003236148814949,0.013297872163592126,0.3840653689063803
861,60590992322,128333,0.43333332920634926,0.021071114828172827,0.5302402607270899
862,60590992321,141068,0.48892170983071115,0.044715446851521366,0.5237846287308697
863,60590992302,103239,0.44910868056866776,0.003621314,0.5885908553509979
864,60590740062,73578,0.295999997,0.01946472,0.2887767951527314
865,60590740031,114926,0.654909431,0.035059760676814655,0.5424076570286754
866,60590524307,220313,0.66031745,0.028767122893601057,0.21749795406788264
867,60590524332,75461,0.7394495277165225,0,0.322622104
868,60590524304,166581,0.8355957641689931,0.026836158,0.24973432253204758
869,60590525272,89758,0.639097735,0.020383692801154762,0.3526422728390013
870,60590524305,246544,0.765372156,0.061497325,0.18436703326790965
871,60590524174,207188,0.761071053,0,0.2916340868519618
872,60590524308,186522,0.8522427215767092,0.055670102,0.1908563121127989
873,60590524294,96959,0.5665445630858086,0.010143198,0.29988052389557635
874,60590525262,132596,0.5861271642420395,0.030852106,0.40046118216579096
875,60590524311,154122,0.8221639804486559,0.042238648,0.3224821962615049
876,60650430073,154591,0.21870701362649922,0.074204947,0.5149763504205132
877,60590524175,79574,0.43801652633992605,0.15474112766293702,0.3913513492359387
878,60590525271,170694,0.5915080440481985,0.050058207,0.35131085879167895
879,60590755182,0,0.6904347706011345,0.073954983,0.22697368234396642
880,60590755183,175466,0.555506214,0.027565733555700873,0.2835743787005456
881,60590755181,110403,0.8917525619973787,0,0.4747806965484573
882,60590524292,129219,0.8055555514870932,0.036536934,0.22493820317237515
883,60590524172,148962,0.7613636255488122,0,0.40140022868844544
884,60590525333,0,0.6001872602978721,0.1028806575894596,0.31481481248285326
885,60590524173,230341,0.688135582,0,0.3588007702243639
886,60590524291,180077,0.803743614,0.035173424351864074,0.1784636022191761
887,60590525335,179835,0.8050407649737527,0.018854748471684717,0.350024788
888,60590525274,155476,0.5230875222392314,0.048886138,0.3976143114803558
889,60590524171,61700,0.32243684513466797,0.026745913421308866,0.7609467365568434
890,60590524176,195583,0.5319926776600973,0.045857987,0.47099767435037504
891,60590755185,0,0.5778534903650647,0.023604465634435516,0.39854809292723015
892,60590525276,159797,0.6348122812729328,0.047267356,0.34112862053315396
893,60590524293,0,0.9173553529472035,0,0.096905537
894,60590524216,207798,0.8524348211882202,0.041633623942769135,0.16821760856042373
895,60590525334,170947,0.7671957536649779,0.053882725,0.36460553982296867
896,60590525332,213191,0.6722846316051567,0,0.40466925545176063
897,60590320112,116563,0.5605468640518191,0.010362694121542417,0.7844574665035562
898,60590525024,164074,0.5600933423559703,0,0.4532374059960665
899,60590524214,82663,0.6722151002277196,0.054522924,0.4527410165147352
900,60590525275,190795,0.8223404167836126,0.024999999776785718,0.2803617552948207
901,60590525352,0,0.5755813841941593,0.053082191,0.29781420493793986
902,60590525331,137356,0.7091987920119054,0.039800994,0.3212669646915502
903,60590525336,118125,0.8126393991625324,0.08869908,0.3807339420433185
904,60590524213,141058,0.6982097097415638,0.013333333171717174,0.12997787538729053
905,60590525354,70654,0.5820642879515349,0.050243111017129485,0.3235294082404204
906,60590524215,106510,0.7799442788308597,0.011194029711517044,0.44504995054450547
907,60590992273,121250,0.407735694,0.026296567,0.36170212546077735
908,60590994112,73865,0.36653386210800887,0.01734104,0.4311750578840524
909,60590742002,112099,0.016666666388888893,0.020242914706573353,0.18090114202487464
910,60590992422,113423,0.3148765822890155,0.051177072,0.41015228218196814
911,60590742003,94816,0.03483871,0.081099895,0.17928039646625185
912,60590741081,103750,0.16520039019941157,0.033596018,0.12256464710391551
913,60590992421,111682,0.37893593508212886,0.037773359,0.5031249968554687
914,60590992242,103370,0.402298846,0.033880903,0.3303030283011938
915,60590741023,67853,0.1933570569789024,0.051598173,0.14334470928607204
916,60590741022,133553,0.156048013,0.097523219,0.11584840604716448
917,60590992252,137578,0.41513896856807236,0.008192524,0.4074074050859977
918,60590992262,129167,0.5551601374096073,0.057663125510901934,0.2656496566772769
919,60590994052,113333,0.5392731472535387,0.057239056596643585,0.6536697197731673
920,60590994111,121324,0.3628509640852924,0,0.5871670631093576
921,60590994113,81910,0.2417910411672979,0.022702702457268083,0.5141318942521407
922,60590741082,95982,0.098786828,0.048097631,0.091909741
923,60590741033,122321,0.1364548485855863,0.041834677,0.18957617302648241
924,60590743001,79602,0.091970802,0.027727546547754393,0.14880952307138134
925,60590992272,77159,0.37767220454071015,0.041237113047791124,0.21736596609926592
926,60590741091,113333,0.17512508809774777,0.021492537185119183,0.121924548
927,60372975013,164861,0.421686742,0,0.723595497
928,60372973001,162321,0.6263565794363322,0.050822122,0.5791139179418363
929,60372975022,67225,0.24417177614513158,0.076616915,0.439842205
930,60372976021,90290,0.26286508674735626,0.052419354134148465,0.5027502694966968
931,60372972023,0,0.3669172877155295,0.018749999765625004,0.506086948
932,60372974002,93716,0.6181635694020895,0.041057102,0.7542158484223614
933,60372972012,55189,0.45739470658771103,0.054862842,0.38697788460087296
934,60372972022,88689,0.21477900404158146,0.014502762,0.5033738157667084
935,60372973002,105568,0.4126778730572073,0.029579066785221084,0.6045655331033466
936,60372972011,67292,0.11587707992396236,0.004115226,0.29231452557834503
937,60590995143,203438,0.6971751333652527,0.041194644,0.6763779474300949
938,60590994163,103942,0.5242470621528992,0.068322981,0.6576537258715494
939,60590995061,114839,0.6333333241545895,0,0.7857754859830721
940,60590995083,75167,0.37861045762208856,0.047524752,0.6049475217020426
941,60590995145,0,0.5642946246654853,0.024968788702012627,0.6551312570986724
942,60590994081,91250,0.20373250071955676,0.009859155,0.752626545
943,60590995132,172845,0.6256880619139805,0.017543859369316437,0.7888706908531802
944,60590995084,85625,0.23048780206722194,0.051876379118362265,0.7991228000076948
945,60590994072,107361,0.4417670647247625,0.036101083,0.6489841949831592
946,60590994062,92250,0.44067796423441535,0.064213293,0.607686979
947,60590992251,135114,0.3629864943368825,0.049457994,0.2974212017339759
948,60590745022,55761,0.046728972,0.048967551,0.12504946527483393
949,60590742001,80242,0.028199565854668485,0,0.19674670645432452
950,60590742004,124762,0.066921606,0,0.16730621578163385
951,60590741031,105114,0.090361445,0.050314464956743354,0.22229965001881777
952,60590992411,106050,0.46755407264930055,0.023880596836711964,0.3688605089938089
953,60590741021,89375,0.1833962250309719,0.00404157,0.13399503638960897
954,60590994061,176176,0.6043307027132805,0.042204995,0.6389891658303901
955,60590994102,144816,0.44943819765640247,0,0.5617647025778547
956,60590994101,106838,0.23962040047899882,0.052808988,0.5194218561931179
957,60372974001,0,0.5386819329890564,0,0.704697977
958,60372972021,106596,0.321999997,0.008325624,0.516453993
959,60372969012,48611,0.20770518915066685,0.133868807,0.3152664831502576
960,60372969013,61781,0.46612902473985446,0.12312312127442761,0.4385321060685128
961,60372970023,170000,0.4002478265148968,0,0.6509330334694508
962,60372974003,116250,0.5601131462501677,0.051249999359375006,0.7402799262786948
963,60372969011,52500,0.22242646922532802,0.04848188,0.2470527921729739
964,60372970011,168542,0.5596072852790003,0.017587939,0.6895874195521865
965,60372970022,86071,0.358999996,0.005752637,0.5638225217486518
966,60372969021,62692,0.11574697095728823,0.099944475,0.30648463954617994
967,60590747012,79944,0.083520179,0.067860509,0.17972536276362938
968,60590747011,95543,0.10979729544261325,0,0.098823529
969,60590747023,97422,0.19233903673725317,0.010114632433481912,0.1054746353316191
970,60590748033,116290,0.11622275888350171,0.034934497,0.11213340936093497
971,60590746015,112740,0.1279876628528322,0.008965929,0.13927916836115353
972,60590746014,113543,0.2839999981066667,0.022073921857936746,0.17270194889859639
973,60590748032,120682,0.19405940497990393,0.013739802431344771,0.13611213524119462
974,60590747022,118750,0.034098817,0.005322294,0.13964435073407766
975,60590992023,51771,0.10731707212373588,0.019295302,0.15641146004503775
976,60590996052,126858,0.5759759742463184,0.095292439,0.5614990372789909
977,60590997031,72059,0.44467496234664616,0,0.5175683183626976
978,60590997033,77188,0.32536293488161455,0.049960968,0.25937122
979,60590997032,139564,0.4971822135430043,0.039544962,0.23471481233190472
980,60590992224,93750,0.24220622920368756,0.078828827,0.24672708714272823
981,60590992233,158276,0.4307992160740817,0.019867549504407705,0.2172211336123866
982,60590992022,72727,0.16292848005531746,0.013271162075784926,0.10710194700142626
983,60590992021,136019,0.4371482149021375,0.024035774041163926,0.2054335682715535
984,60590992043,124688,0.31777908849510283,0.017395626156085357,0.16417910373505606
985,60590992032,123929,0.24328285176705983,0.073422069,0.19013157832193558
986,60590992223,105521,0.1415204661810472,0.046296296,0.18398096602711367
987,60590994083,140139,0.37768239532870396,0.062407131,0.6716981047585144
988,60590995081,126000,0.3083257062367273,0.07704785,0.6993103400047563
989,60590995144,144643,0.5520231054328583,0.045212764754979665,0.7914338772544902
990,60590995141,0,0.5865522090622002,0,0.7185016944551453
991,60590996042,140511,0.5222482394828397,0.035840188,0.6650219261786079
992,60590996034,196607,0.6450839251188978,0,0.6931174032945959
993,60590995114,84615,0.6661392299661515,0.010590014968381014,0.7814407718993801
994,60590995111,143994,0.6023391695450454,0,0.8056234620339431
995,60590996041,104229,0.34993359661398676,0.016455696,0.5939086260918859
996,60590995113,150833,0.5031152569608216,0.006230529,0.7805800658186625
997,60372976012,0,0.4432835754733795,0.032911392,0.5958083743142459
998,60372976013,105893,0.40551180304110623,0,0.3502145892685443
999,60372971202,67070,0.26840854894371696,0.020027624171079943,0.3050058189464155
1000,60372971201,50833,0.2236467220537983,0.05875,0.27650849281483014
1001,60372971102,43933,0.093486127,0.10935023714025231,0.285326086
1002,60372971101,56250,0.15695325933668056,0.019210799484886815,0.28995215172271693
1003,60379800311,0,0.033039647213219746,0,0.7545766547221016
1004,60372962203,95266,0.47392497279117135,0.039473683885907204,0.32326951161068107
1005,60372962202,35923,0.069803921,0.016494845247458107,0.18217909050648834
1006,60372962201,42868,0,0.072955974,0.14805825063036104
1007,60590992232,0,0.17814726735066944,0.028331584,0.159833216
1008,60590749023,86346,0.11870295241052141,0.018360949313206674,0.13350340079292772
1009,60590992222,100833,0.19405449881045006,0.26709863018647495,0.19092331618995842
1010,60590748013,81989,0.11885714217795919,0.05656849,0.12742857070040817
1011,60590749015,72679,0.013360053350968248,0.047568145,0.1063953482186317
1012,60590997022,85538,0.29796591370002246,0.014595103509439248,0.3613545802336471
1013,60590996051,129875,0.36494252611391864,0.011818778648596331,0.5545962389304406
1014,60590996014,0,0.5383522650802235,0.11436170060689228,0.3658751067205356
1015,60590997023,67159,0.2939773387359729,0.026289682,0.13453624522147437
1016,60590997021,83447,0.1943220744281837,0.022090059379396516,0.1501361332161177
1017,60372964011,114120,0.41381455871926226,0.0453125,0.5345537732972366
1018,60376099001,71250,0.2993730360599838,0.050615594382823606,0.3887711823223392
1019,60372966001,61154,0.15203955312682876,0.10735009567359675,0.1634482747348395
1020,60372966004,39153,0.20173364695245352,0.031046931,0.2940789454336912
1021,60376707024,201250,0.70538542,0.046700507140096374,0.6350677075191182
1022,60372964021,157589,0.25290322254318426,0.021039603700004905,0.4752552987018437
1023,60372964012,101875,0.4557260867092552,0.008743169,0.6276488332225143
1024,60372965002,67333,0.225830814,0.024193548224505725,0.23901264154718457
1025,60372964023,152788,0.3720930196502614,0.078014184,0.4759660652595093
1026,60372964022,108854,0.20038910115974512,0.041044775,0.38147566120132403
1027,60590995121,156458,0.6634782551001891,0.014084506932046112,0.7641368990763624
1028,60590995112,128750,0.6763565760396013,0.048449611,0.8308080703180799
1029,60375772002,102226,0.614572327,0.027750247495042145,0.6402243538443562
1030,60375767002,77147,0.4946949536512606,0,0.5495818333383293
1031,60590996031,136172,0.5227928417611493,0.036862004,0.4903978035308717
1032,60590995123,113214,0.6487695604302112,0.037344398,0.7354330592845187
1033,60590996022,153696,0.4153386412814876,0.014204545320032715,0.5957446768899956
1034,60590995122,80977,0.5304937025121617,0.062893081,0.7068345260176752
1035,60375775041,82063,0.7118958975484034,0,0.7530674731124621
1036,60375775042,92375,0.6266025540608565,0,0.7989203670860949
1037,60375766021,165044,0.5252525219365372,0.069070904,0.6006451574151925
1038,60372962101,65906,0.1070038900096898,0.042052144,0.21677327493409188
1039,60372962102,35673,0.077767611,0.069551777,0.2045889088298986
1040,60379800331,0,0,0.5454540495872277,0.4943819669233745
1041,60375760011,116739,0.6622470295725957,0.036272670192165915,0.5425925892432556
1042,60375766011,114132,0.6704055162173812,0.037963762,0.5924528257173372
1043,60375760012,104028,0.5243552971034721,0.018841590936206624,0.4383702917051558
1044,60375766022,61824,0.5334075664431229,0.028985506966323606,0.528556588
1045,60375766024,40996,0.25174824822729724,0.040640393588172494,0.5079365028974553
1046,60375766012,50530,0.27707006075297175,0.07609756,0.4355029560029411
1047,60375773001,64139,0.576923071,0.020872865077107543,0.6746532071292156
1048,60590995021,83281,0.36538460367357045,0.021791767,0.49149921960588533
1049,60590995041,160875,0.6122778650554205,0.004598514,0.7629821930156446
1050,60375775012,157417,0.6385104392505864,0.029203539564570447,0.8273055983064593
1051,60590996033,142957,0.4025764862916547,0,0.6913756187357404
1052,60375776041,101204,0.6971934955894129,0.010132996,0.7561538403372782
1053,60590996021,114063,0.3177710819444949,0.059852050707114655,0.41016781633678273
1054,60375773006,72013,0.5362537683345352,0.021794871515450367,0.7296466861805425
1055,60375775013,119844,0.5931721110501834,0,0.8049019528931182
1056,60375775011,103934,0.6118848596853773,0.049538203,0.7557077568058771
1057,60590750022,81815,0.1207407398463649,0.016528925522261362,0.19964664222770917
1058,60590750021,31944,0.079159935,0.065925925,0.3013468000785067
1059,60590751001,75119,0.067574646,0.007394519,0.3343708307372814
1060,60590889041,114760,0.1977715822347749,0,0.085317459
1061,60590890041,66635,0.33139158361558846,0.037135278,0.11014994169463702
1062,60590752012,96250,0.047474747,0.011913626121268606,0.0817464
1063,60590752022,85066,0.091054313,0.048592189,0.17553371678910973
1064,60590996012,80461,0.2129114997310325,0.078230088,0.17092712639859928
1065,60590891051,58333,0.070544554,0.038387716,0.081317204
1066,60590744052,56302,0.19054510279524792,0.034523809,0.2092457413651521
1067,60590751002,113729,0.20909090736288508,0.053219448,0.3404093984805959
1068,60590996013,0,0.3006535908411295,0,0.19012345522532137
1069,60590998033,96389,0.3055172392722949,0.022451456174445047,0.11279926283241591
1070,60590889053,92348,0.16407982079734124,0.021296296,0.10071942365532036
1071,60590889014,33654,0.2279360651290058,0.027218934750183818,0.098941798
1072,60590752011,76719,0.13893967029735066,0.064948453,0.11711711677675932
1073,60590750033,47037,0.026675786411246332,0.0433633,0.1246562780721527
1074,60590890014,83611,0.1521145965067217,0.045792079,0.11291193888216132
1075,60590998022,36589,0.20763446959147214,0.013346515010645007,0.15541327079332576
1076,60590996011,44420,0.28965516991676576,0.00801282,0.1873884581357022
1077,60590889051,56250,0.048429318737836145,0.008495146,0.098567817
1078,60590889012,76845,0.17815646647438835,0.046796255962589954,0.13700787293694588
1079,60590889031,74107,0.19106090279439636,0.010970464088732219,0.10671768662109826
1080,60590744053,53625,0.1420204957244437,0.033013844163856824,0.10873605846899574
1081,60590891041,64971,0.10278745465527082,0,0.1901408431575368
1082,60590751004,0,0.20889748347294504,0.07290729,0.17752659456431785
1083,60590750041,54417,0.10370370293552812,0.050632911,0.13379469383393042
1084,60590750031,70972,0.088277857,0.008290155,0.11194895526711743
1085,60590751003,93900,0.14207048379917134,0.026445539998002955,0.20843091253539844
1086,60590999044,41790,0.055194804597458826,0.039844508845048504,0.085519921
1087,60590996032,231318,0.6259689801168803,0.022556390553451308,0.5381114842080605
1088,60375773005,94156,0.4725378743130883,0.014109347318259724,0.7158098863645986
1089,60375773003,127778,0.434713369,0.0310559,0.7166454800934501
1090,60375773004,108220,0.6864864772096422,0,0.6946702737608829
1091,60375773002,133301,0.467741931,0.020997375,0.6698113150101945
1092,60375774004,84375,0.6645669186682376,0.025373134,0.72998932
1093,60375774003,99583,0.6501766707870829,0.017997750078765466,0.7352613933786275
1094,60375772003,133810,0.6475128589407131,0.042323651,0.6290322529916754
1095,60590995102,47972,0.5125541081164147,0.026839826607447388,0.6618357434634803
1096,60590999062,96397,0.47310512869064636,0,0.5387251505227886
1097,60372951031,126667,0.40142095558240715,0.040444091669753435,0.6279712513655542
1098,60376705001,250001,0.7593396980074744,0.017054263,0.6595744642922687
1099,60372951033,110155,0.5079840268664269,0.012897678,0.5887850427984977
1100,60376707012,206161,0.637057594,0.019350811364851363,0.5324808156906352
1101,60376704061,219375,0.7161741779457684,0.038571428,0.4011847043554943
1102,60376707022,231679,0.6581291686177153,0.057082452,0.6393713760184336
1103,60372951032,143942,0.550146624,0.032985156,0.5535607387578652
1104,60376704051,150000,0.6484055547963569,0.017897092,0.526130651
1105,60376707011,135815,0.40268096298830586,0.029268293,0.5241860440735532
1106,60376707021,0,0.7631578835795632,0.019433198,0.6686303288861513
1107,60590999045,85991,0.085135134,0.1135135122863404,0.079239302
1108,60590998021,36146,0.19002525132559817,0.037640449,0.2537730561555447
1109,60590999032,50109,0.19854721389388852,0.003722084,0.12354312296716492
1110,60590890031,84667,0.2856025016776017,0.046014258,0.11760752609134727
1111,60590889022,95655,0.23310344666825208,0.004728132,0.1079812201503229
1112,60590998012,86564,0.20910319869714644,0.12015355040248156,0.1490963849808118
1113,60590888023,87740,0.12595005292128064,0.055353901,0.10638297799325341
1114,60590888021,79844,0.3099297862594806,0.021472392473371224,0.12031921350325836
1115,60590889011,98042,0.245308308,0.042553191,0.14605809007420673
1116,60590889013,81944,0.2224561387897815,0.013294798,0.1016786565866731
1117,60375774002,188798,0.5993589551487515,0,0.6197836071130818
1118,60590999063,161338,0.42105262822127093,0.059871703,0.6150385564586212
1119,60379800071,0,0,0,0
1120,60590999023,118594,0.3978965784583999,0.082201086,0.28914988652600737
1121,60375772001,103250,0.6520861328930947,0.012273901729496758,0.6838235248407518
1122,60375772004,114314,0.6406345293432915,0.036994877,0.598527743
1123,60590995093,35691,0.30917873898262904,0.032206118644023854,0.6138211298940226
1124,60375776052,173846,0.6648351602689893,0.021926910153309567,0.718109335
1125,60375774001,115875,0.7620087169867092,0.034343434,0.7724637569208151
1126,60375776053,109000,0.6767857022002554,0.031195840013936917,0.8164967486886308
1127,60590889021,82609,0.1661764693663495,0.1139240499118731,0.10764525928045714
1128,60590889023,87723,0.13695870959759607,0.043660789,0.16605705803908516
1129,60590754012,78125,0.27115188444876714,0.005509642,0.3289869592327635
1130,60590890032,95257,0.14312039224127523,0.062732589,0.13753213308683745
1131,60590753022,125750,0.12287233977195564,0.009592326,0.22172131056671593
1132,60590891023,82500,0.22682445610240332,0.017089305,0.17216981050863295
1133,60590891021,110574,0.12218143617104649,0,0.1414868101274376
1134,60590891022,107917,0.24292682689827486,0.035623409,0.1857326466212555
1135,60590998013,62254,0.21388499148748252,0.051071879,0.14351378884824417
1136,60590999042,59338,0.19264069055583669,0.010091743026681256,0.18246869300853494
1137,60590999031,78523,0.21818181584832283,0.064859632,0.15355805128420935
1138,60590753021,85125,0.18740279792066253,0.010935601391642761,0.21898496137695034
1139,60590753033,161118,0.5476190416924346,0.041159962,0.5844155789942896
1140,60590753032,170568,0.6832814051580332,0.026876737471021896,0.6207142812806122
1141,60590753031,66111,0.134959347,0.017291066033269943,0.23777019069658487
1142,60590888024,48542,0.192037468,0.053807106,0.13471502451072515
1143,60590888022,78625,0.07383279,0.025278058,0.20841959828557904
1144,60590891062,76141,0.080508474,0.016253208,0.12667191088377724
1145,60590999041,0,0.21286370271265387,0,0.21169354625308925
1146,60590885013,142604,0.26952380695691613,0.030452674646480046,0.13598209213216514
1147,60375767001,121131,0.5695305529713858,0.06980656,0.6600566525491739
1148,60590995101,35523,0.30803794154748904,0.00898652,0.6799556994465354
1149,60375767003,100245,0.6867692265429586,0.053581499979799774,0.5772058793213977
1150,60590999061,127115,0.38226299460389607,0.060706401,0.515576321
1151,60590999022,100142,0.15024232511920577,0.11607786506072196,0.4390547236377194
1152,60375766023,94653,0.559709236,0,0.498866207
1153,60590995103,38153,0.3559782576451245,0,0.6811594150941311
1154,60375776061,233704,0.779385165,0.033014769478585844,0.7103357425257687
1155,60375771003,87447,0.4641909752759818,0.16605504434811885,0.6889763711714925
1156,60590999052,115125,0.2847341313487639,0.034231609,0.39154616022499356
1157,60375760013,96691,0.5111206137248904,0.078995939,0.4923793374581738
1158,60375766013,57604,0.47078804027997256,0.035714285,0.46837606570725887
1159,60375765023,54643,0.5993740125293582,0,0.48455803530822117
1160,60375765012,34018,0.27863776802231405,0.063394682,0.4092888214129984
1161,60375765022,82604,0.5720930143861548,0.018433179,0.3779795643816168
1162,60375762002,32392,0.2521400758588321,0.00990099,0.3527397230073654
1163,60375759013,112955,0.415143592,0,0.20627062365890061
1164,60375759022,56063,0.39760638033506396,0,0.3767772489527414
1165,60375759012,0,0.31983239776770395,0.23038728668930203,0.20705882109342563
1166,60375762003,45729,0.3343653199014657,0.15229110306885307,0.3664772701244512
1167,60590995092,55179,0.27096773843912597,0,0.6470588170781774
1168,60375776022,105577,0.4820089918889881,0.010302198,0.7506203427380872
1169,60375765032,73670,0.4126984094230285,0.033887042964205694,0.4597156370869927
1170,60375768012,74384,0.8035190537290415,0,0.5962854291663203
1171,60375771002,126082,0.5564516054240376,0.071428571,0.6614368236049808
1172,60375771004,68542,0.49298469073351603,0.065563725,0.5740528095634168
1173,60375768022,69049,0.6488497926329514,0.054320987,0.5143753240231295
1174,60590995091,99926,0.39281827646552475,0.042437431529516526,0.7339346027741308
1175,60590999021,94688,0.3534591150508288,0,0.4297658826942652
1176,60375776021,113565,0.7276204994061171,0.033052039,0.6678043192957661
1177,60590998011,99567,0.20820512606969102,0.038111019,0.23673739896062734
1178,60590999043,85821,0.33855185247452346,0.063725489,0.3205240146679125
1179,60590999033,103850,0.21079691336078052,0.018223234485776504,0.26886792326005693
1180,60590888011,82245,0.21502057391954144,0,0.14032869696378827
1181,60590888013,53661,0.17003105458050424,0.092088998,0.15566835783604988
1182,60590887021,78071,0.21605465321923717,0.024961597446384032,0.10761390855031801
1183,60590754011,142125,0.47013487173966045,0.00908059,0.5061662171251141
1184,60590887022,64000,0.24223602334014893,0.057761732554091116,0.10461652976687814
1185,60590886013,92205,0.2800485622013413,0.010556971202923293,0.12830188630829475
1186,60590886022,112045,0.15785907752127998,0.044821320140391765,0.20104438554810972
1187,60590999051,81250,0.15445544401529263,0.024034335,0.3185222150847618
1188,60375768013,56771,0.5918699138872365,0.055806938,0.43281470800181654
1189,60590995095,43393,0.39550264027112914,0,0.7179856011800633
1190,60590995094,27237,0.29281767146912513,0,0.7092337778146606
1191,60375776051,98984,0.6626591183687474,0.025656688908633544,0.6832993855229156
1192,60375776062,121731,0.553593944,0.014317180537900988,0.6272189318184471
1193,60375771001,103319,0.6075630201045125,0.052591463,0.5737491840562107
1194,60375768021,81875,0.38336613984563905,0.022336769663501847,0.45664739664428033
1195,60375771005,89192,0.3679458211591737,0.028307022164904615,0.5184705086294847
1196,60375768011,34536,0.32565283677952633,0.04375667,0.3791593662070108
1197,60372948302,73182,0.10759493557389309,0.007511737,0.1909924921518558
1198,60375762005,94028,0.6182965250922987,0.044321329,0.36864152981064313
1199,60375759021,63750,0.6034582097783389,0,0.37274725110880325
1200,60372949001,27325,0.11111111030944365,0.031671554,0.1527559049104098
1201,60375759014,0,0.1914893579982716,0,0.24401913486412863
1202,60375765011,39514,0.27000964059778554,0.043999999648000006,0.22377622247216655
1203,60375765021,92823,0.24585635245922488,0.083988563,0.2945147666898111
1204,60375762001,33510,0.14432989478159214,0.19422571923588294,0.27197943304894895
1205,60372948301,52813,0.018735363,0.023492063342907536,0.13906782819602945
1206,60375759011,61944,0.4281767896660665,0.036635006,0.2066945589397945
1207,60375759023,70724,0.29661016590060335,0.09498399,0.29053646600038296
1208,60375762004,53486,0.8424068526530989,0.043243242,0.25732217304056304
1209,60372947012,29861,0.008498583,0.1559139768181293,0.16492692938489636
1210,60375763012,95500,0.5044929331900779,0.029919447,0.3043478234404537
1211,60372949002,0,0.084607542,0.058876003,0.16078136618496344
1212,60375763013,39474,0.17596566372561662,0.032950191,0.22647793316837692
1213,60375764012,56745,0.063471502,0.077444337,0.1577843048351477
1214,60375758022,51442,0.3224932227473359,0.019673974032186767,0.19428571349271137
1215,60375758012,64500,0.091988128,0.011848340951461115,0.1759776511734965
1216,60375763022,41685,0.19899874594494688,0.038751345115701344,0.25230414455870803
1217,60590753013,56719,0.3112480715620334,0.087682672,0.306748465
1218,60591100043,157216,0.3337041119721456,0.031925849,0.5619834659138341
1219,60590761023,39412,0.3485401438653276,0.066523605,0.1830378525010165
1220,60590887012,58975,0.27508090466515156,0.11994355540948468,0.16828928990130138
1221,60590881061,71696,0.4159959737625957,0.046454767,0.3309241077391631
1222,60590881062,85074,0.25785582135926144,0.055219669265539416,0.15593895104200745
1223,60590881072,61047,0.16434648041629357,0.04137492,0.14038359046248378
1224,60590881071,66250,0.17532467428970086,0.022679324774898077,0.18305661905893306
1225,60590887013,100673,0.483439038,0.044577511,0.22222222119768453
1226,60590886011,84559,0.4785202806859155,0,0.23732057189166916
1227,60375765031,56367,0.30861723240736655,0.019822639437544917,0.3247401233898539
1228,60591100044,162679,0.5954861059419609,0.055915720778640834,0.6531476958041907
1229,60375770004,77431,0.4039125385050341,0.016985137823936965,0.44380403031888543
1230,60375769042,46202,0.21394910260179922,0.022508038404276218,0.3221122090949689
1231,60375769041,68598,0.4428822456688731,0.055513878,0.2766821329658809
1232,60375769012,53438,0.32458442410687294,0.061416184527339705,0.27102272573282543
1233,60375764032,68250,0.097853535,0.06742795,0.14664701493497784
1234,60591100082,164375,0.6110325231820011,0.021192053,0.6705882296589225
1235,60591100052,135602,0.4416796233150885,0.004608295,0.6494650682853048
1236,60375746021,132813,0.6813819512343383,0.008204193,0.6331456103528109
1237,60376704073,134931,0.8326771571586894,0.016682112913048074,0.3649318440834458
1238,60376704052,134688,0.6238767570747528,0.029782359338117306,0.40330919955212824
1239,60376704072,135875,0.754581667,0.052083333,0.3614775701749501
1240,60376702011,243654,0.7384737620153119,0.062054208,0.6326662321971193
1241,60376704171,155385,0.7149144219319589,0.01978022,0.45812979602885623
1242,60376704071,117500,0.7049492341056521,0.047283702,0.38232123470240303
1243,60379800151,64375,0.35732322781157544,0.016146393798208893,0.2415153887804626
1244,60376702012,148152,0.7101556656029973,0.044097693,0.6145541758714347
1245,60376701011,90288,0.38110927852218957,0.014429383,0.4019794427027809
1246,60372933062,137917,0.4330543887755817,0.11832060955800945,0.448725914
1247,60590886012,72375,0.4539223118513152,0,0.20323450025210513
1248,60590886021,74453,0.3230478569077591,0.004849138,0.2525704056657559
1249,60590885011,134250,0.20260374205612797,0.078814415,0.18798665131260664
1250,60590885022,84737,0.17981651046208239,0.025459688465916713,0.1670362145821418
1251,60590885021,86645,0.25853018259610594,0.006119951,0.1971419285575124
1252,60590761033,62043,0.18880878754270927,0.074517826,0.15885194612431955
1253,60590885023,130109,0.21001615169602342,0,0.098780487
1254,60590753011,84427,0.18181818057540547,0.007919747,0.17292225123805963
1255,60591100041,94583,0.4595041246362955,0.014973261871943724,0.5156765634020085
1256,60590887014,118750,0.4566209941410732,0.047131147,0.2712594158099094
1257,60375758032,24145,0.20021881619016613,0.08737864,0.2995245618104235
1258,60375763021,83611,0.27016128487578056,0.050847456765297346,0.14415156388672518
1259,60372948102,53250,0.079216354,0.011834319,0.14566284699583826
1260,60375764022,54965,0.19867109502544122,0.064735945,0.15793558339955147
1261,60372948202,27476,0.025518341,0.045393858,0.13832199441933488
1262,60372947013,34167,0.078909611,0.018050541,0.17168885654037241
1263,60375758011,43056,0.17820069049999404,0.07914764,0.19036144425412496
1264,60375763011,39821,0.1559000847898356,0.040234089,0.1636363624920534
1265,60372947011,46750,0.21705425795725433,0.014117646726643607,0.15999999779310348
1266,60375758021,45333,0.068288853,0.058075221,0.16953199536995225
1267,60375770003,81123,0.4196157692657657,0.089407191,0.46744696073557457
1268,60591100122,150083,0.47577091987036435,0.039235412,0.682904405
1269,60591100121,219038,0.6626825941210811,0.007033998,0.7218337162250683
1270,60591100123,122297,0.63386727,0.024255788045691423,0.6298472311416307
1271,60375770005,0,0.5450980285274897,0.027522935,0.640109881
1272,60591100124,86150,0.6420890887704371,0.038775509940302655,0.5976300845047394
1273,60591100042,103542,0.4337078554222954,0.008912656,0.6395995479466123
1274,60375770002,82879,0.32920024594420183,0.027624309253519292,0.40036900184331636
1275,60591100072,153977,0.6425855391143434,0.049751242956032456,0.7368420964492572
1276,60375748002,64284,0.6817743425094085,0.029746281,0.5537820919237884
1277,60375769031,56793,0.1658177692936176,0.047737444,0.21865284860801634
1278,60375769032,66023,0.31074539873431367,0.035036496094624114,0.20700636832799169
1279,60375769013,48194,0.12487099974333334,0.012163336,0.20058139418266632
1280,60375769011,54500,0.067649028,0.042824074,0.12990455922638092
1281,60375764031,61520,0.1296184122978897,0.080139372,0.14366729610743242
1282,60375745002,121389,0.4914718857140121,0.026969857075780767,0.6502219997522348
1283,60375770001,92344,0.36215609,0.017811705,0.36785714098032074
1284,60591100081,105408,0.6001357732509452,0.03484938,0.6255178101676975
1285,60375781001,0,0.5144508373149805,0.018674966568808505,0.49617955827994475
1286,60591100051,156944,0.3641207782937764,0.015297906,0.6302573720636699
1287,60375758031,31563,0.30512016400083425,0.025974026,0.14275667972744951
1288,60375763023,0,0.089591567,0.016556291207987957,0.14238592555037974
1289,60375764011,33875,0.12962962791495203,0.028508772,0.12164579533902328
1290,60375763014,58472,0.37951806085788975,0.10697674169821532,0.2043422706980553
1291,60375764021,54256,0.094236047,0.10764662132407854,0.13016917232063357
1292,60372948101,42813,0.022792022575574337,0.051409618,0.11339662387449038
1293,60372948201,38031,0.068796068,0.01303781,0.15818091864468156
1294,60372943021,62803,0.052341597,0.010632344652309207,0.16587225850394538
1295,60375754022,67432,0.24751243473243242,0.052261306,0.1383352855998208
1296,60375753002,45563,0.10727055891215068,0,0.14824982739704992
1297,60590887011,0,0.3946587478537278,0.021634615124583954,0.093155893
1298,60590760015,64441,0.38884702043069314,0,0.4756926268913088
1299,60590761022,0,0.041968161881484986,0,0.35483870831475145
1300,60590760014,90547,0.18175235205103293,0.044416243,0.32641615072116575
1301,60590761024,67279,0.5938086248235589,0.012490242,0.3587470427970033
1302,60590761032,68510,0.3625077569056005,0.047898337986811645,0.16388261777028162
1303,60590760013,101897,0.2918689302677856,0.009592326,0.24783236815150023
1304,60590760011,140069,0.24453279831942748,0,0.44333332963888894
1305,60591100031,143553,0.3976377874480751,0.040816326,0.5435294075017302
1306,60590881042,71944,0.23973022538485453,0.10016420306423535,0.2798475856060644
1307,60590626543,85075,0.6584058897628541,0.053152039226501614,0.3457394694136167
1308,60590320311,153580,0.49270832820095495,0.045373665076746755,0.6288987865760739
1309,60590524242,95208,0.35620710944349904,0.028210117,0.5391521170117102
1310,60590320511,114318,0.6275659640009982,0.026109659892698176,0.5032377381754141
1311,60590320341,182656,0.6550951774345445,0.006653992,0.6883211628589696
1312,60590626292,160000,0.7906403746147691,0.006578947,0.41770573
1313,60590626144,11091,0.509803907,0.059658175,0.36553295868595204
1314,60590524082,200125,0.5894648780145078,0.040458014958335765,0.5787751258589288
1315,60590626542,250001,0.8428256033429332,0,0.3595550243958878
1316,60590626148,0,0.6052631379847653,0.083756345,0.3807890217960298
1317,60590626314,146250,0.6991869729217624,0,0.5222222139329807
1318,60590320551,75000,0.2969230723550297,0.060205579,0.6438746347026405
1319,60590626302,250001,0.8338657880554062,0,0.5732323087567599
1320,60590320513,112682,0.482125599,0.006255585,0.6072186793544325
1321,60590320301,167370,0.3638077251290507,0.006768189,0.577509526
1322,60590320331,103077,0.524817998,0.027926321878037303,0.48977504862078197
1323,60590320501,158125,0.39573458777880127,0.014861995438174196,0.6492890892687347
1324,60590320514,79206,0.2352112642927991,0,0.4485125806806341
1325,60590524231,207688,0.6724781983502093,0.028402366527782646,0.6851710974511703
1326,60590626282,114000,0.7543103366992421,0.039856923659392314,0.4902046125807374
1327,60590626272,39821,0.41898147178283635,0.033018867535154865,0.3418013817343951
1328,60590320484,221441,0.5574374038480309,0.055172413476020615,0.6401468749073018
1329,60590320483,148782,0.8308207566026674,0.004219409,0.5096674361201281
1330,60590320503,160781,0.49182176823563584,0.014449426933485665,0.6359411284432953
1331,60590525183,106250,0.6829896872010841,0.050899517,0.5912175625101095
1332,60590626262,26591,0.5663430237429442,0,0.20085469913799403
1333,60590320482,101250,0.48708133505185325,0.006511628,0.8638239280342234
1334,60590626273,76250,0.7021822759668515,0.006056018,0.29035432785084325
1335,60590320291,156875,0.4453507268295151,0.015602836658115793,0.5060498184622789
1336,60590320512,117344,0.4913400137525979,0.037272006048596304,0.6910246172277632
1337,60590320421,192857,0.526496376,0.010605542214828798,0.7364554614739655
1338,60590626541,166906,0.67015945,0.025278492,0.5035938881240166
1339,60590320502,113750,0.39171699403177745,0.039245283,0.6276657024342035
1340,60590524083,171953,0.6373056947645767,0.084848484,0.728717362
1341,60590626281,73750,0.7483443609490813,0.020790021,0.3355592626414085
1342,60590320473,115463,0.5508474459566219,0.055666003,0.6005509559152761
1343,60590626261,58073,0.7278106401211444,0.10546282165809695,0.34761617171022224
1344,60590320481,178000,0.7254601115726977,0.089843749,0.6530249052221984
1345,60590626271,78068,0.726694908,0.021203830224324007,0.5407066010698418
1346,60590524254,94394,0.3501228479722184,0.043799472064382734,0.5126614960585969
1347,60590320492,166504,0.5031385779664964,0.010297029662189981,0.5860638714804485
1348,60590524223,165972,0.4878048688967192,0,0.6869881648135745
1349,60590524251,84808,0.4470858861419794,0.010197144730134979,0.5280464182588883
1350,60590524253,89620,0.22992700562097076,0.10372960312511886,0.5012062695946546
1351,60590320472,149286,0.7285067763422809,0.02,0.647331779
1352,60590524221,103875,0.40549272802642583,0.006858711,0.6396396357979601
1353,60590524252,148786,0.6504297901084558,0.017379679,0.65758754
1354,60590320474,118750,0.575478923,0,0.6113513480467495
1355,60590524232,99648,0.42089249279466284,0.016152018925643614,0.413346612
1356,60590320494,179458,0.5122615775898551,0.054002842,0.6669588051404083
1357,60590320471,73401,0.3729674758844769,0.030414746,0.5212285409103113
1358,60590626512,47467,0.5041666596643519,0.08108108,0.3670731662552053
1359,60590626513,225673,0.7022471778605398,0.021207177468072148,0.46541617273838015
1360,60590626503,144375,0.6768935697325641,0.006126617,0.5490437967363122
1361,60590626502,155057,0.7676348441544282,0.025316455375741072,0.5597295224663447
1362,60590525182,104414,0.6993087477038162,0,0.5727401089495755
1363,60590525311,148039,0.779475974,0.036308623,0.3860805832521569
1364,60590626511,152589,0.685714279,0.021224489622657227,0.5638474248437195
1365,60590626113,71522,0.70554926,0.083333333,0.5382078035282694
1366,60590525181,82964,0.6392425705542194,0.048951048808417684,0.591152436
1367,60590524233,109750,0.6316199327755457,0.008119925,0.44368131664981075
1368,60590525322,110685,0.7943484961640739,0.029661016530211633,0.2286401911634164
1369,60590320495,189063,0.49501991538824786,0.018766756,0.5809627976971401
1370,60590525142,150078,0.5842217421724761,0.015223596,0.5050872056316337
1371,60590525312,135733,0.8443689822050425,0.014306151576985447,0.42531556653115155
1372,60590626104,105585,0.7965791032585272,0.03281334,0.5236668632494496
1373,60590626501,160893,0.6434456880640772,0.022517911860194924,0.5274122778102397
1374,60590525323,168045,0.7297297207649912,0,0.37989323505433065
1375,60590320491,250001,0.6496453808560939,0.05114401,0.6675426981926058
1376,60590525192,89107,0.5982694610844319,0.009910803,0.4185211743106879
1377,60590626111,0,0.5909090685261718,0.053465345475933755,0.2793650749307131
1378,60590626102,65273,0.6079404416216672,0.015519568046426667,0.4291845462862336
1379,60590524396,202417,0.765237676,0.006887417,0.23367512079418476
1380,60590525324,250001,0.8627232046571072,0.013914656642721181,0.42051281743214053
1381,60590524225,168288,0.7918132369945211,0.038620282905010954,0.4089226565187558
1382,60590626103,111916,0.6351648316749186,0.048164232,0.49489795724137375
1383,60590525143,250001,0.824539867,0,0.5785714226676386
1384,60590626112,60147,0.5383244110815614,0.047884187,0.2514395377387106
1385,60590525204,104615,0.7153284497486996,0.049327353,0.48625180193557455
1386,60590525144,137097,0.7030836942459586,0.03269962,0.463428903
1387,60590525141,0,0.5870786461884022,0.2705272232452271,0.4390842155430563
1388,60590524212,178077,0.8186528391366212,0.049421661,0.43050541127702696
1389,60590524211,152045,0.632208153,0.013199245674423345,0.43416571830779954
1390,60590524309,150833,0.6870137621573496,0.048,0.3861271665140833
1391,60590525353,150045,0.84103114,0.010351966766542788,0.44548285910462837
1392,60590525021,151944,0.5561877588024501,0.022673031,0.4362170055995821
1393,60590525023,107363,0.5391908941896909,0.023648648515491845,0.3728661259080587
1394,60590525351,151894,0.8520820332375262,0.028051948,0.26417656956136987
1395,60590755171,88715,0.30282637546667057,0.07111111,0.22612801560268617
1396,60590525022,141964,0.7396149874405776,0.033519553,0.5230769194190426
1397,60590524365,186563,0.6143790792308209,0.037911302,0.2541473108550278
1398,60590994103,58545,0.3278126765973005,0.088071348,0.4362211561331251
1399,60590992412,84236,0.2043830385689231,0.077378435,0.41586280666001135
1400,60590992241,114583,0.5076400636023763,0.041155234359890006,0.33864336927726946
1401,60590992261,74178,0.4743665263737977,0.13148614543331916,0.25344212
1402,60590992274,77139,0.3159652617503991,0.050147492,0.24133333226074072
1403,60590747021,120781,0.1306228362402869,0.053961748,0.1506410248363193
1404,60590992271,112000,0.4278260795160682,0.033613445,0.27302996367336335
1405,60590745021,115804,0.096276112,0.021334367644164593,0.1468505398924691
1406,60590746025,125673,0.074941451,0,0.13511560596014735
1407,60590747013,140781,0.12952646179421326,0.013688494214988921,0.1551495011456827
1408,60590525341,66825,0.4884547040352001,0.017928286763305344,0.4223575449223247
1409,60590524364,201228,0.8556263178808247,0,0.2585585562292022
1410,60590524351,0,0.5384615324586228,0.046637744,0.40986132301047085
1411,60590524361,0,0.7674858077979999,0.037617554,0.3029169760440017
1412,60590755132,86667,0.3198653171728509,0.029914529701463466,0.3202156316969508
1413,60590525245,122566,0.440740737,0.012967200511310447,0.3626516448758594
1414,60590755173,105789,0.21678831958548672,0.087660524,0.231223628
1415,60590744031,67581,0.026997245,0.012708498758107629,0.13133333289555554
1416,60590524363,141157,0.6666666498316502,0.001980198,0.3017391278109641
1417,60590525244,99130,0.5784784059048773,0.037388724,0.42757134933994967
1418,60590524355,208365,0.7629826795874477,0.058064515379812706,0.33208019842055014
1419,60590524362,0,0.7479838558874223,0,0.2838114725019316
1420,60590755131,81817,0.1342465746068681,0.048504446,0.22294776050078433
1421,60590524344,151513,0.8120035232832875,0,0.3988165656874759
1422,60590744032,51866,0.087999999,0.016778523,0.10255336918144256
1423,60590524353,111172,0.7092783432033161,0.019519519372976583,0.286991868
1424,60590525243,176023,0.6624803663660853,0.020382165345450124,0.3752860368960408
1425,60590755172,66115,0.18158890061048044,0.017346053622323908,0.12041057986415088
1426,60590755122,125650,0.45960698188201987,0.065048543,0.257575756
1427,60590755072,36625,0.45874586701739495,0.084722221,0.3374578139768525
1428,60590755121,75993,0.31326072829429386,0.038147138756691346,0.21030444866367937
1429,60590524372,154181,0.8786206775362665,0.049586776274064034,0.2671285583746839
1430,60590756075,90781,0.6856745384468076,0.047087979589987866,0.45770064579500386
1431,60590524354,0,0.6359649076318354,0.030157642013998343,0.3356926154126126
1432,60590755071,104500,0.343293068,0.022108843412081386,0.32374813919807566
1433,60590525242,105804,0.5548141033859475,0.009389671,0.43506881846158696
1434,60590524342,177300,0.8009259222179355,0.015612802437108499,0.2745576562704159
1435,60590524371,108668,0.6406249833170578,0.050925925,0.14978723276776823
1436,60590744083,67135,0.11379657488623791,0.056277055789809044,0.17055947761781926
1437,60590525241,250001,0.775353007,0.010775861952846315,0.3732824398986073
1438,60590749021,59318,0.027906976484586267,0.064635958,0.13419427212692717
1439,60590748062,127083,0.071510297,0.028625954,0.12834917835631296
1440,60590748051,70769,0.10225303233822627,0.012126461619201117,0.1419075140407297
1441,60590749022,59453,0.037810945,0.011990407578014329,0.1112405351704104
1442,60590746013,61989,0.14425427520160697,0.032967032449497134,0.15587734109133441
1443,60590746011,106684,0.14432989478159214,0.027748132041108518,0.098145285
1444,60590746024,67148,0.065887353,0.010942761,0.11122607288553506
1445,60590746023,126087,0.062157221,0.04137931,0.14588722118009714
1446,60590748061,74000,0.059824047,0.022340942,0.2525499785697675
1447,60590748052,63583,0.04704097,0.018891687419500158,0.14814814702835868
1448,60590745013,38214,0.027486911,0.016078838090877397,0.12414624297249399
1449,60590755141,80985,0.24382520428229765,0.036477331753635586,0.23954746561954027
1450,60590745012,135988,0.260465112,0.0505992,0.1523525007292569
1451,60590756074,119375,0.7182569442655377,0.046528274541673055,0.4731522395884255
1452,60590524352,250001,0.9394772910663372,0,0.3155594378010539
1453,60590524374,71507,0.7251184662294202,0,0.5058593700599671
1454,60590755142,59400,0.14013605251515576,0.032186459,0.15526315687326872
1455,60590744072,49753,0.1602905561245009,0.11630794653846048,0.195003244
1456,60590755073,83417,0.2681159405344708,0.041437843,0.3428015550863752
1457,60590744081,69250,0.041881443,0.022815533869827504,0.20028142495177567
1458,60590992042,153136,0.19227052954327992,0.10513643575331914,0.085126285
1459,60590992492,64167,0.054360135,0.055451127,0.15236523568555976
1460,60590746012,47238,0.067796609,0.050432276,0.1540420104771355
1461,60590992491,77222,0.054356514,0.028607755698615667,0.084865629
1462,60590992472,69564,0.22707888883711205,0.10707634909612339,0.10698689897932916
1463,60590992482,71593,0.11750245763273127,0.043424825713130576,0.11467116318829286
1464,60590748031,76375,0.14599372641575784,0.018990273230684872,0.1683022567019081
1465,60590749014,72824,0.041385135,0.063472308,0.13411388965346518
1466,60590992041,48523,0.14766839186958042,0.009433962,0.19408180858066312
1467,60590746021,67458,0.06729475,0.017707362369922066,0.13327289090414424
1468,60590744071,69531,0.10567010241191944,0.034533074,0.082596873
1469,60590744082,52969,0.23076922837038225,0.059299191,0.20743243103086195
1470,60590755061,112083,0.467314484,0.036845984,0.5827774373391301
1471,60590524343,244892,0.9028571299591839,0.067096773,0.2780269037516674
1472,60590745011,54276,0.091537132,0.079595704,0.12538226235788857
1473,60590756073,163672,0.7293777029033618,0,0.4525674460176898
1474,60590755051,68359,0.5649762237323596,0.019722425,0.337923119
1475,60590756062,106558,0.6139053163623475,0.053645116,0.4500632054353577
1476,60590756072,127847,0.7859254832292993,0.074212493,0.4799206718893373
1477,60590524373,250001,0.8045112695541218,0.041666666304976854,0.1443850260360475
1478,60590746022,76063,0.023939064,0.050221565,0.1922377186644165
1479,60590992031,79600,0.22752111163675554,0.053966789,0.13753581612630436
1480,60590992471,110750,0.27452923414738123,0.043478261,0.082442747
1481,60590749011,109885,0.11098527620628226,0.022593320013818075,0.13246396614643813
1482,60590748023,66250,0.08452722,0.053209948,0.1610793125058082
1483,60590748022,54196,0.15135834215577823,0.046092183906891945,0.11620370316572358
1484,60590992481,53325,0.16034597365039271,0.072836801,0.097114063
1485,60590992221,50588,0.24561403303580592,0.028159340465938595,0.18598725996186458
1486,60590992231,48889,0.22858865965869324,0.00933126,0.2432872243967159
1487,60590749013,57708,0.074127906,0.053416148,0.087306917
1488,60590748012,89561,0.23738317535155912,0,0.13128639422294128
1489,60590748021,140330,0.064575645,0.036669213,0.16417910353513718
1490,60590750023,44518,0.060456784323973195,0.023630907638293668,0.12644628046923023
1491,60590750024,14917,0.15481171332201238,0,0.24064625645708967
1492,60590749012,39330,0.16604892389882192,0.030397022143939068,0.14574101356109792
1493,60590890043,57928,0.18599221645142244,0.04275862,0.11417697376699822
1494,60590891053,82321,0.12298232034602367,0.013880507,0.1590581443582021
1495,60590748011,64531,0.083135391,0.029325512909819034,0.12962962885525908
1496,60590889044,93438,0.35123966651868044,0.061755952,0.082062454
1497,60590889042,53976,0.2095671965864298,0.012369791586134169,0.080659945
1498,60590755063,68409,0.4869565132703215,0,0.45842450264305795
1499,60590744064,58250,0.20325202838918643,0.037337662,0.14154411634610187
1500,60590755052,77303,0.2224108620982876,0.066666666,0.5282112781727337
1501,60590756071,135078,0.6901408342700965,0,0.5116851105573788
1502,60590756032,180017,0.3919413883521851,0.069767441,0.6526162743269166
1503,60590755062,98750,0.27672955539733407,0.050221565,0.4192228995989479
1504,60590744063,79911,0.081570995,0.030726256124964914,0.12078977792346368
1505,60590755053,61582,0.3154285678236735,0.008350731,0.4549283870688426
1506,60590756064,250001,0.7674418533261224,0.012529365602745767,0.4635488276234606
1507,60590756033,90833,0.32788944311696683,0.032943676589333934,0.5103833825049251
1508,60590744051,63308,0.07236842,0.009445844,0.12909260931200836
1509,60590997012,69679,0.3115860482386271,0.041666666,0.14268292595925045
1510,60590997011,88824,0.328005557,0.038720539,0.099249102
1511,60590997013,61573,0.10812182686232576,0.067075844,0.1697511157003758
1512,60590889052,69550,0.24966017104820945,0.017017828132018523,0.088531938
1513,60590889033,110352,0.2082191769412648,0.043577981,0.099679487
1514,60590890012,53676,0.2281468511525625,0.028673834919900824,0.093535075
1515,60590890013,50913,0.2118491901988403,0.035361842,0.098954703
1516,60590891052,60833,0.055252918,0.042849192861161976,0.1318007657785411
1517,60590889043,106806,0.37184594459699943,0.04198895,0.074999999
1518,60650419141,148558,0.3566235849894039,0.011756061676134967,0.4387878777241506
1519,60650419154,162577,0.3444612997805569,0.058321479,0.5756490548285671
1520,60590754033,77202,0.29311064595778435,0.012442232447770235,0.32629618029712454
1521,60590524341,162849,0.5817609971421227,0.061898211,0.36802029989821955
1522,60590755042,167171,0.5940594000588179,0.041048034575999696,0.5961670048174743
1523,60590756061,199081,0.6933884240215833,0.025457438142741144,0.7545407329811067
1524,60590744062,80250,0.097527471,0.072788353,0.22899159423328158
1525,60590744061,81406,0.066666666,0.005571031,0.15090089920156646
1526,60590756031,129444,0.5174035699209448,0.023509656,0.7444089397411426
1527,60590755041,91125,0.5085929081171165,0.016208251,0.5370931092464303
1528,60590524191,151250,0.7282986047890746,0.010260457693287628,0.41534559026413703
1529,60590524375,250001,0.8425531855138072,0,0.1676082854632378
1530,60590750032,48654,0.12272727193034239,0.078422273,0.14843447951900085
1531,60590750042,55375,0.081530781,0.06060606,0.16820702325227807
1532,60590998031,31005,0.079470198,0.054426229151303414,0.10297706147888207
1533,60590889032,73148,0.15736550951550773,0.015280135758573276,0.078483538
1534,60590890042,74224,0.286771507,0.030661248501436096,0.10665880934985618
1535,60590891043,42232,0.2063491981607461,0.026755852,0.11852433187971483
1536,60590891042,46298,0.096439169,0.047429254494104206,0.12336134412315514
1537,60590752021,145063,0.066105263,0.017511177282000082,0.14256865855182285
1538,60590890011,74318,0.14271653402838058,0.079337401,0.094444444
1539,60590998032,90391,0.22091194794880545,0.024869109784888026,0.10946745497356536
1540,60590754034,124722,0.14038727427118067,0.062099872,0.2330640134675947
1541,60590757022,164375,0.4513274296342705,0.050929668,0.582205025
1542,60590754031,91172,0.28379512775990656,0.016630513,0.43741677471759804
1543,60590757023,81250,0.7482638758981967,0,0.6437499919531251
1544,60590754032,141591,0.21907216212535874,0.01230425,0.15490908978247936
1545,60590756065,250001,0.5773710386460726,0.07392996,0.616621976
1546,60590756063,192083,0.6471734829710187,0.010572687131518176,0.7364114509853218
1547,60590757021,201250,0.6362378888487152,0.029887919926675968,0.7282608623689638
1548,60590757014,186411,0.6296103863396864,0.036070241879116074,0.5830458325133276
1549,60590757013,108342,0.30781892750766315,0.042848141,0.25829812759023457
1550,60590754052,82143,0.34968684394898913,0.040239726,0.45315023866599163
1551,60590754051,138438,0.26528925400587394,0.013323983076269403,0.38148524729661626
1552,60590754043,106576,0.098159508,0.15421114882311804,0.26249167046974237
1553,60590756043,0,0.513643651,0.035313001,0.7647058716427749
1554,60590757031,169375,0.6793193672819413,0.030451332,0.6375779134569104
1555,60590756051,250001,0.6679904633201711,0,0.7183979885056573
1556,60590524192,234917,0.7274633047435712,0.017391304196597356,0.4580609996837636
1557,60590756041,186375,0.8403755737030427,0,0.6722873851005324
1558,60590757033,211734,0.6932938787643602,0.022589052801137682,0.7036363572396694
1559,60590757032,215806,0.7995495315416773,0,0.7528517014847693
1560,60590888015,0,0.26266891670043147,0,0.17843631665550871
1561,60590891072,159440,0.072916666,0.035587188,0.1372801366912049
1562,60590891071,135744,0.2528919016637738,0.045582047526009646,0.1712062251684938
1563,60590891061,69196,0.11411042874778879,0.015720081056186202,0.13661606761711934
1564,60590753012,126637,0.33039647213219747,0.019436346,0.3512898304150999
1565,60590886014,91300,0.2252358464005207,0,0.1447587342366162
1566,60590888014,66306,0.2065698028643727,0.045236828,0.1023588875216559
1567,60590888012,121417,0.6909090769513319,0.082551593,0.22732123556754286
1568,60590885012,56488,0.06527977,0.060913705240193426,0.12427593404804668
1569,60590760021,90250,0.7010368623212162,0.024401913758842514,0.4317953839930021
1570,60590757011,146165,0.42242019,0.015318627357116255,0.6319350430856898
1571,60590757012,99975,0.18195488448188143,0,0.2412790685984541
1572,60590754041,65602,0.21545513938798205,0.008956797,0.4531855930571435
1573,60590754042,109192,0.5460902698913523,0,0.3490813625388362
1574,60590754044,128946,0.3159922898266639,0.060082304,0.2513054813883454
1575,60590756053,250001,0.7858406940559169,0,0.6938931244740983
1576,60590759024,91000,0.38671023543888633,0.024999999759615386,0.5253411254840047
1577,60590758082,161755,0.5236641181399686,0.017774851759217565,0.60206718
1578,60590758081,189318,0.552719195,0.035496957,0.6344510148951281
1579,60590758065,128789,0.13956043802680837,0.067527308,0.4478216773270347
1580,60590756042,207292,0.5834658141218934,0.058979456202919445,0.6785356034175747
1581,60590759022,82981,0.17920353883183884,0.017754106,0.45795724248001307
1582,60590219142,164688,0.425699297,0,0.5874906881050582
1583,60590758064,52748,0.097602739,0,0.3214057487450112
1584,60590758062,165938,0.5583832251739038,0.043583534581313144,0.4666666624624625
1585,60590756046,202734,0.8323959411429028,0,0.6972878329196165
1586,60590320111,91500,0.4227885993584918,0.036585365,0.8367346848900679
1587,60590756052,225341,0.7646033063242955,0.030708661175522355,0.526992285
1588,60590219141,151563,0.4490407646940002,0.038236856,0.4247386744782624
1589,60590758063,80071,0.057098764550944994,0.046153846,0.21260387664401748
1590,60590756045,206923,0.7997293531836352,0,0.5712880966441682
1591,60590758071,180667,0.3577163215190337,0.047981721,0.42809642204408627
1592,60590758072,137656,0.3756878420425821,0.074613686,0.5293851693969929
1593,60590759023,69179,0.12883435424743123,0.027826087,0.46080191226330397
1594,60590758061,128523,0.5209359541756656,0,0.6783216730511137
1595,60590759025,69539,0.4357298380015286,0.029197079759177378,0.6152897581345282
1596,60590759021,102799,0.5525812513846797,0.040849673,0.745019913
1597,60590758073,98906,0.38379530098517484,0.020790020357795834,0.3271245596376652
1598,60590756055,250001,0.7570093356874589,0.054054053,0.5268644705143186
1599,60590219134,91985,0.17286432073937527,0.009463722,0.19152798731761575
1600,60590756054,84190,0.5407303294841246,0.017287233812669764,0.6602870734415422
1601,60590759012,115577,0.5397058744160901,0,0.765446215
1602,60590756044,98125,0.5397890648150617,0,0.6242514923334469
1603,60590758053,65224,0.27227722435300467,0.011037527471991972,0.32614942294432886
1604,60590758052,125907,0.5486111056685407,0.012185833875203094,0.7106782055506623
1605,60590758153,157902,0.24296435,0.095446584,0.4826616637051391
1606,60590759013,81750,0.29529846648019825,0.037789516,0.431974015
1607,60590758161,63688,0.15218901909528132,0.027472527,0.3608247407801041
1608,60590219182,124188,0.6677506738875302,0.017967145698320607,0.5752644402959135
1609,60590219132,156250,0.21895190079718665,0.003658537,0.3634324152359371
1610,60590759011,113646,0.37730869716863596,0.026726057,0.7201125074527074
1611,60590219181,94028,0.2372598142250642,0.034615384349112426,0.4009096790064348
1612,60590219133,146250,0.2972972949340438,0.023571428403061225,0.3810306996654019
1613,60590762063,111170,0.5337499933281251,0.015538290615557263,0.6847389489484041
1614,60590762051,102888,0.6238697898034397,0.054343175,0.632728492
1615,60590219172,233472,0.6842105175325993,0,0.723723716
1616,60590758151,125000,0.20618556582940684,0.018367346845064556,0.5784975232636188
1617,60590758051,113021,0.24211711439057304,0.022346368507017055,0.2842639575871576
1618,60590758162,159965,0.5404732186740571,0.030701754049322873,0.5636969145404087
1619,60590758152,71513,0.2740740715363512,0.022508038404276218,0.38508371189708923
1620,60650419153,110469,0.2635319832502352,0.022466539089548092,0.45776450316653367
1621,60590882013,118313,0.29849137609384296,0.015490533429513483,0.2278480992057134
1622,60590882021,111938,0.31302717607284747,0.042535446,0.2446292429339623
1623,60590883011,53274,0.20167427548193093,0.039597315,0.17541557228602112
1624,60590876022,103879,0.21844934794312762,0,0.3342077631993297
1625,60590883013,100000,0.2847124784752808,0.047314577,0.3030528644597702
1626,60590875032,160210,0.18271119483867987,0.016339869014054428,0.35259258736899873
1627,60590875041,97917,0.052631578,0.093715545,0.2279245265817017
1628,60590875031,63629,0,0,0.2018004485986463
1629,60590863034,88173,0.5458978756572063,0.040735874,0.3636575142772045
1630,60590875034,0,0.10614524942001398,0.061946901741196145,0.22358175502133754
1631,60591100083,226250,0.6392801201934263,0.028864657,0.699069279
1632,60375750023,75893,0.5058274999320804,0.029885057127757964,0.5436507893361049
1633,60375748001,100167,0.8765880058695462,0.043887147,0.6682750220955969
1634,60375750022,57098,0.39913419567849184,0.041871921,0.40345981917712154
1635,60375751022,56563,0.089473683,0.018221574211213017,0.12819119973823356
1636,60375752023,63750,0.18456375529255445,0.035908595909590904,0.14685314538608246
1637,60375751032,50882,0.4410801927898511,0.014430014325901772,0.27115188444876714
1638,60591100032,105787,0.34943745632404066,0.040332147,0.6105263125761773
1639,60375745003,187788,0.7360074558208259,0.041201716384534626,0.6315789414325288
1640,60375751021,48125,0.12988734175024955,0.080319149,0.1088618978458754
1641,60375752013,42452,0.14693445933473087,0.06623735,0.078674948
1642,60375752022,51250,0.093600763,0.028409091,0.16339869174249222
1643,60372945102,43327,0.050082101,0.012117346861496512,0.14436917805093488
1644,60372945202,46977,0.046339203,0.073434125,0.1551634657230749
1645,60372943022,74150,0.1682974548708581,0.050788091,0.18095238020309573
1646,60372946102,46786,0.062749572,0.14666666601481482,0.1517216637312709
1647,60375753001,0,0.19324577498600798,0.016920473486963225,0.041482789
1648,60375754011,0,0.074742266,0.063231849,0.12482065818047837
1649,60379800111,250001,0.32673264091756027,0,0.32857140510204247
1650,60375754013,46542,0.10370931034285155,0.11982705299674458,0.10329670284265184
1651,60590881041,69924,0.23519163626485692,0.033907427,0.2638563611871336
1652,60590881051,106875,0.15073704160372303,0.03677973,0.20111287678413003
1653,60590881052,112159,0.2512195101526869,0.052352048161213596,0.2598331331356786
1654,60590882032,79079,0.35666104252393727,0.007857143,0.2562052997214754
1655,60590882031,97273,0.3732876691022393,0.010135135,0.2306525029186172
1656,60590883023,92206,0.35873387621648445,0.026590693004836723,0.21185019445584016
1657,60590760012,80486,0.4524590126847622,0.13612950598874535,0.3948180111362245
1658,60590883022,125833,0.4015094309320043,0.027948193401852808,0.2831561260036031
1659,60590884012,112500,0.20681818064307853,0.015641292932005772,0.21683250324696307
1660,60590884022,120833,0.20617944024848817,0.056034482,0.19853300636414178
1661,60375748003,64440,0.6294416163776445,0,0.6592178697294093
1662,60591100073,215664,0.4787087879209561,0.034215623,0.7033029572704843
1663,60375749023,77944,0.43298968728794857,0.021650327,0.4154589356541845
1664,60375751031,53992,0.1216973569119507,0.0547588,0.1697198266717682
1665,60375752021,55938,0.18843682881759286,0.051813471055151376,0.1253577554358457
1666,60375751012,77654,0.2549909232759444,0.029163469,0.18481848097681053
1667,60375750021,97083,0.49873737058877926,0.027853631743016756,0.40925058308401296
1668,60375751033,84219,0.22135161389469526,0.082298136,0.24645669097278197
1669,60591100012,119219,0.3244444420411523,0.02853351,0.5374331522062399
1670,60375751011,39938,0.19478737863657491,0.05019305,0.14303228384539318
1671,60372946203,54898,0.077248676,0.063360881,0.083003952
1672,60375754012,34480,0.080038572,0.065471551,0.12644415836685394
1673,60375752012,63250,0.12977777662419754,0.043209876246845844,0.12109115022560779
1674,60375753003,52454,0.089713843,0.029655172209274674,0.12429667455602725
1675,60372946201,82197,0.057171513970195445,0.013698630032734931,0.098847786
1676,60375754021,54511,0.1283870959458897,0.035222894687821166,0.12687427863562367
1677,60375752011,47019,0.12835820703942974,0.051511757541861616,0.097640357
1678,60372945101,74265,0.11175979890108592,0.021052631440443215,0.17876106089226512
1679,60372945201,73125,0.047984644453122414,0.048335974,0.15926892846430205
1680,60372946101,121424,0.20896860799131295,0.053719008,0.19482619082598068
1681,60590884032,92121,0.3197399508289601,0.05017387,0.1799476237188641
1682,60590761034,63139,0.23239436385921164,0.040118870430023254,0.22350472075810746
1683,60590881011,92644,0.30865051689515216,0.049482163121506544,0.3450266414519243
1684,60590761031,122418,0.3638211308166437,0.025931928,0.19649805320040173
1685,60591100103,127625,0.494382013,0.026509573,0.512468822
1686,60590761053,101250,0.2665245145730381,0.076119402,0.27327327122167216
1687,60590880021,77768,0.11299000681790924,0.00610998,0.24669312006155344
1688,60590880012,79583,0.16257947172952342,0.051088776791551285,0.18805031328270244
1689,60590879023,118125,0.23219584397480827,0.046764893998943666,0.1389136236023436
1690,60590879022,49250,0.22839505937865165,0.000832639,0.1784748503057066
1691,60372946202,61071,0.12087911921869342,0.010650887447918492,0.1517857129304847
1692,60375730042,41691,0.010204081516960527,0.1435692906922304,0.11882046731291876
1693,60375780002,62768,0.051012145335934046,0.049295774,0.099132023
1694,60375732022,67500,0.19181155248563347,0.047907211,0.095816464
1695,60375730022,53295,0.067114093,0.05632653,0.12554347757856807
1696,60375733002,37768,0.21409213511945435,0.020979020489999525,0.061096136018902646
1697,60372941201,76339,0.031521739,0.008429119,0.1586497876907191
1698,60372943012,120441,0.082589285,0,0.17023445290280884
1699,60375730041,60950,0.152489625,0.040035587,0.11991869837453456
1700,60372942003,80225,0.1754756852486714,0.008849557,0.20908483494265306
1701,60591100071,209417,0.6782713003808968,0.068609022,0.6619718243262392
1702,60591100074,228542,0.7230273635583355,0.022988505453531222,0.7038664261523161
1703,60591100011,161000,0.48803827491739354,0.044523597,0.5998484251616202
1704,60375743006,123906,0.5025380646886033,0.087583148,0.6828571363537416
1705,60375749013,183468,0.7094594498721696,0.022321428,0.6321138147142905
1706,60375749012,121786,0.723625546,0.022754491,0.5609167604231995
1707,60375745001,153466,0.5909568812727983,0,0.6015037561680786
1708,60591100153,151250,0.33823526924740666,0.089171969,0.5604838483675868
1709,60591100101,138929,0.46463978542868617,0.063492063,0.4698744750214457
1710,60375745004,77314,0.40404797298314865,0.032945736221280775,0.6278480972921007
1711,60590879021,86250,0.14252336282098876,0.059396299,0.1974734029423311
1712,60590882012,102891,0.1894736822160665,0.030201342028512233,0.29381771641926246
1713,60590883021,76176,0.28431807958987965,0.034047437,0.26152683196701876
1714,60590884011,117700,0.19089316820583915,0.096456692,0.2848948356603261
1715,60590884013,109500,0.18545081777202033,0.037942664098291196,0.2952853573590955
1716,60590884031,91992,0.1632585746594374,0.000815883,0.23032725398369408
1717,60590884021,67625,0.26732025969071727,0.09816303,0.25436598232966595
1718,60590882022,116549,0.28413283958097885,0.018202502740600097,0.26191843617508076
1719,60590883012,131806,0.27435773012914333,0.04589372,0.23465211379723017
1720,60590761021,77639,0.3798379803794961,0.065384615,0.23825693130584646
1721,60591100152,163981,0.5474705436765728,0.007495315,0.6782884274786666
1722,60375749011,148592,0.5353218126323106,0.017751479027344984,0.6517857070113202
1723,60375734025,106845,0.43999999716129035,0.065320665,0.3293216612181528
1724,60375749022,63375,0.506864983,0.011189634798647615,0.34755720255066663
1725,60375734024,82143,0.2046539367264085,0.009539843,0.2580993506582109
1726,60375749014,80313,0.5196335010519175,0.034636871,0.6330357086336098
1727,60375749021,139352,0.29901960295719604,0.038081805,0.4298642485309474
1728,60375750012,91426,0.46024878063683733,0.076532769,0.357950262
1729,60375743005,105667,0.5694822733111098,0.1852860984935668,0.6700223638699959
1730,60375734032,119615,0.6852723558488746,0.029277813732740316,0.3260545889525827
1731,60375732021,80455,0.030877192765774088,0.032444959,0.083533653
1732,60375780001,71107,0.34626038301578416,0.055288461,0.12412992967442037
1733,60375730031,97813,0.3057644084731461,0.06970128,0.286033518
1734,60372944102,71406,0.30059229861504294,0.059836065,0.25039419662442697
1735,60372941103,75804,0.16231342980758529,0.037459282777536115,0.22003745112324485
1736,60375730044,72039,0.24777447703598698,0.012269938499755356,0.1538461524700702
1737,60372943011,93889,0.10718789272146416,0.057585824389968725,0.16118420946589337
1738,60372942002,61450,0.036747459,0.094743672,0.17775520478539764
1739,60375730021,71737,0.2419354817030871,0.059243397,0.10036496289315716
1740,60375780003,127452,0.37611606723084745,0.027892561695324777,0.061643835
1741,60591100102,188571,0.4943429025731688,0,0.466769703
1742,60590761052,137375,0.41087811,0.007555316,0.3947661447952887
1743,60590880022,0,0.2401055377294784,0,0.29355608241579856
1744,60590761041,92283,0.47609317337109447,0.021007002,0.38295964011073347
1745,60590875044,96507,0.42600422382659386,0.031098153244915907,0.17779291432021177
1746,60590761044,134829,0.44189852338871916,0.013674197302769338,0.4361702094515942
1747,60590761051,115119,0.4931102313670253,0.015767634723920045,0.3180369641935184
1748,60590880013,59750,0.18621235985568654,0.024578652,0.20443985439112106
1749,60590875033,69659,0.220518865,0.085470085,0.2710526297957064
1750,60590875042,75246,0.086607142,0.017725258,0.16703176250256427
1751,60375732023,80769,0.24201930035620417,0.07739938,0.061362674
1752,60379800141,0,0.099999975,0,0.6599999560000029
1753,60372941202,67292,0.038596490550938764,0.10391362882707654,0.083406496
1754,60375730043,47416,0.1435257387905501,0.076923076,0.23726976991040336
1755,60375733001,48580,0.10477835287980224,0.057684029,0.081218274
1756,60372942001,71923,0.094814813,0.013015184240616224,0.17281879049648666
1757,60375780004,15052,0.1419939562739783,0.05592417,0.30502846155109836
1758,60372941102,48713,0.24999999470338996,0.030252100331897475,0.19636015137586063
1759,60375731012,108421,0.4066339016384042,0.015592515430431234,0.15305313122083164
1760,60375727002,83462,0.25679999794560004,0.066860465,0.074263038
1761,60591100062,250001,0.618260864,0,0.656399722
1762,60375750011,118942,0.6050656603652377,0.011130136891009102,0.46644294988964463
1763,60375734022,77334,0.13962264019223924,0,0.2515952575059685
1764,60591100061,144963,0.5838150232773119,0.031224322,0.6076026940061147
1765,60375743004,136964,0.4930417397009595,0,0.6146341413444378
1766,60375742021,106750,0.33916083323145396,0.005772006,0.5765306048911912
1767,60375743003,93438,0.5849403068416869,0.010591350303695055,0.534338354
1768,60375744004,179013,0.5105041963182333,0.026155187217478754,0.6010638252198798
1769,60591100112,154375,0.5849889560155744,0.027855152944706103,0.48066716845589713
1770,60375742013,124331,0.5341545292927824,0.030494216293436214,0.5161290283861288
1771,60590875043,81535,0.072649572,0.09090909,0.13012048140513863
1772,60590875035,81563,0.24488248487579617,0.023733162131281835,0.3678304216469425
1773,60590761043,0,0,0,0.46408838924330775
1774,60590762042,67269,0.1901234544429203,0.078999999,0.20295857868071848
1775,60590880011,150125,0.2825848818993989,0,0.24696645077111742
1776,60590879012,37190,0.18022120897709037,0.034890264,0.22498803147444693
1777,60591100111,124087,0.5117903885433154,0.0330033,0.5138153996836249
1778,60590879011,85625,0.2229417185666816,0.022804053861452248,0.22053755878333867
1779,60590880023,80393,0.25126903340719936,0.047619047,0.23536585222337894
1780,60590882011,0,0.2630303,0.05679702,0.23533568738278668
1781,60375731021,70250,0.2401673620069677,0.035294117387543254,0.19814241398433252
1782,60375734023,55465,0.2101841797379829,0.1461139881231711,0.18045112691503196
1783,60375727003,78385,0.1270396255589787,0.006578947,0.063867016
1784,60375727001,93269,0.16477272493220563,0.026602176220046236,0.084586465
1785,60375731022,142044,0.5071823148377644,0.036097560623438434,0.22865853426160027
1786,60375732011,60406,0.15810920816536914,0.071975497,0.10193084821764324
1787,60375732012,43958,0.10185873530216553,0.019068984750033737,0.10172341277123408
1788,60375437032,130208,0.21781716316316618,0.092184368,0.17509025191746275
1789,60372941101,76250,0.1039307121656848,0.077275329,0.18594104202981268
1790,60375731011,54157,0.2355944548826079,0.12806702496668448,0.12855450160808946
1791,60591100151,105833,0.4055118070323641,0.038004750292915675,0.612811384
1792,60375744002,176528,0.42066957175153463,0,0.6297198461666279
1793,60375734031,148011,0.5970287781148674,0,0.3934311642667284
1794,60591100142,69554,0.43489582767062723,0.057553956,0.48712120843089995
1795,60591100144,105119,0.5550161722489293,0.068435753,0.45548489304066064
1796,60591100141,113073,0.31965442419379675,0.018482490092582782,0.49615712642051985
1797,60591100143,81538,0.3109243664818869,0.050878815440528996,0.45344942763932067
1798,60375742022,127083,0.31290027161115946,0,0.48101265484519934
1799,60375744003,63250,0.4845505549922675,0,0.6808988687539453
1800,60375742012,109773,0.4465195170370201,0.03726708,0.5477223367925994
1801,60375727004,90333,0.29054053726868767,0.066427288,0.048814504541042504
1802,60375731013,0,0.28163771362732365,0.10129310235675537,0.17859952652557415
1803,60379800371,0,0,0,0
1804,60375726004,113889,0.2216828443093391,0.049822063,0.084210525
1805,60375722023,115938,0.4235074547853087,0.061746987,0.20445343922617978
1806,60375437031,68810,0.20962566620721212,0.018572824842885388,0.1698268741151948
1807,60375439053,59613,0.1317108079333514,0.080263157,0.17707662474516017
1808,60375722024,97321,0.13931034290606423,0.062176164997718074,0.21308016652869025
1809,60375726002,87396,0.4373716587538844,0.057313943,0.098876404
1810,60375722021,178448,0.33644859289020884,0,0.22342519465132682
1811,60376700031,115423,0.36983841346789204,0.019448946200179156,0.43714608791454035
1812,60376703242,172614,0.7918181746198348,0,0.7504570315314714
1813,60375436031,51823,0.33911583469996737,0.019657257965437207,0.30310378126525805
1814,60376514022,149922,0.7073540507403029,0.006627393,0.47532894476245097
1815,60376700011,110260,0.42549922868280166,0.007078507,0.4606323592025272
1816,60372933021,120144,0.42764227410491995,0.028196402390877964,0.2913961027134898
1817,60376513023,179196,0.9776357671304191,0.032457496,0.7026713042663031
1818,60376700012,84167,0.4502617761757262,0.00385208,0.4362527692003727
1819,60376510014,129122,0.30268198943791197,0.011142061177882441,0.44466599756065806
1820,60376513022,164474,0.450896666,0,0.5966337748309125
1821,60590761042,193529,0.6500887983998438,0,0.4578680156561623
1822,60590878013,104444,0.27622377300438494,0.04326923,0.3821596208247923
1823,60590878052,76071,0.080928923,0.10089552178569838,0.1758872642177074
1824,60590878062,79875,0.095291479,0.003813155,0.20387007461043488
1825,60590877032,0,0.30674846312118137,0.07244212,0.16677740752971823
1826,60590877043,75563,0.12735848856354579,0.013495276471048902,0.27697262256865846
1827,60590876027,77652,0.3914209010342922,0.074999998,0.28665207250214286
1828,60590876024,48676,0.134868419,0.026027397,0.16212338477673324
1829,60590876026,0,0.36324784772445096,0,0.19194312341367006
1830,60590875053,0,0.3455344019687496,0,0.2573158399867221
1831,60590876023,80735,0.1663366303695717,0.069020866,0.22093918228684234
1832,60590878021,70441,0.18455188570429312,0.018026565,0.2105263149625832
1833,60591101131,119028,0.48448686772688704,0,0.39443534865437524
1834,60590878012,61618,0.18935837097528663,0.040268456,0.2488687771544399
1835,60590878051,47300,0.009975062,0.085209002,0.14404662661076914
1836,60590878061,72125,0.15231787935366245,0.045489006,0.16898276726524308
1837,60590877033,0,0.3026905795662491,0.026759167,0.291628332
1838,60590876025,91923,0.13414633941850093,0,0.29619047336961457
1839,60590877042,136250,0.18379160370779157,0.015306122,0.28871128582706007
1840,60590876021,102074,0.069015097,0.009247842,0.24784988078303455
1841,60591101081,93088,0.4946004212829283,0.013671874732971198,0.44665717714570163
1842,60375743002,103665,0.5188492012018928,0.24620303560189422,0.5787089402184719
1843,60591101132,101875,0.44102112287833517,0.025162337,0.4287590254185225
1844,60375744001,128706,0.5155482730679497,0,0.6169088425771619
1845,60375744005,158906,0.502890159,0.01937046,0.659546053
1846,60375743001,144107,0.49295774069298426,0.1062231748259316,0.6733921730971983
1847,60375744006,135500,0.6612612493466442,0,0.5760992043280811
1848,60375734021,0,0,0,0.16363633388430293
1849,60379800061,0,0,0,0
1850,60375742011,176776,0.49742929951890363,0.029017856818997136,0.5823643354422061
1851,60590863035,115104,0.6009529446042112,0.018498367723981255,0.4923325242440172
1852,60590875052,38056,0.078539822,0.14297452635189378,0.20620620517414312
1853,60590878031,48500,0.10130718871481055,0.044710327174368215,0.1889071928121516
1854,60590863036,0,0.33690657983297734,0,0.435575822
1855,60590874033,61964,0.056179774,0.070559609,0.22442747748965683
1856,60590878022,107514,0.30310880716836114,0.049949375,0.23443905987909405
1857,60599800001,0,0,0,0.3999998666667111
1858,60590878064,76295,0.19685990100410747,0.012584704621638871,0.28196981507569646
1859,60591102034,116923,0.3004484170202504,0.024691357262612432,0.40075613609156646
1860,60590877031,137628,0.1396993798435068,0.007020281,0.2364341062361036
1861,60375726001,63148,0.4039516969928464,0,0.096428571
1862,60375726003,93646,0.12182740993068619,0.057793345,0.1017964064236796
1863,60379800021,0,0,0,0.11111098765445816
1864,60375437041,222000,0.4367816008279387,0,0.16445915933268038
1865,60375722022,100125,0.5026737878311268,0.10603588734036073,0.2310267831358618
1866,60375436073,143932,0.3558805584650789,0.017964072,0.11998016797233432
1867,60375437042,74375,0.18296529776061726,0.079086115,0.17810218848100592
1868,60375734011,71969,0.31959706667035653,0.03555941,0.3193650773373646
1869,60375439052,86250,0.12438301950263554,0.04013104,0.11390134478071144
1870,60375437052,90500,0.3861892550196995,0.069719753,0.11670973248617686
1871,60591101083,68375,0.36907020522703793,0.18317265395992416,0.5172413731600313
1872,60591101082,167750,0.5794542443105258,0.043276661,0.5556451568093133
1873,60375739021,158264,0.6674338281505534,0.006335797,0.5947856800937442
1874,60375740002,250001,0.5795677685743071,0,0.6437346358263558
1875,60375740005,145898,0.5587761629728167,0.026676829064963194,0.6405740336557467
1876,60591101063,171667,0.4837398324823188,0.033362598,0.456260718
1877,60591101142,138447,0.44455066496605483,0.040528634004153005,0.4914247988692296
1878,60591101141,130694,0.3239436591202143,0.054657428,0.49777211650049574
1879,60375741004,147500,0.4462915543952487,0.004587156,0.6548042646369727
1880,60591101143,103375,0.47540983196367703,0.008435583,0.45921985544196303
1881,60376512222,92330,0.6311728297658514,0.016194331765258682,0.35474005844999956
1882,60376510013,77619,0.3600734821795868,0.052739375049977597,0.30008825992900146
1883,60376510023,92154,0.663991969,0.022988505526930023,0.38510444700177615
1884,60376512221,110349,0.5452127635407236,0.06970297,0.41163310808488773
1885,60376512223,104082,0.5431799794739308,0.00418702,0.46694795842968606
1886,60376513045,120050,0.6066878884285368,0,0.6686460728189303
1887,60375436052,77412,0.3924154955283141,0.008668243,0.23095822982330108
1888,60376510012,0,0.44697985977208243,0,0.37181528366389105
1889,60376510022,175104,0.45535713704901615,0.033980582,0.3154034204123601
1890,60375436051,104172,0.43619047411337863,0.065973791,0.20707070626623655
1891,60590876014,108750,0.21166509678584106,0.035217034928607414,0.32977691241729473
1892,60590877044,96094,0.3400809670704323,0.033105022,0.2365196049446127
1893,60590878033,100778,0.116847825,0.11120543246517219,0.12136121311455016
1894,60590878054,90179,0.18477508522647001,0.026688453,0.20791628658818795
1895,60591102031,117292,0.35452961363650165,0.018370606882023906,0.4667188687022798
1896,60591102033,82109,0.34355827693929025,0,0.41479332549098386
1897,60590878011,96394,0.23605150045742848,0.039354838,0.29576059702862545
1898,60590878024,0,0.1769911426110114,0,0.2606199740456949
1899,60590878063,51250,0.23037974391924376,0.024999999728260874,0.2874880583812029
1900,60590877035,126875,0.079559363,0.044350580313087855,0.22991071257506912
1901,60590877041,76765,0.2035928113234609,0.020782395833956042,0.2784313689093939
1902,60590876012,98750,0.36932706777265933,0,0.30996884493793736
1903,60590875051,119760,0.17280701602800863,0.026916802390564418,0.30690245118709386
1904,60590874032,57083,0.13128491436752912,0.049804687,0.24829001198160047
1905,60590878023,0,0.19604146846332263,0.047619047,0.2667167523161777
1906,60590877034,70000,0.090140844,0.031927024,0.22356090881150664
1907,60590876013,84352,0.3383084535036262,0,0.2187499979285038
1908,60590863031,0,0.21907756583776136,0,0.25799721656469254
1909,60590874031,116477,0.062846579,0.013490724898975973,0.20350535342253795
1910,60590877045,67262,0.27521367050916806,0.052631578,0.19560669251457435
1911,60591102032,153068,0.319458374,0.048026047830581814,0.45133470040519624
1912,60375740001,139904,0.569750359,0,0.6522612999772733
1913,60375741002,136573,0.41033138001626335,0.009598604,0.6439393885190288
1914,60375741001,142770,0.603333323,0.064714945,0.5671641725928338
1915,60375741003,130972,0.36585365167253936,0.047272726,0.6274900335907367
1916,60379800181,0,0,0,0.2666665777778074
1917,60375740003,120139,0.4066901336850329,0,0.6281920262697444
1918,60591101061,129417,0.5667869933792962,0.066147859,0.3286264399406105
1919,60591101062,96364,0.5126050358630848,0.012591815187913797,0.4564348484697454
1920,60375740004,126193,0.6210790386313797,0.020496224158616783,0.6013985953906235
1921,60375436071,106048,0.24696969322773193,0.075916229,0.1391585745506087
1922,60375725001,24343,0.062168308853917296,0.032930107,0.11431805255054865
1923,60375722011,49808,0.19349844901705188,0.024553571154536036,0.15725806324791886
1924,60375777003,100486,0.15846015972730385,0.025376685,0.09535951
1925,60375722014,73059,0.35847700891898704,0.17693715572338525,0.19640852863968278
1926,60375777002,77384,0.2074780043440029,0.088957055,0.096393442
1927,60375436072,144917,0.38127712100882133,0.066821615,0.10359655940736294
1928,60375722012,88188,0.46987950863695765,0.099085364,0.2093567226975822
1929,60375722013,83971,0.15070164642646952,0,0.23984098833992495
1930,60375439051,128750,0.066666665,0.037567083,0.11408199440139048
1931,60590878032,39769,0.071999999,0.11631663880196576,0.2277819251099184
1932,60590878053,71500,0.24970553298344486,0.033834586148171183,0.2245714272881633
1933,60590876011,88906,0.23063972675690697,0,0.20776566615963443
1934,60590762041,110550,0.390763759,0.020168067,0.4605026888644283
1935,60590871031,64703,0.2271689471784367,0,0.2344546357344074
1936,60590871062,47727,0.15598885576617194,0.009163803,0.15657439310921806
1937,60590863062,71797,0.10666666571851853,0.054032258,0.23876764930187644
1938,60590863033,103155,0.4607045945608511,0.059471364,0.27040815981622246
1939,60590869023,63529,0.22620904483293222,0,0.26890756076548267
1940,60591102021,53151,0.1415701406591368,0.093469143,0.21014492652103897
1941,60375437043,109318,0.17879746552535655,0.014992503523350771,0.17261904590655708
1942,60375725002,83176,0.254885299,0.026219956,0.20024222769381417
1943,60375437051,115781,0.3134328327021609,0.03220339,0.12442396217800336
1944,60375723012,64095,0.1329381868506504,0.025676613,0.10387215670637888
1945,60375779004,82840,0.3839966114140702,0.026073619531926304,0.30012663444437887
1946,60375720012,71844,0.4685942126760298,0.008779631,0.5110410054334306
1947,60375720014,128368,0.4851485095143178,0,0.492924524
1948,60375437012,139226,0.2116182555052427,0.041146215715310686,0.11953551830918362
1949,60375436012,116944,0.2425213649303273,0.021602787305903922,0.13545567955395957
1950,60375437011,137366,0.24469273469617056,0.064150943,0.1339608969300442
1951,60375741005,119444,0.42822677408652865,0.033477321,0.6466165352761604
1952,60591101182,184948,0.7976694830755352,0.061827956,0.19426229348965335
1953,60591101042,103971,0.49905719359486367,0.04906542,0.4249116589005668
1954,60591101174,132148,0.47908744882823234,0.041432583978703766,0.40204942494243867
1955,60375736013,114688,0.4023255720389402,0.06976744,0.588585011
1956,60375737002,156477,0.5169366639626412,0,0.5735567916801044
1957,60375736019,164917,0.5282555152762773,0,0.6092436889461669
1958,60591101092,131719,0.6047846832078021,0.029360966931252445,0.3269992056452953
1959,60375738003,192938,0.6404494238101254,0,0.6151484072144483
1960,60591101091,123615,0.6143884803685111,0.026350460785896434,0.4017093968045251
1961,60591102025,169063,0.2794117588358874,0,0.3463203413229388
1962,60590877012,37500,0.085209002,0.057485029,0.41950645805515324
1963,60590877014,47622,0.2938596426785166,0.083333332,0.26620689287990495
1964,60590869013,60857,0.19478907946911814,0.024999999728260874,0.37052455977914606
1965,60590871063,53682,0.098693758,0.042372881,0.21229050147554004
1966,60590871061,59750,0.2794292475692123,0.011890606279540947,0.49288060796406785
1967,60590874052,63508,0.22872340019993972,0.048602672556468135,0.19853613725035557
1968,60590869014,82262,0.1483443688961011,0,0.4207089512993568
1969,60590871064,0,0.097949884,0,0.2920035912668141
1970,60590869033,85163,0.11401098744490402,0.021978021736505256,0.3048845931031423
1971,60590870013,35750,0.29677418971904274,0.048220436,0.23188405517048244
1972,60590870014,96607,0.13437057801456043,0,0.2593133655272946
1973,60590870024,122917,0.1693711950368033,0.038567493,0.3292433515389001
1974,60590870023,0,0.2926292613166707,0.028610982793673356,0.32899131486642846
1975,60590874054,76198,0.196451202,0.018924302600355554,0.24043321126041003
1976,60590877013,73875,0.3016759720358292,0,0.22959738596738427
1977,60590874051,65972,0.027631579,0.009876543,0.19192688353444873
1978,60590877011,106776,0.3672603870461375,0.12341325723968084,0.3030303011562752
1979,60590871033,91276,0.2549162399496268,0.018569463421117857,0.21029082656436898
1980,60590863037,88611,0.090797545,0.022308438192934644,0.3305084717753519
1981,60375552021,146786,0.5349172027723743,0.052147239,0.5031446512112941
1982,60591101093,196319,0.6178287677155448,0.011645963,0.3438511299041171
1983,60591101094,89602,0.593969843,0.009909166,0.348493149
1984,60375738002,154531,0.49295774069298426,0.010548523095479715,0.6193277258880023
1985,60591101172,161023,0.7294871701347799,0.018018017815112412,0.39289144675416476
1986,60591101181,195139,0.6413043391127128,0.018844220868791197,0.27359999781120004
1987,60375552022,166023,0.6374999943080358,0.025326170181687105,0.5849056571314891
1988,60375720011,0,0.5749500294806794,0.008161045,0.4706552679734743
1989,60375737003,137933,0.43557422359139747,0.07451923,0.6015283777125723
1990,60375736018,124016,0.23134328012920477,0.016997166898057126,0.5950991762532185
1991,60591102022,80267,0.20113636135072316,0,0.2575659996293239
1992,60590871037,0,0.2866407226116638,0,0.3780487766458458
1993,60590869024,69022,0.24832214646058412,0.021816562681137297,0.3689567406554915
1994,60590863061,174500,0.32108625685165726,0.023456789833866794,0.33964143088006543
1995,60590869031,68036,0.2098950493269108,0.048076922416525794,0.2678883048177286
1996,60590863032,0,0.10893854444305742,0,0.3300142200566967
1997,60590869012,77321,0.20136518542246662,0,0.27572016271796873
1998,60590877015,158050,0.36971046358897036,0.055837563,0.2439544790614902
1999,60590874053,0,0.11428571286601599,0,0.14842840425827472
2000,60590874042,122857,0.22533333032888894,0.042619542,0.22120657933083565
2001,60375436011,96667,0.28903826117353537,0.048027444047909755,0.10240700174001312
2002,60375723011,83702,0.23574408737312874,0.035414165,0.10167193808553122
2003,60375777001,64250,0.23870967433923002,0.060502282,0.082630691
2004,60375779003,103611,0.573529401,0.023423423001379767,0.33918128324384716
2005,60375779002,65368,0.3658810284412904,0.00880088,0.4552238763505235
2006,60375779001,131625,0.5052264720343821,0.018813314,0.19132149712700694
2007,60375720013,136681,0.43535353095602497,0.030527289,0.5645302847714637
2008,60375439032,137330,0.1950601634258381,0.05592957,0.13601694857619936
2009,60375438042,117009,0.2561459149240844,0.024282560629824784,0.24778760995498092
2010,60375440023,105667,0.1746810581483704,0.017101710017086318,0.1931112354990896
2011,60375736012,135172,0.4806866884021933,0.053708439210889525,0.6037295966931283
2012,60375552113,89261,0.24855491169842703,0.038615847,0.14377133044466156
2013,60375738001,90156,0.2766705711996416,0.034972677213413364,0.5817584175697748
2014,60375738004,126099,0.3828715317018699,0.065645514,0.628166154
2015,60375736017,0,0.532670447,0.062982004,0.6509900909530929
2016,60375737001,150917,0.3904382431231251,0.048576214,0.6121391516495992
2017,60375552121,119512,0.080818414,0.039232409214360726,0.15873015806712548
2018,60375552111,173625,0.1456066933422034,0.013392857043207909,0.14391776045735147
2019,60591101171,118413,0.3339181267022332,0.023084025747534504,0.3955814906395102
2020,60591101112,137050,0.6124542079673685,0.038108680041576005,0.34400948855670427
2021,60590871052,84025,0.223495701,0.017369726960944284,0.2772006545806416
2022,60590871053,145957,0.41337385599418586,0.02037037,0.2806563015487366
2023,60590874041,61918,0.061427781,0.034055727403557154,0.2086142314284111
2024,60590874013,118580,0.16216216040905773,0,0.28935795699773126
2025,60590869017,91042,0.2226562456512452,0.059674501633372484,0.20985401268381376
2026,60590863063,163317,0.3524229036076773,0.050046339,0.3687190348993699
2027,60590870021,96013,0.262958277,0.1305841909440528,0.3283858967682199
2028,60590871032,154250,0.32060026847748613,0,0.25038284647486336
2029,60590871036,118167,0.17785234700388874,0,0.2876288630141354
2030,60590869032,79615,0.20227457187429268,0.022551092159611753,0.33135592939528874
2031,60376214001,153590,0.7008196649506182,0.028144238978502736,0.6651835335640516
2032,60372932062,59907,0.27971402788459315,0.075244544,0.126042177
2033,60376512012,163359,0.7841246232631705,0.008354756,0.6276223739649046
2034,60376214003,222125,0.711610474,0,0.7144970308506357
2035,60376512011,138750,0.6121371950905383,0.067499999,0.7196095765784422
2036,60376508012,129306,0.6679506882284231,0.042772861,0.1705729155561659
2037,60372932061,71500,0.28326745344838666,0.033532934,0.14717273317449472
2038,60376508021,143024,0.7372034910286923,0.040852575,0.17226148333806765
2039,60376509042,127000,0.5512396648657879,0.019455252766885194,0.21083978433091255
2040,60376509033,84981,0.3831360890068626,0.052482268759116754,0.32329494842077106
2041,60376703263,0,0.7518796804040181,0,0.727124171
2042,60376212041,124500,0.9672130830421941,0,0.7523510735940103
2043,60376211043,167788,0.9136878734639244,0.056972789,0.7081243660168067
2044,60376211042,113863,0.727124171,0.15866084194089022,0.718791055
2045,60376211045,193009,0.7652303006652259,0.084487533,0.7283057776001469
2046,60376211044,126212,0.7503681829869795,0.036128152,0.7857766108823009
2047,60376210052,140744,0.6959526091218894,0.041666666,0.8030085902363282
2048,60376210056,173333,0.7610062773426687,0,0.8383937234241555
2049,60376210054,140769,0.6263736187255968,0,0.8348416195153663
2050,60376210013,108487,0.8083048873247731,0.032451322853463194,0.7368692032087065
2051,60376213262,120859,0.7142857053347657,0.011904761775922493,0.7329598437632134
2052,60376214004,119934,0.7334878246409291,0,0.7302697229743285
2053,60372932042,88750,0.23928077124092986,0.03444564,0.2615384594207412
2054,60376509031,66293,0.5354729684503973,0.080840743,0.41926012672190177
2055,60376508022,0,0.5820170038637059,0.015334063,0.32321574796377567
2056,60375435033,128438,0.42116868566059157,0,0.23676680888137763
2057,60376507023,142500,0.6298997207848703,0.027678571,0.5220249801313283
2058,60372932032,65156,0.15434782273156908,0.021699818775771814,0.1963509974252737
2059,60376508011,129816,0.5251362778610764,0.026719727,0.23629343538110642
2060,60376509014,102115,0.41385434801195076,0.038834951142112044,0.3609693854530014
2061,60376507012,123625,0.5586370795670597,0.016911764581531142,0.4074866288369699
2062,60376213243,127500,0.742857136,0,0.6802232800620154
2063,60376504014,163906,0.6258503340539326,0.12341504544873165,0.4013944183128046
2064,60372932041,120107,0.3198231369209791,0.041870582,0.14490445782959419
2065,60376213013,91359,0.5161987003873384,0.050655542,0.5975669070678009
2066,60376213014,224205,0.6271324075781283,0.032234432,0.7087312366389411
2067,60376507021,146563,0.586296612,0.006206361,0.5381920074408408
2068,60376504013,160833,0.4924369665136645,0.086524821,0.406582765
2069,60372932031,77792,0.35719249230582006,0.042382589,0.21088746472604086
2070,60376509013,135313,0.7184873848951346,0,0.5132237275680934
2071,60376213241,117857,0.8312883371833717,0.086194302,0.7246184424378338
2072,60376507022,152768,0.5609334437257265,0.060650887,0.541004447
2073,60376507011,153750,0.6464646355814034,0,0.5343915273228634
2074,60376504012,133182,0.4258064424557755,0,0.4347258428886966
2075,60375435031,67150,0.3275862048046858,0.004076878,0.17164854994724388
2076,60376504015,187212,0.3560767514695789,0.081712061,0.5086071907886199
2077,60372920022,131563,0.4457831258165192,0.062927496,0.3120393082059053
2078,60376213242,93429,0.47661869646369254,0.028764804927837482,0.6295955824485701
2079,60372920021,84091,0.16203703453646554,0.049999999,0.2459954205263682
2080,60375435023,123400,0.43293492408409745,0.022740524648743297,0.2419269441930813
2081,60376213012,111025,0.7326035908318719,0,0.6040433895264132
2082,60376213011,0,0.6580226851051646,0.026923076715976334,0.6882893186665366
2083,60376506043,67732,0.6683673420672934,0.00799467,0.2861602482509873
2084,60376506044,49441,0.3347750836092121,0.035498489157866395,0.27310230797770374
2085,60376506062,117411,0.538948698,0.039170506686805835,0.3222222207901234
2086,60372920012,52121,0.23933402456468236,0.035656402,0.1022793681924058
2087,60376506032,110958,0.5258033054936387,0.007929515,0.4683888479375333
2088,60376506061,76304,0.3803512602615189,0.03030303,0.34635879064671937
2089,60376509012,83750,0.4104477568182542,0,0.3928860113752141
2090,60376506042,64087,0.38562090873168453,0.046008118457264977,0.2833471393260386
2091,60376506041,82299,0.5902004388619105,0.1113585733701718,0.27029096270833874
2092,60376509011,64969,0.5978878911625679,0.032,0.4266365664411029
2093,60375435022,118750,0.2177419325572321,0.009535161,0.18615107746267018
2094,60376212043,103875,0.6969038528142105,0.030383795147207914,0.6943096572813865
2095,60375435021,80694,0.19102749499980104,0.10860366637091914,0.1651440606806461
2096,60376506071,96181,0.6277292542154517,0.081706763,0.23470790297351235
2097,60376506031,113000,0.6311605689922598,0.046207935478614084,0.40156185613825784
2098,60376506051,123636,0.5346320317390042,0.007119127,0.29436038413218574
2099,60376504011,145469,0.5269804761540703,0,0.41567459905084725
2100,60376212012,206813,0.7862248162038673,0.036275695,0.6363203020194456
2101,60376212013,102423,0.8468701456447484,0.09025444,0.6850971892652389
2102,60376212042,176875,0.5466666484444451,0.11999999600000015,0.6641221247304938
2103,60372920011,48075,0.14906166139913318,0.12921847189512223,0.15129870080747174
2104,60376505011,173550,0.5040840081203734,0,0.512738849
2105,60379800051,0,0,0,0
2106,60376505021,139792,0.6960629884721103,0.013799447958604194,0.5114942509138151
2107,60376505022,127292,0.3248120276329923,0.025018395695228877,0.5139393908246097
2108,60376212011,117443,0.5405811596163269,0.017686424,0.7106084224893177
2109,60376505012,190000,0.6443965378362816,0.025500910282314933,0.4788029865485912
2110,60376505013,122188,0.3800298005956811,0,0.486542438
2111,60376211022,200313,0.6556886188282118,0.049435786945535805,0.7225403398097848
2112,60376207042,175208,0.6287963933768684,0.094398339,0.605455751
2113,60376211041,196000,0.8551912490419741,0,0.7692307648799165
2114,60376502001,102206,0.3825065224215859,0,0.4431301142572328
2115,60376207033,182969,0.8727735257916854,0.034682081,0.6152404708604593
2116,60376207031,245078,0.5604249593569063,0.070339976,0.7003154500492592
2117,60372913001,102125,0.24687144201511443,0.044776119,0.18826134896720545
2118,60376206024,152363,0.6992353381543301,0.034482758,0.5892597925307708
2119,60376503005,51442,0.308304888,0.010067113981352193,0.3730208969409696
2120,60376206022,93915,0.4396551648335317,0.001618123,0.6018099479433264
2121,60376206021,162074,0.5225806395421436,0.11075949279462427,0.5847145434188348
2122,60376502004,119472,0.3630686854320367,0.022222222045855382,0.3971985973126633
2123,60376501012,132593,0.70186334,0.036290322,0.171999998
2124,60376211021,192625,0.7829949139213843,0.015700483,0.737588646
2125,60376502002,205495,0.5686274444218288,0.032321253,0.4069097849624781
2126,60376206023,141222,0.3277909660857253,0.076763484,0.5029103550301472
2127,60376503004,88667,0.510284806,0.010533245486943742,0.27329192376837314
2128,60372913003,127917,0.3260869517958413,0.027137041694205676,0.17097170761412414
2129,60376207032,242019,0.8225214097610599,0,0.590664268
2130,60376207041,192801,0.6248407603513327,0.007909604,0.6061151051883313
2131,60591101041,100373,0.522422827,0.021606388,0.320650165
2132,60591101103,94688,0.27034120498389147,0.036249015,0.3406848500250444
2133,60591101101,65625,0.3280423237031439,0.038824763,0.24301336425872805
2134,60375552122,59492,0.11863313914485404,0.055978260565335544,0.20297462728357554
2135,60375736011,82392,0.46744696073557457,0.013351134757335549,0.624619131
2136,60375737004,119583,0.5013748808306611,0.022807017343798093,0.5776397475663233
2137,60375736015,0,0,0,0
2138,60375736014,0,0,0,0.049999975
2139,60375552112,67986,0.12994350098949858,0.050884955,0.14898688826587075
2140,60591101173,110776,0.5141509353120922,0.043193717,0.26991492443994647
2141,60590869015,21300,0.10785462945070774,0.059149722,0.18611521280564836
2142,60591102023,56250,0.2129538742595302,0.047177107137068006,0.26489137866228885
2143,60590869021,71080,0.19999999626168233,0.056122448,0.32782100848423146
2144,60590870015,107344,0.4289813424823337,0.039653035444200305,0.3097345105333229
2145,60590863012,146188,0.20436817153871809,0.015384615,0.27480370967306417
2146,60591102024,110583,0.4729327752948675,0,0.268418582
2147,60590874012,105100,0.3446475150829306,0,0.3372092987610011
2148,60590871011,156346,0.37892376256811927,0.051444043,0.25887573773020905
2149,60590871051,77500,0.28930232289021096,0.076923076,0.2611940283513546
2150,60590863052,139375,0.11603188559759181,0.018646408711005466,0.4250200447071368
2151,60590863053,117545,0.13368282917846883,0.13973798974085164,0.41445270547871726
2152,60590863051,140500,0.2937640849454239,0.004002668,0.348111657
2153,60590874014,83452,0.33557046658129946,0,0.26875515029880337
2154,60590869025,0,0.38540478465901046,0.072834645,0.2887029258503878
2155,60590871014,65030,0.3528319372996106,0.037955073,0.34801136116469206
2156,60590869034,73955,0.021172638091650847,0,0.19318181618613828
2157,60590869016,56000,0.4372759778265954,0.30909090613310136,0.24693042123512673
2158,60590872003,45290,0,0,0.18662952472953087
2159,60590869022,66563,0.15449914848048985,0.036418816,0.3336809141430562
2160,60590874011,169022,0.7302452266332069,0.059090909,0.251378168
2161,60375438032,114643,0.35506465325934994,0.052527254,0.11673850532780708
2162,60375435014,93310,0.2127329176030053,0.040871934,0.098718557
2163,60375435013,76776,0.45911214416925067,0.054162487,0.083015671
2164,60375433063,87833,0.30069673523763574,0.041341918,0.11653755433971857
2165,60375719003,177670,0.4991638754250512,0.029928432,0.4546591591328383
2166,60375719004,78922,0.5239960771400972,0.042024013,0.4843749963960194
2167,60375438041,111186,0.20481927464073163,0.051546391221171224,0.10669077661219913
2168,60375718002,119167,0.5575757508172636,0.020293122657349238,0.5861405140891193
2169,60375440022,89537,0.16303671336007022,0.090246636,0.16292541518518888
2170,60375718003,89773,0.47460594615401147,0.11092715048133857,0.45350317893626524
2171,60590870022,71176,0.3568687616510456,0.030483764,0.262773721
2172,60590869011,44615,0.20318724897223855,0.03852459,0.23813786716080693
2173,60590871035,101250,0.28083490928207006,0.021276595,0.2934362906038968
2174,60590872004,0,0.24753559422195406,0.081292849,0.2821256011388831
2175,60590871034,132344,0.41676504820820487,0,0.1793012512900379
2176,60590869035,77556,0.20276008277324753,0,0.20753551446858856
2177,60590870012,47750,0.056159419,0.13689094968804003,0.20089285534917095
2178,60590870011,33167,0.19256307845201756,0,0.19477234237122815
2179,60590873025,68355,0.10835214202365369,0.023222061,0.22360953208161713
2180,60590871013,55278,0.24736047892367302,0,0.13198572970290454
2181,60375736016,94042,0.3528138451771895,0,0.6182336094268717
2182,60375714001,88125,0.3620025627470788,0.039548022,0.29553767157616917
2183,60591101102,82368,0.3154050443864207,0.025147137372139448,0.30547226272311745
2184,60375710003,163750,0.3797139092364901,0.05340909,0.574511813
2185,60375712012,167880,0.5761904624716557,0.033530571330757965,0.5005931138719678
2186,60375711022,160900,0.4325323395095686,0.082101805,0.5315125994589013
2187,60375711023,175455,0.39534883013687244,0,0.5544444382839507
2188,60375551061,98611,0.2570379405503312,0.010869565086116363,0.12575941600389176
2189,60591101043,41750,0.5943970694957726,0.084130018,0.21880650796739143
2190,60375550022,81192,0.302343157,0.055176689,0.3182875741354696
2191,60375433061,88274,0.44066785664479513,0.010687022846376475,0.094067135
2192,60375439031,69233,0.2908124503355167,0.022988505600328828,0.11387283171171773
2193,60375440021,0,0,0,0.29999985
2194,60375438013,121667,0.3427895900049743,0.078299775,0.095518867
2195,60375438031,75489,0.16131687110027268,0,0.1234826281980635
2196,60375440014,79653,0.4537671155176864,0.034883721,0.13430656836272578
2197,60375435012,132854,0.33056708008037305,0.01984127,0.12102874371644608
2198,60375715041,121042,0.35026737499642546,0.012035010809244958,0.3128342218107467
2199,60375718001,164352,0.5741998004442308,0.008356546,0.570106758
2200,60375719001,0,0.6296610116130423,0,0.4186965081060138
2201,60375550021,78558,0.2591529055337193,0.006455778,0.20792079060876387
2202,60375551062,41607,0.26063829556171725,0,0.10926829214991075
2203,60591101113,84688,0.38671096088564144,0.080066261,0.2842526677746767
2204,60591102013,82371,0.42587600791188673,0,0.2883457304699053
2205,60375710002,80720,0.3685121043510017,0,0.6084142329189404
2206,60375551073,87056,0.2738478013191436,0.076750448,0.24956821999322873
2207,60591101023,83000,0.32681564017586845,0.017023613,0.2950990599838422
2208,60375710004,125714,0.5156507328558364,0.053941908,0.5297549529783553
2209,60375711021,88958,0.12778904406107416,0.046728971,0.5611702053035877
2210,60375712013,124196,0.37795275165407477,0.036697247332342024,0.4389275030891013
2211,60590873024,79464,0.3534994026868398,0.017204300890276334,0.3046964455361232
2212,60590863042,67308,0.16081871109914167,0.14037432967413999,0.40395808610060435
2213,60590873021,91406,0.4440894521396225,0.020852221025818487,0.1708901873236505
2214,60591102012,91474,0.4903846126109468,0.050438596214700676,0.2898957486371461
2215,60590863041,160625,0.38986354015860547,0.00821018,0.3411264575863288
2216,60591102011,67083,0.2770885017490136,0.043336944588887885,0.24484451638348764
2217,60591104022,87321,0.46989720308520994,0.016928658,0.2395915142215906
2218,60590868035,72500,0.6062270951240459,0,0.24464831617241348
2219,60590868034,127760,0.3896551697265161,0.017323775,0.23041685647999605
2220,60590868031,80515,0.16333523607461317,0.053616591,0.32160803873180427
2221,60590871012,63750,0.17361110809702937,0.057926828,0.25610859496734306
2222,60590871022,77647,0.17309697421171039,0.021651964541684325,0.2932281374541214
2223,60590863015,89479,0.21599999808000003,0.046831955600330884,0.20949366956016666
2224,60590863044,63672,0.17362924055314308,0.017123287,0.2790143062081534
2225,60590868036,107283,0.2761557144019986,0.067552602,0.2987012957172698
2226,60590872002,128839,0.30931458155861896,0,0.41216215752069646
2227,60590872006,72276,0.1812595992222765,0.027134347934253157,0.24643320203350713
2228,60590873013,71089,0.27249356976229344,0.046421663,0.3312741287160299
2229,60590868032,92396,0.1644815236652977,0.019375672557850672,0.29011785775051807
2230,60590871023,85135,0,0.025954198077035143,0.17627118494685437
2231,60375433062,180729,0.38484397645105534,0.00973236,0.10825982270842163
2232,60375440013,81406,0.16234887597280764,0.032630863,0.12795167420125386
2233,60375435032,81875,0.452910048,0.039473684,0.20353159662145356
2234,60375719002,64643,0.6270949633087296,0.050913837,0.3519510302069546
2235,60375715043,109063,0.5855855803100398,0.032188841,0.347643095
2236,60375440012,89318,0.19377509845607332,0.046288209202723064,0.12820512734004638
2237,60375715023,102060,0.4308176066759622,0.090134847,0.30716510712046663
2238,60375438012,110855,0.28315411678935276,0.070460704,0.096484666
2239,60375715022,70230,0.3726287212380932,0.077456647,0.25849056359914563
2240,60375715044,53125,0.37927232216899315,0.031440161952939534,0.240117129
2241,60375712011,120858,0.309677416,0,0.5620723307715315
2242,60375713002,128782,0.4876847242592638,0.022071307,0.4285714241982508
2243,60375710005,145469,0.3307240639780027,0.019130434,0.6574073972622315
2244,60375711025,193214,0.2710083976678908,0.012477718137652083,0.6046813965581093
2245,60375711024,171250,0.24231464299611857,0,0.48499209344404276
2246,60375712014,175221,0.5935302307520361,0,0.5454545394073776
2247,60375551051,83424,0.33433734687998984,0.031450577,0.1251189337530022
2248,60375715042,58864,0.4289156574829439,0.043897216,0.19142176178378267
2249,60375714002,84737,0.20301623894412715,0.017475727985672544,0.4031496031248063
2250,60375713001,133438,0.42073170218619876,0.052301255,0.44755746804915614
2251,60375551071,107958,0.14566928847107702,0.041728762418349295,0.27240143125088323
2252,60375551052,100809,0.1921005368752196,0.058639561699456125,0.18167072034330317
2253,60375712022,117875,0.3124335779762638,0.023518344087315672,0.45415317740935085
2254,60375711012,96364,0.22807017210423725,0,0.5645932946818984
2255,60375711013,113750,0.2515964207969806,0.019813519582593014,0.5252173867372402
2256,60375550013,79667,0.21822541791986078,0.019736841975415514,0.13669685150195407
2257,60375710006,139167,0.32407407,0.033532934,0.5801354358153843
2258,60375710001,142564,0.4770370299698218,0,0.5642722063868412
2259,60375550011,88288,0.24433962033641868,0.006541292,0.32733223954719937
2260,60375550012,117625,0.1711711686010335,0.008486563,0.20804794342424707
2261,60375551072,81250,0.38363363075350126,0.010416667,0.25511536676049035
2262,60591101111,149737,0.5178719823950791,0.029532403367248536,0.3974280441063806
2263,60591101022,166071,0.4668874146419017,0.014478282503852809,0.2733564002017457
2264,60591101021,150139,0.477200419,0.073417721,0.2908392037742524
2265,60591103041,115000,0.42133815170580335,0.055464926,0.3163789065964586
2266,60375713003,117670,0.34114583,0.033307513,0.44653664797218123
2267,60591103042,114432,0.2709832121295769,0.017981201,0.36219221460606743
2268,60375711015,124555,0.3046728915014413,0,0.48476453622209786
2269,60375712021,111250,0.2914746510198773,0.017094016911388708,0.3833865794281865
2270,60375714003,150518,0.39325842294935215,0.05220522,0.3802541507306535
2271,60590867023,44638,0.18518518342654147,0.038047973217138355,0.2133956369673237
2272,60590865022,51597,0.056689342,0.055555555,0.2140120404268635
2273,60590867022,51071,0.18326118061672178,0.1318553076796347,0.21693624912524978
2274,60591103032,115000,0.3425414343613172,0.011958998,0.35394126602031967
2275,60591103031,92896,0.4103260847264887,0.046567450568567204,0.32884096908417026
2276,60590864055,81477,0.1762414783228678,0.043999999648000006,0.23606082377942922
2277,60591104021,124893,0.2756450580513212,0.015267175482870373,0.27809388137913316
2278,60590868012,0,0.092105262,0.044502617,0.3199718683546282
2279,60590868013,86583,0.1882951629987893,0.022151899,0.265822782
2280,60590868023,114886,0.40412978953658024,0.027953110658673484,0.26260111846545664
2281,60375714004,128397,0.2987951771229497,0.020787745943241294,0.39224805897482123
2282,60375551053,117500,0.36279926001105656,0.07389937,0.11567419496458457
2283,60375551054,113205,0.4098143181722239,0.10520722523690515,0.13043478170852463
2284,60375711014,135875,0.3944223076141649,0,0.5024232592696021
2285,60375712023,64167,0.2997224764132981,0.050890585,0.4758162
2286,60375711011,99063,0.2428940505712132,0,0.5042372810135978
2287,60375713004,118750,0.3732394234774851,0,0.3979460796155831
2288,60375550014,127679,0.22328766817414153,0.041666666,0.25747126140837634
2289,60591101163,78083,0.4022556353171463,0.013127413026043143,0.19282270919752165
2290,60375707013,127905,0.4236252459546793,0,0.43769469723216986
2291,60379800251,75208,0.2529069693922393,0.068557918,0.1100386079143126
2292,60375717013,84028,0.33179723247467563,0.068754254,0.16042402770168188
2293,60375440011,0,0,0,0.4374997265626709
2294,60375715024,65074,0.031189083,0.017985611187309153,0.18376865500215808
2295,60375438011,73942,0.25810810694545894,0.009611688,0.17297111357300166
2296,60375715052,92679,0.30202139950034007,0.073717948,0.2306176068947595
2297,60375715021,99762,0.2775330372023521,0.025098039,0.23233082532082086
2298,60375717033,31172,0.1314636272439647,0.050477489,0.11999999912727273
2299,60375435011,100391,0.18956043435273534,0,0.15780730634871584
2300,60375717043,50917,0.23791821266520183,0.016460905180443363,0.15260785478037442
2301,60590866011,49844,0.07142857,0.048780487,0.17417918656550258
2302,60590866014,65375,0.071664828,0.060082304,0.19066666539555557
2303,60590864042,82625,0.2274927373911642,0.005147059,0.1500326148073541
2304,60590864041,109565,0.1245254356528061,0.011292346,0.20992366278674515
2305,60590864061,72609,0.20935960075468965,0.022167487138731845,0.30264671688553835
2306,60591104012,123750,0.3305898445735275,0.043428570932244906,0.29991849796317444
2307,60591103022,91932,0.2242314627103846,0.069148936,0.28663594337955783
2308,60590867015,143622,0.4291845401462545,0.037837837156075006,0.28877004961537367
2309,60590864024,99375,0.2985948442787489,0.023026315536992154,0.30810810602629657
2310,60590865021,95625,0.1584541047492357,0.040971168,0.13506212784947527
2311,60591101162,119681,0.5434623773304428,0.004521964,0.23365122456640855
2312,60591101161,126000,0.4434697812527312,0.032176122,0.25263157717451523
2313,60375709015,111429,0.35632183396089323,0.042682926308744804,0.5552016926199396
2314,60375709013,107481,0.2567394078514801,0.094430992,0.5327043991653811
2315,60375545152,117578,0.3426086936660366,0.022175290273625713,0.15757575689361142
2316,60591103012,0,0.3572413743828776,0,0.265967586
2317,60591103013,116364,0.26422249982019597,0.037586548,0.35475996456663983
2318,60375545162,160536,0.6906710254445907,0.01393497,0.16786703508106907
2319,60375709014,123750,0.2369942162284073,0,0.4966814104349402
2320,60375709022,135417,0.34078212018529835,0,0.4996180252130021
2321,60375715051,88702,0.3920067993876973,0.033637,0.21423634959062648
2322,60375717012,78774,0.15009560085950668,0.13624678546489472,0.15294715369437423
2323,60375716001,23883,0.10755336529102327,0.077763496,0.081651376
2324,60375433223,113885,0.2032474792651317,0.00598035,0.048298068
2325,60375433224,126319,0.7608695501804437,0,0.035495715599807645
2326,60375433044,150082,0.26875956915191757,0,0.041547278
2327,60375433042,93068,0.32856253684777514,0.041509434,0.038707102798455295
2328,60375717032,113942,0.16174183263231987,0.021505376087152018,0.11759425388155967
2329,60375717042,54662,0.194822886,0.065717414,0.12068965357175526
2330,60375717041,75563,0.059887005,0.11996497267981636,0.1262195114254908
2331,60590863014,74432,0.16040100049622807,0,0.22742474764264384
2332,60590872005,177946,0.30158729723539257,0.006912442,0.3735632148126129
2333,60590867024,54740,0.17874395919391353,0.039848197,0.19515389525112053
2334,60590871021,73871,0.15948777462761612,0.045746388,0.24999999827823693
2335,60590871025,52614,0.12846865232817417,0.036154477928065094,0.22660427656013185
2336,60590864071,78229,0.20899470715172216,0.12615823146002686,0.3266666651111111
2337,60591104023,98229,0.1611974659689265,0.049663735,0.22380773479606555
2338,60590864064,72656,0.19610091518232897,0.005964215,0.1953747990799458
2339,60590873012,80430,0.31268436270713507,0.035833333,0.21714285576417236
2340,60590762015,135711,0.6087689679102363,0.033033033,0.33727551319634025
2341,60590219164,124583,0.5372806899719147,0,0.6048284548306423
2342,60590219232,124300,0.42925659215073986,0,0.6342129150663065
2343,60590219163,149091,0.6265060133131496,0.1219512175292485,0.6102564039973702
2344,60590762011,118646,0.438256653,0.054607508,0.5385207970838152
2345,60590219201,249095,0.6389751503185159,0.054347825739464034,0.6029055617081651
2346,60590219161,240469,0.5488126576673792,0,0.6200607839912788
2347,60590219162,110774,0.4636264879085072,0.019172552783324394,0.6648471543138957
2348,60590762012,162604,0.42559999319040015,0.099071206,0.5487364554905361
2349,60590762024,156389,0.3996763689372756,0.033379694,0.5747232419305974
2350,60590872001,122697,0.3340517169385406,0.058091285,0.4109090859283747
2351,60590867025,0,0.035353535,0.050480769,0.18439024210350985
2352,60590873011,0,0.09711286,0.027310924082868445,0.13949275278084086
2353,60590864054,56473,0.1142217232449975,0.035953177,0.21040850469832958
2354,60590865012,53305,0.22783504919757683,0.040958268617014924,0.37482014118834434
2355,60590864053,132083,0.5097345042524867,0.029733959,0.23882224385144774
2356,60590864021,178922,0.2754208735661894,0.028942116,0.2989417963056279
2357,60590868024,75625,0.074115043,0.013100436566808414,0.2284186384383603
2358,60590866022,63025,0.3042361983040039,0.037204058,0.26057529463860524
2359,60590864062,95515,0.2881355899645696,0.031336405,0.2713068162549232
2360,60590864022,161563,0.3747044872966373,0.025812619256093506,0.26865671450848105
2361,60590866023,89844,0.1988304054808888,0.077170417,0.26965264835783687
2362,60590866021,67794,0.12007684803000146,0.032258064242291475,0.24678663080471316
2363,60590867021,121780,0.060109289,0.056872037016239545,0.22792022575574336
2364,60590864072,86173,0.12227912853854592,0.017382413,0.2545620426342972
2365,60590866024,51719,0.14697801995909313,0.03045067,0.23575129380990095
2366,60590868022,119135,0.43789808219907517,0.078306877,0.20295202764804404
2367,60590864073,118487,0.4575999926784001,0,0.3587360561455757
2368,60590864051,97330,0.16329966055051076,0.013677811342282502,0.18708609116650587
2369,60590864052,63672,0.060200668225187645,0.095553452,0.1760189003188488
2370,60590219153,170234,0.4952120315292472,0,0.4823091202764514
2371,60590762021,81859,0.22718253742874467,0.005012531,0.30167597578103056
2372,60590864074,59554,0.064935064,0.07637017,0.3223021559546608
2373,60590219033,128750,0.35830618308947587,0.044619422,0.29386343739098153
2374,60590219154,125833,0.6535947641220614,0.036310107592638786,0.5996055167691764
2375,60590219192,117114,0.4399237098542676,0.060124786953347775,0.6237864039818787
2376,60590219151,121389,0.5449275283343836,0.021390374045583235,0.5463535161142953
2377,60590219213,110972,0.5386138507205178,0.018281535314779978,0.5444250823656351
2378,60590219051,105938,0.539379471,0.034732271818145644,0.5590155672575813
2379,60590865023,79758,0.19740633721316517,0.030360531021247333,0.25828835575722164
2380,60590867026,100000,0.12570621291375406,0.00982801,0.19444444290123458
2381,60590865024,65556,0.303030299,0,0.17717996125064972
2382,60590864063,61324,0.35623869156892063,0.017405063015742673,0.2750775566176054
2383,60590868021,121101,0.2529182859695075,0.025723472503386028,0.3018292664522606
2384,60590865011,103202,0.1613924037864525,0.049531459,0.22938018433684632
2385,60590865013,126944,0.17058823027681677,0.16402115968197992,0.3283100072302475
2386,60590867016,78819,0.27874276030816575,0.025782688607841078,0.1760752680283366
2387,60590866015,0,0.33832975720921293,0,0.21552877890858396
2388,60590866016,49521,0,0.095449499,0.14573345977245006
2389,60590219234,148935,0.5787036970057443,0.12251655493911087,0.4931174049140291
2390,60590219032,144063,0.3713147380771734,0.098930481,0.43301687535328653
2391,60590219191,205192,0.6141636066646691,0.013745704309900294,0.6311818890931946
2392,60590219224,102857,0.5473684138504157,0.073791348,0.6110344785445898
2393,60590219031,134361,0.380234503,0.024204702460548393,0.5904139390674369
2394,60590219212,217592,0.6683760645676577,0.016966580889631974,0.5242718418324065
2395,60590219223,225000,0.6548148051138548,0.016905071,0.5043763620965387
2396,60590219054,158854,0.5118343119551138,0.039473684,0.4587935390077015
2397,60590117141,93438,0.30232557769491336,0.11971830845401046,0.3375984218740313
2398,60590219053,184875,0.4142640301325641,0,0.6059027725182051
2399,60590218131,0,0.1052631301939131,0,0.5233644370687441
2400,60590219211,250001,0.713398397,0.009654063,0.6781437074989244
2401,60590219231,141250,0.6497524672060339,0.071354705,0.4843749969726563
2402,60590219222,133380,0.48186527873231505,0.049937577404025255,0.614250607
2403,60590218071,76250,0.26769911307006555,0.035532995,0.4594965654027617
2404,60590111012,94509,0.3004484277986688,0.053544494,0.327542155
2405,60590116013,74539,0.6209476154377154,0,0.3435326795058042
2406,60590111023,114545,0.2948627706202479,0.08650519,0.2853260854058365
2407,60590018025,59451,0.17763750966963474,0.059452237,0.22555410543967336
2408,60590116024,99750,0.40463457389243185,0,0.34307358936067545
2409,60590018024,109538,0.062906723,0.16573556488388147,0.20756756532359388
2410,60590116015,25968,0.070151306,0.042675893,0.2076612882292209
2411,60590117202,53542,0.21019986071536967,0.017159763212072406,0.1621287122024393
2412,60590116021,86685,0.15364916576633592,0.013687601,0.26041666523894375
2413,60590018023,67778,0.12615955356067204,0.015561015433570717,0.2811344002396153
2414,60375708002,128882,0.37937558770694807,0.040816326168444314,0.4833197682398717
2415,60375707031,135096,0.32490974436002035,0.024390243722171148,0.33762886380393775
2416,60375707032,119022,0.4201596764455122,0.069090908,0.2863092124606496
2417,60375707012,92775,0.41878980669432164,0.009489381,0.21467181384296596
2418,60375708005,118571,0.6557970776885117,0,0.4186284501675696
2419,60375707014,137105,0.018461538177514798,0.084054387,0.412436543
2420,60375545221,158158,0.44061301837906097,0,0.22010581777665802
2421,60375545222,125927,0.5565031943389965,0.033230769,0.1748251739519222
2422,60591101153,91000,0.516493051,0.025040388,0.24895977635950226
2423,60375545192,106987,0.6097264400624532,0.031755542050595914,0.14329135847463587
2424,60590867011,166486,0.2725274705309343,0,0.26192222845251484
2425,60591104013,225212,0.3255474405029571,0.11376404334601063,0.3049382678402683
2426,60590864023,93026,0.14970059656136833,0.045360824,0.10796221249688116
2427,60590867014,147333,0.1724581702386336,0.018394648675630027,0.24924698607494739
2428,60590867012,138571,0.2701894290110725,0.025616698,0.24546322709902946
2429,60590864043,83063,0.12870159306718004,0.036827195,0.2093023237786191
2430,60590868011,103929,0.24619289,0.094756209,0.37150349325608834
2431,60590864044,82500,0.22977624587111664,0.05734767,0.18402590294643334
2432,60590867013,51087,0.2204141979228669,0,0.43620177610087263
2433,60590866013,81776,0.043778801507075256,0.00066313,0.2067254674381176
2434,60590866012,46035,0.16874999868164064,0.091274397,0.1384950919384128
2435,60591103023,138676,0.2699063216047639,0,0.2584042111850781
2436,60591104014,114259,0.24717285545762754,0.059683312,0.3493150655024395
2437,60590117201,53704,0.035595105,0.01888412,0.11202891010826582
2438,60591104011,117361,0.3829787203862985,0.064214046,0.29851940656854975
2439,60590117203,47604,0.15225806255150887,0.009689922,0.15257819039485127
2440,60590116014,84611,0.3741307319314224,0.048888888,0.22573363261298998
2441,60591103021,102813,0.17618384278423507,0,0.30581241541735527
2442,60590019032,101528,0.3006597521144227,0.038336052,0.296432317
2443,60590019031,130735,0.2205258675103828,0.04457225,0.3374157970764495
2444,60375706013,77647,0.15124816224305196,0.12599318812720559,0.095512082
2445,60375433222,153164,0.2799043028719581,0,0.024072216408503346
2446,60375434003,86767,0.3676814902182321,0,0.1140776685184749
2447,60375717031,51000,0.08752735,0.056838365,0.16338582516352534
2448,60375433225,85455,0.40322580211585163,0.035483871,0.047148289
2449,60375706021,63977,0.2319339282041712,0.082684242,0.12391513922895303
2450,60375717011,67750,0.070175438,0.051008303,0.14083676994203437
2451,60375433041,141213,0.5802337876702042,0.084696823,0.027600849
2452,60375433043,117675,0.37815884135235706,0.078714859,0.018060200548092303
2453,60375433221,131053,0.29491525173800637,0.1219305662833991,0.063595068
2454,60375708003,140909,0.38909541029621547,0.028154327130820365,0.4212299880267061
2455,60375545223,108077,0.6519823747515269,0.049066666,0.18325676271946523
2456,60591103011,118567,0.4714693278478269,0.007063572,0.3067448671356455
2457,60375709023,90288,0.2202447139016161,0.008179959,0.513422814
2458,60591103014,114476,0.3639705837748703,0.046718576,0.320813769
2459,60375709011,74444,0.3698175726398413,0.018840579437093052,0.42479213586702846
2460,60591101152,94315,0.4489003822910688,0.019047618820861683,0.2699275337868883
2461,60375545191,160306,0.4661582415046879,0.024349286109577782,0.14249578294691584
2462,60375706024,61250,0.063180827,0.07424812,0.12744331409348464
2463,60375709012,134886,0.4999999924924926,0,0.43421052192094617
2464,60375549002,86250,0.2032884872453141,0.085825747,0.19615384464497043
2465,60375709021,96346,0.4719101017548292,0.034236804,0.42013888524184995
2466,60375545151,98482,0.5688311614437511,0.017626321767023247,0.17731029168061388
2467,60375708001,114698,0.5291970738540502,0.03626943,0.47380585151151117
2468,60375707015,100185,0.4072532674955216,0.047644539359504606,0.24328081444262828
2469,60375706033,0,0.1707317045409479,0.066052226,0.13287514166236952
2470,60375706032,36289,0.08683068,0.064552031,0.067118886
2471,60375706031,75147,0.083333333,0,0.12347116992736651
2472,60375707011,114444,0.1666666622574957,0,0.33251533334337013
2473,60375708004,135395,0.4349442298337504,0.056270095558358595,0.38865978980763105
2474,60375549005,54258,0.28474575788566514,0.10518731836905881,0.18515037419971453
2475,60375545161,153182,0.6316901363965484,0.044745762,0.1324404755335294
2476,60591101151,0,0.4993306492726821,0,0.2249752207633774
2477,60375700012,124250,0.32186234166270566,0.035881435,0.3768961449603717
2478,60375549003,105680,0.21027478840770863,0.061446977,0.1284090894498967
2479,60375700013,121250,0.21843003164470953,0.11199207024784866,0.4494988400192842
2480,60375545212,108076,0.4941569240888404,0.058697208,0.20867378875755005
2481,60375549001,128571,0.40681172746630345,0.00658376,0.29696969496990105
2482,60375700022,107361,0.27102803105074696,0,0.4811932492711641
2483,60375545171,124630,0.6418758851640175,0.025357873106920763,0.13016528880797076
2484,60375706022,110917,0.3024085610846694,0.12638230547881277,0.1546589810054804
2485,60375703041,67755,0.058222676,0.002360346,0.12059701420539096
2486,60375706011,81125,0.15585203058913263,0.023474178293548458,0.14545454479338843
2487,60375703043,59611,0.17745535516232863,0.022022021801581363,0.1116625300937756
2488,60375703042,60739,0.076382791,0.030651340800438437,0.11446066832566806
2489,60375703031,49213,0.1416430574838094,0.031425364,0.11083123355899727
2490,60375706012,82857,0.1744811669909211,0.022857142712018143,0.1214219754320315
2491,60375433051,82330,0.24322260311866128,0.045032657115735106,0.19317133130368708
2492,60375703032,60462,0.11683848730333055,0.047640653,0.13564398743840825
2493,60375706023,73875,0.2912801430189213,0.041308089,0.13279857279145657
2494,60590018014,107206,0.062436028,0.033307513,0.181455631
2495,60590116022,53750,0.18364997015745554,0.023547880567515014,0.31322093916051047
2496,60590116012,78692,0.20167064198483722,0.019252547913334677,0.21884686783107957
2497,60590019022,119519,0.310532027,0.027965284204770645,0.3450099117976873
2498,60590018013,94907,0.5610464953184159,0,0.28270041796483236
2499,60591106035,93782,0.13030602043133246,0.026726057708047084,0.15910249791380673
2500,60590019012,116534,0.11736178353674313,0.031489361,0.29879879655556457
2501,60590111011,107153,0.3074729018398579,0.050433010440993326,0.3336199469749787
2502,60590111022,116094,0.3356997937555802,0.11611161011600711,0.3175582968617401
2503,60590111021,115156,0.36880465934687084,0.057333333,0.31996512362715673
2504,60375545183,108897,0.5737704862702943,0.014209591,0.1454659940461839
2505,60375545172,117083,0.5737704871002419,0.015444015324756638,0.12329514389909906
2506,60375549004,53750,0.32166171915927766,0.059885931,0.2410256399956169
2507,60375700011,144091,0.33259423134596194,0.055054151,0.4053601306083741
2508,60375700033,125102,0.220088623,0,0.30457290505113976
2509,60375700032,102159,0.3439153378498177,0,0.3925438553449139
2510,60375700023,152917,0.3952802301581087,0.024165707431925115,0.4192685065185682
2511,60375701002,112159,0.22734760932992085,0.025069637708428707,0.186487994
2512,60375700034,103915,0.3820483270190066,0.066331658,0.33051947837325013
2513,60375701001,98220,0.41134020194494636,0.024131273898346777,0.2786885221856038
2514,60590116016,82011,0.19240506166746785,0.090638044,0.26229508053390665
2515,60590116023,98077,0.33187772442681623,0.0075,0.23515248607421763
2516,60591105003,63406,0.36032387934567045,0.024539876924235017,0.18358758451558346
2517,60590019011,94583,0.33333332986111114,0.028374892,0.401591893
2518,60591105002,76484,0.076707203,0.004375497,0.16044899253730935
2519,60590117222,73421,0.2235294084775087,0.063235293,0.6471518884944322
2520,60590018022,113059,0.17303532679859174,0,0.3314977955313998
2521,60590018012,52596,0.4230769170501864,0.043650793,0.235342018
2522,60590116011,0,0.15610509805092584,0.022271714674034358,0.23865877476667877
2523,60590019021,69792,0.2559429456739862,0.075239398,0.32578819461771874
2524,60375434002,108750,0.19459833660250458,0.002900232,0.13020833265516493
2525,60375703061,0,0.10061601573842563,0.003634161,0.13984674240200037
2526,60375433211,250001,0.5913621065992656,0,0.11634102916215783
2527,60375705023,59028,0.21963189914562087,0.010548523095479715,0.14849354269373355
2528,60375705031,86932,0.1524300430601617,0.041794714,0.16688859224638883
2529,60375434001,73775,0.17445482594307124,0.094202897,0.15129682888114676
2530,60375704022,94907,0.2832116746976398,0.05036855,0.086813186
2531,60375705032,56658,0.19628906058311466,0,0.15950520729488799
2532,60375703062,114375,0.30862533276785264,0.009184845,0.12742382183224502
2533,60375705024,0,0.1638954849893648,0.042355371,0.15283842683523707
2534,60376501013,0,0.5249662582660847,0.024584717,0.22800925793976123
2535,60372913002,88194,0.4721845254791788,0.026436781305324352,0.11576135248654183
2536,60376206025,135132,0.45485812162632744,0.065200314,0.5388933397041432
2537,60376210011,219625,0.7560050473324267,0.038419319,0.7242798294297956
2538,60376206013,112083,0.5297372024222877,0.041184040919021614,0.5522806978787319
2539,60376503003,100773,0.2718120782566101,0.06741573,0.3442622926282089
2540,60376032001,101923,0.16504854101863203,0.023709902040308203,0.1950886740097043
2541,60376501022,104813,0.46480231,0.082990961,0.3783050821809825
2542,60376207014,188737,0.7952755842891687,0.014232209631219404,0.673432832
2543,60376032003,93333,0.4602851276956708,0.038240917,0.11809685541124167
2544,60591105004,103681,0.32338308189566267,0.06328125,0.18083003773883363
2545,60590117221,44081,0.4114219066267843,0.072033898,0.48599137407336884
2546,60590110003,68036,0.5373608817589686,0.030206677,0.4642233775877247
2547,60591106033,77850,0.07457428,0.08047105,0.1850104812106369
2548,60590018021,68100,0.14444444266117973,0,0.26272784247185516
2549,60590114034,64556,0.3588588534705878,0.039874081,0.34171428180897967
2550,60590114032,167045,0.19272726922314057,0,0.3904306182733912
2551,60590115021,52788,0.2640990335062031,0.092964823,0.2436974767161767
2552,60591106034,77045,0.21457489444180378,0.092566619,0.20031298747798915
2553,60591105001,59643,0.28709677234131115,0.11232449239560846,0.11548757126008576
2554,60375700031,127527,0.29709228448682323,0.10136674144229224,0.41451291834480203
2555,60375700021,115870,0.3197879802157601,0.07002801,0.4046417719006885
2556,60375700014,0,0.20493358439341952,0.11902766036020403,0.3724584069088872
2557,60375705022,49405,0.2540494436994932,0.012362637,0.15813739
2558,60375548023,79306,0.3416239916486906,0.069186875,0.30365769286640654
2559,60375544062,121500,0.27175843211796746,0,0.44359254716766106
2560,60375548021,95625,0.38042268976405624,0.066476733,0.23894154723956734
2561,60375545143,142669,0.39367637697658786,0.003589744,0.15297805546722223
2562,60375545123,124657,0.5371287095474708,0.021627188354133943,0.12431521228691439
2563,60375545182,86686,0.5019920290154125,0.052358734824475194,0.12317073120662303
2564,60591106032,82545,0.3293201109821522,0.015625,0.1641697867405132
2565,60590117212,61500,0.13347236565722248,0.041255605,0.1613242240603036
2566,60590117213,98333,0.4042721487003786,0.042773817,0.38631465309097707
2567,60590113003,0,0.5820895398275152,0.031835205,0.5130331692768582
2568,60590113001,90018,0.25953720913360095,0.043134872,0.42041925302632277
2569,60590115023,128208,0.2703703687014175,0.055072464,0.34301994106541345
2570,60590112004,127143,0.2602952582727641,0.020327868719161517,0.42824073826249576
2571,60590018011,49583,0.20801232505383419,0.099113197,0.2447492488437666
2572,60590112001,54643,0.3970189648100411,0.039525691,0.4704112289828362
2573,60591106031,83309,0.3699885410081496,0.009544008,0.16712783526769323
2574,60376502003,102969,0.4285714252074457,0.020365168,0.3252513286501991
2575,60376207011,143274,0.7072886256134774,0.013274336,0.5655502365284677
2576,60376206014,123785,0.48613250781099765,0.070836473,0.5175013434706444
2577,60376500044,69625,0.2555555520061729,0.095022623,0.26596675182881235
2578,60376205221,156042,0.761741114,0.024120603,0.5623582723933616
2579,60376205213,136786,0.40583553300171005,0.2270642149755914,0.4850640044798862
2580,60376500032,64250,0.5825242624187013,0.12765957265731104,0.3159268902008104
2581,60376031023,51114,0.2994923819861373,0.05355064,0.10159924645720371
2582,60376205212,91110,0.5520304498473293,0.027918781,0.4376590293667597
2583,60376040023,81925,0.5253806973253631,0.070815449,0.261613689
2584,60375704023,80673,0.24451410275056265,0.073697585,0.12454212340162892
2585,60375703051,42266,0.16493916104128362,0.044569288222586934,0.1279237651518228
2586,60375704021,70134,0.22120418558633265,0.019417475518689584,0.10007199352000005
2587,60375433213,31932,0.27439886651768836,0.036860068007781105,0.1258470468255225
2588,60375433212,170556,0.5586972063038754,0.050221099,0.052076002631681904
2589,60375705041,79219,0.22741432785654905,0.08015873,0.14545454462809917
2590,60375705042,63542,0.1574507951504143,0,0.15025664885554527
2591,60375705021,119167,0.087149187,0.043134872,0.14990746360328525
2592,60375410032,74618,0.20895522298952995,0.05929003,0.13952713906251368
2593,60375424023,0,0.11864406276931937,0.034582131568238285,0.017241378715814527
2594,60375545181,140938,0.6555683047581137,0.013641133120239946,0.16780561755652532
2595,60375544063,85938,0.3022932571070656,0.077596266,0.34641407150918324
2596,60375548022,113690,0.4532947106930144,0.024739583172268338,0.1913759680650389
2597,60375543021,85069,0.1156968869032687,0.041576674,0.15964343533369757
2598,60375544032,61667,0.2178362562483613,0.059328649,0.18112522620281224
2599,60375544052,44714,0.24804856679923187,0.12241887815325311,0.1789709162249949
2600,60375545211,129750,0.5193671548316031,0.013915546958178756,0.21760069957267641
2601,60375702042,59239,0.15221774116825734,0.033249158,0.13522599874775496
2602,60375702041,54722,0.2488443740458831,0.053362573,0.22046703145283633
2603,60375544042,76399,0.25490195959429524,0.023472278,0.19239593512816802
2604,60375432034,77400,0.034412955,0.080614202,0.099307158
2605,60372912202,127532,0.3783044632789019,0.0096,0.13167795235757748
2606,60375704032,57083,0.10067763697311097,0.039819684,0.10911201329592564
2607,60375704042,70833,0.17398648501700603,0.035374149419223476,0.097440944
2608,60375702022,124135,0.2082111406420654,0,0.1549755289153709
2609,60372912203,52900,0.25468164317075576,0.023931624,0.075898801
2610,60375703052,45455,0.12211981426129247,0.019160583766782997,0.1334792115236367
2611,60375704041,76958,0.17495987018491277,0.1267166034537041,0.115775219
2612,60375704031,66140,0.18842729690760687,0.087939697,0.094292803
2613,60375702024,54321,0.2776255682408624,0.042490842,0.12207031130790712
2614,60590762062,98408,0.3279999947520001,0,0.6183879015316386
2615,60590762054,119250,0.3398821151300174,0.082914572,0.5463414567519335
2616,60590219123,250001,0.5940054414985635,0.012806830172819316,0.7382297482275918
2617,60590219171,129271,0.665611807,0.017293997789481205,0.6993511124776416
2618,60590219183,147143,0.6705729079352486,0.013317191122067905,0.6743737892642216
2619,60590758124,88813,0.25991189045650676,0.002512563,0.6113243703327795
2620,60590762052,66389,0.4503067429410216,0.016759776,0.5323289357669244
2621,60590762061,94278,0.23834652384919505,0.011889862253505242,0.4004913980313796
2622,60590219131,151111,0.4463040384058014,0.015439429745374943,0.520253158
2623,60590758123,135875,0.42638397613210866,0.021821632,0.6148814340565705
2624,60590758101,159167,0.5323529372621107,0.008069939,0.6305774236838751
2625,60590758121,57528,0.19190404653745094,0.015655577197289126,0.2023186230279782
2626,60590219173,158333,0.4239350826788016,0,0.6993801580642546
2627,60590762043,68571,0.17533936453236013,0.021903959377388718,0.2308390012206848
2628,60590758122,180161,0.3808243693474519,0.062654575,0.6161776319097729
2629,60590219122,176773,0.6099585,0.21507760373187285,0.6684815446552841
2630,60590762053,111676,0.22949885974089487,0.089,0.37578616155248346
2631,60590762064,86715,0.3495934933511198,0,0.6439393885190288
2632,60590219243,0,0.45521291548879717,0.12588401519258818,0.5052530992812503
2633,60590758102,216458,0.5714285651004589,0.041015625,0.6469427965355503
2634,60590758112,58806,0.094101122,0.026467203377822747,0.1398963722516041
2635,60590758111,148750,0.4904798134769245,0.0296343,0.5424799050374288
2636,60590762084,111691,0.515444005,0.055743242301634424,0.3967111983894019
2637,60590762082,123640,0.367288373,0.015299026212809094,0.5921787643331982
2638,60590762081,118947,0.3555555534762833,0.025954198,0.4833690961192645
2639,60590758093,0,0.577272721,0.010559661979306632,0.6603585591597754
2640,60650481002,194542,0.4652061835687019,0.057517658736906625,0.5164705862099193
2641,60590758091,250001,0.5134442956025058,0,0.6839916768815835
2642,60590758092,230109,0.4830985847450904,0.009549795,0.6412948325346034
2643,60590762083,138929,0.41031745706097256,0.041401274,0.5819070869076584
2644,60590219121,236667,0.7024922063668831,0.008125,0.5341107840576631
2645,60590758132,99635,0.13715277539665321,0.015719468,0.2770330627610986
2646,60590758141,196957,0.5238095149011988,0.023584905289545516,0.6110397867645727
2647,60590758133,175000,0.4573804542108077,0.008792497,0.5841392621656708
2648,60590219204,212404,0.6421663380834978,0.035023041151861375,0.47718732969840405
2649,60590219233,192772,0.37942477456388524,0.060390763,0.5411365518139394
2650,60590758131,191719,0.7151515097337007,0,0.590778095
2651,60590762014,118491,0.46234446324594325,0.096887844,0.4646137198021949
2652,60590762013,164583,0.5693641536219053,0.018786126896154238,0.5431415869121506
2653,60590758143,142778,0.5962962907750343,0.059514487,0.543046354
2654,60590872007,75605,0.4639999966254546,0.031007752,0.37000886983133213
2655,60590863011,98851,0.2399213349073615,0.015734266,0.2675078847475843
2656,60590863013,87455,0.3326446246627622,0.061056105,0.27649122612988614
2657,60590873026,47469,0.29725609302963274,0.059701492,0.22413792888756773
2658,60590868033,32279,0.6944444058641996,0,0.33829786514259863
2659,60590873022,127946,0.7225433317184009,0.04237288,0.3807531221442208
2660,60590871024,111875,0.2065491131851609,0,0.21991701
2661,60590863043,108281,0.28251120442799993,0.043893129,0.3640973593904933
2662,60590873023,129458,0.20322291671241793,0.1615969571508431,0.2802768146693646
2663,60590863045,93929,0.4432855222518185,0.058181817,0.4082901512094285
2664,60590762023,99605,0.2714723905561933,0.031396125,0.5023646846959291
2665,60590758142,227500,0.7142857006802724,0,0.5070883259859507
2666,60590219235,132459,0.6123234837955908,0,0.5580808045575707
2667,60590219206,144625,0.5289855024548414,0.043252595,0.6140939545797487
2668,60590219205,119408,0.45871559031827536,0.035670356264817266,0.6085972804781502
2669,60590219203,230132,0.674273845,0,0.6081460588743531
2670,60590219202,119458,0.7064471782380359,0,0.5984126936633913
2671,60590762022,0,0.2850423303382659,0,0.492285081
2672,60590219152,218177,0.6366559383174286,0.046251992882743335,0.643925228
2673,60590219244,220571,0.7088733727928876,0.030728709124418708,0.4601769880178558
2674,60590219221,135000,0.5919999970400001,0,0.6202816866463003
2675,60590219241,173295,0.4698085350543662,0.012113055018666824,0.4880382736201095
2676,60590219052,180290,0.3492187472717285,0.022132797,0.6376917411417696
2677,60590218212,84198,0.3198757747418438,0.033557047,0.394100294
2678,60590218123,101488,0.5350318414540144,0.009049774,0.520374446
2679,60590117223,130469,0.5193370070103682,0.12217194385864338,0.3797468306361161
2680,60590219242,176786,0.4107611494650768,0.028409090586260333,0.5985915422700523
2681,60590218171,99167,0.3712707161808248,0.041399704,0.6133032671427912
2682,60590218125,118889,0.15102974655572374,0,0.5427789148338199
2683,60590218122,139265,0.36020582572545756,0,0.5890985283780676
2684,60590218073,213235,0.5894590764291391,0,0.6232227414310102
2685,60590218213,122316,0.478076376,0.010638297809466325,0.4290123434721587
2686,60590117161,83553,0.28418230372531966,0.086640581,0.28279883244509796
2687,60590218124,168261,0.4188481631534224,0,0.5342789534955207
2688,60590218163,126266,0.6570915580066334,0.011823556,0.644016224
2689,60590218211,111576,0.5212824736247514,0.065939279,0.3944361629685238
2690,60590117162,170714,0.6383886225668784,0.012951334329076395,0.334131019
2691,60590218261,106714,0.4475025438582819,0.055917986,0.5693659725714628
2692,60590117211,95759,0.1269841256403796,0.028350515,0.22297297129900173
2693,60590110004,129293,0.461176467,0.12941176369088814,0.463026163
2694,60590114035,93229,0.31271186175667914,0.033886583,0.5128581887372653
2695,60590114033,58250,0.22519083682963312,0.033480175916474224,0.3291740919240993
2696,60590115022,59044,0.2973568249189777,0.033460076,0.3623188379542113
2697,60590110006,121979,0.3945312461471558,0.015741508,0.47833827609294793
2698,60590110001,0,0.11814345742313381,0,0.3240534485071999
2699,60590117121,0,0.4791987599507125,0.078160919,0.35139202143422105
2700,60590115032,141000,0.5294871726988825,0.018050541,0.5554258978363372
2701,60590117123,106993,0.5889792178050658,0.039432176,0.3526627198067295
2702,60590218072,131875,0.46206896020610394,0.014450867,0.5488296969424561
2703,60590218303,250001,0.5651465752023894,0.047557003,0.43532933871060275
2704,60590218172,112000,0.7168783898933142,0.012519561619412181,0.6142011761632997
2705,60590218202,146944,0.5952900104871782,0.043128654813126256,0.47271486878337354
2706,60590218121,240682,0.5790441070028657,0,0.7508532337786891
2707,60650419042,112875,0.18710263226973087,0.063736263,0.4592901854943101
2708,60590218201,148786,0.6356238640540338,0.038038884,0.6956521680965538
2709,60590218293,248021,0.7752502204253847,0,0.4529307255599128
2710,60590218262,127434,0.47849461851081054,0.018850141198396408,0.6521739074835984
2711,60590218282,169848,0.5252100796200834,0.022154316,0.5217735508964881
2712,60590218304,154167,0.5630676027944742,0.098376312,0.6886269022980104
2713,60590218162,153452,0.4482758594490014,0.068771138,0.6643073778346442
2714,60590218272,161331,0.5594758008117359,0.052447552,0.5269382356968578
2715,60590012012,70893,0.096842104,0.029739776730559282,0.25134264097023284
2716,60590012021,100750,0.15690376404912382,0.058458812591153125,0.27385037560843944
2717,60590218322,182632,0.6638751402212594,0.014239942989533844,0.2276536306490122
2718,60590012022,61875,0.1964679890014571,0.097794822,0.30459231204693243
2719,60590014022,88705,0.3414634116597264,0.023826714629410002,0.320454544
2720,60590014023,95565,0.291331543,0.059421423,0.34498955978606705
2721,60590014032,162026,0.5736559108943231,0.030263158,0.5663157864930748
2722,60590015062,159167,0.6694533719006214,0.014302741273523592,0.4613368262938539
2723,60590011033,92566,0.1991555228771603,0.036646307,0.31455660728077744
2724,60590011031,89336,0.2832446770845123,0.029677418971904273,0.4050847423297903
2725,60374033252,116795,0.5132186298228341,0.040695523341858955,0.15849875881358944
2726,60374033241,202868,0.7870879012762652,0,0.071861471
2727,60374033251,113654,0.4243353739843009,0.012345678895102765,0.21085494615343445
2728,60374033051,119375,0.5936724528928508,0.030601092728955778,0.12283236935051844
2729,60710001181,125349,0.6474666632135111,0.022822543,0.23310554201554462
2730,60374086292,135851,0.4537292786344663,0.043113772,0.1977734106236188
2731,60374087252,72639,0.3298680514599438,0.029525483,0.11014290655230774
2732,60374087253,84583,0.32499999761029413,0.007560137,0.11411764638754326
2733,60374087053,78811,0.2596363617480992,0.058863328,0.1441495769351654
2734,60374087051,0,0.30397967566486306,0.014717273,0.10300751802249987
2735,60374087052,87727,0.38709677169614987,0.037274315,0.13434727446410108
2736,60374087243,59976,0.16180757781621607,0.034920635,0.068085106
2737,60374086281,116250,0.6686303338097914,0.007879656,0.15661317013495757
2738,60374087071,122308,0.4364640857184525,0.073988439,0.12487708886491107
2739,60374085034,157500,0.5472496435313847,0.055834378570675164,0.22248947551118775
2740,60374033244,231875,0.8193069104131954,0.017964071497723125,0.1309255064229627
2741,60374033282,109167,0.5350593254038908,0.051689860321174355,0.1947101846105223
2742,60374033242,91875,0.657501959,0.052398523598534884,0.13385826683820035
2743,60374033243,76333,0.5032708220528965,0.023237494985279654,0.1674008804900004
2744,60374086253,112813,0.3898170215607238,0.026991442,0.16703539730622016
2745,60374085031,0,0.49820466339134056,0.018326693081062207,0.20640104372043733
2746,60374082132,77772,0.2378351527416328,0.084893882,0.087706422
2747,60374086242,92485,0.452132697,0,0.16160626678152532
2748,60374086252,142083,0.5800316865288164,0,0.17716535293570587
2749,60374082121,99844,0.3984220887651771,0.045138889,0.12473301954407082
2750,60374082133,94722,0.40288713382037883,0.006984866,0.14263444939489908
2751,60374082131,71406,0.1295009467498361,0.047277079310131184,0.10230315960201843
2752,60374033262,154750,0.5351089458811393,0,0.1097222206983025
2753,60374086241,118370,0.5816108297818188,0.011826544,0.11835973849785768
2754,60374087073,124000,0.5948477728538338,0.021541568422949953,0.10697674383064204
2755,60374033232,85577,0.5495118511191642,0.054881571,0.2153679642025543
2756,60374033281,79375,0.466329962,0.092867756,0.20410627896071087
2757,60374033233,88333,0.7393715273625552,0.052497883,0.11753958515505734
2758,60374033261,91250,0.41943127630780985,0.032169747,0.2014846224735704
2759,60374033283,91250,0.36483516283057604,0.020823004,0.181781861
2760,60374033231,83750,0.5207792173975375,0.005420054,0.11148459321297147
2761,60710001041,132750,0.5714285682767316,0.042809042603131106,0.16621147028399738
2762,60374033202,149408,0.6464686972453102,0.015180265597038839,0.14835711865795845
2763,60374081371,87955,0.29806807453479234,0.012743628090377601,0.19759579115254852
2764,60374085041,133365,0.19939117047647512,0.035158890904943264,0.18109755987135634
2765,60374091002,96429,0.093749999,0.032367972467053044,0.20505200442011884
2766,60374081413,77167,0.16846985959451422,0.044291952,0.1605218368660134
2767,60374081362,120833,0.2886274487166475,0.050387596573723534,0.16825902246147015
2768,60374034012,98988,0.38038792693547496,0.007366482,0.14793741004311942
2769,60374081373,89519,0.2832052658265064,0.075452716,0.12116040852252212
2770,60374091001,106964,0.30672925967559844,0.018361581661559583,0.17443249492912194
2771,60374081402,73182,0.11892797120723667,0.067349926,0.11802232760747745
2772,60374081401,73598,0.082414016,0.028841372308098596,0.12653708795502938
2773,60374033201,133269,0.563800273,0.026249999835937503,0.1485943769132756
2774,60374033192,76895,0.5171441967254852,0.025848142060387148,0.18878579996455908
2775,60374033191,120893,0.55350553,0.022580645,0.216714696
2776,60374034085,133068,0.43408359663361634,0.006796116,0.11801242144400294
2777,60374078023,123036,0.16612164704956411,0.033907146,0.16575492250681115
2778,60374076023,125068,0.13207547038653952,0.13492063384983624,0.19528949759284106
2779,60374078013,73750,0.20568927564891384,0.020295202764804402,0.16240409103322193
2780,60374034071,138125,0.709371285,0.010330578405675844,0.10654827850667838
2781,60374078012,134688,0.18009868272945162,0.11374695794557811,0.15493726047497403
2782,60374076021,65700,0.14675767667649017,0.024709301966434564,0.16666666493055557
2783,60374076024,116198,0.087557602,0.073999999,0.1850961516214405
2784,60374078022,111500,0.28139182630269555,0.015132408384206705,0.14373296904814054
2785,60374072022,59600,0.1306990871527425,0.004056795,0.15761728962774227
2786,60374029022,82605,0.13740457910378184,0.009398496,0.18122270643437388
2787,60374033183,139444,0.568598675,0.020261437776069036,0.2444751369959708
2788,60374030001,66544,0.1348859770262689,0.009981516,0.15486872663719264
2789,60374034033,168929,0.7602808349018974,0,0.12937595030916324
2790,60374034031,152532,0.5974720437653279,0.01604033,0.10752688119488328
2791,60374033161,0,0.5075812237719768,0.054273237,0.24691357902758726
2792,60374029032,57833,0.20409604375638388,0.011015911805288178,0.18628571357605442
2793,60374033181,91491,0.5808133411802572,0.018627451,0.2206896532699168
2794,60374030002,78571,0.046511627,0.048710601,0.17825443655137252
2795,60710004033,105903,0.2590011584320423,0.033428844,0.37266739641785185
2796,60374029021,52574,0.12030553710817608,0.027293844208514263,0.1376314579897967
2797,60374030003,102216,0.15526315707756233,0.013129102787181168,0.18030050008221826
2798,60374029031,76136,0.11063829669533727,0.028428093,0.14479105270870482
2799,60374033171,91700,0.40906307159177546,0.038988409,0.2635212878269225
2800,60374034092,101433,0.5081453602246532,0.022536687512910443,0.19300225661022474
2801,60374025042,39250,0.14051841554545136,0.03196347,0.13108882427586802
2802,60374028043,55666,0.091258405,0.039640987,0.1479591825950497
2803,60710003081,74688,0.028348689,0.030062393476673888,0.1910669963333313
2804,60374090004,46576,0.26503844294419515,0.052495696848125224,0.28641864506311676
2805,60374025032,72946,0.12228967803738354,0.055555555154721825,0.14143696275898343
2806,60374025031,59024,0.14887831305997068,0.058133333023288894,0.12252964357690772
2807,60374028031,70500,0.099173553,0.025592416819029226,0.1283538786921401
2808,60374028032,77656,0.074882995,0.07003654,0.11774023169091746
2809,60374028041,80625,0.044147843489241854,0.061960784,0.11059602575764221
2810,60374090003,76290,0.088066701,0.034180543233214095,0.21877934169587163
2811,60374025041,33365,0.055679287,0.020332717002470267,0.15006640006596017
2812,60374028042,57222,0.23607426429511236,0.056561085,0.195633186
2813,60374024032,81226,0.09342723,0.052464229,0.28991059951491543
2814,60374034091,141250,0.6835442980291621,0.011709602,0.10373711273365263
2815,60374025012,51757,0.13083604706386512,0.027125506,0.15958049841388747
2816,60374090002,74966,0.13676731551034965,0,0.22991452794944847
2817,60374028013,0,0,0.063829787,0.1179413858617485
2818,60710003071,54861,0.079999999,0.032171581,0.19584055346134863
2819,60374024041,0,0.5348836587344583,0.090742996,0.36604428846702436
2820,60374028012,84673,0.029329608528916085,0.006726457,0.15313935564211825
2821,60374088002,54762,0.22327469402385186,0.063291139,0.20999999908695652
2822,60374028011,50355,0.035823950503337254,0.083892617,0.14868540277114503
2823,60374090001,88306,0.20372398462514804,0.034274193202881116,0.17842876046319067
2824,60374025011,54688,0.082061068,0.052083333,0.19247546241834534
2825,60374088003,34382,0.3868450347062984,0.10148514767751529,0.3627223483161458
2826,60374024031,83964,0.12404787677858677,0.087892376,0.19749447164705622
2827,60374027023,28393,0.1418312362328324,0.028391166744618824,0.13122171826948673
2828,60374023042,54911,0.10019083873863703,0.009485095,0.1879350337126738
2829,60374035001,109038,0.4426094100527712,0.051685393,0.36816192358773564
2830,60374088001,105536,0.16310160209757216,0.067484662,0.18053244442152708
2831,60374026013,48750,0.16212120966483015,0.026785713887117354,0.1683976248635191
2832,60374023041,48173,0.059171597132953536,0.0260747,0.1435711033913171
2833,60710003061,52222,0.11910377218038005,0.033947623,0.1542890031416868
2834,60374024061,42765,0.1889400892635931,0.020961775,0.16591591467030095
2835,60374027021,39792,0.078663792,0.049879324,0.15124153430590728
2836,60374023032,68750,0.096676736,0.019630484761772694,0.2380546054773498
2837,60374024051,87283,0.096114517,0.067746685,0.10062892976279948
2838,60374027022,75909,0.10561055931335711,0.009296149,0.18460192314434012
2839,60374024062,94375,0.15455950302071866,0.036458333,0.15301724028004857
2840,60375545142,177014,0.645783125,0.033029612,0.15885234318507807
2841,60375545112,112000,0.45148247369969713,0.024067388,0.11074918476588612
2842,60375543022,57604,0.2387511456496681,0.038189533,0.15149625840713057
2843,60375544051,46000,0.06722689,0.006317119,0.21688311547478498
2844,60375544031,64013,0.20878421254752252,0.029691876584359234,0.1710572526482007
2845,60375544061,78090,0.24003067300589975,0.032107023,0.2697719540525378
2846,60375544041,56579,0.053456220705472624,0.019409282536630528,0.1982167338942611
2847,60375548012,132083,0.30399060676067363,0.038014783125503875,0.20461383947227846
2848,60375545141,88000,0.4570446683041848,0.044296787992283634,0.1494565207238008
2849,60375702032,69688,0.2942073125883032,0.085080147,0.11259259175857339
2850,60376500042,129420,0.399999995,0.080765143,0.260453999
2851,60376033023,51458,0.2420382134772202,0.028331584172806044,0.15431560458312463
2852,60376500031,80000,0.3473053871418839,0.13045765318012809,0.2303639835710537
2853,60376031022,79107,0.28174602895093226,0.030249110051164502,0.10462471490049496
2854,60376205222,145750,0.7009916041114295,0.007284768,0.5878378350007826
2855,60376205214,180435,0.6168741270141891,0.061831153,0.5666666612698413
2856,60376041021,122793,0.2596618326127798,0.012331838426773113,0.24610822649289676
2857,60376033021,101250,0.3080872874443224,0.027329192,0.1218637981911846
2858,60376205211,135492,0.47409326015463504,0.058498023,0.49239681033745974
2859,60376040024,58875,0.3596287619575694,0.05482456,0.3427895940568606
2860,60590115045,0,0.4023668520009807,0.032114183,0.4202453969314399
2861,60591106072,105250,0.3804971282935265,0.039396479,0.20839655939101387
2862,60591106062,104338,0.48268550895628615,0.029164329617698655,0.10935550890080868
2863,60590114031,190612,0.7739130266540647,0,0.5058274999320804
2864,60590112002,170500,0.6554621779888427,0.079922027,0.644555687
2865,60590112003,155250,0.5646123148188407,0.063097513,0.5406125094459053
2866,60590114021,135968,0.522155682,0.04305705,0.6164383501326972
2867,60591106061,70250,0.1925175355220769,0.059583632020218005,0.15815931880062134
2868,60590117122,71042,0.2843601873273287,0.051040967,0.32195377982167134
2869,60590110002,180592,0.560422952,0,0.5633484099168732
2870,60375702023,95893,0.21377331113668133,0.012820512656147275,0.1477885636700263
2871,60375702021,0,0.069879516,0.07142857,0.1412066734119811
2872,60375704033,77760,0.078358207,0.093867333,0.10652709294010411
2873,60375431005,131707,0.5438246903620579,0.078014183,0.038980509
2874,60372912201,54333,0.14519055997839275,0.080303029,0.085106382
2875,60375702025,78523,0.18513513388422206,0.034078212,0.1537396114785798
2876,60375422002,103155,0.12459016257278512,0.02276867,0.1253943207776473
2877,60375424022,82222,0.1704225340111089,0.023685730654617387,0.088329764
2878,60375431004,63304,0.096276112,0.045914397,0.073582629
2879,60372912103,64375,0.23253388704344227,0.035440613,0.14174107063760563
2880,60375702031,47277,0.1360703804336048,0.049372022,0.12291743753084991
2881,60375548011,72292,0.1272285240905306,0.076812634,0.12915936896164898
2882,60375543012,71161,0.18970447864914702,0.015650741221987306,0.15659340515940107
2883,60375542032,39079,0.16286148914974902,0.025335320039712072,0.21452894194632302
2884,60375545121,151326,0.8095944569258434,0.021830005,0.13554216816437437
2885,60375542031,81296,0.22773279121727943,0.025392083,0.2698810252355603
2886,60375545122,223578,0.6554681868801416,0.007539411,0.12033461956026628
2887,60375545111,150227,0.5579815596410405,0.060322854,0.11166965848592582
2888,60375542013,86100,0.2690541756744337,0.020376175388901446,0.19629277473244877
2889,60375542033,47238,0.16020407999791755,0.072398189,0.24373379218899058
2890,60591106041,152629,0.530597011,0.027932960698792173,0.16797900174289238
2891,60590115042,27583,0.6236558916252369,0.1043256988606811,0.41757355736568497
2892,60590114022,157679,0.5143745103778204,0.024188414868310536,0.620261884
2893,60591106042,176048,0.595283013,0.012953367763787844,0.2698519497318173
2894,60590115031,124583,0.7052631455216992,0.055223879772777915,0.5040241397985499
2895,60590117112,53333,0.2231343266930274,0.032310178,0.3483316463683941
2896,60590017043,211964,0.784722218,0.009597806,0.058916568
2897,60591106071,60980,0.4078431292579779,0.085178874,0.24999999738493728
2898,60590117111,91167,0.330568716,0.042194092,0.49823943223380784
2899,60590115043,65583,0.42705569725390324,0.020833333092206793,0.42777777183641985
2900,60375545213,119375,0.5052980098986887,0.054301403,0.20549242326944872
2901,60375531003,100284,0.18269230417899415,0.21010638018475558,0.41428570973312406
2902,60375543011,122000,0.071553227,0.020202019910504763,0.19600855170343157
2903,60375546002,91490,0.21170282569557644,0.027161862377151538,0.19590204799649152
2904,60375542042,36198,0.18914285606204082,0.090958605,0.19754832532980515
2905,60375546001,75156,0.36205533310628196,0.054882394,0.16753246680721876
2906,60375545131,116042,0.7073707331827792,0.018509498,0.10393700746481492
2907,60375547003,100069,0.087628865,0.036697247332342024,0.2087988812234715
2908,60375547002,105000,0.21385990898763108,0.02392638,0.19029126090426368
2909,60375547001,84875,0.25964009949048716,0.077803203,0.22673656470028464
2910,60375539023,71250,0.20213522987804108,0.046875,0.13083213020282763
2911,60375542012,105938,0.19052744681886494,0.029561671,0.2376325067346952
2912,60375538021,0,0.06931964,0.057585824389968725,0.12678288330599935
2913,60375541051,53288,0.19827586092944907,0.045722714,0.158748551
2914,60375539021,60625,0.14169214942209837,0.040234702,0.16770783196680522
2915,60375539022,88897,0.15031152530910027,0.11018463305429045,0.2228948804463683
2916,60375541052,62663,0.2154639153044957,0.068202764,0.20416666560329863
2917,60375542041,68109,0.24926686070811227,0.12917063808784252,0.16296893843094418
2918,60375543013,127955,0.1266187032141194,0.084724004,0.1464143411711719
2919,60375542011,69675,0.24701194727067835,0.032626427,0.21744185793672258
2920,60375431002,60368,0.039118065,0.051930759,0.10010060311820622
2921,60375431001,107708,0.057142856400742126,0.078410311,0.098601398
2922,60375432011,75000,0.13368420911911358,0.06617647,0.085823267
2923,60375432012,76895,0.11513157818992382,0.024260354886033404,0.060548723
2924,60375432032,33125,0.1189710591805296,0.028720626256910884,0.089619118
2925,60375432031,44940,0.2906976701933478,0.10851808508146926,0.076394849
2926,60375422003,66402,0.12012644762775082,0.019848771,0.1038715759785498
2927,60375422005,56646,0.067183462,0.028140703234766803,0.10306122396397335
2928,60375538022,43963,0.13075506385471886,0.03540856,0.19588336124911368
2929,60375431003,72674,0.099326598,0.014267185288363356,0.07630522
2930,60591106052,120833,0.4462882057092733,0.036409822,0.21626855896534178
2931,60590117115,48125,0.079831932,0.037356321,0.13394142998587885
2932,60375039024,0,0,0,0
2933,60590115041,94167,0.6264591317809508,0.087636931,0.42843511041569554
2934,60590017062,227938,0.49868073220737824,0,0.6150442409840239
2935,60375039012,116250,0.4779816469909941,0.012448132676778982,0.36832739995060854
2936,60590117114,46667,0.6938775352862238,0.18090451958283887,0.3543586084028447
2937,60590016022,192353,0.4721577671443415,0.011178862,0.5887764435255157
2938,60590016024,122708,0.5452586148140236,0.01888412,0.5762962920274349
2939,60590017063,113727,0.5686046445511088,0,0.4270491768274658
2940,60376032002,105421,0.5553522364560637,0,0.12179984389604466
2941,60376501011,99188,0.5834658141218934,0.037151702,0.19978045993534324
2942,60376210012,137292,0.7398373883490869,0.041044776,0.7518923401859349
2943,60376503002,149762,0.4961832023192122,0.083687943,0.3992882533858487
2944,60376206011,68633,0.4862236550044789,0.053030302226813604,0.45628642417746523
2945,60376207012,103828,0.5586152591769059,0.012987012898243248,0.5869999970650001
2946,60376501021,120568,0.45664739004532967,0,0.32816900946240835
2947,60376207013,190455,0.795744672,0.10269192320347036,0.6419249539810363
2948,60376501014,120441,0.5688073319946615,0,0.21212121038393766
2949,60376206012,130302,0.7593220253183952,0.035679845,0.5072150035554474
2950,60376040022,59375,0.3426632710545948,0.073793103,0.282576134
2951,60376503001,62724,0.3584131277918861,0,0.38290787588337544
2952,60376208014,152129,0.7641975214296602,0.036420395,0.5418502154903064
2953,60376208013,250001,0.8336556898712633,0.023411371,0.687769774
2954,60376500043,102625,0.3822562937321326,0.034136545842002555,0.24649628815749144
2955,60376500013,86797,0.5386444676656096,0,0.21227887506618692
2956,60376205223,0,0.5917338650026829,0.012670565178649463,0.5391512221210327
2957,60376208023,141506,0.7944358455264939,0,0.6692381806245113
2958,60376500015,113850,0.5219638175456871,0.028202114827237196,0.32970619880624374
2959,60376033022,66386,0.24021738999881853,0.049009900747475736,0.09858512
2960,60376210053,0,0.8828337634105242,0.076294276,0.8221941888752309
2961,60376210055,229485,0.8992366274925706,0,0.8102980920013809
2962,60376210051,164118,0.6425339221146171,0.052173911909262786,0.8489510370776079
2963,60376209043,222692,0.8178861655628266,0,0.8155136182860208
2964,60376209012,0,0.9154135166275655,0.012389380311692384,0.7793880711853773
2965,60376209041,199148,0.7991543171426149,0.060553632,0.8162761921544243
2966,60376209042,143750,0.8139240403300755,0.035281146,0.8552631498565494
2967,60376209013,250001,0.7572115202593385,0.010660980582921524,0.772727261
2968,60376209011,243558,0.8010869478142724,0.023744292020600074,0.7252993957687172
2969,60376203056,0,0.8650793307508202,0,0.8093525034289119
2970,60376040021,55556,0.249152538,0.020486555435511453,0.2232441452906008
2971,60376500014,114693,0.5236592977340805,0.022988505,0.2568305982860044
2972,60376031021,68995,0.21352312913970192,0.080777095,0.13075060453540796
2973,60376500041,89663,0.3585476496437572,0.014925372948689392,0.3021515406721091
2974,60376041022,78788,0.16811279644129287,0.008450704,0.24190350137538996
2975,60376205015,158798,0.6730769068971898,0,0.6114285626938777
2976,60376208012,250001,0.8373702325562834,0.009667025,0.5614203401015323
2977,60376040012,94028,0.15483434648523092,0.050626020410310175,0.21558767934891465
2978,60376040013,125750,0.24396134676421868,0.038229375,0.3439226471833889
2979,60376205014,0,0.857414432,0.045289854251995394,0.6148055129886385
2980,60376500012,113313,0.4965706379071243,0.057692307,0.19953325321431445
2981,60376041012,76250,0.043037974,0.002217295,0.17181314194922295
2982,60376031012,113804,0.35094850710739495,0.045691150690045396,0.13313609388676867
2983,60376208015,153646,0.861445731,0.068783065,0.6725543386881204
2984,60376500011,53646,0.2513661167846159,0.035064935,0.1922442228362688
2985,60376208022,0,0.8723897844362739,0.016479401,0.6912751611574769
2986,60376208021,250001,0.6305818588554553,0.010403121,0.6579185460821851
2987,60376205012,225116,0.7933449948626096,0.020033388647188836,0.6139705807111449
2988,60376041013,69412,0.11451397983336911,0.026515151,0.1696779248257822
2989,60376033013,56667,0.35352422518145127,0.025050099949397796,0.099480326
2990,60376033012,63631,0.28430493,0.034628378,0.096546863
2991,60376033011,65964,0.40563379710374936,0.032637075291944186,0.2081881514966189
2992,60376040011,63261,0.11834319409917955,0.22071050475653436,0.2024922107866448
2993,60376037022,108000,0.3054968255232894,0.008506616,0.29740518665264287
2994,60376208011,0,0.5909090717237315,0.16056337575877816,0.6492146511882899
2995,60376205011,118932,0.8424369659407882,0.055133079,0.610545785
2996,60376041011,71589,0.10884353635720567,0.12880561960339096,0.19206680450892968
2997,60376031011,64875,0.2724458176218182,0.031173092,0.11989100735769069
2998,60376036003,77556,0.3041018366046546,0.019404019269549416,0.24542772716561814
2999,60376205013,236908,0.4229007569022785,0.017595308,0.6534482702288943
3000,60376205016,185385,0.6628029434899585,0.071698113,0.5730519434005524
3001,60376038022,67000,0.24973656217348197,0.084263959,0.16762589807463382
3002,60376036002,108625,0.47753742965827906,0,0.2669962884178456
3003,60376204002,164750,0.7265500679403805,0.086286593,0.6731001125078394
3004,60376034002,75216,0.3174603143109096,0.032579185,0.14275256118043514
3005,60376031013,37277,0.34316353427394725,0.036916395,0.1465116267712277
3006,60376039021,52778,0.15008431576657408,0.078998073,0.1931232080623312
3007,60376204004,175833,0.8036697173975256,0,0.6619718263241421
3008,60376204003,152404,0.7938650209341716,0.051689860321174355,0.6915725396040614
3009,60376037024,91964,0.33299696939458157,0.019801980019784157,0.41185410021387464
3010,60376203033,180958,0.8496644181253099,0.060324825,0.8157669167457848
3011,60376203032,161176,0.5231660181161581,0.006178288,0.7338017116799243
3012,60376203054,250001,0.8224043603496672,0.090225563,0.8431084920365324
3013,60376203034,0,0.8920863095422948,0.014830508160370591,0.7812839958510991
3014,60376203051,169412,0.7551487241384732,0,0.7639593811680282
3015,60376203055,115500,0.838150265,0,0.8293103305291323
3016,60376203014,250001,0.851688681,0.012903225639958379,0.821325641
3017,60376203052,250001,0.8556985215468886,0.022116903458792234,0.8124246030613715
3018,60376203057,141181,0.8890200603421481,0,0.8044030414529801
3019,60376203031,250001,0.6989737662602763,0.061446977,0.7404637192186708
3020,60376037061,51964,0.2695829067183835,0.040697674080584105,0.096273291
3021,60376035003,73750,0.2694610746172326,0.011930585553898206,0.2246305396588124
3022,60376037032,118542,0.3302138993286912,0,0.3327014186473799
3023,60376030053,76979,0.30385015292559675,0.030275229,0.079895219
3024,60376030052,75982,0.30220954880819995,0.076783555,0.11575238995595173
3025,60376204001,176367,0.7024793323922927,0,0.6780612210302999
3026,60376038013,81071,0.1383537629009849,0.050520059,0.16311399292758116
3027,60376034001,82500,0.23085460343113648,0.042065009,0.090178058
3028,60376039011,97674,0.41290322338473184,0.007121058,0.24813212643282687
3029,60376030081,42188,0.1217183761199811,0.018654230388712657,0.067373202
3030,60376025061,56979,0.23142050581918622,0.046995377141792166,0.10624370540662786
3031,60376026022,84312,0.28849270196932414,0,0.063179347
3032,60376024041,64917,0.3162983381726749,0.1493362815338907,0.17193789435343362
3033,60376023023,163347,0.796151529,0.04967855,0.47770700419605544
3034,60376023014,141750,0.307803466,0.012345678932126843,0.39675870109988776
3035,60376024023,106645,0.17538461358579885,0.053571428,0.2255917143077536
3036,60376023012,126500,0.4356087231836121,0.058132343,0.3185637867183821
3037,60376023021,146786,0.7857142623299327,0,0.6314984612920724
3038,60376025121,83125,0.1511111077530865,0.037225042,0.12015137067028032
3039,60376024033,92019,0.24245196484490425,0.048519736,0.15350389236093498
3040,60590115044,74701,0.5220293655269778,0.05036855,0.40636845787438625
3041,60590110005,37961,0.24173553219554686,0.024475524,0.377615059
3042,60590114012,179028,0.6560439488346819,0.003891051,0.6430594855307402
3043,60591106054,250001,0.6066790239948233,0.087025315,0.13362068850326994
3044,60591106073,100151,0.4694214837237894,0.035294117,0.28304239225035915
3045,60590114011,96136,0.4663865448238121,0.021558871947614064,0.4419263393494853
3046,60590113002,125167,0.3864997257131207,0.036926147520328606,0.6421052600856207
3047,60590117153,130972,0.4883945794159132,0,0.5105315922240141
3048,60590017044,152014,0.7711577469792976,0.067252974,0.063088898
3049,60591106053,98833,0.7309753405040157,0.012269939,0.14409722138832626
3050,60590218302,148533,0.7084690438360091,0.027687295966004954,0.7182596239781768
3051,60590117152,112708,0.5129870111364104,0.006965475,0.5836909851974547
3052,60590218101,122446,0.5780141775648443,0.12070484475149917,0.6572815470166841
3053,60590218103,120541,0.36267604995288644,0,0.6564003786679463
3054,60590218023,0,0.39888423432518505,0,0.6300148541603652
3055,60590218283,197222,0.5349544018748288,0,0.5406528157824759
3056,60590218301,198676,0.694352155,0,0.7341666605486111
3057,60590218021,160625,0.5336322830072325,0.025550035304825868,0.6334213960804399
3058,60590218161,198281,0.5565410076154987,0,0.7206349130091544
3059,60590218102,122857,0.36166800030739377,0.018154311511692046,0.6272073209469763
3060,60590218252,126094,0.48964967763017775,0.016367888,0.5805322088198025
3061,60590218291,204342,0.6474036796699859,0,0.642309654
3062,60590117151,88969,0.3988603950725509,0.058671268,0.6350235811614175
3063,60590218292,145950,0.6955503431434387,0.006362672,0.6177944823446461
3064,60590218281,214200,0.6886304820590378,0.018888889,0.5353191443802626
3065,60590218025,0,0.24821001794248168,0,0.7579424998798412
3066,60590218091,135250,0.38731342994542217,0.028025477528500143,0.5909926443428646
3067,60590218022,116429,0.45029239107759667,0.024050632606954017,0.5770328061552582
3068,60590218241,175563,0.5481366374512945,0.013157894563711914,0.6110124279661419
3069,60590117182,151923,0.5278745598617198,0.024390243722171148,0.6285211230720591
3070,60590218026,157123,0.575968217,0.052919707546353036,0.43222891240791483
3071,60590117181,140313,0.4876796664509275,0.014418999,0.5986137328379727
3072,60590218024,120862,0.46332453581359084,0,0.6857142813605442
3073,60590218223,110083,0.6993424943255081,0.040614709,0.5268576520731528
3074,60590218271,171318,0.5368516784635881,0.017842660033717275,0.5550898170353903
3075,60590218222,158150,0.6299495994964032,0.005221932,0.4362096324181597
3076,60590218231,125000,0.4522369993863885,0.032292787828156484,0.5518006893147491
3077,60590218092,134375,0.48968511954739286,0.005665722,0.6764184337196948
3078,60590117172,152813,0.5263157795805304,0.015490533296204248,0.6853503097407604
3079,60590218251,150000,0.6608238329463293,0.058302583,0.6765227635924141
3080,60590218242,194500,0.6480293249493188,0.078787878,0.6680412325220534
3081,60590218225,199904,0.662365587,0.010178116983599765,0.3926096982578533
3082,60590117171,138009,0.5101010064206277,0.026445264290004523,0.6051356559828698
3083,60590218311,100614,0.6764199616958121,0.038341969,0.4920798881126725
3084,60590218224,214551,0.6436090177172255,0.012456747318638427,0.34105960103566885
3085,60375531004,75667,0.2833333311868687,0.090100111,0.2262090471856004
3086,60375526012,118750,0.086240309,0.091776798,0.12014925283470707
3087,60375526022,114025,0.29107373491495814,0,0.131324003
3088,60375529005,84125,0.1525423713604948,0,0.24979724047204185
3089,60375529002,81957,0.4540588719530877,0.003046458,0.23560209218497302
3090,60375526013,66406,0.087179486,0.14860680884509583,0.17135761447551645
3091,60375541012,60208,0.14950634591321335,0.027845036151059103,0.1640682993167472
3092,60375526011,91571,0.0787172,0.094650205,0.14342001463025994
3093,60375540021,59451,0.13607594850584842,0.083476272,0.21999999911999998
3094,60375529001,56667,0.17333332871111123,0.032332562763682154,0.20547944924000755
3095,60375432033,48162,0.06118881,0.047489822964859936,0.058549567
3096,60375424021,102813,0.1327683597066616,0.099593495,0.073271413
3097,60375422001,108281,0,0,0.12190706021782101
3098,60375422004,64028,0.049557521246769536,0.081664097,0.10377358381788697
3099,60375538023,64375,0.1288343549500044,0.046771733,0.1662541247266744
3100,60375430001,77917,0.2725679204858202,0.075237399,0.054159445172619385
3101,60372912101,55361,0.2870662430382099,0.031799163,0.12664164984388696
3102,60375430003,44226,0.13579211956586656,0.036610169,0.10548823873493772
3103,60375424012,64565,0.042654028,0.077457795,0.078163771
3104,60375421052,61357,0.020833333,0.052489905,0.095645411
3105,60591106043,116250,0.3864442853568336,0.037315511,0.1992448440335613
3106,60590017041,125441,0.8854313877591035,0,0.3944387189038237
3107,60590016023,149107,0.7671755578783291,0.026086956,0.4948875205021726
3108,60591106044,125417,0.4023494830958188,0.017353579050227195,0.25969528906028194
3109,60590117113,74167,0.4533106883987999,0.16356877120732627,0.43069873504354256
3110,60591106055,150885,0.5646879670519336,0,0.18565400687211808
3111,60375038012,96250,0.34733892584484805,0.068702288,0.4581056424580543
3112,60590016031,127215,0.6770216929140942,0,0.48754863623521927
3113,60590117082,57794,0.5217391228733461,0.085858585,0.40303358394889716
3114,60590117102,137500,0.5196374590958461,0.085075352,0.5711565893805016
3115,60375526021,116406,0.35066371293513593,0.033718689463211084,0.1886559791081629
3116,60375526023,90625,0.22168674431702717,0.032705649,0.11891208020928476
3117,60375530002,158464,0.26927374000811466,0.049137931,0.23841059427218106
3118,60375531002,0,0.2897959124531447,0.10169491353059469,0.24130879098866267
3119,60375540023,99611,0.26056337722343453,0.090090089,0.20970695778656634
3120,60375541062,72583,0.1915747222510058,0.045016076808552435,0.17027176832905286
3121,60375538011,47614,0.045787545,0.062228653,0.1595375704099703
3122,60375539014,56000,0.11231883854494858,0.051724137,0.18584070646950357
3123,60375539013,75875,0.15219611693364538,0.028195488,0.18227424647561735
3124,60375539012,83494,0.2483612509223507,0.018425460533637854,0.13834672710478343
3125,60375429002,79348,0.068997239,0.070521861,0.071481757
3126,60375421061,41563,0.042721518,0.048979591,0.086752637
3127,60372912102,63250,0.3104495728405251,0,0.1336805549753448
3128,60375424013,70489,0.046130952,0.018030512926067783,0.058177825925600155
3129,60375410031,62778,0.17502365018899102,0.087393657,0.13978494548502718
3130,60375425011,117527,0.13091579513880888,0.006047279,0.067016099
3131,60375425021,53813,0.18779790097428123,0.006791171,0.10160098459605305
3132,60375425022,61953,0.079365079,0.052549019,0.070637119
3133,60375425023,0,0.14356435406659482,0.030726256554102563,0.055555555
3134,60375421053,43182,0.043956043516922644,0.009223674,0.074829931
3135,60376030061,67625,0.40761373809086593,0.002452984,0.11117824706236709
3136,60376037021,104167,0.2595155679409969,0,0.29983659885754416
3137,60376037023,135854,0.33222221853086426,0.046059365,0.3383873167581853
3138,60376039022,72857,0.14718614591180826,0.1523076911360947,0.1937783526002699
3139,60376030041,73819,0.2377902302819037,0.045454545,0.094799566
3140,60376030062,86960,0.3387470919084202,0.00913242,0.11993516823443812
3141,60376038021,84300,0.3223335278589657,0.052605942,0.17667844453600923
3142,60376036001,98750,0.2562499979980469,0,0.2535983532995315
3143,60376034003,119432,0.3795698883917216,0.033830845434518954,0.21832498054169663
3144,60376038012,115161,0.17811158670878693,0.10366624460387962,0.20801526519069405
3145,60375421062,58355,0.019906322951916595,0.060633484,0.082964601
3146,60375538013,63110,0.080912863,0.056761268,0.12097759624856376
3147,60375421063,0,0,0,0.33333314814825105
3148,60375538012,74914,0.14192139428119227,0.076124566,0.071326675
3149,60375425012,0,0.25063505291587596,0,0.063895781
3150,60375537021,72250,0.047008546721559546,0.025543478122046315,0.13232440771313772
3151,60375430002,78859,0.088235292,0,0.097636176
3152,60375424014,55996,0.044164037,0.005809129,0.074021352
3153,60375424011,96250,0.13502935156498333,0.045762711,0.074041034
3154,60375429001,66204,0.08988764,0.024509803749931346,0.08365019
3155,60375540022,83618,0.20472972834642075,0.060472786913288695,0.2379079817620606
3156,60375539011,100000,0.16595441477240447,0,0.1994818642513893
3157,60375529004,57195,0.30249632670707544,0.045784477689645574,0.17438794661247475
3158,60375541061,57400,0.2670623105777105,0.044389642,0.18405626982349038
3159,60375529003,98417,0.065349543,0.068268014,0.2129186585891654
3160,60375526014,96532,0.2135193110137413,0.002692998,0.15886524710024647
3161,60375530001,142738,0.18959537353068934,0.035563082,0.22743870512551537
3162,60375531001,103100,0.1698218253350678,0.049815498,0.20513761392610047
3163,60375540012,0,0.13715710552173185,0.035928143354010546,0.21911631903411796
3164,60375528003,120500,0.25448028217777274,0.025824963761478283,0.3026030335943272
3165,60590017042,187250,0.6483946699420934,0.091564527,0.27260211
3166,60591106051,67883,0.35753574964207097,0,0.15619223515533978
3167,60590117101,134886,0.5660559251103575,0.018010291440735064,0.5607235105896414
3168,60590117081,85609,0.35061568146068905,0.12769784115243776,0.37487073229125784
3169,60590016025,174659,0.5648148043552814,0.029220778746415932,0.44494046956933825
3170,60375039021,90517,0.3236098420819522,0,0.43822393540396437
3171,60590016021,194432,0.8453453326524725,0.012195122,0.3495248115150495
3172,60590117083,141250,0.34389670957867713,0.016736401498573205,0.5573221710684337
3173,60375039011,121607,0.5246179876974875,0.037156704,0.3728661242330088
3174,60590017061,225104,0.6465926997370413,0.022068965,0.3804143090356468
3175,60375038013,64792,0.3767752683644506,0.070721357,0.36415852748903776
3176,60375039023,119364,0.3462623388839045,0.007352941,0.42437778925093944
3177,60375038022,118594,0.5042424181303949,0.022540983,0.4136722137276756
3178,60375038023,99661,0.4263775951834797,0.018454441,0.2705635272293891
3179,60590017103,154625,0.7207850069510704,0.009139375,0.12624999921093752
3180,60590117072,76843,0.4745289569118705,0,0.43483483222321423
3181,60375038011,101406,0.24416135621909388,0.014996054,0.34269662646310894
3182,60590016032,94441,0.5325248011849526,0.032325338557608566,0.5071942409554371
3183,60590117071,70972,0.4752116024762805,0.07977528,0.5631216483311274
3184,60590117093,173594,0.5671641741249853,0.043103448,0.6114918259805386
3185,60375541011,79286,0.070175438,0.031782065,0.26291512672587525
3186,60375528002,92813,0.1826366547740408,0.048981837925251306,0.16108565329190816
3187,60375524001,68438,0.13620885202941144,0.014520813,0.18013631762282067
3188,60375530003,92368,0.17849613367184727,0.1452894429892767,0.2358490551204462
3189,60375527005,125202,0.1706758285145953,0.054872279518710695,0.21824561250353958
3190,60375527003,83400,0.077948717,0.017040359,0.21995783401294566
3191,60375527002,108277,0.2236286872652176,0.036398467,0.2515463891593156
3192,60375527001,103281,0.26333789149563686,0.014988009502469967,0.19059049356413588
3193,60375039022,102167,0.30284301232579713,0.058656575,0.3528645810360379
3194,60375540013,69420,0.063583814,0.059829059,0.15789473554362882
3195,60375421051,66400,0.040466926,0.14899882126620248,0.092783505
3196,60375427003,66250,0.081632652,0.03514377,0.069556451
3197,60375411001,20985,0.07317073,0.2569444408757717,0.072749691
3198,60375537013,56071,0.045741324,0.043645699,0.099301784
3199,60375428002,62636,0.19618055385259936,0.029673590284320546,0.056421279
3200,60375421033,58719,0.13210227085082002,0.042431192,0.094117646
3201,60375411003,89769,0.069602272,0.028688524198244206,0.067556296
3202,60375426023,96875,0,0.07255139,0.08990228
3203,60375426022,58490,0.021212121051423324,0.06038961,0.089410795
3204,60375426021,69444,0.12730627188831853,0.030463576,0.052855407
3205,60376037062,58463,0.1738782037349503,0.021479713475658035,0.11717974122552263
3206,60376030082,91250,0.3197969516091628,0.041394335,0.11420911466912002
3207,60376035002,97750,0.2994505453372178,0.031286211,0.18903436833850762
3208,60376039012,81974,0.16603053276688423,0.009607686,0.22517006649544172
3209,60376037031,116176,0.3003472196150415,0.018740629544672944,0.29136453334631157
3210,60376023015,0,0,0,0
3211,60376037051,74484,0.242098608,0.033092037,0.10312862069088984
3212,60372911303,112000,0.17368420747922445,0.064668769,0.1281179123796155
3213,60376035001,91818,0.25306121932528125,0.008928571,0.20449172335116167
3214,60376038011,59449,0.2078014169659474,0.054378935006417085,0.1422293242419923
3215,60375416062,0,0.039416058,0.09153318,0.087656529
3216,60375416061,39833,0.060459491409195994,0.041788143,0.078643022
3217,60375416053,80185,0.2158920523546323,0.003548616,0.07606679
3218,60375416052,44327,0,0.086836283,0.10421940884295607
3219,60375416051,46335,0.036504424,0,0.099563318
3220,60375421042,67500,0.10289388984811985,0.013797634600541165,0.07884427
3221,60375537012,66181,0.11337868352178364,0.018638573592880278,0.13068181712108914
3222,60375411002,87688,0.16565900646119702,0.087336244,0.10808823449935122
3223,60375537022,47347,0.079579579,0.016927899580389344,0.13898472085271207
3224,60375427002,77857,0.16517189712128627,0.004914005,0.076154806
3225,60375527004,113102,0.35359115631390986,0,0.20223577030248202
3226,60375541063,125357,0.2830374725538711,0.026362038432671014,0.20969626045738166
3227,60375524002,56971,0.16863406123719965,0.008379888,0.19517102484794752
3228,60375540011,77063,0.21743486756077288,0.016168148616263957,0.26167471608957554
3229,60379800341,0,0,0,0.2636363396694237
3230,60375536011,48622,0.1393492931899982,0.011678832,0.10202147788369716
3231,60375535022,87949,0.137291279,0.036191975,0.15851601956780767
3232,60375535021,72688,0.25733634117880855,0.01146325,0.15042253436381672
3233,60375533002,91250,0.24583333128472223,0.008988764,0.21142369811232994
3234,60375528004,97813,0.16126350655641308,0.097670923,0.2208994694384956
3235,60376030051,58871,0.16769230683234715,0.005366726,0.066225165
3236,60376023024,181027,0.7267709224768084,0.12409420177450904,0.5932792549636197
3237,60376030072,76404,0.3186528476771189,0.010021096993559615,0.093572009
3238,60376024043,53850,0.13940856886295372,0.054986522614627914,0.1637186336334075
3239,60376024025,126129,0.2897959144245454,0.051487414,0.27970479498372847
3240,60376025071,53276,0.18807587973942613,0.040796964,0.078972712
3241,60376025042,44737,0.22783825639317065,0.028238183,0.072134962
3242,60376025052,60739,0.17410714130261482,0,0.10747408561116156
3243,60376025072,62414,0.2129186585891654,0.059798270462548486,0.069356301
3244,60376023013,140750,0.32246038842068603,0.008474576,0.356932151
3245,60375420002,95833,0.093205574,0.094048493,0.069944598
3246,60375421031,78068,0.042787286,0.024819027664746352,0.11265060173102047
3247,60372911301,164844,0.3080054232292344,0.060532687,0.1370614020059057
3248,60375428001,67313,0.12224938725856495,0.007113821,0.045423729
3249,60375421041,82576,0.040727272431074386,0.038483964790180965,0.12212142273467255
3250,60375427001,71927,0.131644004,0.064345991,0.09914204
3251,60375421032,78125,0.093749998,0.10727969211647903,0.15015014864714565
3252,60375412002,73611,0.15559772000763342,0,0.023404255
3253,60375409022,109643,0.092911877,0.086656441,0.031268791152923685
3254,60375426012,72593,0.091706001,0.060115002,0.11028315891563259
3255,60590017083,92813,0.6306141097102281,0.002320186,0.29663393901378726
3256,60590015053,158675,0.5016567229843822,0.05055487,0.4632152567519743
3257,60375038021,141696,0.2722443522942317,0.015312131739550863,0.43382996990508355
3258,60590117092,140515,0.556451606,0.051148225,0.6177325536501995
3259,60590017101,110801,0.5851746216309721,0.022479563879567004,0.14338461450224854
3260,60590017102,195132,0.7478031568734345,0.008058018,0.14703925384538089
3261,60590015051,242292,0.6650943291651835,0.067003792,0.36210317101088124
3262,60590017064,234519,0.7414965885510668,0.027962716,0.4071065948517097
3263,60375040013,0,0.5182186182366537,0.028087865,0.5543523508773329
3264,60590015054,143991,0.55793573,0.1658767756788931,0.5931410709809737
3265,60375528001,115054,0.2631578920733007,0.012903225702393342,0.13955823153053984
3266,60375540014,82285,0.17774342847382646,0.013719511985983049,0.2619324765782017
3267,60375521003,140250,0.30518518066392325,0.031537450308312086,0.2164383541877776
3268,60375040022,121042,0.4116331004108926,0.006644518,0.4467680565896573
3269,60375040023,130909,0.3631039478315674,0.015306122,0.41609976852494596
3270,60375519003,134500,0.044217687,0.022845275,0.22574795806212186
3271,60375523023,99091,0.1661911543067678,0.017258883,0.28061224285268044
3272,60375521005,91429,0.091633465,0.044776118985297396,0.25833333118055557
3273,60375041013,105870,0.20263591099446607,0.022099447208571172,0.23413111098718928
3274,60375521002,23816,0.1899441314253613,0.007863696,0.18913480758460893
3275,60376023022,183750,0.6285714122448984,0,0.6412742293452323
3276,60376029003,97357,0.2469262269782149,0.012464045901591123,0.10511882902085165
3277,60372911302,78472,0.2605951283986012,0.05707196,0.083734939
3278,60376030071,98974,0.15926492864831657,0.071229049,0.078298397
3279,60376026021,0,0.24315871584707807,0.063326374,0.063738618
3280,60376024024,0,0.3232758585853895,0.061276595,0.27431059307466915
3281,60376024042,67500,0.16919889385912368,0.1640271483935116,0.1477949931597438
3282,60376025041,66250,0.2853123225362278,0.038866026,0.07624534
3283,60376025051,64800,0.2886923544618297,0.092098377,0.10871241284228059
3284,60376025062,60396,0.24156187795127812,0.069690265,0.085959885
3285,60375535042,60703,0.1410256390167288,0.033898304674354666,0.1470588227284378
3286,60375535041,81563,0.097010372,0.050653594,0.14740450466501223
3287,60375536023,59698,0.046956521,0.015974440639385933,0.087033747
3288,60375521004,161607,0.11891279593530243,0.016701461,0.17037861725636283
3289,60375532012,127292,0.2807203360093185,0.071630537,0.23264906908456434
3290,60375532011,87946,0.15996168429155475,0.069865319,0.26466575535698666
3291,60375532021,117974,0.1900958436086926,0.014044943622964275,0.24457593447163772
3292,60375532023,128862,0.15343347474856786,0.09947183,0.22782874443556006
3293,60375532013,100114,0.1863270752503073,0.031602708,0.2470402506153098
3294,60375533003,106250,0.28571428273499183,0.021015762,0.21259842367502918
3295,60375426011,38068,0.034836065,0.038216559901010194,0.1079046410551488
3296,60375412001,98176,0.23380566564974023,0.052123552,0.054377879683153184
3297,60375416041,42533,0.058453237,0.051930759,0.1132812495083279
3298,60375416032,67176,0.024822694742048526,0.030999999690000005,0.064537591
3299,60375418021,97045,0.17247190914341623,0.011933174167383416,0.11666666603942653
3300,60375537011,91058,0.16222222041975312,0.019782393,0.1447761183225663
3301,60375412004,56705,0.13738317628613855,0,0.081300813
3302,60375420001,92368,0.24203821435816003,0.050847457,0.10186263037332578
3303,60375416043,77781,0.044088176,0.094642856,0.040616966372149274
3304,60375420003,82889,0.071283095,0.013219284500627648,0.12477231272872352
3305,60375532022,125268,0.15932642280665257,0,0.20878274107255207
3306,60375534001,103507,0.2303664897343823,0.039534883414458266,0.14598540049113867
3307,60375523022,82031,0.3271812025640738,0.019877675537038602,0.21392016157707103
3308,60375522004,61094,0.14230769093934914,0.044623262,0.20766932167495358
3309,60375040024,152500,0.3473520195116508,0.014976958352800019,0.402439019
3310,60375533001,98625,0.26929981563196026,0.00753012,0.3083333301215278
3311,60375523021,72721,0.22068095560301443,0,0.152799999
3312,60375522003,46950,0.088815788,0.030913978,0.2060967514506511
3313,60375519002,86750,0.3459801233425463,0.071912013,0.239803093
3314,60375521001,102168,0.16852145995991322,0.014256618999423432,0.21205186718495905
3315,60375414023,32776,0.076682315,0,0.08365019
3316,60375414022,90435,0.2535070114879057,0.055415617,0.14972847052188928
3317,60375418013,63347,0.10531135434696562,0.029285714076530613,0.13581806610348662
3318,60375409024,0,0,0,0.3439999724800022
3319,60375418023,0,0.21376811206941826,0.10130718788713745,0.14024390172640294
3320,60375416042,50662,0.054694621,0.042310821,0.07912844
3321,60375412003,124231,0.18243703075264103,0.019891500784258585,0.028745162914620436
3322,60375418012,59792,0.088514225,0.089539748,0.1343811389611743
3323,60375413003,87574,0.1810154505406683,0.038581856,0.075215783
3324,60375414021,93095,0.13432835486745387,0.018587360249305573,0.095289078
3325,60375534002,103125,0.1103030289660239,0.018828451685894858,0.19501335534271277
3326,60375535043,0,0.25721153537005365,0.061523436899185185,0.16019417364636496
3327,60375041012,148415,0.3565891417583079,0.024193548061914677,0.23790047554260071
3328,60375523013,84375,0.11757857837510387,0.011982570675571126,0.24354243242875237
3329,60375534003,88295,0.15323854418264543,0.013089005064280039,0.21527777611668383
3330,60375536022,69949,0.11596842673971812,0.063467492,0.10760823830345423
3331,60375536021,103250,0.19534281765403858,0.012464045901591123,0.14608327349270803
3332,60375520012,101818,0.24895397229127644,0.033271718731314986,0.22821576605659913
3333,60375520013,110268,0.30783241697937314,0.040435458158079966,0.19619619423227033
3334,60375520022,107411,0.2641860440540833,0.046925566,0.17239101603440546
3335,60590017053,184519,0.6380696965406207,0.014084506876942408,0.39825581009442046
3336,60590017082,128315,0.3958707325325787,0.031772575,0.3596559784233309
3337,60375036022,200096,0.5434530675350344,0.039875712,0.4260303669152695
3338,60375040012,0,0.4988610421542023,0.011387163443197066,0.449513834
3339,60590017052,115933,0.4645669239081336,0.038183694,0.346487003
3340,60590017091,125000,0.6562649992498079,0.023123909148674043,0.25673039306777057
3341,60590015042,84125,0.28411214687745656,0.096908938,0.49356803998938364
3342,60375037052,101250,0.4319787947705054,0.009724473,0.2045003295532738
3343,60590015032,0,0.2625899249089937,0.016376663,0.39416604043256515
3344,60590218144,132174,0.5373608860305176,0.049731182,0.454545452
3345,60375413001,81184,0.13660477362994183,0.051145445,0.069518716
3346,60375415003,88750,0.064935064,0.10752688094962809,0.14824678141035605
3347,60375409023,58725,0.16741071241729116,0.010967098594545378,0.052597402
3348,60375413002,104083,0.12903225702393342,0.042317708,0.084531339
3349,60375414012,62411,0.031853282,0.043256997,0.10832313275200041
3350,60375409021,95375,0.16114285530122452,0.036398467,0.061635219738143274
3351,60372911201,76250,0.13733905481159475,0.06257521,0.068237604
3352,60375408005,77961,0.2689873396440875,0.025291828629754678,0.055692459
3353,60375418022,68600,0.026645767816255737,0.13971539366290173,0.12081911180328252
3354,60375417003,108690,0.10718492217685605,0.17561521056358825,0.1342281867933877
3355,60375536012,74955,0.076780758,0.022304833,0.2032277333937374
3356,60375519004,111411,0.4975806411485432,0.003156566,0.2461538448013525
3357,60375040021,153462,0.2547051410952931,0,0.4487804841562562
3358,60375523011,95972,0.24999999679487184,0.011677282253956664,0.18515283681089226
3359,60375535031,59323,0.082184788,0.019789984,0.13443223393980866
3360,60375518011,105815,0.15384615260043602,0.025157233,0.22808815874890745
3361,60375522002,90750,0.2690513177441475,0.017082785583669047,0.19015846380184767
3362,60375523012,102054,0.27155464852983946,0.013918629475810336,0.18583366420281072
3363,60375041011,74119,0.25056129209447103,0.073322933,0.24896887795662212
3364,60375518021,75074,0.3859095648169341,0.02785265,0.19016697499922552
3365,60376029001,52188,0.12084062941470552,0.075402635,0.088066368
3366,60376025111,73704,0.1370614020059057,0.015553522,0.088205645
3367,60376025102,44315,0.2640449413478938,0.073070607,0.12337294780207726
3368,60376025122,82500,0.20595237850056694,0.1158008645476097,0.13574007122209336
3369,60376024022,104556,0.30497925,0.021772939,0.21794871647807884
3370,60376026011,70766,0.27609427377025025,0.031914893,0.060207612040085734
3371,60376026012,42824,0.09913793,0.16579634248307648,0.061938061
3372,60376026014,79097,0.10541727517690666,0,0.027315914164894133
3373,60376024032,59375,0.20478468703555325,0.056384742484371954,0.1383905682296742
3374,60376026013,99438,0.29659318340086993,0.018099547,0.064171123
3375,60375518022,82554,0.28608582202749255,0.068139963,0.23689320158356117
3376,60375518023,81653,0.088960342,0.066666666,0.2072451541091394
3377,60375520021,82452,0.19877206294112001,0.045117845,0.17690288621048353
3378,60375040025,119063,0.2974025935402261,0.032,0.3626209950661132
3379,60375519001,51250,0.19425675347539267,0.039184952,0.17269736700084404
3380,60375362022,62701,0.085616437,0,0.15544412496100196
3381,60375518012,84417,0.2654260502896567,0.025641025421871577,0.23547880505903607
3382,60375362023,66339,0.1073825491344234,0.03433923,0.1512231271221414
3383,60375522001,49943,0.2556719,0.017403915754866457,0.21046643793818864
3384,60375517001,89583,0.1414686817415298,0.010421836,0.18367346853583733
3385,60590015033,118214,0.5021707597370367,0.040540539992695405,0.5356802993750686
3386,60590016043,199625,0.604949582,0.020783373135224836,0.6283391332364793
3387,60375037041,118304,0.5933993360171661,0.01459854,0.11239060289087699
3388,60590117073,72470,0.34369054950101113,0.032595326,0.5823827593004894
3389,60590117074,250001,0.6458536522355741,0.056721056,0.2579881641539162
3390,60590016044,127353,0.4723404188320508,0.018315018,0.5978260804584122
3391,60590117091,93641,0.45755236540736094,0.044789762,0.5966312003844751
3392,60375037042,54500,0.45588893660596086,0.037477954,0.2826534804999856
3393,60590015031,95500,0.3468992180833485,0.010291595020727358,0.5075075024273523
3394,60590015052,91528,0.4516853907208686,0.037628866,0.5663615539040368
3395,60650406094,157438,0.4704463180310837,0.033866416,0.2907203105427634
3396,60590218312,148220,0.6770427971657407,0,0.3640836393436505
3397,60590218221,116652,0.5857142764172337,0.019635343343122814,0.6819672056615607
3398,60590218313,210699,0.8229166544208831,0,0.3422876920079056
3399,60710001221,183498,0.7434640482382132,0.043010752487093254,0.2586691646735278
3400,60590218143,77424,0.5272108753875702,0.2086330905232649,0.5821643228240048
3401,60590218321,189583,0.6449612303106786,0.067520372,0.5213414581164486
3402,60590218323,213125,0.5861423166091544,0,0.2671579904783142
3403,60710001111,98929,0.350237712,0.064558629,0.45352112
3404,60375405022,70526,0.0583501,0.084597432,0.11345108618579425
3405,60375417004,126250,0.1536189046732806,0.038323353,0.1430868155700417
3406,60375405023,37826,0.085241729,0.13317756853764523,0.13146997861557982
3407,60375418011,71369,0.11173814772304574,0.11645569521978316,0.12276944951627802
3408,60375416031,50089,0,0.061694290407971544,0.10923694691375946
3409,60375415001,47083,0.1070110687944518,0.045584045151148674,0.11728394995912486
3410,60375414011,34250,0.1280864187647653,0.083047357,0.077235772
3411,60375415002,36314,0.050706566494542256,0.078963992,0.08902439
3412,60375405021,45526,0.067717454,0.089377632,0.11037770403235164
3413,60375417002,81154,0.030805686,0.03605313,0.1271347236514732
3414,60375037051,111838,0.3214990106361044,0.008340284,0.48918760672596373
3415,60375040011,82656,0.5106918174755747,0.012805587743823192,0.39695817188624966
3416,60590016042,126696,0.46632123546940873,0.051752921,0.5508620642167064
3417,60590017081,0,0.518699179,0.024999999609375007,0.4267701219517932
3418,60590015044,110132,0.5154994200287093,0.026399155,0.37408312653558984
3419,60590017051,87384,0.28516819353846945,0.088569718,0.3418003549830643
3420,60590016041,79295,0.36893203286517745,0,0.29932985629687375
3421,60590015041,141250,0.2685873580986305,0.043816254,0.40671273043718925
3422,60590015034,139167,0.5532608635515124,0.013371537599125715,0.586446563
3423,60590013031,86354,0.21666666509661836,0.019988242,0.32398753725863166
3424,60375520011,78750,0.069315299,0,0.1967418534038731
3425,60375517003,66292,0.13475177113827275,0.007434944,0.16231883940348668
3426,60375517002,61116,0.16998468476275128,0.012940330604311066,0.19300801024757458
3427,60375362021,106957,0.099259259,0.059118795,0.1594684372137173
3428,60375502023,119375,0.1841491798566625,0,0.1987012961207624
3429,60375030002,0,0.1175278610179548,0.069664902,0.1926871724162091
3430,60375362012,108098,0.15627292621956768,0.031491002368309755,0.1928571417091837
3431,60375503013,138571,0.1797497135409589,0.055390702,0.2342857116081633
3432,60375031051,90952,0.12139303361797976,0,0.29708222614666957
3433,60375031063,86176,0.23269809194886568,0.010143702365649177,0.3044569974610358
3434,60376028022,130781,0.3079268245742862,0.043080939,0.036919831
3435,60376025131,0,0.2621589529993007,0.020040079959518238,0.086792452
3436,60372911101,56473,0.1829368319693451,0.12055749044907672,0.059120768
3437,60376022014,130586,0.2795497133292737,0,0.3131443258615422
3438,60376022013,142545,0.3458029165528931,0.085520744,0.5075566718667716
3439,60376021051,57625,0.3032329955046489,0.094541909,0.12176165740019866
3440,60376021063,84559,0.28712870576414096,0,0.29476248118437903
3441,60376021061,72965,0.2161016937706478,0.014184397100246465,0.17653429539157292
3442,60376028021,106295,0.2127236538225914,0.085365852,0.047014925
3443,60376028023,86853,0.19199057488821467,0.05026178,0.045066991
3444,60375408002,111111,0.17077464488072808,0.059523808638038564,0.055870444891737286
3445,60375417005,89792,0.10635696756505521,0.04288939,0.092925659
3446,60375400003,73356,0.075846833,0.029823493427732845,0.13262342626997373
3447,60375408004,96023,0.07359307,0,0.08744186
3448,60375409011,93367,0.20689655006498356,0.023651145427559903,0.12319790220709108
3449,60375409012,0,0.1220657262668342,0.015223596,0.091349062
3450,60375409013,57278,0.165986393,0.087134502,0.055011655
3451,60372911102,43864,0.11471321600404642,0.076043068,0.085944494
3452,60375401023,87989,0.362409134,0.006616257,0.10035523934122895
3453,60375408003,100500,0.12390670373313843,0.16726834937101867,0.11743119158320008
3454,60590015043,39018,0.3622704447033315,0.046474358,0.41988949889604515
3455,60375036021,139342,0.5596153792344675,0,0.4611872116034755
3456,60590015035,128088,0.4217926112162986,0.014492753413148502,0.5157067995326335
3457,60590013015,85885,0.5130168427104806,0.040745557,0.3863157874404432
3458,60590013033,133750,0.1762152762481313,0.081943437,0.30173347615528995
3459,60590013012,117171,0.37994350014164197,0.090102388,0.4338747079634584
3460,60375037022,87083,0.29476309079918656,0.01708383,0.43870727920242464
3461,60590218142,125147,0.5313111519994562,0.1052847189459864,0.42055655107470125
3462,60590218141,134167,0.5463973769301453,0.007231405,0.5084306073997812
3463,60375036012,113333,0.384773655,0.057245079,0.43763919334477513
3464,60375553004,114070,0.16265060044999277,0.036324786,0.19016393286750874
3465,60375031061,87188,0.25194804976668356,0.023076922915545993,0.3382456116614343
3466,60375511012,78807,0.2926829217302627,0.042995839,0.2656449519074719
3467,60375511013,59341,0.387387382,0.043969848693846125,0.13151364682683842
3468,60375553003,0,0.1262411329611187,0,0.21142856901224494
3469,60375517004,96563,0.2877237814869082,0.076923076,0.21593291253715646
3470,60375503012,57276,0.46605503732009107,0.044036696,0.16258992571813058
3471,60375512032,67310,0.3911564603675938,0.075659532,0.19787314774829795
3472,60375031041,79564,0.15548386996462019,0.025481314,0.24951190843611123
3473,60375515023,118750,0.3769574901906321,0,0.2665075555568214
3474,60375408001,68571,0.084889642,0.022421524,0.080717488
3475,60375405014,53548,0.086313193,0.028431372270280666,0.1540656194431839
3476,60375401022,71106,0.10185185106595794,0.098370549,0.092879256
3477,60375417001,84306,0.082278479,0,0.12053571320950256
3478,60375400002,57083,0.07722513,0.082893347,0.10947832435900688
3479,60375406001,42611,0.091954023,0.12934282072271736,0.071895425
3480,60375405013,0,0.087818696,0.062256809,0.15868028155003708
3481,60375362011,69792,0.1868910523747471,0.028252787894031316,0.21334734517421258
3482,60375407001,49375,0.40840516801287535,0.017751479,0.10059959959627182
3483,60375405011,75625,0.13371265812642022,0.006749156,0.11669367814672871
3484,60375502021,95929,0.18618420930141968,0,0.18495117642187722
3485,60375503014,138750,0.34659090252668745,0,0.19592476335482162
3486,60375553002,124038,0.1240560935916279,0.003972195,0.16044479618391744
3487,60375030004,102992,0.040561622,0.037313432,0.20189061308649148
3488,60375502022,92632,0.255757573,0.057057056,0.22610722435037123
3489,60375502024,124702,0.34772978573942653,0.029268292397382514,0.23846153693293887
3490,60375036013,98750,0.3733552570171833,0,0.39273153115203363
3491,60375512031,87042,0.2506459926731611,0.055508830483525395,0.2454710122692843
3492,60375553001,105278,0.13905774970320858,0.023028611144252538,0.20447284018413994
3493,60375031033,91875,0.15369836547840188,0.060079051,0.14101057413618598
3494,60376027001,121447,0.33946359893131345,0.060967063,0.090507726
3495,60376027002,136094,0.26836158002569505,0.042229729491949725,0.033297529359304356
3496,60376022022,74491,0.3687214569780656,0.077709611,0.15702479239017933
3497,60376021032,0,0.22890173145778345,0,0.12464907285430055
3498,60376020022,81607,0.18637992664534117,0.043512043,0.11977715810709104
3499,60376022012,131625,0.6971830887720692,0,0.4343807723255012
3500,60376022011,125000,0.41657207245661665,0,0.3417721488085701
3501,60376022021,104968,0.2349123930245789,0.006269592,0.18908381943415323
3502,60376028011,0,0.024252222924395935,0.047023809243905895,0.059372349196894186
3503,60376028012,0,0.30272726997520666,0.047549378,0.084112149
3504,60590013014,0,0.3054830207445687,0,0.3295154155989831
3505,60375036011,110493,0.2991587786584712,0.028420038398747405,0.4298605396642307
3506,60590013032,88625,0.33237326997480837,0.012078510256273225,0.3527508071588414
3507,60590013041,82838,0.38333332623456806,0.03271028,0.30594594263842223
3508,60375037021,120208,0.4484719228964327,0.020408163142808144,0.42049981738319514
3509,60590014043,68571,0.11599098968478616,0.095378563,0.26194539025643865
3510,60590014041,91504,0.10909090826446281,0.028683181,0.33418367133811433
3511,60590015073,145417,0.4578313223980259,0.019596542,0.47085426899068206
3512,60590013011,103846,0.3643216049889313,0.052422557,0.3050379551067084
3513,60590013042,65487,0.1490649056707101,0.045332136,0.30716600537570754
3514,60375778003,91328,0.2145214497852426,0.095317725,0.2652081095773313
3515,60375511021,71042,0.15863689590320923,0,0.19001085570020787
3516,60375501013,140500,0.13132911184605836,0,0.15227483609772668
3517,60375511011,46818,0.2209631712396376,0.026187576,0.201782303
3518,60375031062,84648,0.28479656777737544,0.015797788,0.21890546991411108
3519,60379800121,0,0,0,0
3520,60375512012,65945,0.25112975951497896,0.061192468,0.24562233674575323
3521,60375502012,80855,0.20633059547091917,0.08124373,0.1978771781813709
3522,60375511023,52470,0.1624605665421091,0.012138728253533362,0.14943425614734976
3523,60375031034,138750,0.2224025937921657,0.07365439,0.22104332253719433
3524,60375401024,108036,0.2940340867324704,0.008629989,0.138661201
3525,60372410021,69625,0.09880478,0.12216288302962028,0.074481074
3526,60372414002,78229,0.1702602217824519,0.066021627,0.095283018
3527,60372413002,76389,0.19379844773451116,0.13572023200899058,0.050583657
3528,60372410023,49583,0.13382352744377166,0.1139896358291498,0.060292850471207145
3529,60372414001,70357,0.079655543,0.043918918547982105,0.047587131048343626
3530,60375405012,53929,0.038598575,0,0.19504396404858526
3531,60372410022,49537,0.13058419019614795,0.10354609782204117,0.098073554
3532,60372413001,46250,0.10188679053043792,0.046956521,0.060388945
3533,60375402031,55500,0.12523248527444214,0.084960937,0.1288461533505917
3534,60375407002,73157,0.2673992649505562,0.12549019509419454,0.097895252
3535,60375401021,99643,0.2695449210088107,0.031968031648671014,0.11251664372492248
3536,60375401012,52415,0.060913705,0.15263908592982106,0.10997267684444893
3537,60375400001,94537,0.1252268591177236,0.040061633,0.11322751262842586
3538,60375406002,58170,0.020270269996347703,0.20023696445216868,0.076512455
3539,60375402032,74948,0.059999999333333345,0.044422507,0.168172341
3540,60375403003,89451,0.12711864137460507,0,0.13876966897325224
3541,60372410013,86875,0.14901387765512142,0.087007642,0.08800945
3542,60372410011,74375,0.17847024990169266,0,0.07147814
3543,60372410012,45519,0.3003802252815568,0,0.082674334
3544,60375030003,0,0.1807723896403255,0.1263661193554227,0.13630490868020084
3545,60375031032,100000,0.12945368017275916,0.027806384883559375,0.1904355235658794
3546,60375512041,101227,0.2455573485819277,0.00443038,0.2964335326705255
3547,60375503011,0,0.22163308354577854,0,0.24442736168772206
3548,60375031052,115625,0.19660410905626355,0.038095238,0.20947867199299205
3549,60375512042,53864,0.1768092090722927,0.052884615,0.20859538674740363
3550,60375515022,99115,0.25422138598291383,0.016393442488578342,0.24126113611198674
3551,60375501011,74345,0.3132183863043335,0.036719705792904456,0.19374313834389056
3552,60375030001,108194,0.25855512980285006,0.021164020940063272,0.1993499436690147
3553,60375501012,111476,0.15724244649696015,0.087657783,0.17674418440237968
3554,60590013013,0,0.26806526181666057,0.058275056916665346,0.4274193510087872
3555,60375037012,72642,0.25076855401507003,0.016700611,0.41431192508509385
3556,60375037011,118269,0.47138769333771324,0.032561051768559474,0.43501804857843834
3557,60590015011,65580,0.2827535138212175,0,0.5405405378843217
3558,60590015071,79896,0.5422061080155044,0,0.42421711722665084
3559,60590015072,101728,0.5238937960372779,0.20877659296839637,0.4329388517461652
3560,60375035012,86726,0.13187954240976354,0.022094565,0.2989904979246125
3561,60590011023,123875,0.1994163404726037,0.06188925,0.39755101716284885
3562,60590011032,88112,0.20136054284788746,0.12603550221280768,0.3806850062847557
3563,60590012013,99342,0.18754924990110913,0.059116809,0.22399559590536272
3564,60376021041,67100,0.18821459899641776,0.077986938,0.11429557971583017
3565,60376042002,0,0.24324324011269963,0.046153845646661036,0.11538461441986109
3566,60376042001,133750,0.24728260533583418,0.070695552,0.07738607
3567,60376021042,68971,0.17902471490297453,0.060587133,0.10737240035019886
3568,60376021031,0,0.091825307,0.117202267,0.1259490838501604
3569,60376020021,60543,0.12406416979610514,0.037593985,0.13366336523380062
3570,60376021033,0,0.2062879194358085,0.060370849,0.10511851561278421
3571,60376003042,46705,0.092105262,0.11634348869330348,0.094009216
3572,60376003031,56097,0,0.060802069,0.063194444
3573,60376003022,74306,0.16179336916582127,0.1447619020045352,0.044340723
3574,60375031031,94926,0.1521381566436007,0.061601642,0.23010487211533084
3575,60375502011,98333,0.1527777761455366,0.025817555715855804,0.19621903392295284
3576,60375778002,98716,0.14780600348109313,0.018607857,0.24099098963405974
3577,60375032011,110875,0.22189780697959408,0.019905213081467175,0.3548387073414173
3578,60375512011,91875,0.3074968194727215,0.006472492,0.23846153693293887
3579,60375511022,83783,0.21844660017438025,0.045511222,0.22572445233490365
3580,60375515012,142941,0.4037460936134642,0.040219378,0.2634971775705304
3581,60375032012,115573,0.27225130652485774,0.014559386861613894,0.29802631382877426
3582,60375028013,160331,0.21947194538389483,0.019808743034093284,0.2772511826441455
3583,60375513001,65577,0.16804058232060506,0.033101975263737454,0.20853858670750636
3584,60372412024,0,0,0.1219512178597396,0.07111111
3585,60375402033,89063,0.02579365,0.012552301080163166,0.12864963386268582
3586,60372427001,0,0.13483145688675685,0,0.066193853
3587,60372431002,30536,0.078828828,0.10364372385713584,0.062844036
3588,60372431003,27891,0.025316455,0.079341316,0.067996373
3589,60372426002,18200,0.10862261916436038,0.19305019118677422,0.0957771
3590,60375401013,86070,0.14036785924135664,0.031331592416609294,0.17294117545328722
3591,60375404002,75833,0.11328124778747563,0.053824362,0.064924114
3592,60372426003,0,0.04347826,0.16562107696836792,0.051597051174471324
3593,60375401014,100399,0.1428571418211955,0.039976133,0.14046822675361573
3594,60590012023,75078,0.2321428536883504,0,0.1537842177634121
3595,60375035022,86136,0.25326796971784366,0.018209407917914904,0.31387900132470464
3596,60375035021,131786,0.3461012264555236,0.077201447,0.34877383958600927
3597,60590015012,125526,0.461460955,0.037052456132171285,0.46336996167263744
3598,60375034012,101367,0.2865819973131861,0.095474888,0.4514388462143954
3599,60375034013,119314,0.32941176118276194,0.027958993,0.370222927
3600,60375035023,130268,0.1583577697130228,0,0.3764044917387325
3601,60590012011,78750,0.2230088475839925,0.041609822362825226,0.24523339746723605
3602,60590014042,55357,0.079681272,0,0.2087378620510887
3603,60590011022,128705,0.2744063288336896,0.037204058,0.4351851807079714
3604,60376203012,187138,0.8195187056214077,0.043918918424336505,0.7576271122234991
3605,60376203011,202708,0.7157584577944263,0,0.7304097718877802
3606,60376203053,250001,0.8473684061865192,0.054140127,0.7563527540156539
3607,60376203013,161858,0.7925445576573006,0,0.7835232183740296
3608,60376202012,157292,0.8213627841369653,0,0.789041085
3609,60376202011,151250,0.8301886671961006,0.054393305,0.7695121857376563
3610,60379800301,0,0,0,0
3611,60376201022,104107,0.6439688590667537,0.21392189789606286,0.595827893
3612,60376200021,138884,0.6643928968022798,0.054085154728594306,0.5995105986989347
3613,60376201023,154250,0.6524122771249327,0.024731183,0.6962998524925523
3614,60376029002,99659,0.17318435560687873,0.070716228,0.089460784
3615,60376023011,100795,0.40823136364592477,0.056622851,0.26613965569077963
3616,60376025101,42132,0.13907284653085392,0.087943262,0.10958118124164555
3617,60376025112,40728,0.11330049191317432,0.025039124,0.082818294
3618,60376024021,84901,0.17177913959878055,0.085271317,0.23855421495137177
3619,60376024031,50455,0.12334801626268704,0.06500956,0.14968376563820263
3620,60379800131,0,0,0,0.2903225338189461
3621,60376021052,56294,0.1476548920228437,0.088088088,0.12394603657695599
3622,60376021062,88289,0.15924932890482935,0.026030368650627467,0.16936251108771402
3623,60376028024,87407,0.3432970983397002,0.1657629731544309,0.036624204
3624,60376005012,94375,0.2891428538383674,0.050359712,0.054160125
3625,60376042004,54605,0.15615615381146916,0.045801526134840634,0.074344911
3626,60376042003,70820,0.11390887221877175,0.09678965,0.075388026
3627,60376020031,56776,0.044314381,0.079681274,0.098418972
3628,60376020032,72589,0.1176470580545944,0.016447368330880657,0.1040825477609576
3629,60376004003,89306,0.3508474516805517,0.011267605475104149,0.04143337
3630,60376004004,71926,0.327290073,0.07369323,0.055201698123130236
3631,60376017003,66630,0.15222222053086423,0,0.10145772535593163
3632,60376017002,39781,0.11742707466397102,0.056680162,0.10013003836066295
3633,60376016003,70991,0.21330274984744554,0.006134969,0.11024181998405534
3634,60376200022,215625,0.7144396474737107,0.005853658,0.6235380071378801
3635,60376201021,164643,0.7042424157061525,0.036598492609273496,0.719382828
3636,60376200023,72684,0.5852272660769628,0.079381442,0.6859903315363253
3637,60376200012,131875,0.7096774105499081,0.057331862653452456,0.6584980185098971
3638,60376201012,116434,0.7626582218144128,0.048302872,0.7040158616558461
3639,60376201013,127443,0.589897772,0.023375142398089268,0.6281310181689257
3640,60376201011,123542,0.36435643203607493,0.018119068005875167,0.6645489157271353
3641,60376200013,164107,0.5738060739956146,0.00384369,0.6489425942662079
3642,60376200011,136967,0.5635876765249307,0,0.6600540968435158
3643,60379800281,0,0,0,0.1818180165290759
3644,60372380004,86548,0.085585582,0.016949151967825357,0.03196347
3645,60376011001,56920,0.31516587528357404,0.032938076,0.10951008582414937
3646,60376012021,64773,0.15647668231630382,0.010289990549204953,0.13210039542866317
3647,60376007023,116458,0.30661577413094293,0.032303370635283844,0.036363636
3648,60372772002,58132,0.39737273567532455,0.017569545862817778,0.27666314385783375
3649,60376001003,55167,0.177817962,0.029717681873612276,0.069860279
3650,60376014021,95421,0.22091194794880545,0.022779043,0.14990137968506653
3651,60376001002,58321,0.078410311,0,0.10638297803750497
3652,60376007042,72390,0.3530210430887913,0.070743405,0.050880625891189656
3653,60372384004,76855,0.16703056586211174,0.039728682,0.023478261
3654,60376014024,46351,0.15210355740932754,0.10572687069417223,0.17738589027607998
3655,60376012122,80677,0.22067900894013875,0,0.11747211808570916
3656,60376012123,46837,0.10507880818670046,0.015256587966320472,0.098445595
3657,60376010021,83438,0.1450053690117576,0.029215359,0.10755441672500374
3658,60376010022,31637,0.14244741737621971,0.088579794,0.082808716
3659,60372780011,113333,0.5936794515386067,0,0.4303278653251814
3660,60376012124,68194,0.2199999963333334,0,0.08834244
3661,60372384002,86250,0.2649371048354001,0.03343465,0.050589050238468124
3662,60372384001,101589,0.3180272054757278,0,0.059095106
3663,60372772001,58207,0.5331599410512362,0.051282050710345035,0.26908023220078053
3664,60372781021,132163,0.7792207665710915,0.012403100582897666,0.6771977928956348
3665,60372766061,144107,0.5675253663737286,0.018248175049283395,0.6279234540898408
3666,60372766052,88911,0.4626865631019617,0.18965517077883473,0.5882352854671282
3667,60372766062,95417,0.7385057428821509,0.016164994335758114,0.6642636423055426
3668,60372780012,105833,0.5684860909527694,0.024021352099454163,0.5078391240092766
3669,60372766072,178327,0.5385656219409253,0,0.5842696574506586
3670,60372766071,79679,0.5440329173330625,0.058574878873340105,0.5183630612887562
3671,60372766081,111331,0.6864353268994616,0.064760793,0.5754985727659137
3672,60372781023,153403,0.8630705274817355,0.057591622,0.7807953367527125
3673,60372766051,120861,0.7754415409971275,0.055508830483525395,0.6418966692010144
3674,60372766014,178250,0.7543655325452209,0.057113187361233775,0.7000964252642582
3675,60372764004,248494,0.6567796471021261,0.017578124656677255,0.6974999912812502
3676,60372766013,117500,0.7767694958844013,0.12121211927891358,0.6241457787682714
3677,60372766012,102438,0.6851351258765523,0.066885964,0.6075829326295457
3678,60372770002,146055,0.645320189,0.04147982,0.5933682321695617
3679,60372781022,197404,0.9103618346187349,0.036086608,0.730608835
3680,60372765003,114301,0.6157303301603334,0.004569688,0.652885438
3681,60372764003,210000,0.6410730745506654,0.058108108,0.7046511545970796
3682,60372765001,190739,0.6714285577259478,0.036024844496740094,0.5599173524797657
3683,60372764005,224773,0.7499999853515629,0,0.6662606496192369
3684,60372382003,60848,0.23464711058985233,0.061111111,0.034458509
3685,60372382002,38639,0.008465608,0.020263424313440484,0.047292666
3686,60372381003,80846,0.30742048926818927,0.057971014,0.035874439
3687,60372381002,0,0.00990099,0.06557377,0.059746079
3688,60376008023,44852,0.2352941150839421,0.10083159978345531,0.074001947
3689,60372383201,20481,0,0.065498154,0.075388026
3690,60376008013,167978,0.39204544340779995,0.1140583524122453,0.035346097
3691,60372760003,148482,0.5182767556360737,0.011523687432475194,0.5946372192851954
3692,60376008012,70208,0.38709676876442123,0.021879022,0.031070195269618007
3693,60376014011,50375,0.23020833093532989,0.084955751,0.076885165
3694,60376012111,50083,0.2783985076499208,0.020926756196362063,0.094951017
3695,60376008022,47101,0.3583724513556737,0,0.033156498233998695
3696,60372771003,128281,0.5387885171223324,0.065155807,0.47914893209234954
3697,60372382004,31225,0.072368421,0.10505050434309425,0.030769231
3698,60372760005,168724,0.7337110377661327,0.044817927,0.6225988630214818
3699,60372381004,76953,0.3392070434771359,0,0.041617122
3700,60372381001,0,0.12863070463170892,0.034321373,0.046554935
3701,60372382001,51591,0.3486165980346514,0.073291925,0.031982942
3702,60372383101,42337,0.026515151,0.079213817,0.046375506
3703,60372771001,160139,0.5342679044506558,0,0.5425287293962215
3704,60375401011,53792,0.14588235122491353,0,0.11621093636512758
3705,60372409011,46736,0.11406843961890445,0.077800829,0.074386502
3706,60375402022,47250,0.054288815914345104,0.026926648,0.17526501642922251
3707,60372411201,0,0.013801756,0.052690582,0.075125208
3708,60372409012,61250,0.10398860250728487,0.043478260372102284,0.10122038692591251
3709,60375402023,64773,0.1198501863681634,0.072390572,0.12315739361313649
3710,60372412021,46033,0.2363281203842164,0.046728971,0.059076261
3711,60372412022,0,0.15733590581722098,0.026220614591133683,0.085156249
3712,60375403004,64659,0.12587412411364862,0.058465285524174355,0.13234301058512485
3713,60375402024,67431,0.12673056308061167,0.040918163,0.17531978799608888
3714,60372426001,29131,0,0.13364595388457265,0.084639498
3715,60375403002,62563,0.051490514,0.058240396,0.14523076833704143
3716,60372409021,36136,0.10101009973472097,0.004223865,0.082146768
3717,60372412023,63750,0.037891268,0.004237288,0.088967971
3718,60372411203,49306,0.041984732,0.053691274,0.12113617275575461
3719,60372411101,69792,0.10662358556846861,0.023496889955100967,0.053905893
3720,60375404001,0,0.04537205,0.040673211,0.07707129
3721,60372431001,40262,0.042361110816936734,0.13878007756698335,0.11290992066039883
3722,60372411204,23688,0.16120576459756533,0.075471697,0.066945606
3723,60375402021,50750,0.007785467,0.062681369,0.15878787782552803
3724,60376016002,65461,0.16938110565275674,0.023437499771118166,0.071116656
3725,60376003041,55230,0.080815709,0.092706203,0.073794305
3726,60376016001,0,0.034123222,0.006666667,0.14891774762841778
3727,60376003021,77850,0.2442105237451524,0.010689990177939843,0.054464850826695055
3728,60376017001,50481,0.097382198,0.008984726,0.11799761550656963
3729,60376005011,78672,0.3588748752776443,0.022770398,0.046391752
3730,60376003033,55479,0,0.13467048581976615,0.049513704
3731,60376003043,52841,0.033898304,0.047619047,0.056410256
3732,60376003023,88173,0.2359999952800001,0.068518517,0.035714285369553234
3733,60376003032,31382,0.064718162,0.08030431,0.050724637
3734,60375361043,86622,0.2662473766640736,0.030567685322552968,0.1477419345306972
3735,60372430022,68917,0.05064782,0,0.11526147217042972
3736,60372427003,53375,0.083003952,0.069553805,0.069255966
3737,60372409022,0,0.019180470626151084,0.06215847,0.075101488
3738,60375361033,98125,0.092436974,0.029709655437477007,0.15015479798681736
3739,60372427002,49158,0.022268615,0.021461717,0.096595407
3740,60372420002,55923,0.09137931,0.073408239,0.089498189
3741,60375403001,70851,0.058174523,0.082859463,0.17030201199411063
3742,60372412025,0,0.23374340538236546,0.10062892955183737,0.076670317
3743,60375356073,96300,0.25354330309380624,0.007337526,0.09414466
3744,60375515021,77763,0.3090024305839219,0.006324111,0.21962313047678278
3745,60375510011,74688,0.2682926800817319,0.036939314,0.26662776973962793
3746,60375510013,75083,0.1708542692103735,0.013918629401299471,0.2664150923289427
3747,60375513002,71250,0.033279220509097235,0.003762227,0.3348129338312433
3748,60375515013,81000,0.16916916747578412,0,0.179365078
3749,60375042003,74279,0.10913500315978171,0.026119403,0.1729631307557436
3750,60375032013,121985,0.1528384257228759,0.025925926,0.34579438893256087
3751,60375515011,81792,0.23990306752905438,0.037433155,0.2558908629355483
3752,60375042002,102143,0.17872340172023543,0.061445782,0.23876240374336016
3753,60375510012,145694,0.4647159988861274,0.056027164,0.26447218769044056
3754,60375032021,103750,0.13273273193553914,0,0.29640571001277344
3755,60375513003,66250,0.2970450987788095,0.079289131,0.2463343096464599
3756,60375778001,105990,0.32205513380883294,0.029946523743887447,0.2327526116184487
3757,60375042001,52955,0.3320683101452615,0.02067403,0.19098949643175925
3758,60375033022,69356,0.1532882004193027,0.024666396988813597,0.25560685931528077
3759,60375510021,94286,0.24889543262963598,0.027760641408015783,0.2434456910603319
3760,60375032022,125455,0.17656249724121098,0.050295857,0.2409867149811507
3761,60375514022,87206,0.2089930322419694,0.026274303592883325,0.2792578483384498
3762,60375509013,83523,0.1547368404764543,0.11470860208410175,0.20423000525955054
3763,60375028012,97031,0.32380360271097824,0.019525065860026038,0.2754285698546939
3764,60375035011,85217,0.16431924786197624,0.045432575904144144,0.2911321790790174
3765,60590014014,47500,0.16004414834388359,0.080726538,0.253573647
3766,60375034011,0,0.3358490523792572,0.022946859626245656,0.41298342256226916
3767,60590011021,115962,0.3519553007084674,0.024549917765140462,0.3948075166087062
3768,60375035013,148625,0.19398340047735063,0.024347825875236297,0.354984892
3769,60590015061,87852,0.3192808411699886,0.011488250592750649,0.5223946761756333
3770,60375034014,0,0.4668769642448429,0.062682215,0.41032370594642426
3771,60375034015,83920,0.1987767563835193,0,0.4457593659055926
3772,60375034021,138594,0.3402597373137685,0.016613924,0.3962739154266167
3773,60590014013,77298,0.29888267738990676,0.068789808,0.41519569903917347
3774,60372408001,0,0.1235795436991542,0,0.078178693
3775,60375402012,42976,0.032148899625230126,0.099573256,0.11715088924882015
3776,60375359021,93641,0.10566037602942924,0.044004399955947196,0.1560188288095573
3777,60375358023,111701,0.23529411493317054,0.050534499,0.15370255038144026
3778,60375359022,110417,0.097461928,0.042749370974439475,0.21334431455235325
3779,60372430011,72102,0.0136,0.083224115,0.093086554
3780,60375358024,74426,0.099430018,0.026765376,0.1151898729316883
3781,60375359023,70119,0.128502414,0.10918114053613615,0.1941176456314879
3782,60372430012,0,0.1525423705309342,0.1466666648888889,0.078391274
3783,60375356074,70263,0.14913657536677277,0.032808399,0.16223908764479045
3784,60372408002,55500,0.091289781,0.1130653259229565,0.097423004
3785,60375359024,76510,0.10433244823755572,0.017647058693771627,0.1696551716337693
3786,60372412013,41818,0.1670329633619129,0.009584664,0.049219687
3787,60372411202,64457,0.065533979,0.045289854251995394,0.11347517657333864
3788,60372411102,62105,0.044776119,0.015454545314049589,0.090415912
3789,60372408003,62500,0.12390350741333873,0.016725351965445844,0.056446820817309444
3790,60372412012,54135,0.1442687718523958,0.030595812711822663,0.052376333
3791,60372430021,74583,0.050273223,0.034061135,0.059891106715722287
3792,60372420001,57650,0.15680165984629638,0.005708849,0.067649028
3793,60372420003,15370,0.039295392,0.079575596,0.1084220705864272
3794,60376018022,73281,0.19159455881836146,0.078579116,0.13502109609689805
3795,60376018021,75329,0.1628571405306123,0,0.1408345742113668
3796,60376015021,51389,0.089060987,0.11158072649374164,0.11543287279199968
3797,60376018023,70815,0.077611939,0.063360881,0.12014134169486447
3798,60376004002,108500,0.24454147403749021,0.15088756950036777,0.026073619231999707
3799,60376006013,70329,0.47079036991769124,0.023076922721893496,0.015810276
3800,60372412011,71691,0.2427807460665161,0.053649956,0.076551168
3801,60376015022,73393,0.2024096336768763,0.010775861836727116,0.069175991
3802,60376006012,122813,0.26810912259539865,0.027580071,0.048330404
3803,60376019002,52667,0.17029548856690913,0.082611592,0.094083414
3804,60376019001,63011,0.035190615629380556,0.0859375,0.072631231
3805,60376006021,59783,0.14810126488543504,0.041751527,0.06371308
3806,60376002022,28750,0.026724976,0.036262798480107515,0.057017544
3807,60372380006,96818,0.19347319121826118,0,0.036885245599301265
3808,60376002021,38452,0.10400866626209462,0.094995758,0.068758652
3809,60376015012,37472,0.095496894,0.038952746,0.096228239
3810,60376015011,65887,0.075839652,0.019607842954175135,0.12430167510962517
3811,60376018011,50191,0.08448928,0.026726058,0.084790209
3812,60376018012,58194,0.09090909,0.034670292,0.11647972339741275
3813,60376004001,0,0.1883365182759415,0.070069204,0.032038834640399666
3814,60375514023,132629,0.17895683292305006,0.091903719,0.2414062481140137
3815,60375028014,79688,0.3221809129841275,0.017391304158790172,0.23100303775833558
3816,60375361021,90119,0.14740673205271398,0,0.21076523858128898
3817,60375510023,80288,0.26201922447069176,0,0.30519480236368457
3818,60375033021,111250,0.27944325182608937,0.01975945,0.3253747899757091
3819,60375361022,0,0.1653786695102112,0.033069733766572726,0.22265407982979413
3820,60375514012,113580,0.45141065547704917,0.063781321,0.22880272591051243
3821,60375509012,121875,0.075546718,0.095798318,0.2816166847246847
3822,60375032023,68611,0.063862927,0.024745269,0.3154150172694465
3823,60375505022,102404,0.48923678103254836,0,0.2986725630677814
3824,60590014012,81677,0.2343324218755801,0.06553398,0.45405982420876256
3825,60590015013,165265,0.49951502910266704,0,0.5533262906371368
3826,60590011013,162386,0.3000906591106921,0.013676588787798965,0.4748201396149268
3827,60590011011,86719,0.3926829220404522,0,0.4624428447913596
3828,60590014021,104063,0.33615818892506416,0.010770505296019011,0.47444794653345146
3829,60590014011,109125,0.27986050322702266,0.057231245,0.4151975658650604
3830,60375034022,94000,0.34461910103241716,0.00927835,0.41308410957579994
3831,60590011014,114268,0.3297101409455297,0.1381267725815821,0.46570047859226593
3832,60590011012,139808,0.30664061901092543,0,0.5380492975557417
3833,60375002033,106979,0.30219391152021297,0.008684863,0.4969879496687265
3834,60375356072,49536,0.21324716941442376,0.033875338,0.10021321890395722
3835,60375402011,44808,0.015827337901764924,0.045454545,0.11089866050766099
3836,60375358022,91705,0.13477537213352128,0,0.1556728211652662
3837,60375356071,68697,0.13434247744236066,0.030473135280889053,0.079058031
3838,60375358021,56406,0.059429476549687194,0.033440514,0.1580756004692119
3839,60372405003,58958,0.05752561,0.10046607923114408,0.10698552481443975
3840,60375361042,47188,0.073746312,0.079046423,0.10629921176142353
3841,60372404022,63614,0.11045130510152845,0.053705692,0.066276803
3842,60372407002,59213,0.053864167,0.019963702,0.072788353
3843,60375361041,67273,0.2694704007870654,0.1264980009787217,0.16449885107498965
3844,60375361032,61901,0.10026666613191111,0.047182776,0.1737436689764563
3845,60372407005,112625,0.02640845,0.043417366,0.069380203
3846,60372406002,83200,0.11825922310066961,0.11414790905025797,0.096635029
3847,60372406003,61875,0.026315789109199596,0,0.072888283
3848,60372406004,50714,0.11492281106478884,0.04109589,0.084076433
3849,60372422021,52700,0.060906515,0.057208237331713534,0.071971616
3850,60372421001,27218,0.078900709,0.06838143,0.086503804
3851,60375359011,94764,0.1693925213856014,0.084291187,0.14585079508926407
3852,60375358033,52361,0.091612902,0.058700209,0.151431208
3853,60372405002,83580,0.055684454110389164,0.045719844,0.081221572
3854,60375028015,73167,0.13387423663541104,0,0.3150684902733471
3855,60375510022,130513,0.1783582076241925,0.057535959615159726,0.29289940611760795
3856,60375514021,68516,0.11267605435429483,0,0.2734177192116648
3857,60375509011,80692,0.228080228,0.043718362,0.2088407748811873
3858,60375029012,122123,0.18152349982969476,0.022672455,0.22631959426493276
3859,60375514011,49464,0.105215826,0.050176678090624184,0.16987487887451933
3860,60375028011,86806,0.28802588064641166,0.005194805,0.27065217097117206
3861,60375033023,91091,0.14871794681130837,0.012903225687527874,0.261285908
3862,60375509024,178403,0.3055028405027924,0.094855304,0.2788135569592072
3863,60375508014,52271,0.465085633,0.018518518289894835,0.30579296955562235
3864,60372423003,63214,0.1882911362612162,0.04638472,0.066898349
3865,60375359012,45938,0.13400758364086493,0.028768699323720375,0.20862201533008456
3866,60372404021,106429,0.18029903095603314,0.14144736725783416,0.064516128
3867,60375359013,45441,0.056418642220616176,0.009356081,0.1612349905018011
3868,60375361031,75795,0.12707181969414863,0.076419212,0.11682743711867699
3869,60375359014,79402,0.11699164236776563,0,0.18667591820488608
3870,60372405004,0,0.19496020961591234,0.045558086,0.078585461
3871,60372423002,0,0.080110496,0.18658280726852403,0.10244988788084716
3872,60375352003,60361,0.060180541,0.036195286,0.090301003
3873,60375358042,72931,0.11294659964292508,0.037178265,0.15334538823383223
3874,60376006011,54063,0.2990654112440682,0.031428571,0.031157269567399563
3875,60372404023,22685,0.045608107,0.13219284397833836,0.065884476
3876,60372380001,47857,0.1788756357942822,0,0.034759358
3877,60376002023,49050,0.16331096075085041,0.040053404,0.056074766
3878,60376002013,0,0.11382113636063193,0.031969309054100906,0.067211625
3879,60376002012,80203,0.048429318737836145,0.089126559,0.047734139
3880,60376012022,87059,0.13167701699780104,0.047318611,0.12467975982340086
3881,60376011002,63800,0.15949554777822295,0.13089295545816443,0.078688524
3882,60376014022,81458,0.15514993278813646,0.042203985437233464,0.1607875294439087
3883,60372774001,0,0,0,0
3884,60372407001,40809,0.052631578,0.070996978,0.076363636
3885,60375356061,67500,0.11548791302159434,0.098601398,0.1429350783255042
3886,60375358032,59375,0.010362694166286344,0,0.15111940204527735
3887,60372404011,76007,0.15628671966760613,0.006437768,0.076023391
3888,60372422022,39000,0.037252619,0.080380293,0.083451202
3889,60375358041,51129,0.052505966,0.083442838,0.1321603922579362
3890,60375356052,68327,0.10821484906623342,0.094795538,0.13509544720951813
3891,60372407003,95707,0.060860440074916686,0.029888983519308424,0.083517699
3892,60372405001,47813,0.074030551,0.081708449,0.039459459246165084
3893,60372407004,47375,0.19269521167890163,0.12487708825096275,0.052966101
3894,60375029011,95403,0.2230215804417104,0.053308823,0.26035502766009594
3895,60375505023,169457,0.395582325,0.011854360610886024,0.29465020333621234
3896,60375509023,0,0.47943831,0.15961199153781314,0.2237687342208915
3897,60375020051,115385,0.1038961028581808,0.00913242,0.2906976720041722
3898,60375029013,91944,0.2620370346107682,0,0.2359128457106473
3899,60375509022,71600,0.31038026402486885,0,0.18384766786705406
3900,60375508011,111711,0.19893047915582376,0.009298394,0.27820025172243185
3901,60375505024,116917,0.40712073673187715,0.088588587,0.3202247155030931
3902,60375509021,79583,0.2048979575110371,0.034854245659985766,0.17762512179771775
3903,60375027002,118816,0.23877068275684774,0,0.21372191734230772
3904,60376014023,77857,0.21612349543527454,0.050824175,0.15027829174138876
3905,60376012023,85347,0.26038500242771023,0.014383043040249486,0.1360069735308895
3906,60372774002,0,0,0,0
3907,60376011003,59517,0.1272030641593635,0.060188087,0.10091743075178054
3908,60372380005,0,0.44273127265714457,0.21365638531215436,0.035335689
3909,60376007021,0,0.3280871630982184,0.010514018568761465,0.0259887
3910,60372380002,85905,0.22809457262733557,0,0.054255318571751934
3911,60376007022,101652,0.19126328,0.025531915,0.034548944
3912,60372380003,93750,0.37147886669931574,0,0.038936372
3913,60376002011,48958,0.073049645,0.15341229467900566,0.072905894
3914,60590014031,157361,0.49273858410022214,0,0.5712230174732157
3915,60375034023,118478,0.5163511098734749,0.030789825558369135,0.34807691973002963
3916,60375033011,141667,0.14421768511268457,0.013065326501856015,0.36522538762442147
3917,60375033013,150974,0.343534054,0.006216696,0.3775834628173016
3918,60375002031,114732,0.33697347368216113,0.044098572709486736,0.533632281
3919,60375002032,174844,0.40339425060843015,0.023148147880229772,0.5133744803150774
3920,60375002022,0,0.4253897455369767,0.053061223,0.44662920721026395
3921,60375033012,109000,0.21028037055638052,0,0.40769903405337676
3922,60375002021,102838,0.39155469497975637,0.046224960766949756,0.44864864258582915
3923,60375001002,179922,0.4787822834060675,0,0.5306122412883522
3924,60375356051,60733,0.098454493,0.078316462,0.15257628738080897
3925,60372404012,36798,0.026641883354139508,0.04777241,0.056481481219993135
3926,60375356042,70100,0.13441558354275596,0.09984639,0.1629597939993165
3927,60372404013,43750,0.050274222575189924,0.037509377,0.078512396
3928,60375358031,51458,0.060790273,0,0.12765957364500596
3929,60372406001,44457,0.069579287,0.073243646,0.075396825
3930,60372422012,37431,0.015094339432775605,0.069743589,0.088777219
3931,60372422011,80438,0.12811171749780378,0.082825203,0.11968503874181083
3932,60372423001,49069,0.008390542,0.13052310751384913,0.079674796
3933,60375360002,42768,0.13875968884682413,0.053324555277652695,0.16234817748037172
3934,60375508022,136063,0.18693284597218066,0,0.20378151046447993
3935,60375506024,99219,0.1135057454956071,0,0.3139293106660155
3936,60375019002,138417,0.19955156503247612,0,0.3164251169513875
3937,60375020052,75556,0.14811407407438754,0.022888713315795475,0.2922279777604768
3938,60375508013,0,0.42902207525201774,0.041907514,0.30528375435143096
3939,60375505021,232282,0.4444444395061729,0.045119705,0.2518159785971269
3940,60375027003,87232,0.11764705709342564,0.017305315,0.22821270141644978
3941,60375505011,79404,0.30197628219781597,0.010031347899489982,0.2123373889536828
3942,60375020053,71080,0.12771084183480913,0,0.28124999774639425
3943,60375508021,62548,0.21776155452844825,0.070408163,0.2505952366035998
3944,60375356041,51000,0.062605752,0.010498687595152968,0.14186666591004446
3945,60375352002,74474,0.065198237,0.1343705789648474,0.093873953
3946,60375357024,101250,0.10350318388930586,0.048458149,0.10903260230340672
3947,60375357021,67050,0.070605186,0.031818181456611576,0.14437689859895975
3948,60375354002,88700,0.1068301216564788,0.043611323308253076,0.17091988029127667
3949,60375357022,67750,0.094793056,0,0.13987635131471135
3950,60372403022,104569,0.063391441,0.091860464,0.076481835
3951,60372402002,74769,0.08266533,0.017326732601787406,0.086611195
3952,60372400201,79844,0.069182389,0.066229985,0.097337006
3953,60372400202,59698,0.042424242,0.015812776623575102,0.088848039
3954,60375506023,153047,0.29683697935721437,0,0.30828351572772406
3955,60375508012,124712,0.3638914839673388,0,0.3016488816522902
3956,60375019001,77981,0.20099255333756139,0.006896552,0.34065933816366784
3957,60375019003,94554,0.33848314131343904,0,0.32744107468483946
3958,60375505012,44625,0.24788732161608149,0.043859648773049056,0.23259623069126756
3959,60375027004,82279,0.11383161463130749,0.081099656,0.24096763983359207
3960,60375342023,0,0.143700786,0.041493775589263274,0.15252976076986785
3961,60375506022,80278,0.32504779493216457,0,0.2615384593030901
3962,60375026043,82969,0.12223515573649411,0.039256197941568205,0.20714285549886624
3963,60375342012,46172,0.011,0,0.1315789466617672
3964,60372400203,56250,0.088797813,0.069457659,0.063342318
3965,60375352001,71250,0.061190276,0.051546391439985496,0.10365853605864565
3966,60375354001,48456,0.043991416,0.040196882360977175,0.12356020877717168
3967,60375355031,67446,0.099277978,0.080969572,0.1202531640495647
3968,60375356031,61369,0.16374999795312503,0.050864699,0.10759493573603132
3969,60372402001,48929,0.038709676586888675,0.092352091,0.077872744
3970,60375357023,81277,0.089583332,0.019884009777265867,0.18354430186134704
3971,60372403012,0,0.10846560750912163,0.11111111026551666,0.056144728
3972,60375356032,46875,0.060327868,0.061688311,0.14342762015498295
3973,60375360001,39356,0.080385851,0.066904549,0.21178820967244547
3974,60375342032,43958,0.035349568,0.018880647209166237,0.14638250058114133
3975,60375026042,112617,0.095999999,0.009950249,0.24760076537811165
3976,60375026041,171190,0.235346357,0.027331189,0.2080882337640571
3977,60375020041,72250,0.2220916542644929,0.009821428,0.2826388869261188
3978,60375027001,88343,0.1578947356200098,0.005921053,0.1869158866026977
3979,60375507004,140324,0.22513811843731882,0.055624226753717844,0.22354339805536982
3980,60375506014,158594,0.4825112064348771,0.052461662207734766,0.22902990350816993
3981,60375019004,84598,0.3135135101241783,0.04757548,0.36963350398289524
3982,60375342011,67900,0.092972181,0.022768124489106506,0.1206751049760544
3983,60375026023,141125,0.11594202688510821,0.078582433,0.25878594042503245
3984,60376001001,45187,0.14565544879128353,0.073049938,0.055884286
3985,60376012121,0,0.20078739959854922,0.014832162,0.11767728613732124
3986,60376007031,93250,0.4889228381289317,0.07643312,0.030524505457762228
3987,60376007041,69205,0.5336721660270373,0.058682634,0.046039268476375975
3988,60372384003,70742,0.2935528080445431,0.13602014942040114,0.042887029
3989,60376014013,63773,0.1319164524297675,0.081821294,0.17050067543639597
3990,60376014012,50060,0.1572456304496852,0.036261079,0.13754152732530547
3991,60376010023,76889,0.24523339746723605,0.074635922,0.064480874
3992,60376010012,25110,0.19047618854634055,0,0.06352459
3993,60376012112,44737,0.15064934869286561,0.074074073,0.10092961420365462
3994,60372403021,34618,0.10224948770706045,0.2020275148296342,0.083655706
3995,60372403011,50607,0.14156285230393145,0.042887029,0.056188924623868694
3996,60375351021,84821,0.3127147712591964,0.036818851,0.1165587408273937
3997,60372402003,33375,0.073426573,0.28513237998846863,0.071396294
3998,60372400102,24730,0.019874476779555682,0.057746478466574096,0.082179544
3999,60372400101,50096,0.055727554,0.08490566,0.084863837
4000,60375351023,52813,0.11686143377526823,0.033986928,0.081269349
4001,60375353003,0,0.20341614590968718,0,0.1033457241386935
4002,60375353002,63681,0.027184465755490623,0.020578778002708825,0.12475506123608712
4003,60375343021,49500,0.056228373216017535,0.056973293,0.15538608124220168
4004,60375343012,55205,0.070827489,0.075461741,0.15480810627508362
4005,60375351022,58030,0.090725806,0.081170624,0.094780219
4006,60375355012,49545,0.052573932,0.040041067350707726,0.13082155870841675
4007,60375357011,63083,0.13786982166940934,0.057066666362311114,0.15610972490718342
4008,60375357012,59239,0.18442622761858374,0.042190305,0.14527844965966852
4009,60375343011,41131,0.028103044,0.071576763,0.14353612099079788
4010,60375357013,81898,0.092797783,0.047091412,0.11393060531366854
4011,60375348042,71641,0.12113821039725033,0.052407931640170456,0.1652679137167985
4012,60375343022,60972,0.12635735314553453,0.026058631709620264,0.14514066403362746
4013,60375355022,70924,0.15561643750347157,0.049559981243353486,0.14258627173839106
4014,60375002023,97143,0.583434828,0.027411167234404395,0.3802145365886229
4015,60375001001,186250,0.48108746476255954,0.017075773563759087,0.4993160020566621
4016,60374087031,201250,0.5255536582150455,0.055949008102344135,0.11237553289532701
4017,60375002024,86791,0.5912518764517063,0.036556603,0.4937798995810536
4018,60375017002,152917,0.40631162906683177,0.026521060428688605,0.37905843848166854
4019,60375002041,171029,0.5138816107182734,0.003003003,0.4784464341508901
4020,60375017001,0,0.546734948,0.032181168,0.4644870297126603
4021,60375002025,250001,0.42038834543312287,0.024280575,0.3596597791029175
4022,60375001003,201563,0.6391625537048947,0.006615215,0.5307402693759063
4023,60374087033,130188,0.6379928258244371,0.030328559137922838,0.10870988795867788
4024,60375506021,117784,0.16934306322126916,0.010101009973472097,0.3041191910243717
4025,60375342021,52885,0.052287581,0.073170731,0.14239779447681306
4026,60375342031,45244,0.016348773619226518,0.012121211998775637,0.14865900269226817
4027,60375342022,37381,0.054380663831107796,0.020227559794847538,0.15172786095179341
4028,60375017003,92625,0.45748987236855776,0,0.39906102911679786
4029,60375507005,105241,0.256218903,0.029644269,0.23003575548250443
4030,60375026032,90568,0.06637168,0.10395010178897918,0.19373776718456198
4031,60375020031,87986,0.18810810607450695,0.012864493886239333,0.24208303840898637
4032,60375507006,205716,0.3867595751435614,0.13798701074696412,0.2560439532302862
4033,60375020042,70000,0.10471204110163021,0.015457788,0.2658610261863254
4034,60375355021,58333,0.035409035192863036,0.023681378,0.13029006119690886
4035,60372383202,62125,0.11980830479539449,0.099656356,0.048289738
4036,60372398022,55972,0.096473028,0.081916537,0.10054559547509279
4037,60372398023,0,0.053781511701151065,0.09281437,0.08008658
4038,60372398021,55457,0.042553191112117104,0.025185185,0.083921568
4039,60372397022,35797,0.064270152,0.064593301,0.11589113155495057
4040,60372383203,25781,0.043999999,0.078291814,0.1096006787629509
4041,60375353004,61200,0.12214498389131098,0.029671210668234076,0.11442786006396982
4042,60372397023,49000,0.039529015647358993,0.019028871266214754,0.077350859
4043,60375353001,89531,0.055979643,0.039173013719553715,0.10350492823929393
4044,60375506013,172083,0.28553921218701944,0.017321015966270024,0.2245681360406129
4045,60375506012,114422,0.1958456944236544,0.065491183,0.1682974543219427
4046,60375023034,0,0.092772383,0,0.21863799087241945
4047,60375507003,132733,0.19695527881108205,0.012919896529544388,0.29432314153429573
4048,60375340013,55855,0.12962962696235336,0,0.11580594588571247
4049,60375026031,116379,0.20052631473407204,0.056344277,0.2335429759599875
4050,60375018023,95313,0.29347825796958243,0.049909255,0.4153732415715208
4051,60375506011,56596,0.23980649454176575,0.067816092,0.20898598429931578
4052,60375020032,59688,0.1478029274593485,0.11359026253965251,0.2499999981117825
4053,60375026022,57274,0.29301075006262767,0.02522154,0.19401041540357802
4054,60372397021,31971,0.12779552511508746,0.034852546,0.088527551
4055,60375344062,49545,0.011352885417664282,0.13112391836366052,0.17149758371257204
4056,60375345021,73594,0.2810945250323837,0.013986013888209694,0.19402228878408162
4057,60375351012,50781,0.053324968,0.040746195,0.096516007
4058,60375355011,46413,0.060150375,0.0241064,0.18499999897222222
4059,60375344053,45054,0.2520435932964088,0.043173862,0.17418032608421796
4060,60372398024,63750,0.096405227,0.13625303970495087,0.067299395
4061,60375344042,43281,0.065895953,0.081632652,0.17596101691412552
4062,60375351011,72911,0.094594594,0.071684587,0.098518995
4063,60375345013,67648,0.031921068,0.16061946831584303,0.11746453848641604
4064,60375348041,56875,0.046874999707031254,0.078330474,0.14338404728730267
4065,60375351014,63555,0.085614034,0.090487238,0.085642317
4066,60375351013,48073,0.1298026985482586,0.078970718,0.079184163
4067,60375344061,45054,0.015987210104019104,0.018273471844527586,0.17112546046528845
4068,60372383102,53582,0.045688178,0.026508226569889274,0.059665038
4069,60372398012,44130,0.056296295,0.064748201,0.057938299
4070,60372397012,36480,0.009852217,0.063860667,0.073451752
4071,60372398013,78333,0.12955974679799062,0.045454545,0.11461793924735932
4072,60372398011,66295,0.14217098806752174,0.022988505570969306,0.057462686138338166
4073,60375347002,93864,0.18495514020044762,0.049390243601279006,0.16834303775361018
4074,60375339022,64213,0.036082474,0.021739130299756954,0.13180692987743237
4075,60375017004,91094,0.34597155851545724,0.006613757,0.4150537589779166
4076,60375341024,52500,0.081123244,0,0.12415349793714449
4077,60375340022,81843,0.066666666,0.031767956,0.11350148283752609
4078,60375023035,59344,0.062274832412378626,0.039003759,0.18096947870387978
4079,60375023033,90286,0.18346252755910783,0.038548752,0.22174839848882305
4080,60375025001,66318,0.11652173811720228,0,0.21680497812860489
4081,60375018041,62417,0.20529100311861373,0.035454545,0.31006289113167995
4082,60375339021,40966,0.17103538551090836,0.055776892112823606,0.14343525115361846
4083,60375507001,133917,0.3238636317633007,0.062663185,0.2876447848682936
4084,60375344052,51728,0.015136225881571888,0.040617383910500536,0.16809881757197198
4085,60372397011,36964,0.021834061,0.081811541,0.091337907
4086,60375348033,76731,0.14105263058910436,0.068002428,0.20560747526296747
4087,60375344031,41987,0.070788912,0.039276088,0.13639526744469285
4088,60375344041,58977,0.042168674,0.044363636040991736,0.2131147528506162
4089,60375345022,67000,0.13984461554001537,0.019748653323620708,0.14619047549433106
4090,60375345012,85714,0.13232513927551723,0.08395802,0.1219147335683266
4091,60375349002,58947,0.046296295760459544,0.20833333136047982,0.1321839074129123
4092,60375348032,54261,0.018587360364468893,0.072336265,0.15724137822592152
4093,60375344051,62250,0.030789825558369135,0.039859319579609385,0.17854217707991665
4094,60375507002,98150,0.24267782088315454,0.062578222,0.2492211822478431
4095,60375023032,64706,0.16628959181962902,0.005902607,0.25525672246818226
4096,60375341012,42375,0.035849055927376305,0.039872407657537356,0.17568766481199943
4097,60375339014,0,0.028520499,0.035714285,0.12792792677542408
4098,60375341023,30648,0.008503401,0.07003891,0.1505243667456856
4099,60375340012,63750,0.070342205,0.013513513443276958,0.1331858401186467
4100,60375016003,119191,0.41184970503107365,0.14285714114217118,0.4383697769545748
4101,60375026021,70515,0.092018778,0.020579268,0.22215229564410136
4102,60375018021,77096,0.3976833925652073,0.060475161333961545,0.3967093199569532
4103,60375340021,56981,0.052745664358774105,0.029841269651801464,0.16139467950612982
4104,60376008021,113375,0.3417721446883514,0.072580644,0.075406032
4105,60372771002,177132,0.621023505,0.084134614,0.5648148090039629
4106,60372760004,175594,0.686378029,0.027253668,0.5792531072261153
4107,60376013024,71190,0.41422833956266014,0.033604888,0.11151515106458523
4108,60376013021,2499,0.35842292622140054,0,0.096433288
4109,60376010011,0,0.37072502912824856,0.092838195,0.062962962
4110,60376008014,137639,0.4078091017828828,0.12830956968819615,0.052878965
4111,60376008011,0,0.47957639213954023,0.021645021332683676,0.032218091
4112,60372378003,0,0.052845527,0.12499999770220593,0.052219320467110704
4113,60376009023,59299,0.2019230744961169,0.080065359,0.1162227593525201
4114,60372766011,232188,0.7852028545918514,0,0.5781249946863511
4115,60372770001,0,0.5444964807436009,0.045197739748202265,0.6482059231809211
4116,60372764002,205156,0.8464818582839689,0,0.6662515483654851
4117,60372756042,166329,0.7894002679302613,0.10676156456985096,0.5816485180276165
4118,60372770005,158476,0.7206959640961909,0.01888412,0.6644359401105551
4119,60372765002,0,0.7222221649030027,0.063213345,0.5490716151242885
4120,60377029002,115394,0.7627612991601297,0.1147690895529534,0.7660594414635364
4121,60372742022,162059,0.7109704491356446,0.038617885,0.8063241027043073
4122,60372764001,205556,0.7460629774397052,0,0.6760736113365201
4123,60372756041,148371,0.9113652543862384,0.039243167,0.5680680652248845
4124,60372352023,0,0.35984354159265264,0.040322580180615436,0.051478641276247086
4125,60372379002,88393,0.3356643297960782,0.062968515,0.041704442051636974
4126,60372379003,81406,0.4120805313814694,0.091612902,0.056415928579469816
4127,60372378002,39091,0.33530280154648745,0.063885266,0.060156931
4128,60372760002,142214,0.830131438,0.102123356,0.6618444786451675
4129,60372378004,88381,0.3149171212722446,0.10876132766221559,0.045689655
4130,60376009022,46986,0.14285714148746748,0.09868421,0.094317516
4131,60376013023,68737,0.3634053321041254,0.016498625,0.091938707
4132,60372761021,75923,0.5080128177990768,0.077410593,0.2948992700604403
4133,60376009024,61019,0.22621902297187033,0.053097345,0.070388349
4134,60372352013,43375,0.20781249675292976,0.057534245787202114,0.077653149
4135,60372760001,129870,0.7169614947088372,0.052681537481340586,0.4628959255072582
4136,60372761011,118694,0.7199576457387102,0.06184669,0.26853559473059535
4137,60376009122,68795,0.17989417870440358,0.015572858645312243,0.1402051776247915
4138,60372761012,105268,0.8683853342145816,0,0.3429367997868327
4139,60376013033,38158,0.2563364040533617,0.08294283,0.095192765
4140,60372373003,0,0.1502958562095165,0,0.088475836
4141,60372352021,25208,0.15517241212098695,0.081834532,0.058139534642277675
4142,60372352011,62328,0.095166162,0.016741071241729116,0.093121692
4143,60372374023,92941,0.070901033,0,0.081347575
4144,60372742021,140234,0.6270411454798096,0.11794228282344867,0.7240802645314369
4145,60372756043,187392,0.8586716479383869,0.022076171179514374,0.5512714199125602
4146,60372770004,181458,0.7081447803587154,0.011312216938637626,0.6938239067828659
4147,60377029004,235021,0.9395348749810709,0,0.7399425251918461
4148,60372742024,139063,0.673942692,0,0.8082386248829742
4149,60372756052,117576,0.7843704718931225,0.086503067,0.46226414886673783
4150,60377029003,136218,0.6502242125959061,0.069575028,0.7159802282834259
4151,60372770003,138923,0.7530064685198292,0.021739130253017307,0.5948644750722933
4152,60372742023,250001,0.7123966824397243,0.17370891746934403,0.7610062797357701
4153,60372753121,146389,0.8282379053460928,0.012325830587750105,0.6683325730652767
4154,60376009112,82375,0.1527581318758265,0,0.18366228
4155,60372761022,92773,0.36046511029127726,0.020061728,0.16990787953011383
4156,60372349021,31069,0.069277107,0.011661807410177735,0.067768594
4157,60376009123,72639,0.5407554564462136,0.027124773,0.12455934048696428
4158,60377030031,84598,0.6492737996273599,0.13407257996939223,0.4201826862975959
4159,60372374012,44357,0.181628389,0.017123287378025903,0.063411078
4160,60372374021,60313,0.18445322550127502,0.047381546,0.066022544
4161,60376013011,91985,0.6342668758769873,0.12425149514593571,0.22397094159841477
4162,60372375001,48398,0.12102874249578302,0.045882352401384094,0.054873645813186676
4163,60372348004,60568,0.18721460759784003,0.10065645293968375,0.059459459
4164,60372348003,67262,0.10290827510272316,0.023294509,0.084112149
4165,60372373005,85625,0.1736745854904098,0.061120542256017964,0.096650717
4166,60372349011,46269,0.10898379810038589,0.11925465690366886,0.082938388
4167,60372348002,83346,0.12189616115241353,0.11752987930747133,0.062244897
4168,60377030023,149167,0.5813765158648724,0.050077041,0.14280047543514288
4169,60372349022,38323,0.261638731,0.11052233073033815,0.072364316
4170,60372349023,17386,0.060583941,0.051435406390936564,0.10877192906124962
4171,60372349012,46554,0.203463202,0.13121629639774537,0.061513337
4172,60372372013,86895,0.049645389,0.10814419081249411,0.091011235
4173,60372348001,55670,0.24125873704093118,0.012422360055553416,0.12124999848437502
4174,60372756051,139875,0.7236180831797178,0.076628352,0.5033210294957857
4175,60377029001,131027,0.8390804540968191,0.19154107831044687,0.729894262
4176,60372739025,159191,0.6848552262265565,0.10913140190276836,0.7772828421237991
4177,60372739024,172266,0.8999999865671644,0.096503495,0.7260725992731287
4178,60372739022,150882,0.7247474564457713,0.064202333,0.7841190969712271
4179,60372756033,135365,0.5334506948336145,0.037414965,0.444582809
4180,60372741003,250001,0.9539822840003136,0,0.6849161934646235
4181,60372753114,92083,0.7766768233484999,0.029243937023937683,0.5061307867429783
4182,60372739023,193983,0.7777777677289694,0.023227384,0.8126983997984382
4183,60372753132,67191,0.5680245920981969,0.037389531,0.49968132250043773
4184,60372371011,69632,0.03776683,0.1357868003072741,0.074142724
4185,60372351004,125625,0.5249662547238022,0.022421524,0.1585144913178035
4186,60372372023,0,0.12836438790513055,0.16650987613819496,0.10190555010848758
4187,60372372024,37218,0.066242037,0.11657142723918369,0.058639561699456125
4188,60377030032,122167,0.6412966832889593,0.020435967,0.380876913
4189,60377030021,121154,0.4715447077797609,0.077165353,0.134519572
4190,60372372012,52778,0.12911843161960435,0.024642289,0.05788712
4191,60372351003,78478,0.3701067571754833,0.06111111,0.12684124282453976
4192,60372351002,95268,0.41460395526480254,0.087680354,0.12169312061999012
4193,60372351001,95909,0.3180661537141711,0.10883620572374779,0.12845528350849364
4194,60372756031,122727,0.4879725002066581,0.047308319,0.3872491099498334
4195,60372741001,118925,0.8056680053216194,0,0.6454183224075809
4196,60372741002,98673,0.8577154136730378,0.097649184,0.7273631768421575
4197,60372735023,75714,0.5808720030819691,0.042936287,0.7408602070875246
4198,60372753131,114423,0.5799442864627059,0,0.7340182606505807
4199,60372739021,115139,0.7237762153406035,0.023310023,0.7410627947723402
4200,60372735021,103963,0.7399219669711058,0.019826517722100152,0.7707150877330864
4201,60372753113,91875,0.41674876436700725,0.002712477,0.4379844927288024
4202,60372756032,114219,0.5469348606615435,0.010647737261333298,0.4727104489110967
4203,60372755003,111032,0.43213295800369866,0.009247028,0.4347274976587136
4204,60375350023,70234,0.060897435,0.040094339149830904,0.092682926
4205,60372377201,36034,0.050122249,0.037683823,0.052903225
4206,60372395023,66875,0.11675126706004625,0.025537634,0.11638733597404716
4207,60372395021,48043,0.07913669,0.088580575,0.10023309945428828
4208,60372377202,47500,0.09540636,0.014649190326528987,0.0609375
4209,60372396022,40714,0.040437158,0.11693894998332803,0.078607523
4210,60372395022,67031,0.037089871,0,0.076347305
4211,60375350013,42619,0.12220309600338906,0.1678420286623127,0.08259587
4212,60372396021,57604,0.094507269,0.034217876856020416,0.093786635
4213,60375347001,70993,0.1108786603146537,0.060319337,0.1802613781871952
4214,60375345011,39255,0.080091532,0.060434371,0.13140161636521822
4215,60375349001,69118,0.029654035755287717,0.064558629,0.15520628531231548
4216,60375349004,69891,0.045794392,0,0.1673899555648484
4217,60375350021,46875,0.085766423,0.10667752356125795,0.08561151
4218,60375348022,52000,0.048449611,0.044701986,0.13802315104164603
4219,60375348021,78750,0.06400665,0.007818053,0.1546454758273504
4220,60375338034,37273,0.065389696,0.022684309911699858,0.203768623
4221,60375350012,41250,0.10719322838937619,0.033047735,0.10736677031844225
4222,60375336033,27396,0.021327014,0.043656207069193674,0.2065589808783212
4223,60375338043,59653,0.062365590727251716,0.040256175,0.16170763155428441
4224,60375338061,71701,0.078295342,0.059629629408779146,0.18345597517519416
4225,60375348031,61449,0.067985166,0.053589484,0.14098750659733786
4226,60375336032,60625,0.035830619,0.080479451,0.21518987237005902
4227,60372377102,48938,0.059982861525425354,0.044696464011364484,0.067598017
4228,60372396012,47614,0.077504725,0.030115829883275446,0.11410984794455563
4229,60375350011,66023,0.038669064,0.023272727103471075,0.1394736832929363
4230,60375350022,42650,0.14213197608802092,0.005366726,0.0730897
4231,60375338051,57232,0.08899579,0,0.1788856297491176
4232,60375349003,66914,0.029045643,0.077403245,0.12352168118579711
4233,60372395013,68333,0.018433179511138487,0.051376146317650036,0.11472982890651497
4234,60375023031,63475,0.033766233327711254,0,0.2572751305735772
4235,60375018031,62292,0.13037036940466393,0.072088724,0.23481257977245762
4236,60375340011,61354,0.14157851796925536,0.12563176804598003,0.146800501
4237,60375024021,76000,0.14705882249958807,0.029262086327849324,0.218122625
4238,60375339013,64063,0.063775509,0.031822565,0.1506322146749191
4239,60375021002,70099,0.2864658044645346,0.025332760732791924,0.2628499780073131
4240,60375018022,70833,0.38262909899931696,0.025477706465441476,0.3390514597472103
4241,60375021001,0,0.15859030604125837,0.013215859,0.32179053782271505
4242,60375341022,42434,0.041168658,0.075107295,0.12527716116808668
4243,60375024013,69844,0.075533661,0.052631578557215876,0.15130889973136702
4244,60372379004,55158,0.30383480377824773,0.1540153998458152,0.057247258742420724
4245,60372377101,43415,0.084259258,0.044457275,0.081782289
4246,60372352012,83125,0.21893490692436082,0.047077921,0.091799264
4247,60372352022,37422,0.1435239189787174,0.042639593475740166,0.030470913916406415
4248,60372379001,0,0.26631158100783514,0.06600249,0.062360801087296205
4249,60376013032,60350,0.24444444197530868,0.13839662330466984,0.081157374
4250,60376013031,62292,0.3905817138450442,0.064191802,0.092297015
4251,60372378001,67446,0.13516067925178943,0.019171779,0.08399366
4252,60376009021,0,0.17920791901774338,0.051628276,0.1123188397658055
4253,60376013022,92542,0.4585947273613882,0.088832487,0.12134502864841602
4254,60372395011,58708,0.028811524263967297,0.085339168,0.094715168
4255,60372396011,72500,0.052292839,0.009150327,0.092165898
4256,60372395012,40625,0.10549450317594498,0,0.10126582179877486
4257,60375336031,63889,0.08913649,0.11514522761854135,0.13240418052561384
4258,60375338032,66481,0.17781402646306646,0.056647398,0.25052047015599954
4259,60375332043,58542,0.098437498,0.1259259243712849,0.13262099225253934
4260,60375331081,60688,0.10574948556725375,0.076539101,0.11042470957200996
4261,60375331082,43071,0.071548821,0.11771630301520716,0.12280701697688357
4262,60375338042,57102,0.097107437,0.049327354,0.1484806619580065
4263,60375338033,76771,0.045255474,0,0.19162790519415904
4264,60375018042,50242,0.08695652,0.042301184,0.23135463879216683
4265,60375018032,57500,0.097023809,0.023268697932029375,0.23372780966302698
4266,60375323041,49674,0.13638577624751202,0.012562814,0.16085885195051441
4267,60375022001,120107,0.18308080576918176,0.04906542,0.2326775001481822
4268,60375016002,51476,0.18689580894848756,0,0.31860299131430514
4269,60375339012,51667,0.046345811,0.026332690903450928,0.13085166310856367
4270,60375024022,91667,0.15931372418861336,0.055316091556637276,0.24563206451370984
4271,60375022002,118000,0.2207001505273961,0.04990403,0.2698145010128471
4272,60375024012,72589,0.040660736,0.080164439,0.18665540382892395
4273,60375341021,70694,0.025096524854280648,0.058629232,0.15890688098272387
4274,60372393103,55673,0.049707602,0.006944444,0.069727891
4275,60375336023,28489,0.026584867,0.09205776,0.20804597462016122
4276,60375331042,42972,0.048248512569408375,0.050799086468041744,0.1473551631093402
4277,60375331041,56250,0.073983739,0.034937376170485326,0.14730694258723592
4278,60372393202,51607,0.10790774210949142,0.091032608,0.074440395
4279,60372393302,61875,0,0.030573248018175184,0.1247030871454686
4280,60375331031,46316,0.060686015,0.03131524,0.16643159262036958
4281,60375336022,55211,0.13239601562743986,0.071557971,0.2740989091613625
4282,60375329002,35167,0.042048929,0.027762656354041064,0.12349272297924023
4283,60372376002,53268,0.029299362684084552,0.006256517,0.083769633
4284,60375016004,165089,0.35674675865532796,0.023192359847307505,0.35846867333563026
4285,60374087032,114375,0.5154791129460486,0.076576576,0.035347307705107654
4286,60374087222,137332,0.27954879705959396,0.018850987348065586,0.12769009981975082
4287,60374087221,81493,0.29899135231274243,0.069582505,0.14864864800065977
4288,60374086271,120707,0.47572078546494095,0.038861901187634273,0.1502293569367583
4289,60374086272,87174,0.3797139092364901,0.03969129,0.16108007298808127
4290,60374086291,95000,0.48817966326028767,0.078217821,0.16238159565371046
4291,60374087072,137852,0.628308393,0.034810126,0.1361815745248226
4292,60375016001,119176,0.5058635367491283,0.003388554,0.3777701998712233
4293,60374087251,89583,0.38560410815418883,0.036188178091819324,0.11670313554556429
4294,60372374011,101146,0.19678714596001143,0.061915887127150855,0.1102661586476601
4295,60372375002,29890,0.14257812360763553,0.025384615189349116,0.099252209
4296,60376009121,83125,0.1900561331992291,0.057393653,0.1239015811779368
4297,60376013012,59000,0.4784810066015063,0.037514654,0.22261483902283713
4298,60376009111,75950,0.24439461700751408,0.038354254,0.1268861445343886
4299,60372373001,0,0.1917989392619188,0,0.069977426
4300,60372373002,96125,0.055172413,0.010130245946959146,0.076356945
4301,60372374022,103831,0.099165893,0.057312252586875806,0.027095681
4302,60372374013,67411,0.12472647611432185,0.020169161,0.087248321
4303,60372373004,75444,0.14932126527917122,0,0.065068493
4304,60372376004,24569,0.087431692,0.064935064,0.06722689
4305,60375329001,53472,0.079365079,0.13730355552271667,0.081002331
4306,60375331032,55737,0.028207461,0.020895522,0.2049586765567015
4307,60375330022,45995,0.10732984152709632,0.068403908,0.16018662394878208
4308,60375330012,59884,0.070247933,0.11214333037728381,0.11074301887958816
4309,60375330021,53185,0.045261668383851934,0.03800475,0.14944649308628696
4310,60375336021,58434,0.088709676,0.015037593796521382,0.16628959181962902
4311,60375332042,65972,0.076294277,0.061653116113461276,0.1284098461183643
4312,60372376003,49489,0.19661733199540526,0.0755627,0.09818875
4313,60372393101,50990,0.066954643,0.055009823,0.096860387
4314,60375332041,84063,0.14384508791362258,0.029655990158291932,0.15157292515183104
4315,60375338052,101250,0.22584692313868354,0,0.11663652697435328
4316,60372393301,45469,0.072512647,0.068965517,0.098841698
4317,60375338041,55547,0.016920473486963225,0.012224938725856496,0.16005983425534903
4318,60375331083,51000,0.023017902518952655,0.055093555,0.18779904193900096
4319,60375338031,42656,0.1629955923201822,0,0.16543574471613187
4320,60372393102,76250,0.059936908,0.048113207,0.12002945419713215
4321,60375336013,0,0.1630434738303404,0.094505492,0.18083003773883363
4322,60375326063,43657,0.02085308,0.078416148,0.10483271297522147
4323,60375336012,61776,0.052019922235639615,0.031651829714877205,0.1718403538146322
4324,60375341011,90466,0.14925372931813122,0.013544017905823725,0.12846865232817417
4325,60375021003,87500,0.17085020104574736,0.015243902,0.33488681534695863
4326,60375339011,33819,0.081936684,0,0.13597246010350722
4327,60375022003,149150,0.16275659704723902,0.019218449588606985,0.23816460132436562
4328,60375015041,36613,0.1520119213709991,0,0.34572169104821354
4329,60375015043,42241,0.128731341,0.027272726776859515,0.23916666467361114
4330,60375022004,78333,0.1472275325224504,0.019261637,0.2481447112794772
4331,60375014002,67647,0.13002363912501608,0.026143790605566847,0.26433914992236784
4332,60375025002,100250,0.15222929839344396,0.040042149420220496,0.19808743079195157
4333,60375024011,89625,0.2225680916531666,0.021907216353690615,0.16924910507002916
4334,60372393201,44879,0.055908513,0.015518913525519753,0.068421052
4335,60375336011,49479,0.069551776,0,0.13141426701242637
4336,60372376001,58393,0.036659877,0.17839607055322365,0.068265682
4337,60375329003,45426,0.055602358419525204,0.025148907841502928,0.12472060739955025
4338,60375326051,67344,0.040253019,0.065393988,0.18888365431519707
4339,60375326074,45257,0.212475629,0.017322834372868752,0.10224718986239113
4340,60375326073,57740,0.1044386395707927,0.17718940575988992,0.125999999
4341,60375332012,49609,0.07590759,0.070725156,0.094822208
4342,60375332011,85167,0.066790351,0.12423312692893977,0.11011010900790683
4343,60375326071,45417,0.14111365262308426,0.027027026848866008,0.11655773356994699
4344,60375010023,104926,0.30641592581398314,0.035938904,0.27557411129658604
4345,60375015042,78750,0.29945552995543506,0.066884175,0.32788225406474036
4346,60375008003,117602,0.24277016558013573,0.021786492,0.1870646756862454
4347,60375010021,103571,0.242718444,0.005956813,0.23813420427058754
4348,60375322003,73875,0.14013950450133478,0.054435484,0.19243013727474303
4349,60375008001,84702,0.1937602595441665,0,0.18916349630072724
4350,60375016005,0,0.612716745,0.048593349,0.46130500058717755
4351,60375015033,78750,0.455037915,0.019249277966801946,0.35390199422926805
4352,60375015034,74286,0.11147274115970104,0.10259917850479358,0.2665051467807078
4353,60375014001,57621,0.47201491656688593,0.052950075,0.3141399394013124
4354,60372371013,62614,0.11206896358501788,0.035450516,0.053606237
4355,60375330011,58810,0.055587067183283795,0.060559796129466686,0.12252794444313006
4356,60375331051,45990,0.13043478184233384,0.083169291,0.13949649137640738
4357,60375326075,44722,0.028145694898250084,0.082410823,0.14325323342649507
4358,60375335043,57321,0.032653061,0.047916666167534726,0.12849650237328233
4359,60375337032,67434,0.14074073969821674,0.061776061435322334,0.12024291449294365
4360,60375326062,31944,0.097920276,0.054198472868713946,0.13954802181046316
4361,60375337022,0,0.034943473,0.075542964,0.096230954
4362,60375337021,67817,0.043478261,0.050310909834308026,0.11579934310455066
4363,60372392012,46917,0.13211008931908094,0.02853067,0.074391988
4364,60374085033,133147,0.4333529040907052,0.023314749,0.2167243927920614
4365,60374086263,114643,0.5414884470360269,0.032051282,0.089901477
4366,60374085032,183393,0.32699619357419274,0.048628428321341295,0.19299820293538417
4367,60374087241,58375,0.2051886776321645,0.011801242162725205,0.087227414
4368,60374086251,131380,0.5105485178212181,0.009680542,0.18918918768530057
4369,60374086282,114598,0.5900349598773168,0.015838732787338137,0.1220125778489775
4370,60374087242,56146,0.21355397782857385,0.059052563,0.10943396180530833
4371,60374086261,101667,0.3905380297723745,0.052050473,0.08108108
4372,60374086262,76250,0.5568039880548815,0.008810573,0.12428571339795919
4373,60374086283,50758,0.4171465104469193,0.019881783880269833,0.089193825
4374,60372392023,63575,0.013089005064280039,0,0.066619418
4375,60372371012,38963,0.09386973,0.040688575,0.071428571
4376,60375334032,66389,0.069373941,0.014164305748380939,0.1719260046580413
4377,60372371022,32128,0.15715467198383232,0.025048169395965516,0.060543868
4378,60375327002,53021,0.063520871,0.060171919,0.11401869087838822
4379,60375337031,0,0.025414364360062273,0.077933449,0.16817010200921326
4380,60375335012,94175,0.047244093956759346,0.089285713,0.13960546176323627
4381,60372392021,50500,0.023431595,0.085003035,0.092957746
4382,60375335041,51528,0.020661156811351687,0.014842300418902594,0.13210445367047272
4383,60372371021,53438,0.037667071231262804,0.065236051,0.063245823
4384,60377030022,159468,0.437026838,0.00313087,0.17163009269882373
4385,60377031005,114178,0.6414473578709317,0,0.12875536342537164
4386,60377031006,81167,0.36609336159590466,0.13507853261697872,0.10274963671852914
4387,60372372022,84583,0.11191335538062536,0.068376067,0.050913837
4388,60372371014,35313,0.13504273273431228,0.11516853770830705,0.077431538
4389,60372372021,43802,0.048333333,0,0.11015490438765142
4390,60372347004,115357,0.31444758761405683,0.016194331765258682,0.1058823518087449
4391,60372347003,33152,0.090099009,0.093519277,0.048267326433989316
4392,60372347002,73500,0.13827655033513928,0.055755395,0.085820894
4393,60372347001,0,0.2624113413141527,0.065346533,0.092505854
4394,60372392013,0,0.047438329,0.060240963,0.12118320495054194
4395,60375326061,56705,0.096069867,0.047244093744187504,0.23168316602293895
4396,60375335042,70655,0.010817307562291977,0.024248302383624614,0.12767474944597182
4397,60375328002,47697,0.068906115,0.055279943,0.124934929
4398,60375326052,38068,0.046747967004593834,0.027288732154148485,0.18709295330317968
4399,60375328001,47917,0.05371248,0.033063007,0.11519929866316557
4400,60375335011,51181,0.087912087,0.0685413,0.1804878037775134
4401,60372392011,52115,0.14058956756701171,0.032755298,0.076474872
4402,60372392022,47733,0.026476578141786375,0.048653344,0.076096687
4403,60375326072,70972,0.2774049154942972,0,0.23476297703427793
4404,60375014003,77120,0.18757763742139583,0.013948497704415261,0.3245403651115878
4405,60375010022,100063,0.2637114931351503,0.073735955,0.2700688057908899
4406,60375008002,108929,0.13718140826700595,0.026959247479879326,0.20475561336523285
4407,60375323042,76058,0.17166494134782895,0.051204818763003826,0.184371182
4408,60375007005,87167,0.025684931,0.058823529,0.20993439353388574
4409,60375007004,56946,0.11771176988215876,0.033271718731314986,0.20810166633755628
4410,60375010012,72679,0.096634092,0.019160583766782997,0.20459905539741124
4411,60375015032,106745,0.3805970101915795,0.083937823,0.3989637254020243
4412,60375015031,65469,0.16714697165494277,0.009814613,0.3116769068333898
4413,60375013023,92113,0.2063758354634927,0,0.4155092544501244
4414,60375327001,63047,0.056353591,0.039962825,0.1304006274124067
4415,60375337012,61354,0.073293172,0.097686374,0.12896622247202547
4416,60375325003,80921,0.1778029424937379,0.061041292091191274,0.12199519157454813
4417,60375325002,47569,0.064935064,0.039090263,0.12325905206644114
4418,60375334022,67400,0.073051947,0.042659974,0.1563949625156066
4419,60375334021,36892,0.027992853,0.01364064,0.12870873326908175
4420,60375334031,51458,0.1075268807569276,0.028510335,0.11027434045038009
4421,60372291002,64107,0.051509769,0.038184438,0.135434909
4422,60375337011,0,0.045977011013824336,0.019947961665672493,0.11811651940848748
4423,60372328002,63889,0.10797799100427792,0.039044289,0.097666378
4424,60375013022,95483,0.2606951854231605,0.10394663644276467,0.2712532854020452
4425,60375010011,114440,0.1358950315286314,0.004246284,0.2773172548808044
4426,60375013012,92250,0.19147005270898318,0.027272727047332836,0.28509852041195494
4427,60375009002,95469,0.11787072093953459,0.089617485,0.29831932522420734
4428,60375322001,86579,0.2093415857662263,0.017777777689986285,0.17508933039770633
4429,60375322002,56375,0.073431241,0.011213047795993396,0.179260893
4430,60375009001,107316,0.073139974,0,0.23622641331149877
4431,60375007003,121855,0.31340871868483494,0,0.2285966440547516
4432,60375009003,53646,0.13123560912328772,0.006472492,0.2526141978392174
4433,60375013011,73438,0.23065133922872538,0.043891733402401364,0.3696275045155623
4434,60372294202,58864,0.077338129,0.083982684,0.098654708
4435,60372289002,24076,0.099050202,0,0.095808383
4436,60372289001,66392,0.12447078641430324,0.096480582,0.15753781868785696
4437,60372294101,60840,0.069279854,0.059466849,0.084176878
4438,60372294102,45694,0.025936599174480317,0.044776119068834934,0.120451693
4439,60372327021,73480,0.12282608628898867,0.028531337565335182,0.093232541
4440,60372327022,44020,0.027638190723298237,0.070916905,0.096187174
4441,60375333001,33382,0.058925476,0,0.13025209974578067
4442,60375325001,45372,0.17728531364860628,0,0.11246612313731541
4443,60375334012,90859,0.27249682797849395,0.044847328,0.16912235637974146
4444,60375334013,53981,0.019977802220002196,0.008077544,0.15128006088999177
4445,60372291001,65089,0.057176891,0.040806529,0.11672597823229189
4446,60375333002,46250,0.1165587408273937,0.038601602,0.12108980766352266
4447,60375334011,41168,0.151431208,0.017282010861885227,0.11494252810649958
4448,60372328001,50313,0.035653649952006365,0.076601671,0.090116279
4449,60372294201,47417,0.09642857,0.027538726096912856,0.11131059196000631
4450,60372287203,55232,0.028240405298766074,0.074142156,0.094690749
4451,60372287102,55750,0.048780487,0.044296787992283634,0.14723557603824775
4452,60372321202,77674,0.18526785507513555,0.10483870862057754,0.086885245
4453,60372288001,49250,0.020712510184651946,0.013855421603280594,0.12777476920533423
4454,60377031002,130058,0.6641437969333605,0,0.085049238
4455,60377032004,69186,0.3352112581630632,0.067532466,0.11194029731406933
4456,60372324021,0,0.3229018446244403,0.055057617732937034,0.077402135
4457,60372323001,55052,0.090677965,0.020279720137904054,0.069607843
4458,60372345012,94653,0.2457027275459785,0.075837742,0.061260209677595046
4459,60372345011,76786,0.19674355228299115,0.11060947956422709,0.13649851530787452
4460,60372323002,101075,0.24408783577628518,0.054115853,0.077480086
4461,60372324012,88056,0.11984021145352582,0.12032355793403886,0.088874259
4462,60372321102,55125,0.098388464,0.078779276,0.098008385
4463,60372323003,143214,0.15924275991934567,0,0.094240837
4464,60375013021,141181,0.35538116193518876,0.065155807,0.37067668894228056
4465,60375007002,55776,0.15215398577310738,0.028081123025888277,0.23083403343863493
4466,60375012002,81750,0.19171304767029657,0.034174553,0.24152542270540073
4467,60375321021,100268,0.2678169522294302,0.030529595,0.20310825185901257
4468,60375007006,83636,0.20356233578721794,0.08108108,0.263233187
4469,60375009004,18642,0.1387795261931149,0,0.18897637646475293
4470,60375321022,90625,0.27321981212678165,0.019164955,0.1914677491545569
4471,60375323032,56161,0.10642439904980923,0.055255255,0.19330224589528508
4472,60375007001,109375,0.16722407840329903,0.024042742439512533,0.23443815493582737
4473,60375320022,72250,0.11359404026322756,0.026096033266722166,0.2103929015192526
4474,60372293001,54189,0.046206896,0.092574257,0.084989429
4475,60372293003,54917,0.072463767,0.00728863,0.11822946931724246
4476,60372293002,63302,0.19088318816405717,0.074589127,0.083974358
4477,60372292002,47533,0.050471436214800686,0.0587473,0.096902017
4478,60372319011,49271,0.057377049,0.066076043,0.079533017
4479,60372292001,52109,0.032537961,0.004612546,0.1263440853422361
4480,60372288003,33984,0.046370966807036965,0.079032257,0.094478527
4481,60379800161,69345,0.13402061164842208,0.040650405,0.23873872798474197
4482,60372321201,32083,0.027338129103048503,0.065789473,0.092006032
4483,60372287202,63542,0.051934826355042506,0.11659918933927782,0.13660834362982271
4484,60374085042,95446,0.3886039863897209,0.040944882,0.19497982879883535
4485,60374082122,55313,0.34051143781620835,0.015883100280285257,0.11891643655226612
4486,60374086231,93036,0.44176523911844745,0.024040326,0.14355628011890284
4487,60374086313,121786,0.2220969547796113,0.033816424957408574,0.1809475797331271
4488,60374085043,82083,0.20300751625303864,0.082146768,0.16723549373900687
4489,60374085052,103317,0.3663943947911973,0.032734952,0.2288261498601326
4490,60374086312,68523,0.15780730634871584,0.021994134574866063,0.19248120156029172
4491,60374086311,69673,0.16220472313224626,0.055325034195539184,0.16091281356984896
4492,60374084022,134804,0.4075531045825877,0.017817371805364725,0.24789915792787706
4493,60374085051,116845,0.48739495286349843,0.017208413,0.17362637235438555
4494,60372319022,51722,0.093049326,0.026532479171706504,0.10042734989087954
4495,60372321203,56779,0.1535745794035783,0.031907671202256134,0.084917104
4496,60372287101,45694,0.061784896671711116,0.029878617974422882,0.090275087
4497,60372288002,77750,0.14102563989562789,0.063182079,0.10035842248943358
4498,60372285002,32500,0.010882708,0.08169014,0.089950027
4499,60372286002,45700,0.081322609,0.034702549,0.069161534
4500,60372319021,32571,0.019980019780419384,0.064313725,0.08732612
4501,60372287201,42321,0.014240506103789461,0.035851472012145044,0.10360776962434996
4502,60372285001,26856,0.008928571,0.042196532,0.097816196
4503,60372318002,43900,0.036458333,0.082974137,0.11392404932193269
4504,60372372011,47308,0.015132408384206705,0.027992278,0.11224489707814053
4505,60377030034,105238,0.8274547108917568,0.026863084689228035,0.3685464625214737
4506,60372346002,0,0.10964082968542856,0.20657894465027704,0.067940551
4507,60372325004,0,0.20779220239500773,0,0.07639569
4508,60372325002,51553,0.062370061721724934,0.068965517,0.052109181
4509,60377030033,0,0.49122805940289344,0,0.43686006080443585
4510,60377032006,51225,0.39677891073530147,0.056753688,0.065514103
4511,60377031003,227742,0.834498825,0.065628475,0.11825922310066961
4512,60372346001,0,0.10242587463037905,0.013698629980609247,0.050632911
4513,60372326011,53587,0.067024128,0.022744503239238035,0.082846003
4514,60372741004,0,0.6370006963069328,0.050768203,0.6586741843534966
4515,60372754003,160391,0.7441860421849649,0.005064716,0.6226874361115509
4516,60372735022,126563,0.8754863699677514,0.024221453,0.7686996459298084
4517,60372738003,116477,0.8496240388565405,0.068235293,0.7184643378708531
4518,60372753112,109432,0.42493946216780315,0.030051813160084838,0.48079999615360003
4519,60372754002,141750,0.4605845840515094,0,0.6063218347246995
4520,60372738002,112045,0.562862658,0.059160304,0.7139588018997849
4521,60377026004,187426,0.8511749273178858,0,0.45528454999822043
4522,60372754001,135990,0.7036172613346877,0.023178807691183138,0.5911789602105262
4523,60372734032,0,0.7495652043553878,0.016393442354205864,0.7982905846446054
4524,60372326021,78868,0.063817663,0.019536574,0.091659426
4525,60372326022,56739,0.10194460753126336,0.072478459,0.084450402
4526,60372325001,74604,0.11467324220300097,0.047224927,0.079458505
4527,60372327011,76316,0.059598059185044634,0.027288231794836658,0.077648115
4528,60372346004,98703,0.2766990272073577,0.041875,0.1254567592846726
4529,60372346003,67750,0.24531834746594855,0.015479876,0.060509553
4530,60377031004,122500,0.6034934445109743,0.056768558,0.1053571419164541
4531,60377030024,171691,0.6753488309269876,0.017335766265184616,0.19296187570110337
4532,60372325003,49094,0.2738944326120623,0.016251354103452284,0.096745821
4533,60377026002,0,0.6599690778984687,0,0.5807692251849114
4534,60372736003,117125,0.6954473988155825,0.030534350678864876,0.7458379495467486
4535,60372755002,0,0.6379690808395346,0.092592591,0.4214875983295443
4536,60372734031,0,0.5084745690893423,0.013869625327744448,0.6802859991799183
4537,60372755004,21667,0.053594771,0.016685845703763833,0.11811569061962005
4538,60372733003,90729,0.7205240017352839,0.13825757313906112,0.5178907672514994
4539,60377028033,78875,0.5626666591644446,0.08064516,0.5636363593663912
4540,60372738001,92938,0.6482807976484184,0.062261753,0.6851851806535372
4541,60372734041,78661,0.8266818605851556,0.074866309,0.7872892245487779
4542,60372736001,152772,0.6813559206549844,0.015254237029589203,0.7674418467362818
4543,60372732004,67138,0.7654171612404213,0.08284714,0.6262425385065354
4544,60372752002,85208,0.6142011761632997,0.077102803,0.42684765892271753
4545,60372753111,87351,0.5435393182087175,0.08219178,0.530095031
4546,60372751022,65020,0.15857011770329865,0.016914749547261507,0.17090908987327824
4547,60377026005,250001,0.6565656433017042,0,0.49331550142626335
4548,60372733002,117813,0.6373626198526753,0.13114753791223566,0.4897400753797527
4549,60372755001,76563,0.6471428478979594,0.009320905,0.3367346895824657
4550,60372736002,130682,0.7171532715847944,0.10214167871265768,0.7379972463923561
4551,60372752001,93030,0.551314669,0.052027544,0.4003067453964207
4552,60372734042,102232,0.8327337979724138,0.10471204005738151,0.7318932562656512
4553,60372722021,128650,0.7208588846494036,0.041420117730471634,0.5702270767853064
4554,60372732003,81354,0.42553190483376113,0,0.5746951131906233
4555,60372752003,108843,0.5134020565628654,0.015755329,0.45409835693362005
4556,60372737002,129792,0.7712264059996886,0.065628475,0.6201975782634733
4557,60372733001,76375,0.6919463040808973,0.10974861980534262,0.5837292126856936
4558,60372737003,130156,0.7560679519894666,0.075575027,0.7384453703944814
4559,60377028032,111406,0.5625692075020021,0.065506652,0.45445343669581545
4560,60372732002,194205,0.6292134743087996,0.056300267,0.41516965653523297
4561,60372751023,125804,0.590692117,0.056155507,0.399394853
4562,60377026006,122708,0.6411020056507669,0.010893246108255294,0.5050583618283396
4563,60377028031,121206,0.7166666547222225,0,0.44690264827577214
4564,60377021021,89792,0.5772357656534755,0.017660043955187152,0.8587731750444139
4565,60372722022,85000,0.5169213945582893,0.027982326814028832,0.5010152258831715
4566,60372751011,140152,0.5095238034580499,0.057367828376064925,0.5033726770373299
4567,60372722012,85000,0.6963190077251686,0.054091539,0.4906403892547745
4568,60372721005,67845,0.5974264596061313,0.1029411747885429,0.584474877
4569,60372732001,151063,0.802469116,0,0.6158798217180277
4570,60377021024,147572,0.6635658863289466,0.062015503395228655,0.7656050857884703
4571,60372723022,65156,0.47248576401816167,0.052258635,0.48300438331686196
4572,60372737001,125368,0.8511066227141525,0.077369438,0.7175141161862812
4573,60372722011,90428,0.5683856438521789,0.11044176595942003,0.49311094638788294
4574,60377026001,140985,0.6268656582757856,0,0.5631399253340168
4575,60372324022,39295,0.18715929626190614,0.051145445,0.079941147
4576,60377032005,108889,0.5908203067302704,0.088867187,0.062271062
4577,60377026003,0,0.5242914873625205,0,0.43612334321450064
4578,60377031001,173906,0.6254125309337867,0.091454271,0.079772079
4579,60377032002,118922,0.7733918015585994,0.080114448,0.11868389989795652
4580,60377032003,183281,0.8217821578766793,0,0.13172804345994274
4581,60372322001,0,0.1180400877723821,0.048192771,0.054979253
4582,60372322002,71382,0.090047392,0.029147981736009174,0.11383709407421891
4583,60372345023,50357,0.2361927116781115,0.054358974,0.092387287
4584,60372751021,138719,0.6258503294923413,0.043548386,0.4537914638176367
4585,60377021022,125329,0.6881187948485448,0.086633661,0.6706231354506953
4586,60377021027,80915,0.717431186,0.041560644,0.736137663
4587,60372723013,116823,0.6153846098802808,0.046351930932601454,0.5295918313306957
4588,60372731002,116458,0.7017684831047549,0.00990099,0.7494949457096215
4589,60377027003,122076,0.5705765294119974,0.095602293,0.5377483372483665
4590,60372731003,250001,0.7511885776356803,0.045871559,0.6809815867364223
4591,60377021025,0,0.8413098024858993,0.087281793,0.8069908691946677
4592,60377028022,143889,0.5698267016327554,0.004830918,0.5106048663738817
4593,60372723021,74035,0.437073169,0.04090707,0.43511818410459147
4594,60372345022,0,0.20990098594255474,0.18532818294300923,0.063142437
4595,60372345021,0,0.088888887,0.11028037177046035,0.062642368
4596,60372322003,55000,0.1431818165547521,0.037974683,0.1285831275300317
4597,60372324013,65556,0.094650204,0.038374717,0.066844919
4598,60372324011,57870,0.15531660507387568,0.007226739,0.071630537
4599,60372321101,46836,0.009287926,0.024288106999262087,0.10574229617827524
4600,60379800381,0,0,0,0
4601,60372364003,104561,0.6289945391348828,0.024303073,0.10503282199100787
4602,60372364002,103750,0.4626736070948472,0.005998286,0.088788075
4603,60377032001,64257,0.5554668750561303,0.061481481,0.08886894
4604,60375004022,47009,0.12032710139804788,0.015281757256143676,0.1668003194322348
4605,60375012001,107054,0.24080664151360237,0.057237464,0.29266521317115024
4606,60375015011,120679,0.5161082440972407,0.014775413624258785,0.41476565568326146
4607,60375004021,103750,0.14602803567724257,0,0.19114391002845824
4608,60375323031,77596,0.025139664570394186,0.052714397696975626,0.15507518651245125
4609,60375323033,128598,0.048979591,0.032629558,0.151965992
4610,60375321012,41951,0.022393822220897128,0.099805573,0.1368803995594343
4611,60375320012,98813,0.16096747155156405,0.10298507385832034,0.19669966866864905
4612,60375321011,49413,0.14632501587103833,0.034802784,0.17794253856375097
4613,60375323023,65000,0.15260454766981257,0.004146919,0.15486725578060145
4614,60372285003,97333,0.036386448727899014,0.11764705756527212,0.095860566
4615,60372286001,44460,0.084365781,0.027014858050360836,0.09202454
4616,60372282202,70385,0.018200202040442853,0.074013157,0.092340729
4617,60372317203,46369,0.065789473,0.048959608,0.074966532
4618,60372282203,56912,0.11371237331424333,0.054528650142988445,0.078464106
4619,60372281002,61607,0.045411542,0.010447761116061485,0.087471526
4620,60372318004,70682,0.018494055237859245,0.020920501873216507,0.087019579
4621,60372317202,33606,0.10742187290191656,0.03114754,0.082089551
4622,60372284201,83095,0.079589216,0.066212268,0.10488599280204565
4623,60372283202,52000,0.013970588132569205,0.024553571291553732,0.10124069428664668
4624,60372317103,43594,0.030892448,0.066792097,0.077172153
4625,60372315002,0,0.2174757267477299,0.1164725451110785,0.096525096
4626,60372316032,74125,0.081834532,0.038461538,0.045425048
4627,60372316021,63750,0.11330698137935466,0.10577971531319831,0.10595358117100322
4628,60372343022,35586,0.10740203037152352,0.099310343,0.048979591
4629,60372343011,77935,0.5872092954975664,0.06862745,0.10160965692545618
4630,60372316012,77135,0.061573545,0.031458532,0.074477747
4631,60372340022,59417,0.23896103585764888,0.043580682643337074,0.07079646
4632,60372340013,76750,0.38666665930158745,0.022012578270242483,0.079493087
4633,60372343021,57807,0.2989175662038504,0.035390946210774106,0.040197897
4634,60375006004,114148,0.21896551346611184,0.041114058,0.25218149867206374
4635,60375004023,85549,0.1627278854643627,0.023413111220535323,0.16496944926186635
4636,60375321013,70603,0.20611620669042074,0.045221445,0.19836839760254013
4637,60375006005,115208,0.070484581,0,0.20330806200339033
4638,60375006002,41439,0.025316455,0,0.15355450091417536
4639,60375320021,79118,0.25312499604492195,0.097260273,0.2593010117327958
4640,60375004031,90625,0.2966887397570282,0.022527472403695206,0.20073800663934313
4641,60375319023,72407,0.052204176,0.058823529,0.16226783810099865
4642,60375319014,70551,0.1139240496028567,0.009701492,0.15986098905420515
4643,60375004032,90000,0.15765247229398766,0.075848303,0.1543726224002082
4644,60372282201,36250,0.037585421,0.039279869,0.06170886
4645,60372283201,38889,0.020992366,0.058732611,0.09126984
4646,60372318001,41597,0.062913906,0.043307086045838765,0.10924369656097734
4647,60372317102,53958,0.11580480614854476,0.05396619,0.098027126
4648,60372282102,70208,0.028634361,0.057963163282973115,0.1036016
4649,60375323022,0,0.12076583032745464,0.017281106,0.16304347678402648
4650,60372317201,59167,0.12476007617677505,0.0609375,0.074945691
4651,60372318003,33661,0.061293031,0.028893587,0.11294765777990272
4652,60372284202,76607,0.047817047,0.047913446,0.071049136
4653,60372281001,0,0.16071428402611046,0.050328227,0.13579277758404412
4654,60375006003,0,0.16744913665963793,0,0.24083129289937297
4655,60375006001,69475,0.063917524,0.035937499,0.20867768379465204
4656,60375004043,71937,0.2139784923228119,0.013415892534407715,0.2871012462753034
4657,60375301011,52153,0.16295636542336273,0.011295180637837495,0.21257197594735133
4658,60375301012,0,0.086602516,0.0117724,0.2099308597741618
4659,60375320011,51042,0.10933333236148149,0,0.2335766410242749
4660,60375319022,80655,0.07542579,0.041477641,0.16185818991756387
4661,60375319013,58777,0.037688442,0.024183796709892402,0.1693376059330256
4662,60375004042,104429,0.032558139030106376,0,0.24826216238071339
4663,60375301022,48987,0.15808383044210983,0.025470653095563088,0.2636579551571025
4664,60372281003,0,0.015965167,0.070312499,0.11303692454380615
4665,60372283101,36964,0.074569789,0.054455445,0.10297618986323696
4666,60372282101,34569,0.056034482,0.081322609,0.11374095914700225
4667,60372283102,50750,0.053078556,0.112478031,0.095336076
4668,60372283103,40776,0.053008595,0.10368663475015398,0.073909829
4669,60372284101,58571,0.064739884,0.040178571,0.050373134
4670,60375313024,26581,0.053268764,0.018480492433665455,0.1210121005444879
4671,60372284102,47593,0.07709251,0.018429487031815007,0.078238001
4672,60372270202,80000,0.073239436,0.026831785,0.049062048708066026
4673,60372311001,45982,0.077300613,0.056894889,0.074311338
4674,60374081412,91091,0.097680096,0.1272545077429408,0.1437181263619929
4675,60374091003,104792,0.14512093290141007,0.067760342,0.14925373037473244
4676,60374091004,54816,0.2067632830264417,0.030571198466844744,0.15577557652953414
4677,60374081392,77644,0.144133412,0.067588325,0.1338724162898813
4678,60374081361,121307,0.3816901381571117,0.038875598,0.16786447552430966
4679,60374081411,153462,0.098720291,0.16344916134557064,0.143650793
4680,60374077013,95167,0.070435588,0.026415094,0.12626262519980955
4681,60374081372,64351,0.3248212428516727,0,0.15175879320724225
4682,60374077011,46360,0.13423517029932186,0.095119933,0.11385658859565605
4683,60374084023,85402,0.23648648542123202,0.019448946436592597,0.2433962256496974
4684,60375301013,0,0.027707808,0.31264636636245474,0.3039014342515253
4685,60375004041,62563,0.12362300950277834,0.056203604918307476,0.23529411534025377
4686,60375317022,0,0.13124999726562506,0.022767074907757007,0.1864734281500152
4687,60375319011,56250,0.025380710445171654,0.027298850378600213,0.163983303
4688,60375319021,117759,0.12071777943364145,0.032608695,0.14689265370742766
4689,60375323021,62750,0.12145289305955854,0.023188405573058884,0.17532467418620343
4690,60375317023,70684,0.079529737,0.037585421,0.17469879430372093
4691,60375005001,75469,0.1704428415528175,0.038396624,0.22207176634369746
4692,60375301021,76445,0.20829731885654867,0.048997772,0.33425160390953534
4693,60375301014,95495,0.2420634872606451,0.1027522916926185,0.32309941048100277
4694,60372267021,0,0.015948963190199655,0.17527932838492088,0.10511945320737574
4695,60372311002,39167,0.079029247,0.1230352296854459,0.14051669728722938
4696,60372267011,82500,0.076666666,0.037841625523184125,0.09470934
4697,60375315021,58563,0.045955881508163945,0.082335328,0.18118811701793944
4698,60372049202,56607,0.14010507635542774,0.030158729680020164,0.13640729936208165
4699,60375313021,41528,0.022427440337368862,0,0.092796885
4700,60372270101,49240,0,0.1623188390114122,0.13507925475479493
4701,60375313023,63988,0.051344743,0.033881897058258496,0.15384615268592644
4702,60372270201,60423,0.043352601,0.050683371,0.083411875
4703,60375313022,64770,0.092241379,0.026959247479879326,0.1604866734618385
4704,60377021023,96033,0.8396369010644947,0.081694401,0.688135582
4705,60372721004,0,0.620234595,0.025054465958012355,0.6449834548513401
4706,60377027004,148315,0.691562923,0.076335877,0.5577651462332847
4707,60372721002,111250,0.4042878957995728,0.019999999733333336,0.5402160799493868
4708,60372721003,208417,0.7155688515633406,0,0.6635730781488042
4709,60377020022,111458,0.7578241374230691,0.030780243158337557,0.6486697914814571
4710,60377020021,96218,0.8303858454149048,0.13666915506595104,0.7649598965764349
4711,60377021026,100536,0.8359374782307949,0,0.7087126045681066
4712,60377022021,140288,0.7130541784106629,0.028901733769922153,0.6065192013210803
4713,60372731001,100795,0.59946948,0.015296366820337155,0.6022443815181499
4714,60372723012,140417,0.6382765467106558,0.020715630690059977,0.5444078902598035
4715,60377027002,191438,0.6814946497954689,0,0.5208131604955164
4716,60377022024,108125,0.7877461534410033,0.10058026884757701,0.6962174858603134
4717,60372721001,131406,0.6408668631444758,0.048022598,0.6896551659864384
4718,60372723011,118796,0.7830188494571027,0.037656903,0.5373134261528181
4719,60377027001,136875,0.5736434019590171,0.03591954,0.5597484218055722
4720,60372719022,140956,0.6116803216016361,0.044358726669636195,0.6310599783807725
4721,60372714003,136974,0.7341772085517432,0.031596925,0.6921815161717796
4722,60377028021,103109,0.4852752818786776,0.019144144,0.402985071
4723,60377022023,250001,0.7344173242705333,0.026109659892698176,0.7366984892674149
4724,60372315001,116193,0.24630924439542157,0.002158273,0.089820359
4725,60377025023,106667,0.7128463431180961,0.099531615,0.4306956960664063
4726,60372316011,0,0.3337423271933457,0.037678207,0.099739808
4727,60372343012,26069,0.25762711427750656,0.2302936595008708,0.059523809
4728,60372316031,26839,0.073878627,0.054388132825857444,0.095317725
4729,60372317101,41932,0.074796747,0.052469134992760263,0.066985645
4730,60372315003,59886,0.2324158997714995,0.077116512,0.10859426976286296
4731,60372364001,95043,0.522552249,0,0.10963687074275928
4732,60372316022,87109,0.1305732463284515,0.015978695,0.10371650731446407
4733,60372361021,88240,0.2528379746869146,0.15063167978006142,0.075742067
4734,60377020024,83151,0.6506733951963519,0.067124332,0.6857506317700341
4735,60377028012,82443,0.5607843082276048,0.027372262523975708,0.4454725681065924
4736,60377020023,81544,0.6236469556732144,0.031372548773548635,0.7200263457178765
4737,60377022015,0,0.6641790945644912,0.019656019414545218,0.7090643171189428
4738,60372719023,69205,0.5943627414561107,0.082830499,0.505764408
4739,60377022025,115938,0.7755610875865201,0.040690505,0.7765957343537802
4740,60372714002,203269,0.696670768,0.007936508,0.6975609688042832
4741,60372719013,119028,0.693989058,0.036458333,0.4638633316180903
4742,60377028011,113424,0.5722679167316809,0.015239096083872328,0.36447845201579354
4743,60377019023,37825,0.5570357988589859,0.041291290981296615,0.5154338933288649
4744,60372361022,49209,0.22304439628412054,0.027635619101148316,0.041589649
4745,60377025022,102750,0.7882352856873232,0.033507853052273794,0.47951441214328977
4746,60372313021,56250,0.11290322479477398,0.048340548,0.079185519
4747,60372360012,169773,0.6751592285014945,0.044247787175537984,0.17804667088982998
4748,60372314002,0,0.060498220102329005,0.011128775746194152,0.089999999
4749,60372342002,74271,0.3577075028121047,0.031620552734771684,0.084558822
4750,60372312102,42917,0.081296493,0.061418685,0.085591397
4751,60372361012,23148,0.27560975273646643,0,0.071470416
4752,60372313022,86296,0.22900761610628884,0,0.083715595
4753,60372362041,46420,0.1376923066331361,0.08203125,0.086302057
4754,60377022014,106607,0.6670746552377643,0,0.7336842028033242
4755,60377022022,147031,0.6369230671242605,0.04494382,0.6899999901428573
4756,60377022012,151442,0.7233502354479636,0,0.7206106760212111
4757,60377025014,167315,0.7591170752483966,0.026252983084701805,0.5980911951320721
4758,60372719021,80804,0.5979381320012757,0.016949152223179807,0.6622596074247643
4759,60377025015,147901,0.48628048039206584,0.021337126296769187,0.6396866757221061
4760,60372714001,132176,0.6611841996515757,0,0.7436305614071567
4761,60377022013,153056,0.7267759430459756,0.090443684,0.6840633673433051
4762,60377028013,123271,0.5326278612643046,0.012131715666102985,0.5642633184618863
4763,60372719012,94135,0.591194964,0.018085907927008985,0.5176366797386537
4764,60372312202,42326,0.2561629125813193,0.069364161,0.10737294125001474
4765,60372340021,56806,0.15100453563833743,0.037507562,0.092582566
4766,60372361011,43203,0.3699155765931268,0.008356546,0.090501791
4767,60372362051,29470,0.2218543031665278,0.041713641253023445,0.063754427
4768,60372340011,82917,0.2603231551108949,0.013910355,0.12553494828052855
4769,60377025021,142760,0.7377232060521964,0,0.44146559033542815
4770,60372313011,56875,0.084101382,0.1187236033846851,0.08151591
4771,60377025012,0,0.6935483731139441,0.1718464319589318,0.6521739025414831
4772,60372340012,68895,0.44725737767570495,0.017877094772322966,0.1262626246684012
4773,60372362061,43125,0.15210139991927019,0.16149795107373932,0.079854809
4774,60377018023,64600,0.4660347477719629,0.13079018895381214,0.5874999938802085
4775,60372715002,106250,0.6515580551966557,0.040431266,0.6146131717104131
4776,60372719011,116875,0.45033112,0.005506608,0.4648033078177711
4777,60377019022,142953,0.9582863477081585,0.038331454,0.6086486420686633
4778,60377022011,82943,0.5331452675155816,0.17558298798925942,0.6451033185525309
4779,60377023002,110208,0.6833130245637877,0.040796964,0.6561403451215759
4780,60372718013,55534,0.2979166604600696,0,0.2965034923565945
4781,60372718011,92674,0.4743443503495513,0.035750766,0.44371584214518206
4782,60372715003,106719,0.681945737,0.01,0.6508833876262659
4783,60377023003,145969,0.8124999898437502,0.069767441,0.6827458192695193
4784,60372718012,89038,0.640383194,0.054644808,0.42927308237095735
4785,60377018022,135303,0.6987951723036726,0,0.549395156
4786,60377025011,120972,0.8253274989035299,0,0.6137387318272666
4787,60372718042,79470,0.855409496,0.071737251,0.4236016342182699
4788,60377019021,0,0.8204451119560727,0.028002699,0.6819464009804428
4789,60377025013,0,0.905797085,0.085814359,0.6447534684607653
4790,60377014021,192821,0.7702169549288269,0.040348100946613126,0.761523038
4791,60372718032,92702,0.5647123862571217,0.029087261639482137,0.4075880736716094
4792,60372715001,93750,0.7929155205324862,0.067620285,0.6211812564034496
4793,60372716003,188839,0.7828054180572336,0.026490066,0.7149372780508862
4794,60377017023,60282,0.5175537880231734,0.060428849,0.6706634638636014
4795,60372699032,80110,0.7515375107531519,0.053496011011281035,0.399380803
4796,60377018021,80052,0.37067630164854776,0.041280148,0.4007782075176511
4797,60372718031,84783,0.7133105720897546,0.063169164,0.4673366795030429
4798,60377014023,119228,0.3531420740905596,0,0.7380230397936747
4799,60377018024,110125,0.503692755,0.030989272574621304,0.46143056856338616
4800,60377023004,0,0.4690157901699175,0,0.6025049399966714
4801,60372699051,106087,0.8103241199240803,0.072984749,0.49241274284967573
4802,60372716002,116250,0.7608391501980538,0.009638554,0.6286549646329925
4803,60377023005,151008,0.7298517038694281,0,0.6881127408816622
4804,60374084021,117333,0.3033630727291484,0.019116678,0.28659370529005673
4805,60374034011,129409,0.5498320207185664,0.052959501,0.11128775746194151
4806,60374077012,68333,0.076923076,0.033550792,0.15316901318562787
4807,60374081391,107750,0.19641465162576266,0.050245097731341316,0.1361434101931036
4808,60374081383,97386,0.045955881930552556,0,0.094054054
4809,60374077024,60048,0.1513917165553855,0.051327433,0.14225277555656915
4810,60374084011,64925,0.13298429249746443,0.039981617,0.18707940696689362
4811,60374077023,126250,0.04102564,0.011534025241822085,0.15917602847213458
4812,60374081352,64740,0.38938052666614464,0.023012552,0.07556675
4813,60374081351,83586,0.41539134055360144,0.050879877,0.11669128465032759
4814,60374033271,110750,0.3019447256709854,0,0.2754555183523284
4815,60710004013,84890,0.25845864418741876,0.005785124,0.3568929296228626
4816,60374033213,151477,0.5252293457516205,0.015765765,0.15128592811972877
4817,60374034021,89528,0.49153737312032886,0.014188772275208067,0.14457274760012587
4818,60374033211,119375,0.5075139523077975,0.051060486837939956,0.22998872517854668
4819,60710001031,125521,0.3043478219517959,0.055485497,0.2614503791846338
4820,60374034022,120183,0.5465498297201552,0.021698113,0.13367051926538642
4821,60374033212,92153,0.3498920061202879,0.033650793,0.2775217599717268
4822,60374034032,148125,0.6942355802727371,0.025930101173279582,0.083453237
4823,60710004012,128750,0.35689654557074924,0.041608875983233345,0.36752136403113617
4824,60374029042,68214,0.11895161170411682,0.048440065283743304,0.18417122855066587
4825,60374034083,131100,0.6217990766789292,0.020266357728625606,0.092731829
4826,60374077021,141920,0.098214285,0.035576179,0.1504365335766519
4827,60374034042,102188,0.5733944888372192,0.062566277,0.14084506937846503
4828,60374081331,109750,0.3416898761217282,0.013333333222222224,0.19884726081522147
4829,60374078021,0,0.19999960000080003,0,0.4749998812500297
4830,60374078011,87589,0.086583463,0.014860681022534484,0.12212643590426411
4831,60374081332,65143,0.15662650512549336,0.012254901900711265,0.13907758262753814
4832,60374076022,92500,0.12749615779575796,0.062427744943031854,0.14115092137729726
4833,60374034081,204250,0.39565942578197955,0,0.082908162
4834,60374072021,116250,0.12354804515788759,0.006517691,0.16967929930216152
4835,60374033272,146141,0.4050493918216313,0.036779324,0.313621961
4836,60374033173,110174,0.5301614228533439,0.003172086,0.2194285701746939
4837,60374029023,64012,0.085261875,0.011161847,0.2114910108865315
4838,60374033184,142344,0.481481476,0.056840076523698685,0.2677746974351367
4839,60374033163,121588,0.5302740565310767,0.026346604061202553,0.2749747715692494
4840,60374033182,105393,0.4554531455034321,0.023125,0.25159705036070246
4841,60710004011,112204,0.21987066302251226,0.032437911645018185,0.31777908849510283
4842,60374034041,155938,0.6403269667530386,0.10604192224362612,0.14423076784393493
4843,60374033172,164722,0.5642245426810224,0.010526315697137582,0.2618083635383487
4844,60374033162,93606,0.4769565196654064,0.023061630126991528,0.23010442841157927
4845,60374029041,95208,0.082247556,0.027740189,0.17532874029224332
4846,60372314003,59241,0.20900900712604498,0.008377761,0.099797707
4847,60372362032,27813,0.16194331765258682,0.015312131739550863,0.091244239
4848,60372314001,64536,0.19505232925735178,0,0.097832454
4849,60372312201,28050,0.12381553933155061,0.085714285,0.078978389
4850,60372342001,52460,0.4039038978392808,0.049935979,0.13469827441057894
4851,60372313023,123750,0.3264984175631164,0.027818447616128148,0.12896622181201411
4852,60372362042,34643,0.25892856812591114,0.068050749,0.066557107
4853,60372312101,38988,0.010540184314358573,0.008849557,0.094005449
4854,60372360011,107315,0.7951002168144008,0.034436191529802894,0.3978035363160248
4855,60372362052,25809,0,0,0.067285382
4856,60375319012,87222,0.13089005098544448,0,0.17931937055419261
4857,60375301023,55662,0.11327649070308782,0.001137656,0.22283901488628854
4858,60375316022,75750,0.069642856,0,0.18824609560839214
4859,60375302042,79674,0.1621911913953212,0.020495710102498996,0.22313671594359066
4860,60375003001,135625,0.4537597214617125,0.015721969,0.32374338517280626
4861,60375318003,64783,0.19459458933528137,0,0.16620241257007973
4862,60375004044,114076,0.33986927734347194,0.062620423,0.1810477643987075
4863,60375300071,62500,0.380998077,0.073573573,0.2780867615234329
4864,60375317021,71789,0.11233307060225396,0.005511329,0.19518542488493543
4865,60375301024,15898,0.2012195097412255,0.034482758,0.28674873072593243
4866,60379800351,66375,0.11940298252872106,0.043087971,0.21348314264072002
4867,60374034013,110446,0.31699554222154336,0.020207852,0.14353448213993755
4868,60374081382,76600,0.088286713,0.003881988,0.10829875473734955
4869,60374034082,140685,0.4987893402083615,0,0.085945399
4870,60374084012,94120,0.20416966064579684,0.012195121872945303,0.1624767217761791
4871,60374077022,94125,0.2818248691550782,0.053797468,0.19822320822752246
4872,60374081333,139375,0.23621460330689567,0.021505376,0.13941967346482892
4873,60374034084,0,0.47085201265860976,0.014155712698122217,0.11904761781524205
4874,60374081341,123542,0.4469194291615193,0.027789298930778517,0.12992424193210514
4875,60374081381,59817,0.067055393,0.049180328,0.20363441900783313
4876,60372342003,113775,0.4730941650998412,0.056122448,0.11854103223362683
4877,60372362031,36932,0.15561224390553416,0.087912087,0.040255831300768125
4878,60372360013,0,0.3957845340565683,0,0.16279069568187643
4879,60372220024,70769,0.3640500527411826,0.05827937,0.10310021555082757
4880,60372225003,90313,0.22232916051656246,0.005718954,0.1155378478383941
4881,60372362062,63314,0.41848906144643083,0.082504969,0.081699346
4882,60372360014,104734,0.5561497227067785,0,0.3201483273158427
4883,60372226002,47917,0.41866028374274095,0.046511628,0.13626176541343896
4884,60372190203,84375,0.15296803478346993,0.005540166,0.086607142
4885,60372195001,111923,0.5346385461650821,0.062773722,0.09945504
4886,60372267012,75238,0.07832898,0.046610169,0.15785813520265554
4887,60372051202,29648,0.068702289,0.063675831,0.093162392
4888,60372267022,63533,0.2188488284702794,0.058192090066711354,0.11064129590809517
4889,60372051201,32917,0.060999351,0.09989023,0.15476190418615363
4890,60372270102,36970,0.07081807,0,0.053020133872348094
4891,60372227001,0,0.6859755888422077,0.058619091615803774,0.4306972779959667
4892,60372246001,59559,0.064171123,0.084788029,0.1501259438280809
4893,60375313011,48571,0.10643274729318425,0.021314387022074718,0.1664556951490146
4894,60372270103,58182,0.055499494899096925,0.066462948,0.10479233159877105
4895,60372264203,34405,0.11708099344762636,0.10497237496566039,0.094142259
4896,60375316021,0,0.088345863,0,0.11239669328597775
4897,60375318002,47470,0.055469953,0.025348542,0.1596463850252398
4898,60375316023,49722,0.052154195,0.017805859,0.15367847327695655
4899,60375300061,81944,0.30720887132270286,0.059175531718166446,0.2668154279030429
4900,60375318001,121038,0.2713414613464828,0.00482509,0.1758620679548157
4901,60375302041,73500,0.10609755968173708,0.038461538082233356,0.1946308710318354
4902,60375317012,65947,0.11211777965958222,0.026086956395715184,0.20898515760535435
4903,60375302023,71650,0.07361963,0,0.18217821601803746
4904,60375300062,76333,0.25064599159372103,0.08910891,0.1744386858856763
4905,60375300072,107063,0.2112403087129179,0.035931453643275546,0.22239502217524612
4906,60372049201,78500,0.033898305,0.078686019,0.17179144270192886
4907,60375315022,45845,0.11750205326621156,0.096754439,0.19524019305755752
4908,60375313012,0,0,0,0.12166962591767651
4909,60372264202,64618,0.083696599,0.050420168,0.097196261
4910,60375313014,80417,0.070996978,0.024719100845852802,0.17343485470867298
4911,60375313013,43750,0.1388888876443648,0.038431975,0.12119160378340146
4912,60372264201,30625,0.075163398,0.065464895,0.096090125
4913,60372246002,35167,0.099865046,0.055367231,0.19261213593263762
4914,60372048202,62273,0.072443181,0.005780347,0.16003386824696134
4915,60372051101,56759,0.056074765952014625,0.074094105,0.11556111758213967
4916,60372049102,48438,0.17286431987071035,0.017226528706059185,0.1969211020082033
4917,60372264102,46250,0.069999999,0.024937656,0.094109681
4918,60372260011,38458,0.015698587003935737,0.08542068,0.14285714231437255
4919,60372247021,11609,0.5287671088009012,0.055644515,0.38241557535011994
4920,60372264101,42582,0.030430220037458343,0.054160125,0.13036887250950543
4921,60372048201,57083,0.1630824343533614,0.006259781,0.16933638250187205
4922,60375312021,73306,0.083333332,0.090272373,0.1665699351911205
4923,60372219001,21635,0.6909090804407715,0.051862464,0.39122978836053457
4924,60375312022,58333,0.087060226,0.035154394,0.16279069709198318
4925,60372051102,47206,0.049069373,0.14695340326220546,0.11355815475871883
4926,60372197003,62012,0.271381577,0.047314578,0.15671641701081276
4927,60372220012,91983,0.35542856736653067,0.017102615522106485,0.1162642940516881
4928,60372198001,0,0.14855875502087018,0.020109688846257974,0.11728394916933396
4929,60372219002,47112,0.025761124,0.1396786138482248,0.1377245492488078
4930,60372221002,56667,0.1497005973083773,0.060104529093166124,0.11026033606232515
4931,60372221003,120244,0.18489065238785982,0.15798319062213126,0.10526315650969531
4932,60372221001,60542,0.18890675089303255,0.050030506,0.10206561298866577
4933,60372200004,0,0.066831682,0.4977678460319678,0.2200263475622352
4934,60372190101,0,0.245739908,0.05453306,0.15617334295851723
4935,60372190102,100662,0.19201994852851248,0.057902972942856235,0.10157273852180382
4936,60375316042,34508,0.073796791,0.042056074,0.15221707377751773
4937,60375317011,69107,0.11380704729169817,0.066480706,0.19068219570488454
4938,60375300074,148750,0.37023593130457416,0.035294117,0.309052332
4939,60375302032,50962,0.1718749973144532,0.051136363,0.2236205205845061
4940,60375316041,48542,0.038341969,0.047397047028771976,0.18125643572988448
4941,60375303022,65465,0.10412147430136316,0.020648967429799603,0.18137454175935525
4942,60375315042,88938,0.0787172,0,0.1571352209666744
4943,60375303023,55313,0.1383285289305617,0.017793594147743824,0.16827996896291908
4944,60375300051,133768,0.5134271066916426,0.009196812,0.17249205550389443
4945,60375302031,49160,0.078987729,0.060311284,0.16523235729245972
4946,60372220023,67853,0.20392156462898894,0.020155038447208708,0.11607910476286239
4947,60372195002,104583,0.3876543162017986,0.004504504,0.12011439351654535
4948,60377024002,162625,0.5924528190103242,0.087520258,0.5437158395667235
4949,60377024001,208611,0.6317657441724424,0.024570024368795868,0.6039755305506458
4950,60372190202,76136,0.20044296566508343,0.080110496,0.1467889898637681
4951,60372225002,83807,0.13402061740532115,0.024630541698588727,0.09650053
4952,60372190201,68750,0.20112994123017017,0.057885906,0.10185185132792257
4953,60372220022,87292,0.2669902880219625,0.075388026,0.10825892736318161
4954,60372226003,63403,0.1527196636744805,0.1372705495828368,0.11553030230094506
4955,60372201002,0,0.30232557553632605,0.037037036,0.1254705128548242
4956,60372718041,116250,0.6689280777621699,0.091496232,0.5177433983826807
4957,60377015023,138447,0.7518479329266322,0.073394495,0.7053216782738548
4958,60377014024,0,0.7393939329922603,0,0.7432258016566078
4959,60372713004,117031,0.7508591000785301,0.050420168,0.5665505186999964
4960,60372716004,63658,0.8765356211515011,0.026064291806844952,0.39656070663595255
4961,60377017022,58974,0.7487863986797767,0.069264069,0.5439932272081791
4962,60377014022,97700,0.621428569,0.064429012,0.7805833662142647
4963,60372699031,99337,0.6650625537530072,0.11382878538260785,0.44841591837192596
4964,60372699052,102778,0.853479846,0.017964071702617008,0.44005956485435915
4965,60372717023,69907,0.910020441,0.079252577,0.3895071521488757
4966,60372717032,125490,0.7693474845319047,0.02549575,0.5558823474913496
4967,60372716001,167130,0.9591141233541035,0.025073745942865103,0.47709162871422683
4968,60377018014,64922,0.43912062886628733,0.019827147840228022,0.39617224690826675
4969,60372717021,81667,0.6215517187797266,0.011773940252951804,0.4493670857634995
4970,60377023001,127196,0.6914225869098056,0.028448276,0.602750804
4971,60377018013,78111,0.5763636328705235,0.046780407007262485,0.3736363619380165
4972,60372701021,75058,0.5074309871033761,0.062499999,0.4463130602029359
4973,60372699062,98750,0.6226720597354489,0.016666667,0.4358130320222974
4974,60377015013,118636,0.6616972439122865,0.05990286,0.7509761355706024
4975,60377013021,152564,0.8131416782125827,0.050825920896912825,0.7468643058901693
4976,60377013043,107147,0.5683168279319021,0.0234375,0.8017008086521035
4977,60372717033,97895,0.696629202,0.032670454081385594,0.454022984
4978,60372699061,128800,0.8538745324437303,0.027624309201489578,0.49209485841834744
4979,60377015022,88379,0.804928126,0.022788204,0.6942445993219813
4980,60372699092,99197,0.6077428735738285,0.040474529,0.43284493020241194
4981,60377017021,247292,0.813701913,0.10991379191903242,0.6125419864217023
4982,60372701022,112692,0.644412187,0.012845215,0.48407642969514203
4983,60372713002,79306,0.47026021867787904,0.06462882,0.5173439
4984,60372717031,126887,0.730054637,0.013474494576761361,0.5590062062199982
4985,60372713003,140268,0.6636546118106967,0.025777777548641977,0.6005471915147251
4986,60372226001,26473,0.3107437965166315,0.069210292,0.17043740444617342
4987,60372201001,73375,0.43982168737263466,0.075524474,0.15079364879902582
4988,60372201003,0,0.2812030032901804,0.065395094,0.15723981722579392
4989,60372220021,35302,0.094979646,0.09610154,0.086522462
4990,60372225001,68333,0.18737270494149277,0.1696869823774797,0.099999999
4991,60372200002,0,0.5512649726862188,0.091877495,0.11957484393644957
4992,60372193002,40938,0.31615598445465204,0.14147520989751863,0.14228855579812383
4993,60377024004,107344,0.624681926,0,0.55257936
4994,60372200003,0,0.44864864258582915,0.15096481099926434,0.15356710817935781
4995,60372193001,92959,0.23809523518809236,0,0.1307129786954938
4996,60372699071,102941,0.6894781805861576,0.054873054,0.45855977949347976
4997,60372699091,0,0.5223300869450469,0.026415093841224646,0.49256197532955415
4998,60377013022,130583,0.8977556035099286,0,0.7640866825753146
4999,60372713001,163517,0.6580645055150887,0.064364206,0.4295532596843842
5000,60372717042,145994,0.8158620633388823,0.056550951531069704,0.5474489767987297
5001,60377018012,0,0.5258724365117637,0.003597122,0.37642585074238466
5002,60372701012,93041,0.6935028150635196,0,0.4928027053954047
5003,60377015012,123493,0.8113401978212351,0.046556741,0.741150437
5004,60372699072,79432,0.6896877891231051,0.060763888,0.4670558760045382
5005,60377015021,99650,0.4492307646232742,0.042174320129575255,0.6564960565305507
5006,60372199011,61898,0.40730716634225755,0.084725536,0.13015042426324117
5007,60372701011,67579,0.7877237750930464,0.018604650946457548,0.4847746591379457
5008,60372199012,57969,0.1466431086770135,0.015942826,0.11369193084540384
5009,60372199021,101042,0.17741935340790843,0.018196202387688272,0.14146815682319805
5010,60377024003,90750,0.6003159462825285,0.047425473612120954,0.49321266410392917
5011,60372199022,82566,0.5944380000644496,0.13396624331259238,0.16739605943767988
5012,60372220011,69821,0.26249999806985297,0.042452829902608964,0.1642335756433481
5013,60372198002,64408,0.18961625068153218,0.076427255,0.11517857040019133
5014,60372200001,95823,0.3314087721546331,0,0.18244169970890467
5015,60372193003,43819,0.1858325649877409,0.033000767206440774,0.096501809
5016,60377013042,119007,0.7093195213807728,0.035201149172405535,0.7795807925653767
5017,60372699082,71328,0.7999999853211012,0,0.4602829112047562
5018,60372717022,96474,0.8148148056698675,0.014880952233323887,0.44056603357956575
5019,60372699081,79360,0.6640556948298025,0.015472312577587032,0.48726114132419174
5020,60372717041,173958,0.772222208,0,0.4596949840991832
5021,60377017011,0,0.41561711799453105,0,0.6571428467120183
5022,60377013023,70954,0.7354056047353631,0.038904898855152026,0.7439949384071116
5023,60377013044,250001,0.7138964383134486,0,0.7165450034483577
5024,60377018011,171442,0.6334012090956984,0.021978022,0.5581655418549716
5025,60372712002,109018,0.6723276656111122,0,0.44017466864476273
5026,60377015011,171887,0.7378048724252677,0.034833091,0.7459925971270494
5027,60372628022,0,0.8333333204732513,0.042151162,0.8375411543628852
5028,60377016023,235982,0.4876033000282963,0.022286821489468783,0.6553497874964014
5029,60377012022,149286,0.6944083179817405,0.045136681,0.7696365722764562
5030,60372690005,87778,0.49786019261255077,0.045205479,0.6434782546523841
5031,60372712001,86714,0.6582809155316466,0.012820512694077784,0.4091223192182286
5032,60372698001,152446,0.8103919707348043,0.050365556,0.5118279533202298
5033,60377017012,80250,0.5782651986214836,0.045927209,0.6102127607641468
5034,60372676003,86859,0.8094575687140811,0.014616321381043589,0.4924681287083647
5035,60372711003,73750,0.4795030996335019,0.051068883,0.4700507566492309
5036,60372702002,0,0.5890243830606783,0.040955631,0.38012294692496984
5037,60372199013,59856,0.30175076929195915,0.007860262,0.12516823603520702
5038,60372698002,98578,0.7450229651989053,0.006302521,0.44952285057999575
5039,60372187022,46094,0.24200277827534383,0.11295680938032326,0.13528855122716602
5040,60372697002,83259,0.5391414073340731,0.076571428,0.4491746268533916
5041,60372197002,35850,0.1232227458951956,0.024429967,0.10717797338074755
5042,60372199023,0,0.12446351753271077,0.1393229148525662,0.19845644764656617
5043,60372187021,54914,0.28224916998622746,0.06760316,0.12084062941470552
5044,60372702003,89609,0.318815328,0.0475,0.2940789454336912
5045,60372214011,55962,0.33034379177363543,0.015580736323219033,0.14168189998462616
5046,60372060511,105489,0.7504835444780746,0.11992262824134182,0.5157894698060942
5047,60372049101,43462,0.080428954,0.066423357,0.18707692192568048
5048,60372048102,90000,0.12830956968819615,0.049001814,0.1861003846633175
5049,60372048103,39527,0.2741635662252457,0.008421053,0.13871195938632724
5050,60372240202,37831,0.12231030439059679,0.11911357230735391,0.14993122317791457
5051,60372047003,73098,0.12681637877389196,0.077433627,0.15402843480230305
5052,60375315032,64167,0.036781608772625186,0.026209677155144384,0.21439999828480003
5053,60372247011,37310,0.9173166783569942,0.061683006,0.3013962431324206
5054,60372060501,47431,0.12651030471563393,0.088465845,0.1825259507676213
5055,60375312012,71699,0.071104387,0,0.17617865932101462
5056,60375316032,65921,0.11742826717625789,0.029898803910309087,0.17493692104736364
5057,60375300052,97039,0.4766505597693192,0.012345678927670242,0.1740442647180872
5058,60375302022,119707,0.2917271386667116,0.039540816,0.1723472657726864
5059,60375302021,103875,0.22685571120220424,0.061029411315960215,0.21193829502388803
5060,60375303011,59208,0.084181941,0.016441573596937323,0.20753899390147748
5061,60375303021,53798,0.14367815954331264,0.016863406,0.21009098254680741
5062,60375300073,88594,0.3544433058790265,0.011549566780081167,0.28807946829086445
5063,60375303024,61313,0.13276231121239496,0.062557497,0.15762463227547924
5064,60375315041,57188,0.17238860356180713,0.067462686,0.1702127651701537
5065,60375316031,82188,0.035799522,0.040485829,0.13561190589182023
5066,60372197001,63561,0.36904761566806216,0.03021148,0.15276804377878037
5067,60372218102,30684,0.5831099117545588,0.015695067147271546,0.24689440802100615
5068,60372218101,37273,0.13030746514923186,0.070234113,0.15157750238972906
5069,60377024005,112614,0.5401929173602426,0.082474226,0.4040268402144048
5070,60372222002,56136,0.22482435421682784,0.036168787,0.14709677324453696
5071,60372222001,45610,0.21762870345063415,0.079500283,0.1443298962872427
5072,60372200005,38603,0.19137466049360297,0.011862396063316773,0.15236567640444526
5073,60372198003,78889,0.3324360655123006,0.027811366048230157,0.12787212659468405
5074,60372189003,54236,0.23558215323404705,0.095575221,0.098740554
5075,60372189002,33402,0.26321585613198395,0.20891088902068428,0.1469387745106206
5076,60375315031,68631,0.086075948,0.004582951,0.16599423535450009
5077,60375312011,58983,0.058212058,0.013489735991262545,0.12720558010994837
5078,60372218202,17177,0.6031195736027803,0.12263610244907677,0.33992711952146215
5079,60372047002,73571,0.1293302525481495,0.039215685869807164,0.17842323545688657
5080,60372244202,24432,0.15723270242474588,0.088571428,0.1954022971228798
5081,60372260022,15000,0.12326043492523987,0.10291261936092001,0.261821364
5082,60372048101,57381,0.056727272314710746,0.022700814768912603,0.13547599619415784
5083,60372218201,30276,0.4802110691237185,0.11057692130485704,0.3550228269974563
5084,60372039002,96875,0.20702826427021953,0.041609822362825226,0.16471962520607697
5085,60372240201,28135,0.21474358630218612,0.1070615021974772,0.2611142360094866
5086,60372041202,75750,0.076833526,0.037181996,0.17569659306736382
5087,60372244201,25846,0.13852813652917553,0.21688159183022754,0.1216648866417835
5088,60375311014,62632,0.001776199,0,0.20741598832658184
5089,60375311022,52083,0.15972221944926704,0.027231467,0.20160366321187098
5090,60372046001,39702,0.17201166055385086,0.072809278,0.17118802539201108
5091,60372244101,21250,0.4886685483191424,0.044444444,0.27932960698792175
5092,60372217102,37500,0.27815467736560817,0.21483942176257562,0.1735889225389891
5093,60372244102,43958,0.27374999657812504,0.011049723634809683,0.1635006773168204
5094,60372041201,83050,0.11830634970975903,0.077386934,0.1440520432708918
5095,60375311011,85980,0.016279069,0.064516128,0.199527743
5096,60374072011,111488,0.22844036487669392,0.062780269,0.1966726072687308
5097,60374083031,97625,0.28310991805302993,0.024208565995304625,0.20890525541042765
5098,60374080061,94693,0.36666666527777775,0.031719532448348804,0.11946666634808889
5099,60374083032,129129,0.34044526585857826,0.016867469744036388,0.2206303709123899
5100,60374083014,79679,0.1222527455734513,0.084536082,0.16634980830465962
5101,60374076013,88464,0.092173911,0.025862069,0.16618911016056245
5102,60374073023,67039,0.055999999,0,0.1759747083669683
5103,60374080041,88125,0.4527098806976096,0.018112487997557252,0.16194968489799652
5104,60374072012,82829,0.095808382,0.044558071,0.17665816213865967
5105,60374079013,89671,0.23707439801923838,0.017621145180383865,0.14275414460883817
5106,60372217101,54625,0.23100303717322151,0.063770147,0.14484007154592593
5107,60372047001,61905,0.21385990898763108,0.032938076,0.16438356066477927
5108,60372240101,33507,0.32170880277498864,0.008442057,0.23020527746722738
5109,60372260021,68776,0.6190965028840195,0.055413469,0.39795500859732097
5110,60372041103,0,0.15652173718606538,0.051359516,0.1340887617177643
5111,60372043001,64871,0.025330396336286365,0.044662796,0.13092416984049662
5112,60375311012,51023,0.10686015690158104,0.037154988989862116,0.1706161123963972
5113,60372039001,90111,0.09466437,0.028416779,0.14015572702830115
5114,60375311021,42330,0.07099567,0.006130268,0.1529661010467538
5115,60372041102,0,0.042606515,0.015659954906936134,0.12290502621641025
5116,60375305003,94274,0.099216709,0.063241106,0.14081826697603933
5117,60374828011,126121,0.23226703432173806,0.052380952,0.1318493139396463
5118,60374827012,61087,0.4145408110390203,0,0.11111111028806585
5119,60374827011,78164,0.18475452,0.024082568531163206,0.13649024879540045
5120,60374828012,116667,0.45100863903445765,0.055330633531300494,0.1372756057309862
5121,60374827013,80859,0.15434500448320357,0,0.1419117636624135
5122,60379800361,145938,0.3703703612254232,0,0.12824675116482548
5123,60374338032,83456,0.17041522343931467,0.031684698,0.10552763752809273
5124,60375305002,41458,0.041891891325785253,0.11027026907815926,0.13713862018429487
5125,60375304003,43125,0.072573839,0.054621848356989855,0.21280353106930006
5126,60374076012,57981,0.1311300625679098,0.059945504,0.14265436378527777
5127,60374083021,100850,0.273283777,0.04696032,0.19209039500837535
5128,60374076011,71204,0.063426688,0.050240880590221054,0.12336244474147137
5129,60374075022,100156,0.090751944,0.059124087,0.1711990100667552
5130,60374079021,82404,0.21230769067455624,0.031746032,0.1181061388235893
5131,60374073022,89118,0.16896119938721904,0.069646569,0.17642140320717892
5132,60374071023,91714,0.17716535293570587,0.036476256,0.1480466062505373
5133,60374083013,108686,0.21661237608621844,0.033085753,0.11223842668206452
5134,60374034072,178264,0.7105263076598821,0.013972055748781879,0.030769230579881658
5135,60374073014,78148,0.20665082644534855,0.020370369993141298,0.15370370228052127
5136,60372216022,49950,0.1341579435379834,0.014297061046091653,0.11036035953182914
5137,60375310002,96157,0.12017166866216014,0.10459183406653486,0.18097207672210883
5138,60372043002,55000,0.12426035135324405,0.021680216,0.1567749142578397
5139,60372240102,50584,0.5467422044689122,0.040590406,0.24126983973796928
5140,60375311013,84856,0.08488278,0.1276178002119254,0.20520768626653635
5141,60372063031,11359,0.067952652,0.12891113838585255,0.2960111956052792
5142,60372041101,77535,0.095384614,0.00625,0.16216216059689034
5143,60372046002,48307,0.057330826528845615,0.062353858,0.17228464311932182
5144,60372079021,109357,0.8157139686256589,0.061021171,0.37720732443229676
5145,60372243202,19027,0.10117878093144617,0.025121555712142984,0.13079018954777302
5146,60372214012,29900,0.17403957989499663,0.055422837766732735,0.10405643693096808
5147,60372702001,0,0.42684563185442104,0.056622851,0.26639757551566523
5148,60372215001,28958,0.081560283,0.086193136,0.089160839
5149,60372189001,65518,0.4914346842458813,0.009363296,0.14247598643289228
5150,60372216011,50750,0.21519999827840003,0.074566474,0.11326658252023415
5151,60372216012,63239,0.2317880769118314,0.085285847,0.12618896559169965
5152,60372215002,100391,0.068567549,0.047785548,0.10406091304529878
5153,60372184003,115694,0.2563237730805435,0.018796992245651727,0.1646039583588619
5154,60372697004,137717,0.5519848666921575,0.054054053,0.5189048172241876
5155,60372186001,70114,0.239766078,0.006157635,0.13985278506989712
5156,60372676002,0,0.3905325366758869,0,0.43785310116026693
5157,60372690003,154512,0.5394547985731019,0.021333333048888892,0.6911357244995052
5158,60372711002,171500,0.6022099281157479,0.049751243,0.5696887608973105
5159,60372711001,0,0.8043478135970836,0.004477612,0.6165680400406149
5160,60372693003,236184,0.7345794255218799,0.087030715,0.7134831380507513
5161,60377016022,85000,0.7774436031771158,0.077753779,0.6104260055469395
5162,60377012021,165987,0.7519116333737329,0.009031199,0.7505580315259038
5163,60377013041,250001,0.9543269154300729,0,0.758576869
5164,60377016014,161000,0.8166286922935229,0.028384279166110492,0.7333333269005848
5165,60377017013,80221,0.7315914431386268,0.009070295,0.6144994210903371
5166,60372184004,85547,0.39322033231829945,0.030546623303108953,0.14071294427098552
5167,60372185002,87708,0.3096309603093523,0.034108527,0.1689560427956316
5168,60372697001,100905,0.3718662900854277,0.02605459,0.34354953425837825
5169,60372186002,76000,0.20702402574816958,0,0.17647058570343493
5170,60372187012,67679,0.43756905593846346,0.032770605,0.17922947923593402
5171,60372184001,75476,0.19273127541044852,0.011007620567251308,0.1280788168326614
5172,60372187011,40063,0.2534930089123152,0.10651828129541684,0.066613798
5173,60372188002,51583,0.27333332968888896,0.039215686,0.1219305662833991
5174,60372185001,65638,0.17954545250516532,0.080751173,0.21048744305400707
5175,60372188001,48056,0.3533389657367797,0.012705530547791251,0.090220385
5176,60377012015,246528,0.9236110897312249,0.036117380674551225,0.7747747648034136
5177,60377016013,133636,0.7568965386741976,0,0.6767537733596455
5178,60372675022,103151,0.6368381757133619,0.026606099762452307,0.514857486
5179,60372690001,195774,0.8292682771244226,0,0.8271144175732038
5180,60372693002,250001,0.7957446639203264,0.030487804258377965,0.7947548370039358
5181,60372695002,118241,0.8440366778890671,0.060402683,0.7413793005122109
5182,60372676001,81400,0.5507900615034982,0,0.5430579917130229
5183,60372627061,155956,0.829823076,0.020785219,0.8493317080842545
5184,60377016021,122188,0.6653956085281639,0.096463022,0.6393749960039062
5185,60372627062,250001,0.8815330856875769,0.049346879,0.8650306672652878
5186,60372675021,72400,0.6020816605117562,0.087669279,0.5338010170038201
5187,60372677002,146316,0.7551919398666335,0.022679324774898077,0.3973477387163667
5188,60377012013,250001,0.8288769905726027,0.050434782,0.8141935378813737
5189,60372678003,112831,0.7636560261565385,0.005159959,0.5860881502335527
5190,60372678001,102778,0.7724288671240949,0.029166666,0.6286508952899736
5191,60378005062,238214,0.6255143775508486,0,0.8549618157450035
5192,60372628021,171198,0.8056951356306941,0.008308157,0.8585657313508251
5193,60372675042,143854,0.6692111916716845,0.018782014691052847,0.43191964044687703
5194,60372693004,210833,0.868041219,0.057026475416976065,0.6776155635326574
5195,60377016012,178333,0.7971918814571616,0.045070422217813925,0.7682997073873216
5196,60372214022,0,0.26850689750932377,0.051724137,0.1885098726345613
5197,60372186003,76860,0.43181817772899456,0.058823529,0.20392491293579426
5198,60372216021,52813,0.085561496,0.074074073,0.11682586247739998
5199,60372214021,54097,0.28088235087586505,0.056285178,0.12042875081696879
5200,60372184002,98426,0.41157555608399427,0.083682007,0.16463984878727925
5201,60372697003,250001,0.6736596658081624,0.050056882251912606,0.6349431727991027
5202,60372703001,94000,0.3828571373877552,0.072847681,0.21869328295196658
5203,60372696011,80709,0.15033556845187157,0.040966386124302666,0.1965217374215501
5204,60372183005,106473,0.4602648968521118,0.2768987319865607,0.18871252038172381
5205,60372703002,61125,0.6626712272031573,0.047794117,0.37249838365075283
5206,60372690002,173450,0.5869565132325143,0,0.7883720838561386
5207,60372627063,0,0.7929292729058265,0.04112554,0.7813333229155557
5208,60372674052,115561,0.7385714232959184,0.00990099,0.6445916079216799
5209,60377012014,250001,0.8973647587050658,0.017241379081679324,0.8472075780062426
5210,60372675041,70694,0.6342254611984959,0.040441176173226644,0.4834319498021778
5211,60377012012,119234,0.8892794219810295,0.12300319292327168,0.7826941909272941
5212,60372627042,141016,0.7586206846245312,0.018386714,0.7975460087749955
5213,60372674051,115761,0.7630922598118173,0.022701475,0.6705652956085254
5214,60372693005,250001,0.7818498990951153,0.097731237,0.724324315
5215,60372677001,95375,0.7142857089432633,0.12466487852101288,0.4549499418523363
5216,60372181102,75139,0.30756578441503646,0.05541237,0.1570319227175848
5217,60372696021,59537,0.4848780440499703,0.090701219,0.3118161908543972
5218,60372182201,88542,0.5652173858433103,0.030018761,0.2715025878600768
5219,60372182102,53011,0.24378109210168067,0.072475569,0.12648425334804206
5220,60372696013,42340,0.29699841552925094,0.084388185,0.3220018855335044
5221,60372183001,75573,0.3046153814911243,0.032541776,0.13436866891040736
5222,60372183003,101364,0.4370709282134799,0.062098499740931484,0.2025462939520105
5223,60372696022,89766,0.47126436007776096,0.021671826,0.3195422507082548
5224,60372183002,38316,0.29787233250339545,0.064516128,0.22904191273889354
5225,60372182202,69167,0.27818627280523117,0.039466666,0.16823577499698822
5226,60372675031,131514,0.7204301032232372,0.063976378,0.4829545431678288
5227,60372678002,71250,0.7536534289425172,0.035019455,0.680185392
5228,60377016011,91645,0.859872584,0,0.7748690964246231
5229,60372672013,104432,0.5917843312993025,0.028571428216503998,0.6061872859014441
5230,60372693001,250001,0.9113607876234608,0.024590163646485204,0.7705345401494845
5231,60372672012,52288,0.8786936099736609,0.054878047943932196,0.6397919292614834
5232,60372674061,90867,0.6934306527163586,0.036060279676747686,0.634403667
5233,60372673003,91833,0.7445346611834187,0.17863834991481356,0.5293691042105214
5234,60372627041,176859,0.8128654891533579,0.057813910950190506,0.8013148224885696
5235,60372695003,250001,0.826342275,0.060014460882035714,0.8393371697454095
5236,60372212202,65673,0.17982798921166546,0.055194804836397375,0.074673629
5237,60372695001,0,0.8114406607745623,0.027131782419926698,0.7991407
5238,60372169012,165288,0.6246105821711747,0,0.4161781897282745
5239,60372182101,44888,0.11518324456566434,0.027667984,0.11178247621568503
5240,60372213041,51032,0.19308545209989922,0.073837209,0.1099447507737859
5241,60372213042,51629,0.226455024,0.049327354,0.063011456
5242,60372213032,47981,0.12213740224928622,0.078101071,0.081053697
5243,60372213031,48661,0.15055761941860948,0.029816513533512893,0.12455261185001709
5244,60372212201,40262,0.19260400319562399,0.026022305,0.14657980336661397
5245,60372181201,30063,0.17484450466589838,0.026674570084916596,0.103190232
5246,60372060512,141313,0.6980552640936002,0.057318320805339606,0.5011895281428269
5247,60372043003,39028,0.13135985077372941,0.068332108,0.14956803374963265
5248,60375310003,45950,0.075757575,0.018821604,0.18254301224279054
5249,60372242002,51466,0.068580541,0.037558685005179754,0.10687022810118552
5250,60372079022,117139,0.6301916882572549,0.1360594785423087,0.36462373650408275
5251,60372242001,50870,0.091823898,0.022774326886394133,0.12189054625298054
5252,60372063022,9704,0,0.078389829,0.3038673977188325
5253,60375309011,40625,0.093357269,0.057840616223128326,0.10328638400670062
5254,60372211202,43750,0.099660248,0.023364485762948733,0.074385511
5255,60372079011,0,0.6522744745391328,0.037524687,0.31145777132082964
5256,60374825223,72475,0.29433497174464324,0.026558891148280705,0.1271989157347914
5257,60375304002,72303,0.2216174166281694,0.02045134,0.1225517620450377
5258,60374828013,83698,0.2438316382885948,0.039004707,0.1458132813002248
5259,60374340041,104688,0.12527472472406714,0.028627451,0.1493080839427965
5260,60374827022,79306,0.2815656530105347,0.015204678184740606,0.1084010830316072
5261,60375304001,0,0,0,0.2857140816327988
5262,60374338031,83672,0.093591905,0.041605839112366136,0.14602076023515045
5263,60374825222,98929,0.38369483632240214,0.048970901000916243,0.15774647813264564
5264,60374825221,88625,0.28132205779152913,0.009489051,0.18915510599523894
5265,60374827014,90750,0.4771784133365475,0,0.12724550707716306
5266,60372696012,107694,0.22626787742174412,0.014648437356948854,0.21029572606466895
5267,60372182203,31250,0.2731707250446165,0.11623246260055185,0.14125873928309457
5268,60372183004,46189,0.33072625328797484,0.13127413000700647,0.21529744839190323
5269,60372181203,66618,0.1464788691132713,0.066137564,0.12145110218531385
5270,60372181202,43185,0.093425604,0.065433854,0.10770659138619693
5271,60372213021,45147,0.2773178784990242,0.03930131,0.11496655470331707
5272,60372213022,33686,0.15956482176278494,0.003005259,0.15067079385618787
5273,60372182103,70526,0.27650897001216174,0.023880596836711964,0.15377081142242105
5274,60372211201,51500,0.069513405,0.011884549984002122,0.067385444
5275,60372212102,66689,0.2705071993080326,0.057142857,0.15131578864410203
5276,60372243102,52434,0.23499141963994136,0.092307691,0.10963855289592105
5277,60372038004,44583,0.022222221893004122,0,0.12007504577790765
5278,60372073032,23033,0.4879074606949794,0.07150368,0.4110301726219545
5279,60372044202,67500,0.15424609784668808,0.12746386166276136,0.16265060044999277
5280,60372042002,40781,0.19236016108649168,0.06284658,0.15170278559492886
5281,60372243201,32051,0.11291413040626011,0.051797684023170726,0.11015582960690043
5282,60372063021,0,0.03125,0.16340782008793422,0.23076922799556218
5283,60372063011,13738,0.084719334,0.11133603182522252,0.2285438754650729
5284,60375309013,96167,0.14868105337312887,0,0.13504273388852364
5285,60375310001,80714,0.041690793041744105,0.028447444414428907,0.13132461551265143
5286,60374073021,102266,0.043704474,0.021316033,0.15752212249980424
5287,60374079012,110990,0.2568555735205158,0.013196480841668029,0.1814254846549641
5288,60374080053,115885,0.5055172378929845,0.006309148,0.14736203670489972
5289,60374075013,81875,0.17382412910200276,0.013232514,0.1413311409915272
5290,60374071022,64167,0.082830499,0.008079848,0.17586490866612475
5291,60374073013,108224,0.2602996205936401,0.019354838397502606,0.13254035571333597
5292,60374071013,82500,0.085034013,0,0.23828345432928597
5293,60374075021,123750,0.083655083,0.007157464,0.15705128079285832
5294,60374080032,113945,0.33708467129107894,0.031984948109195915,0.14292035334990993
5295,60374079011,86646,0.098888888,0.017108639716778104,0.18809980685796668
5296,60372073031,53074,0.5819344477862954,0.089041095,0.4074074043895748
5297,60372038003,110625,0.17904374182051128,0.025869038,0.13669064658802715
5298,60375309012,53542,0.11471610527559555,0.017391304196597356,0.098679638
5299,60372042001,53889,0.072205736,0.050105857,0.12852233588644443
5300,60372073081,97188,0.5363385415240245,0.1434563746354331,0.5031982906666789
5301,60372060531,54018,0.15597920006968458,0.036253776,0.16685456407153818
5302,60372079012,87471,0.6826286261710207,0.024269662812271175,0.38577827331591114
5303,60372060532,26587,0.21433541952445775,0.045065602,0.14785172642016964
5304,60372243101,53239,0.29999999545454553,0.084880635,0.19206349053917865
5305,60372077121,61755,0.5339067134174439,0.055401661879342375,0.39023701921490683
5306,60375305001,66591,0.076322636,0.014774494441877959,0.1347593575681318
5307,60374827021,85139,0.5132325093267249,0.018425460482198824,0.11642251259504617
5308,60374340032,61534,0.12544483874159396,0.027476500162859723,0.15930388112915742
5309,60374820024,92388,0.33019853364473845,0.035339064,0.11966527096514418
5310,60374341005,82059,0.22403003474305339,0.016077170245689495,0.12573673746820493
5311,60374338043,68263,0.14908256709767698,0.068117313,0.20062942407057888
5312,60374824041,97644,0.5779411679714535,0.048088779,0.11721991579647391
5313,60374824042,0,0.31416837621063465,0.015247776301364774,0.086732059
5314,60374341003,32750,0.092369476,0.031578947,0.18418514769348943
5315,60374340031,78646,0.086868685,0.016997166898057126,0.14224445931204818
5316,60372211102,47117,0.11982082799652392,0.073258196,0.082945408
5317,60372073041,12397,0.2767039646316993,0.13516067925178943,0.316605837
5318,60372044102,0,0.061728394,0.026692087,0.14395688880710633
5319,60375309021,65962,0.2454804924312037,0.034948371,0.13909313640261559
5320,60372044201,41313,0.087082728,0.086527293,0.18039215597846983
5321,60375309022,34009,0.094117646,0.038583175,0.20018281444157762
5322,60372100103,26280,0.32981927214127604,0.047819971,0.1328301876767533
5323,60372037202,70469,0.20538720308207403,0.041512915,0.12241277278289313
5324,60372073071,14940,0.40680587465734047,0.10028449430807615,0.3517241348989299
5325,60372062011,11008,0.036117380674551225,0.14898419528252382,0.28093645171754233
5326,60372211101,0,0.1483622322088202,0.050713153,0.10259179154868477
5327,60372212101,54000,0.1911504390946825,0.026825632983224545,0.11802378666034963
5328,60372181101,39063,0.28168167998989985,0.14872904192142217,0.11269760268894645
5329,60372167003,133750,0.5039727525088223,0.04185022,0.492078281
5330,60372171012,103681,0.21325209281605415,0.22618275938961271,0.17066483776103608
5331,60372171011,70798,0.5904436759309953,0.16943521313230545,0.2921771885751443
5332,60372170023,138160,0.7636986214189655,0.015228426241335774,0.7032069929842157
5333,60372172002,96574,0.5009861834125013,0,0.2636815887601793
5334,60372169013,100283,0.561383922,0.04,0.356999996
5335,60372132022,52311,0.3940800905741144,0.062597809,0.098159509
5336,60372100102,49952,0.057471264,0.11533742189770035,0.15018773278863914
5337,60372038002,0,0.084745761,0.052808988,0.1784232346636594
5338,60372098202,27772,0.1338155491172595,0.048913043,0.11120917818879808
5339,60372044101,0,0.098258705,0.040582726,0.10628571307102043
5340,60372077111,165379,0.733199997,0.0496752,0.4096491210103108
5341,60372073042,0,0.10377358381788697,0.065464895,0.39396886776294876
5342,60372062021,22353,0.4168719186153207,0,0.2563426680186403
5343,60375308011,101750,0.20879120624186562,0.095325389,0.13445378048545623
5344,60372073062,0,0.6078799192506574,0.028730305572471682,0.461899174
5345,60372060521,103519,0.8256566394150869,0.037037037,0.3340412611224476
5346,60374073012,97167,0.073699421,0.082397003,0.1489539736489207
5347,60374080031,88940,0.18113207433250267,0.017357222747160006,0.17344497538498813
5348,60374071021,112273,0.12724935569088233,0.005834306,0.14285714187124127
5349,60374083012,70455,0.16210937394460043,0.10887096719319068,0.1673545959949171
5350,60374075012,55128,0.04200323,0.062653562,0.12328767002653944
5351,60374075014,97045,0.083682007,0.042990653,0.17271589270693502
5352,60374071012,79219,0.15248226770115522,0.014989293201399431,0.2571121832683189
5353,60374075011,74306,0.14934113983395111,0.009852217,0.12295664447081277
5354,60374075023,118571,0.11586901617293431,0.062186559055300315,0.19308600174463741
5355,60374070021,91250,0.16722407886936388,0.056022409,0.12769579950229398
5356,60374820022,115191,0.4999999963126844,0.053035589,0.088709677
5357,60374826002,108317,0.4227590564350982,0.00996483,0.11075949323275516
5358,60374341004,92500,0.1355932180407929,0.024531024177041498,0.16088888745876545
5359,60374825213,75588,0.2626702982960747,0.018461538366863907,0.10744741269216934
5360,60374820021,87107,0.5303030260741386,0.027397260086320138,0.086515513
5361,60374826004,76161,0.5227091591816003,0.015968063766014215,0.12623413169087355
5362,60374825211,84833,0.2023047349256756,0.063960639,0.090704647
5363,60374826001,146964,0.46304540994616733,0.0082769,0.056432038
5364,60374338042,0,0.24363635477685985,0.019886363071410142,0.16211877749408063
5365,60374340033,70455,0.022194820934712443,0.048034934,0.1583333320138889
5366,60372038001,0,0.087990486,0.037674918862487417,0.14528101648694575
5367,60372098201,59554,0.14953270888287187,0.022918258037293675,0.12007504615337683
5368,60372037201,61957,0.1627906964531831,0.071737786,0.14557967101334213
5369,60372098102,29539,0.19234275120927302,0.049317146818534545,0.20165289089543065
5370,60372100101,22275,0.058365758,0.071060761,0.088180112
5371,60375308014,126140,0.33047735213614016,0.059814658,0.14653156549858484
5372,60372073061,44330,0.48928238127416235,0.11562224081533769,0.3675400264371177
5373,60372134021,57882,0.22215384478674557,0.005249344,0.082021936
5374,60372037102,69306,0.17566137380252514,0.069315299,0.14931846251971212
5375,60372077122,101365,0.8102893803827504,0.10990711989235975,0.4911986547259124
5376,60372062012,53333,0.6179084031585208,0.092936802,0.25428571283265305
5377,60372073051,67188,0.6504629554344565,0.079249217,0.5224386069226198
5378,60372036011,45662,0.1348314591591971,0.076765608,0.10612244811328614
5379,60372093003,51163,0.4587935390077015,0.087620578,0.3238434140651714
5380,60372035003,46838,0.2104208374665163,0.059021921433019875,0.14312617567677802
5381,60372095201,39817,0.17954545250516532,0.107142856,0.1145268226972464
5382,60372098101,36750,0.10055248507676812,0.011799409913476796,0.1353191477845179
5383,60372032001,56691,0.10354609782204117,0.033373063,0.14516128915192508
5384,60372060541,41852,0.15612648118493755,0.068478829,0.11011235913815595
5385,60375308021,65455,0.22391083866351735,0.081335616,0.20410490191502337
5386,60374080052,94286,0.4242424202249771,0.044140030105479226,0.2213348532724766
5387,60374080051,159875,0.4706336903351338,0.041237113136358805,0.2576325642333553
5388,60374073011,67273,0.16650532268629892,0.030713640192288706,0.16038562523763694
5389,60374071011,55489,0.11263317941197597,0,0.23343224299275725
5390,60374066023,116402,0.2211126929941128,0.025510204,0.18146213980768838
5391,60374083011,39679,0.089935758,0.10570469621300846,0.18339528892942641
5392,60374340012,70156,0.18829375931367334,0.08655706,0.102670829
5393,60374066012,115685,0.25022665230982183,0.045893719,0.20072053422171623
5394,60374074001,121023,0.25510203881395577,0.051689860492446255,0.13969896453575273
5395,60374069036,93147,0.23278442939532612,0.06140879,0.14893616915648109
5396,60372093002,26125,0.1614173212458925,0.058698726600433335,0.14805194677011302
5397,60372035001,51976,0.4412955376255964,0.068017365,0.15124816224305196
5398,60375306032,56552,0.1538461518737673,0.14470842176340798,0.1938325969842225
5399,60372037101,71250,0.14774624250629181,0.071574642,0.10930074603326038
5400,60372036021,70047,0.087689713,0.032819826,0.14783427425690077
5401,60372075021,14035,0.5695067228090537,0.028409091,0.24572210646322995
5402,60372095202,47446,0.12690355115222418,0.046321525,0.1071789675714968
5403,60375308012,54083,0.11337466684344848,0.022324865109123442,0.19548218770215303
5404,60372093001,22411,0.11732283372186746,0,0.11663568719035461
5405,60372134022,53929,0.4687975575525486,0.027417027021399323,0.16704288750515928
5406,60372171021,52165,0.3533834553253435,0.067532467,0.3231884034551565
5407,60372167002,104818,0.5481120517891346,0.065517241,0.4306676417412499
5408,60372131002,84261,0.6238425853721923,0.020089285,0.13264346065246038
5409,60372131001,42375,0.3922445906618599,0.033073929746602275,0.12049861412397082
5410,60372133102,75511,0.303355701,0.024439918284725883,0.1140401139596555
5411,60372133101,65556,0.25814137999887704,0.031781227,0.1280101386057659
5412,60372133202,40231,0.24829156892606413,0.014522821,0.10732113055473269
5413,60372133201,29047,0.32922731994146337,0.008389262,0.11363636300645032
5414,60372172004,0,0.3376271163550704,0.083674663,0.3113006363400785
5415,60372170022,86763,0.4833080388216386,0.013513513,0.5696113033949731
5416,60372128001,88333,0.45961227415498973,0.077079107,0.17264038128649714
5417,60372132012,40472,0.36755823669061055,0.070132013,0.077992744
5418,60372128002,100438,0.34099616422737977,0,0.2016806703858014
5419,60372170021,95729,0.5880177471300463,0.028049575811809682,0.6924257897009939
5420,60372171023,101844,0.5695652112003782,0.020263424313440484,0.44142011311928864
5421,60372132013,43750,0.44371584214518206,0.028571428289936668,0.097887323
5422,60372128003,41875,0.4424635260540758,0.014376997,0.1613372081298168
5423,60372168003,116111,0.4972273475558716,0,0.5843195179834391
5424,60372132011,40169,0.3380710625576542,0.12510638191398823,0.074044585
5425,60372134013,46447,0.063921993,0.026897214,0.091298145
5426,60374826003,67192,0.40072638740040695,0,0.088790931
5427,60374821021,115398,0.3819918118554447,0.036030714,0.13071512232875074
5428,60374821022,81991,0.45381165512276544,0.019215372143992215,0.12105263051708219
5429,60374339032,82917,0.160990707,0.030136985,0.1791808843143194
5430,60374339033,65789,0.036690647218052895,0.021343377141598386,0.16422764138630006
5431,60374825212,71691,0.35315984911301207,0.047353760181873206,0.09863124
5432,60374820023,94571,0.43335256530090843,0.074171488,0.09751693
5433,60374820011,128188,0.6135615496144731,0.010204081574806794,0.091093117
5434,60374339031,46833,0.036307054,0.022482014,0.12825788663746307
5435,60374339034,44837,0.1386639662078546,0.034703196,0.1520231205085369
5436,60372095101,32500,0.19999999694656495,0.023842916916649134,0.1238095226303855
5437,60372094032,0,0.17677946221248855,0.08250497,0.13239601562743986
5438,60372092011,72313,0.6903345699244068,0.028733817402166663,0.33345020920950136
5439,60372075022,0,0.4728053412556997,0.065764925,0.26282051182948524
5440,60372036012,51771,0.15789473514613603,0.065236818,0.10786360398146413
5441,60372032003,72308,0.2043189334830742,0.074753172,0.16464890908273683
5442,60372032002,51900,0.17477724349021767,0.057158119,0.16806722594920323
5443,60375308013,82850,0.10466222545516436,0.014117646948096887,0.17929864151980407
5444,60375308022,74048,0.1323155205062297,0.025983145884949817,0.16419919135801353
5445,60372095102,41660,0.16121495201545988,0.033579583,0.087918321
5446,60372134012,69559,0.10034207411240509,0.014773776410214438,0.07601476
5447,60372134011,41691,0.231977158,0.03287311,0.088823816
5448,60372094021,43750,0.1597222208357446,0.004392386,0.10614272761453149
5449,60372094031,31506,0.14151680890135412,0.071428571,0.10452636442124888
5450,60375306031,100938,0.23188405538590798,0.054054054,0.2135306538863238
5451,60372091061,47102,0.385697536,0.033057851,0.15083586568831356
5452,60372094022,58869,0.011333333,0.013120365013574643,0.06786102
5453,60372092021,35694,0.2120805340660331,0.005698006,0.1377633700343325
5454,60372089022,35451,0.10673234635907478,0.068152031,0.071125265
5455,60372075011,128125,0.7909774376618238,0.064888248,0.42766407602213075
5456,60374063003,97421,0.5073529374459342,0.036421725006889935,0.2506142490748511
5457,60374340011,55375,0.15340908945635331,0.09194467,0.11790392948742397
5458,60374066022,62063,0.18329938713544414,0,0.17873563115669178
5459,60374067012,94605,0.24520255602129473,0.040229885,0.17710309818404113
5460,60374069031,39567,0.2679999892800004,0.084374997,0.13613445149353864
5461,60374070022,79417,0.086398631,0.037946428289089076,0.13747228305170575
5462,60374069035,17113,0.14999999765625005,0.10682492423108421,0.15111110976790124
5463,60374067011,93355,0.22156133664266664,0.055825242,0.17504898644644687
5464,60374069032,96618,0.15384615002863153,0,0.1654929562896747
5465,60374064135,110333,0.36897766898968665,0.068893527,0.25680390609348286
5466,60372168002,112292,0.5757575690471146,0.024364406521563492,0.5405857695348472
5467,60372162021,101295,0.5748031431405721,0.024793388173622023,0.402068963
5468,60372164013,98297,0.6491896982918046,0.014059753830757875,0.7630661954436743
5469,60372125011,47574,0.3897012054055867,0.023131672460666237,0.21862139805235906
5470,60372123051,46615,0.13526011482508604,0.019723865780454312,0.13028029952514686
5471,60372123062,52933,0.21331945667721688,0.020871143,0.092350103
5472,60372123061,55741,0.3381742703508893,0.063197025,0.1050670633005435
5473,60372168004,184559,0.7334593434128669,0.11326860658141413,0.7008443823782342
5474,60372126202,51583,0.3551745232383679,0.042599672077555044,0.10038058943681925
5475,60372125022,56354,0.2509865804973435,0.024408283843133996,0.3121428549132653
5476,60372094011,51318,0.20357803699211574,0.056565656279971434,0.1282642084168041
5477,60372122021,53828,0.20822621974147673,0,0.12561029682374478
5478,60372074001,59703,0.3671679174989479,0.043189368565783724,0.42307692096365174
5479,60372075012,62976,0.7878787708251349,0,0.23507462467281134
5480,60372091032,41450,0.092035397,0.04516129,0.084848484
5481,60375306033,88611,0.15432525844757608,0.049098818837173284,0.19072408807040184
5482,60372089021,35536,0.112694299,0.038197844875633255,0.074938574
5483,60372035002,37986,0.1648987447936476,0.057983942390865816,0.1319444431354718
5484,60372031003,28026,0.069214875,0.072892938,0.14082358850623494
5485,60372091031,25385,0.009090909,0.017123287,0.1123417712631189
5486,60374338041,51106,0.035738368,0.035426731,0.12946600027097194
5487,60374341001,77344,0.024691357415028214,0,0.17769376013521967
5488,60374341002,65714,0.080604533,0.051724138,0.079700572
5489,60374339012,49883,0.068019092,0.030020703622974085,0.10443864138869764
5490,60374821013,87188,0.4586466130928826,0.016463850991668926,0.079754601
5491,60374824031,47610,0.11584028031662887,0.019328957,0.061933535
5492,60374336021,59297,0.2082082071661251,0.054361567406820195,0.069979006
5493,60374822012,51953,0.2742382246146055,0.034812880462899216,0.039532794
5494,60374335061,46486,0.040032679,0.032371569,0.11652339963455872
5495,60374822013,73177,0.3200962657028127,0.026845637,0.07763259
5496,60372122022,51420,0.19133937370252393,0.058964143,0.07470747
5497,60372164011,91339,0.8057275479432853,0.078709677,0.6412371100967159
5498,60372124201,46921,0.2544103968949824,0.04719764,0.104688503
5499,60372161003,107813,0.5070422433190696,0.037974682857600674,0.483460554
5500,60372126201,41197,0.4043408327625335,0.028591851117999636,0.1343952208342697
5501,60372127022,56667,0.4674369698798638,0.049665711082466944,0.19604086720280417
5502,60372168001,112813,0.7715133416689416,0.1278089869689749,0.6905311698552983
5503,60372127021,103375,0.5855031626635949,0.058503401,0.29502687973772257
5504,60372163021,98611,0.704477607,0.030282175,0.5292740015850468
5505,60372164012,109148,0.6383701080072987,0,0.7734447467646728
5506,60374822022,57268,0.3198562415107256,0.012131715666102985,0.052947598
5507,60374822023,55694,0.3348789266621385,0.022429115,0.055555555
5508,60374335062,40625,0.024193548191987515,0.1320626267388521,0.084709643
5509,60374825031,77955,0.20431115084994236,0.026556016377128497,0.047387606030451966
5510,60374825032,62275,0.1900170153714293,0.004821601,0.045434876
5511,60374339013,80000,0.099664053,0.021422450544794767,0.16266025510688897
5512,60374820012,98657,0.4377990325885399,0,0.09690444
5513,60374825022,68295,0.1253263699391229,0.010575793122351391,0.044696066
5514,60374825021,58393,0.12742099768174314,0.032286995,0.057980455648335795
5515,60374821011,134188,0.3489795882757185,0.051418439,0.062550771
5516,60372094012,19511,0.033041788,0.014977973436317415,0.142398973
5517,60372060201,118438,0.071816105,0.001467172,0.18020441065052106
5518,60372091051,31125,0.068010075,0.03716551,0.073170731
5519,60375307001,77692,0.18077956867755668,0.070029673,0.17195402219791253
5520,60372031002,81477,0.074107142,0.05478502,0.14714537876900896
5521,60372122042,29962,0.28677462694484057,0.024433849675602803,0.086868686
5522,60372071021,0,0.3584036824312982,0.052317881,0.12981624146468215
5523,60372091041,37692,0.13810597441879383,0.057627118,0.1415966380605183
5524,60372089041,21207,0.13027916871668455,0,0.10131233542618197
5525,60372089032,44250,0.036982248,0.00845666,0.12409812320275525
5526,60372033001,24236,0.27708333044704864,0.030079803,0.18070175359341334
5527,60372089042,33250,0.03490566,0.031028369,0.08952959
5528,60372088011,45896,0.26920551366247203,0.050716648,0.16232127770260185
5529,60372122041,45313,0.4176744147193078,0.037089871347433155,0.11882893157962726
5530,60372088022,27754,0.3357933538032798,0.062360801087296205,0.2075471680313279
5531,60372089031,49762,0.12071005845733693,0.048266166596690877,0.0951239
5532,60372071012,61094,0.5665722339477888,0.017038008,0.25175315391477454
5533,60372080011,85435,0.60029211,0.003278689,0.21010424935804228
5534,60372087202,39194,0.30210772479967535,0.074204946,0.19854721389388852
5535,60372083023,36750,0.12583892547069953,0.025728155214911865,0.10995292498334591
5536,60374066011,101250,0.21056720893110173,0.057277628,0.28196146945731776
5537,60374066013,117375,0.30690737592694367,0.043925874784311085,0.19873635727319727
5538,60374066021,109667,0.1513944215568007,0.047948363,0.248534582
5539,60374070013,96066,0.15651678909210706,0.067514677,0.13564398743840825
5540,60374064136,0,0.5427135587485167,0.1495726474419851,0.30551415342005733
5541,60374068012,119526,0.2747047838738049,0.020397209,0.1593604942786978
5542,60374067022,133618,0.2485875682807197,0.012939001728844716,0.1838177518945974
5543,60374069033,106964,0.24355971706823015,0,0.14062499929120464
5544,60374070011,80525,0.1124324312169467,0.006930693,0.12466607190858352
5545,60374069034,120074,0.15462427522219255,0,0.20432219905486446
5546,60372625011,250001,0.915966371,0.033379694,0.8546922214460927
5547,60372626041,250001,0.9411764532871976,0,0.7903822343972597
5548,60372674041,144688,0.6935270714197217,0.045154185,0.5652173850031507
5549,60372626043,105549,0.6056105560593189,0.028279654,0.801165326
5550,60377012011,250001,0.8139534711637745,0,0.7887323832572904
5551,60372673002,132917,0.776429803,0.10200803130917244,0.5468424667117109
5552,60372643061,138846,0.6743535941694369,0.037377048935232464,0.7181328513548794
5553,60372672023,198654,0.8737474774800105,0.10958903895129082,0.6497092928821324
5554,60372679021,250001,0.8014925253508579,0.042465753,0.7380546012111382
5555,60372628023,188245,0.8473625045189394,0.026766595002498984,0.8469798600873835
5556,60372673001,54497,0.33380883974595094,0.03183315,0.36146095490263885
5557,60372674032,77716,0.5439024323914338,0.030010718,0.6477695107084618
5558,60372643052,108472,0.6935749531007006,0,0.7596153797460553
5559,60372672022,101698,0.80997876,0,0.6824610984267249
5560,60372674042,75714,0.6789137344040802,0.067119456,0.654030325
5561,60372695004,250001,0.9056603602705593,0.0506993,0.8915054592808624
5562,60372672011,136029,0.8533916755646426,0.021780302824050163,0.5944444378395063
5563,60372674033,143542,0.7051671678938665,0.262337661,0.6125226804671263
5564,60372625012,246852,0.6070763387881501,0.035222051527993084,0.8454221064753614
5565,60372679022,117955,0.813461531,0.021798365,0.697031034
5566,60372134023,31985,0.1053677921931631,0.025514403,0.10440074857490285
5567,60372132021,64293,0.15067339940510607,0.0236822,0.11987179410338594
5568,60372169011,144737,0.6219806688166586,0.033410137863938504,0.3961352618730893
5569,60372129001,81979,0.4344758020718165,0.084729981,0.22577996530558322
5570,60372172003,79219,0.6042031417827821,0.11999999808000003,0.31838975006047804
5571,60372170011,167708,0.7473261932175643,0.072376356,0.832073881
5572,60372172001,93846,0.46991869154603755,0.099041532,0.34220531994101405
5573,60372167001,81875,0.6123101469839317,0,0.3828229002475173
5574,60372171022,159306,0.8017241148929852,0,0.5163120494140135
5575,60372129002,38261,0.2037147980604266,0.015259895015451143,0.10866959605006153
5576,60372674031,81719,0.5775335704818856,0.075709778,0.6273223975156023
5577,60372672021,131250,0.6847133703446387,0.082311733,0.5906432705362334
5578,60372643053,128625,0.801169585,0.083810888,0.8304431519225131
5579,60372655242,102215,0.8431137674065043,0.036009445,0.6452584011778304
5580,60372643042,120919,0.7872154046653642,0.023909985767159032,0.7060052182454035
5581,60372625013,250001,0.7776049706251558,0.005772006,0.8517548410070465
5582,60372671012,157813,0.6851485012841881,0.061769615,0.7406616783280504
5583,60372690004,205360,0.8610878589030305,0.048069346,0.7817479440765429
5584,60372679023,212143,0.7097457551933712,0.058243727,0.6557863452834841
5585,60372643032,126199,0.9349442292291429,0.021276595556058552,0.7211394248790148
5586,60372643051,127188,0.9099678359060254,0.009871668,0.8321364377725634
5587,60372691001,88578,0.5626959159452051,0.018137847,0.8778004013727061
5588,60372655232,70673,0.9199395700910908,0.029681979,0.662528209
5589,60372626044,212100,0.9084337130497901,0.046979864720808395,0.845854911
5590,60372643031,161935,0.8942307626166364,0.012912481973368136,0.7898498871347399
5591,60372671011,108904,0.6861669671775322,0.015954709,0.6544217657395838
5592,60372655241,113205,0.6080843478368305,0,0.6992084340473822
5593,60372643041,163875,0.6954225229679134,0,0.7489300891736079
5594,60372671022,121125,0.7714285673469388,0.043499044,0.6909421907558388
5595,60372640001,250001,0.7873684044764547,0.029520295,0.8756998782116475
5596,60372655231,134375,0.8364779742692142,0.010355029432617908,0.6653306546560055
5597,60372655222,96837,0.7354726735865337,0.012472487069167372,0.5047080931760066
5598,60372640003,196471,0.8792822042531452,0.11686390359668782,0.8635907636550576
5599,60372656012,91250,0.8232359171544126,0,0.71786994
5600,60372626045,243607,0.6916076775368284,0,0.7847557660506937
5601,60372691003,99375,0.7957746338772071,0.025380710230444838,0.8182741033677756
5602,60372641032,180260,0.8445297423749545,0.035230352,0.7233009650218368
5603,60372655212,66422,0.8242320678458692,0.034899328,0.4703791413462187
5604,60372671021,250001,0.940594036,0.023965141090084074,0.7329192470712294
5605,60372679012,130167,0.7176368312976817,0.017811705,0.7990543687999151
5606,60372169021,0,0.570297018,0.069230768,0.47685833833298263
5607,60372162022,77768,0.7880622769198765,0.071823204,0.41138328233873717
5608,60372169022,66000,0.6508064463644642,0.10909090822853038,0.4870210105870148
5609,60372170012,98750,0.6657342564232971,0.098591548,0.8082901470643509
5610,60372127011,71563,0.46898121531598624,0.018292682833878644,0.11660635256692257
5611,60372691002,0,0.8717948514733135,0.053691274,0.8042049828619582
5612,60372691004,86477,0.5258449251904083,0.11042402729307396,0.8147423299755882
5613,60372170013,130170,0.689655155,0.022,0.8033946138133718
5614,60372161002,116731,0.6801967936015155,0.062433862,0.4577685040900052
5615,60372124202,53652,0.4611032466604916,0.010882708,0.15098634179828269
5616,60372641031,151136,0.7983630892978937,0.062093862,0.776479176
5617,60378005041,193504,0.7017658554495366,0.010909090852420308,0.8425475416074854
5618,60378005063,197847,0.8303571354432399,0,0.8195364170568178
5619,60372679011,125739,0.6357292349216382,0.044740023913300946,0.7582760727153275
5620,60372655221,0,0.6086956374711199,0,0.4941634193174765
5621,60372626042,250001,0.9332060979655907,0,0.850424049
5622,60372655211,80862,0.833583196,0.054973821269976166,0.45652173499527415
5623,60379800171,0,0.11415168010827459,0.015993907,0.5075503313124973
5624,60372656011,72321,0.6050504989388839,0.011928429,0.7312552592143617
5625,60372640002,190660,0.8556700950733824,0.018534119473175067,0.8134863643221926
5626,60372124102,43646,0.32443257243748236,0.00625,0.086172344
5627,60372124103,41750,0.24317617664866686,0.028160200074091365,0.20210727775759313
5628,60372122032,27105,0.19689119000957522,0.034331629,0.12343470409400892
5629,60372127023,145083,0.7247058653010385,0.064367815,0.30647708836529086
5630,60372161001,163114,0.6549520662148233,0,0.4986111041859569
5631,60372126102,65833,0.46442576770629823,0.069415448,0.1872736669049474
5632,60372163022,94837,0.5197613682344417,0.015395381277848976,0.6093326065690038
5633,60377009022,86054,0.7721724916828927,0.17694155182592833,0.725856693
5634,60372125021,81563,0.6791255241246437,0.040901007,0.088130412
5635,60372162011,109583,0.41932270498682567,0.037383177,0.5013901714421671
5636,60377010005,146982,0.6453645306447837,0.035743973102710117,0.7388475767765095
5637,60372641022,136318,0.8534641272013236,0.014551804,0.7417074456677137
5638,60372656022,112200,0.6736068544175943,0.092833876,0.7654320948280242
5639,60377010003,250001,0.8934010001116582,0,0.8204545361311985
5640,60377009023,155000,0.6537842137376473,0.028591851117999636,0.7165311614280154
5641,60372641021,183977,0.8579234878915466,0.020474138,0.7559183611761766
5642,60378005061,250001,0.6886005496885955,0.058159722,0.7675941017381825
5643,60372624001,197679,0.8767312897959656,0,0.8458748790038543
5644,60372652041,0,0.7986111000192903,0.073518379,0.4966159010438587
5645,60372656021,0,0.8280329702234044,0.068522483,0.7634643321436366
5646,60374821012,48867,0.3606681825309933,0.017391304221802142,0.077410274
5647,60374334032,50099,0.059079061172206244,0.024423337690479392,0.13913750960481078
5648,60374334022,71944,0.120858609,0.051485148310949906,0.139965546
5649,60374335052,40917,0.10460250936608254,0.009632224,0.084224598
5650,60374339011,68828,0.16455696119211666,0.016150740169803765,0.12037036992455417
5651,60374335051,51328,0.15197841589947467,0.059429476549687194,0.1595584537904744
5652,60374334033,39625,0,0,0.12155963163349047
5653,60374334021,59205,0.15407554518811586,0.053557154,0.13856068668871813
5654,60374335053,0,0.01632653,0.15413533689722428,0.094282848
5655,60374822011,56205,0.2229166643446181,0.005733006,0.06527977
5656,60372124101,80952,0.40711008707442564,0.042443064,0.1629048070372443
5657,60372123041,41206,0.3023829063074535,0.033589923,0.19505178253710137
5658,60372123031,27539,0.22947760979964918,0.096375617,0.14556482073112342
5659,60372123032,58058,0.3995601143727264,0.037878788,0.19058606280301768
5660,60372162012,110438,0.7289377222624751,0.053797467928817504,0.5961775548940965
5661,60372126101,66648,0.5329920333731967,0.051106427549491955,0.12334593514486797
5662,60372122031,83388,0.5503875908041241,0.059773828,0.1715399598990256
5663,60372164022,86638,0.6926406851445813,0.16328502257695632,0.7360482599091384
5664,60372164021,97917,0.6495119729413312,0.071799307,0.7223065195576137
5665,60372163011,0,0.6495589362505297,0.030350194316340902,0.7154293979954193
5666,60374063001,118098,0.5027359746734885,0,0.23957367822255013
5667,60374067023,112639,0.27178423048558625,0.089175891,0.22902633050198207
5668,60374333021,57542,0.1444610767630159,0.047402597094788335,0.14285714201730076
5669,60374064134,115395,0.31596451977866385,0.041580041,0.2725409817449386
5670,60374047031,92000,0.18604651018568596,0.03128991,0.13768630136489496
5671,60374065003,84735,0.1204343522168376,0.033407572135058856,0.21777092851684166
5672,60374070012,84592,0.044794188590834214,0.025889967497896616,0.13777161286282194
5673,60374065002,95840,0.29944917226114587,0.12318501113262288,0.17435275
5674,60374068013,106912,0.1524132078542489,0.046343229,0.22691879740312126
5675,60374047032,73036,0.074074073,0.063189568,0.1703260135041516
5676,60372088012,41713,0.2647385954979022,0.038161317969112596,0.14983164857044068
5677,60372083011,41719,0.1001064952065336,0.021772939,0.095846645
5678,60372031001,61250,0.06017699,0.097674417,0.19178082004128358
5679,60372071011,0,0.3620915009013628,0.030023094514878206,0.1372440501536024
5680,60372111231,80063,0.5936856513817045,0.044419134,0.17548879267768813
5681,60372084011,38750,0.19592875151884012,0.016105417158818323,0.078918322
5682,60372088021,54239,0.4374445391531097,0.046347211,0.16835585490790622
5683,60371999001,44375,0.11222444777330214,0.06705298,0.11484771500731146
5684,60372083021,59167,0.37759335316196363,0,0.19678714596001143
5685,60372080021,38250,0.3761638698681204,0.085858585,0.25360824611542143
5686,60374822021,0,0.34002005677010977,0.026794258116801358,0.045454545078888055
5687,60374819021,60313,0.3427935428892958,0.028248587425533708,0.16221682782274743
5688,60374817141,42019,0.1958266436932051,0.028508771721427108,0.022697794924138814
5689,60374817142,46250,0.161989794,0.023972602,0.057264050294124604
5690,60374817111,48590,0.25383473402357876,0.058333333,0.041006524
5691,60374823041,57743,0.10746513447526551,0.026093088673532522,0.069793411
5692,60374818001,71776,0.5289139558686325,0.014778324941153635,0.11702127546401088
5693,60374823042,59167,0.15640393896054264,0.013756613611041127,0.063658838
5694,60374824012,66500,0.099865951,0.046357616,0.046621267
5695,60374331031,50529,0.10498839846294433,0.031813865,0.070286195
5696,60372084012,54620,0.12816901318190835,0.063145112,0.1099009895549456
5697,60372087201,38750,0.06862745,0.073260073,0.1567483463370348
5698,60372071032,21025,0.21752577095334258,0.048295454,0.094941094
5699,60372060102,19208,0.034867503000453236,0.21106941640647828,0.1263736253816827
5700,60372071031,84265,0.42112298902241996,0.048554913,0.16615853405246137
5701,60372014023,82672,0.16164383340213928,0.027363183739263885,0.19927536051381015
5702,60372087101,65417,0.4639961828135613,0.025555089964159654,0.12072604423501035
5703,60371999002,54500,0.11443661770358068,0.04197901,0.1408450691000463
5704,60371976001,86830,0.3865546110208793,0.15632753954522235,0.31866666241777786
5705,60371977002,79600,0.4696132531821374,0.0702836,0.2218844962321733
5706,60372085022,31576,0.1606741554980432,0.068097014,0.14259086539989874
5707,60372111243,79306,0.5204235966685054,0.013888888787361924,0.11201629251855878
5708,60372087102,61454,0.4785867212067092,0.099121093,0.099550056
5709,60372111242,0,0.6499575135942437,0.0870229,0.10480693376826687
5710,60372085023,47379,0.27066817360511697,0,0.1416803942200956
5711,60371997001,78298,0.5316973360767143,0.032352941,0.35636596061186204
5712,60372083022,81463,0.384264534,0.03507014,0.25148986589404215
5713,60372017002,81944,0.2488436609727691,0.042728019369531474,0.203448275
5714,60372014022,80045,0.1439114364591986,0.010903426621441953,0.16591928102314546
5715,60372080022,50469,0.31677018436788706,0.006430868,0.17027151325231699
5716,60374332002,50446,0.2651245504426237,0.027444253388606288,0.1551189229046647
5717,60374331033,29087,0.043844856,0.068791945,0.081826831
5718,60374331032,72829,0.11633986852065445,0.05440806,0.076295585
5719,60374334031,69028,0.056957462,0,0.12181692965026202
5720,60374818002,117292,0.48127853441754764,0.020851433354896323,0.13715389480261497
5721,60374817122,37941,0.19487750448286467,0.072338257,0.040676416633105957
5722,60374817121,60676,0.21732598789521287,0.051227773,0.051939058
5723,60374819014,97055,0.39435198994275344,0.043416705788500674,0.18437225555587244
5724,60372017001,90699,0.42612011033250613,0.069291338,0.25181868913363914
5725,60374336012,75375,0.19289119985742867,0.018552875626890997,0.060175054
5726,60374332003,80625,0.18968809554622473,0.028009535,0.1146443505050682
5727,60374332004,70586,0.1550497855259617,0.066846361,0.12386363589445591
5728,60374336011,71420,0.2145377543081316,0.018354430263579555,0.0829718
5729,60374331034,95893,0.2684703405986437,0.044145873,0.094834885
5730,60374817131,73875,0.4787234008601177,0.093574547,0.041555674
5731,60374817132,71818,0.25201072,0.025670944857981975,0.07025761
5732,60374819022,89250,0.4353448213312526,0.056029232,0.14181818009917357
5733,60374817112,70040,0.22236260124849905,0.051645857,0.045934959
5734,60374823032,50515,0.1717557238797273,0.022014676304104894,0.056502679
5735,60374823033,90500,0.23799434860173482,0.028711056635851825,0.055966697
5736,60372119102,55625,0.2504690408023542,0.058025621,0.15135542054702245
5737,60372119211,37849,0.4070739523660839,0.019320842978215205,0.10543522637746126
5738,60372145032,88320,0.7499999944362018,0.036593479,0.4442649410648092
5739,60372145033,93125,0.6874999820963547,0.097186698,0.46943230416086673
5740,60372145011,102466,0.6040955425223364,0.030716722501135753,0.5287878707759414
5741,60372145042,86472,0.7077490722675346,0.073846153,0.35100360086977045
5742,60372148003,0,0.6572280080890014,0,0.7457386257707582
5743,60372119101,46324,0.22118379832623264,0.007968127,0.1399594311023703
5744,60372119221,51944,0.4292866028875269,0.022900763140259895,0.18188622618348632
5745,60372145051,82148,0.6503551645591542,0.09276177,0.5525591604151945
5746,60374064133,82031,0.2289293823584353,0.015496809,0.24953095450721433
5747,60374067021,91136,0.23449611948650934,0.068676716,0.18047174887289222
5748,60374067024,74191,0.3438940072356336,0.065965583,0.18606663701399118
5749,60374048061,80321,0.1188863798428414,0.061472915,0.19787449292573636
5750,60374333072,66250,0.16167023381509385,0.032258064234890464,0.12320574088991781
5751,60374333062,71125,0.11885895215754434,0.006142506,0.1319875766150033
5752,60374063002,96734,0.33080807871964596,0.018987341662903674,0.30995024721417785
5753,60374333051,42468,0.10154241579985594,0.027440633100577136,0.1010248898205531
5754,60374068011,103026,0.17326057062400313,0.11111110970819306,0.23407643125735325
5755,60374065004,93942,0.24576271026230306,0.038641686,0.21778221669439451
5756,60372085021,66208,0.22043627760693138,0.030977734453264915,0.1580207489383819
5757,60372084022,58393,0.44355757761051795,0.039961013,0.15223880483403876
5758,60372111241,45268,0.3829787195240251,0.052434456437879626,0.12274096293116744
5759,60372086203,75331,0.41841679791262687,0.082051281,0.13319386239055883
5760,60371977003,58906,0.6460957138155182,0.053593179,0.20169712662077594
5761,60372085011,78750,0.34883720503259236,0.047426841,0.179735681
5762,60371998011,80469,0.091408934,0.021990740613479512,0.11898890185580209
5763,60372086202,66296,0.3327049921516966,0.04855967,0.11533586745668019
5764,60372084021,74671,0.41163055402929816,0.061664953,0.16879999864960002
5765,60371998012,47889,0.2177734353733063,0.08090075,0.12446958893585863
5766,60372014021,65000,0.28254690004237126,0.044730077,0.16256157546490654
5767,60371997002,43571,0.16823161057721744,0.025906735583505598,0.18852458913374542
5768,60372085012,71786,0.38758992457203306,0.078124999,0.15679442372130292
5769,60371991201,39688,0.12266226555191273,0.064532019,0.15578318328731033
5770,60371977001,61964,0.33470830680784736,0.036954087139114855,0.2702834786398657
5771,60372086102,63554,0.33930635642019447,0.02672148,0.099495644
5772,60371976002,100431,0.6201959259970163,0.052984574,0.4199880998216056
5773,60372060101,90282,0.49708531798046995,0.051506317,0.19893255604593615
5774,60372111212,58795,0.3703308391640252,0.11717171598816449,0.1825928169044868
5775,60372111222,60259,0.5022935741414865,0.019230769,0.23371251171813592
5776,60374064131,66154,0.44384302511714446,0.066584463,0.18421052469990767
5777,60374047022,69797,0.3930817568859355,0.039294306020093775,0.10976890698650785
5778,60374065001,160142,0.3936936901469037,0.024896265353557965,0.22233606329573707
5779,60374333071,89250,0.3042452794310698,0.025450689019610933,0.088501291
5780,60374047023,75227,0.1125265380835824,0.021543985,0.17325949230016224
5781,60374047013,69450,0.1297148102142152,0.039484286547266025,0.1349892001350475
5782,60374064132,62019,0.17210682322347357,0.13153153034656279,0.20147601327323975
5783,60374047021,55313,0.14316860361069328,0.034090908887016096,0.17722534010735627
5784,60374333041,52636,0.089575289,0.034890966,0.10738606544061778
5785,60374048062,74632,0.13347457532856938,0.035958903904344156,0.16281179064484447
5786,60372086201,88000,0.20292207462788842,0.017948717718606184,0.17499999831730773
5787,60371991202,63611,0.475083051,0.028625953925324868,0.18479776719108948
5788,60371975002,75208,0.4531835163559596,0.025239338335601928,0.3964497012096916
5789,60372016011,65655,0.24672897042536468,0.11274252693894847,0.17590471747180614
5790,60371998022,56250,0.10183875386366685,0.006451613,0.1107518180214081
5791,60371998021,58594,0.2273324543057496,0.076650942,0.08710033
5792,60371975003,109618,0.620689649,0.032608695329953606,0.4044811273056471
5793,60371957202,64565,0.7253086307822743,0.060209423,0.44736841669231564
5794,60371957103,56159,0.2623655885767141,0.034782608,0.19058295821686877
5795,60372111221,41917,0.2152466319451428,0.044701986,0.23966065493466962
5796,60374333042,41458,0.1756756742792077,0.059179555755349326,0.12397617228601573
5797,60374824011,56058,0.13305084633007758,0.034836065335819226,0.066420664
5798,60374823031,48102,0.27012127596338176,0.073347107,0.071823204
5799,60374816052,104306,0.46341462923208243,0,0.12795125568963248
5800,60374332001,47833,0.058024690641670484,0.066592674,0.1772939333025355
5801,60374819012,49028,0.3498622493150896,0.024193548,0.1253443508905737
5802,60372017003,52250,0.24313072237193403,0,0.16034031308677807
5803,60374816051,93750,0.38897396035261933,0.004166667,0.12683438022186186
5804,60374816053,85417,0.3303085239508435,0.041884816,0.11745334667998522
5805,60374815003,84423,0.36958613696259734,0,0.095983662
5806,60372115002,59833,0.43651832175053457,0.036260623,0.27222982092006465
5807,60372148002,125278,0.8382687736157455,0.070615033,0.7750611152193018
5808,60372113101,46149,0.2691933890263033,0.065445026,0.12692847035814536
5809,60372145012,109953,0.7467476084410442,0.055720653,0.6315789426865905
5810,60372110001,116975,0.831649818,0.016666666388888893,0.6491428497240818
5811,60372115003,193875,0.674855482,0.029003782736396182,0.7235772284189306
5812,60372114101,48114,0.2488425911525313,0.025405405,0.1243093916928665
5813,60372114102,53636,0.4279475889094413,0.023255813502794313,0.082908162
5814,60372114202,53368,0.4232673214942163,0,0.22074467889410745
5815,60372114201,56888,0.30769230592599134,0.0729927,0.17226711964156902
5816,60374819013,148500,0.5408079098037271,0.024763291880820888,0.2314923605670249
5817,60374327002,46106,0.21482411790421962,0.060307017,0.13610149863839965
5818,60374809031,81375,0.3411148149541933,0.028678304120206548,0.084022494
5819,60374823014,72008,0.097014924,0.032786884832447856,0.029590948393464333
5820,60374823012,78125,0.30624999617187504,0.068403908,0.040627885
5821,60374329012,62067,0.2156640157132348,0,0.061019382189379884
5822,60374819011,0,0.43500865797212035,0.024077046162487223,0.13004925980247034
5823,60374328011,26875,0.11624441046017578,0.006126617,0.1003860998323988
5824,60374823011,81667,0.25692963478753056,0.044176706,0.075809786
5825,60374823013,0,0.092283213,0.024423337690479392,0.042879019579793114
5826,60374333061,40733,0.11250827192251309,0.033918128,0.096544157
5827,60374333052,40147,0.088196286,0.04415011,0.1391534384171776
5828,60374036012,101196,0.389331207,0,0.3181818163510828
5829,60374048063,87679,0.091791703,0.048136646,0.16173120636827332
5830,60374055004,33958,0.21254355030411934,0.033492822432331384,0.26798029292630254
5831,60374056003,129564,0.2631578897902652,0.010233917979036286,0.20897155132416245
5832,60374053021,68043,0.196914032,0.029357797985579217,0.20053763333044283
5833,60374047012,94769,0.094827585,0.038461538,0.19519519372976582
5834,60374048042,93594,0.1941520445128416,0.078156312,0.17429466975363844
5835,60374052031,102000,0.20304568321781033,0.049307958,0.11533586745668019
5836,60372086101,91579,0.32891831987550907,0.11111111042140838,0.15321154889091604
5837,60371958022,71023,0.33333333094897477,0.032536520368283396,0.14149008789138695
5838,60372111211,82536,0.5567765499783083,0.091978609,0.18147207891532896
5839,60371957102,29716,0.21721311297366303,0.058905058,0.3604938241934665
5840,60371975001,76389,0.4264602362669934,0.063994374,0.39424703669347416
5841,60371992011,73889,0.38987340785130614,0,0.096608427
5842,60371957201,70598,0.527343743,0.055164318601357766,0.33333332950191574
5843,60371973002,96786,0.4538745331626749,0.12513966340626076,0.4840425467547534
5844,60372016023,77708,0.32036612539207954,0.093877549,0.2351485119412313
5845,60371992013,36250,0.14636871344839428,0.024701874,0.1269716078314542
5846,60377009014,121250,0.8345864583215559,0.056977704,0.7689393881140956
5847,60377009013,94634,0.7395411506134798,0.022170361,0.784663857
5848,60377009011,101630,0.6335174837289598,0.035175879,0.6666666589506174
5849,60372121021,31007,0.3757396394121355,0.017416545,0.22453449918363091
5850,60372151021,91250,0.641803273,0.007369197,0.6152055809526332
5851,60372117013,91364,0.40724945826760217,0.028901733547172764,0.33283132028868495
5852,60372117041,41618,0.49999999433106584,0.041530054190928374,0.1776729545780428
5853,60372118023,55250,0.3595706554638523,0.1332312383884956,0.12179984389604466
5854,60372118022,55063,0.5179597663939672,0.13240186205986784,0.17789291780142247
5855,60372118021,29423,0.2974559667484934,0.033653846,0.15907873508795536
5856,60372652032,47383,0.7056229249655687,0.024321795843575342,0.6441124723715952
5857,60372653071,50529,0.8836805402138795,0.016965127078556765,0.39578101257769455
5858,60372657011,110333,0.7595029184246863,0.042956412,0.7469467476944468
5859,60372654101,207328,0.8401420809921478,0,0.7867950373205634
5860,60377010004,105885,0.7234530120439037,0.046875,0.816236968
5861,60372652031,0,0.5129032175338191,0,0.7853210937126506
5862,60372653072,26349,0.9164618939444252,0.080831408,0.40033360800388984
5863,60372657023,96737,0.7439703015960983,0.1669565188355388,0.7532467434643281
5864,60372623032,250001,0.9189189023618216,0,0.8226779152873593
5865,60372657022,57107,0.6590908941115706,0.1223776202381535,0.7544483896269467
5866,60372151012,59003,0.7444690183133958,0.19308357163224235,0.5496760199819004
5867,60372151011,103750,0.8491879301091187,0.031422271,0.5681279587196211
5868,60372117042,42474,0.5306666631288889,0.038935755749930204,0.1887357687912776
5869,60372121012,52840,0.6021100180700074,0.053465346,0.17643742854319375
5870,60372121022,39886,0.38555956400318003,0.058753709,0.14765906273914128
5871,60372121011,80188,0.6975088885230263,0.032838983,0.12172011573090295
5872,60377009021,64980,0.8148630976866813,0,0.7274549049602211
5873,60372110003,104531,0.7539542925491337,0.081174437,0.6009501116276709
5874,60372110004,87601,0.493074789,0.12782874539554284,0.5148452273225191
5875,60372110005,250001,0.7888792285935775,0.008752735,0.5245253123059707
5876,60377009012,0,0.660194153,0.017543859136144473,0.7083906367484094
5877,60372117012,112540,0.5885634506476506,0.028395061,0.47188754546297645
5878,60372145031,61471,0.6839012845605019,0.14313160285176174,0.41101694566934793
5879,60372147001,136354,0.5242839287137743,0.041916167,0.6467439728211957
5880,60372145041,113958,0.8166526424167145,0.021325209281605414,0.481846471
5881,60372119103,70516,0.5207468825648663,0.061808118,0.194915253
5882,60372119222,49844,0.3753963197501819,0.10403050052270969,0.12405200366169013
5883,60372147002,115682,0.7568627352044087,0.10171198286292062,0.7758620586755696
5884,60372147003,0,0.698818884,0.096014491,0.7780373740883485
5885,60372151023,79269,0.7063128938123249,0.1490166403251389,0.6416083859999268
5886,60372151022,106845,0.7294589032172565,0.090180359,0.676811584
5887,60372145013,100242,0.5009615336446006,0.016281062414044024,0.48949771242467843
5888,60372117011,96314,0.38162878426487895,0.054986019990810625,0.27772599927561975
5889,60372117032,58063,0.616055843,0.024455077,0.13417950981786259
5890,60372117031,58000,0.40542098958811423,0.033582089373229804,0.12191235011190298
5891,60372118041,58988,0.3685121043510017,0.028523489454303868,0.095194084
5892,60372118042,42132,0.43620501397925293,0.095262353,0.086374134
5893,60377008021,129474,0.6215999950272001,0.025306748272187513,0.6977067359436641
5894,60372118031,40585,0.4500875617330336,0.079475308,0.061435523
5895,60372118032,69718,0.4306275162312751,0.070675105,0.13942798703050058
5896,60377009024,103382,0.7480392083525568,0.11284403566198133,0.7218091652923844
5897,60377010001,130645,0.5838509195890079,0.26708074,0.7821428431760207
5898,60377010002,0,0.7736526853454768,0.084606344,0.7463617386033083
5899,60372653033,35938,0.8072916246202279,0.040175768737126374,0.47504159338567725
5900,60372653061,36477,0.4705882190107883,0.091362126,0.479577124
5901,60372657021,120781,0.7093889663979958,0,0.8507108937542583
5902,60372653042,0,0.5862068628616746,0.098039214,0.41274509399269516
5903,60372652012,247938,0.8391752404293765,0.11216729931399906,0.6594594505478453
5904,60372623033,250001,0.7789854931343209,0,0.8577827451536087
5905,60372652011,142639,0.625426616,0.038812785,0.7916666608796297
5906,60377008022,92688,0.6107723515165412,0.16420664055159925,0.8080586021387648
5907,60377008023,111896,0.5935422545722483,0.056787932,0.7656249929630056
5908,60377008014,92054,0.5088495462643906,0,0.8368335890656933
5909,60372141003,0,0.7331606027678601,0,0.7935103127800839
5910,60372113102,39013,0.35086341953796374,0.086206896,0.13367018771855677
5911,60372149022,111292,0.6639676068558191,0.005069708,0.7359281393058196
5912,60372146002,126696,0.727848086,0.087591239,0.7890044459286115
5913,60372110002,250001,0.6997388851243111,0.057692306,0.6874999902343751
5914,60372113202,38100,0.3251496986517982,0.041122399414018386,0.19376026166524213
5915,60372113201,37813,0.19597069238148915,0.071847506,0.1781716401289959
5916,60372623031,250001,0.8153266229230324,0.06455399,0.8195121894110649
5917,60372653032,30298,0.7222221999314137,0.055645160841571284,0.30316091736234974
5918,60372653041,0,0.5796178159357384,0.050088652,0.43315696496240924
5919,60372653012,0,0,0,0
5920,60372654102,99821,0.710227259,0.020833333062065976,0.7687861182799293
5921,60372654202,137566,0.8738573880464829,0.059677418,0.6772946794464282
5922,60372653031,32596,0.7857142576530622,0,0.38716501842619877
5923,60372651001,155046,0.7870544016223789,0.01344086,0.856524868
5924,60377008013,29167,0.4536376540137282,0.039942938,0.7731164317370168
5925,60372623022,250001,0.7422480548231778,0,0.8496023076673731
5926,60372140002,85000,0.7709250931514298,0.059917354,0.8322368329798593
5927,60372149042,115927,0.6444444239858913,0,0.7332293177343321
5928,60372146003,114583,0.735399276,0.046927374,0.7478176455109831
5929,60372141004,143750,0.6812080460714984,0.04704797,0.8301749210628651
5930,60372149032,0,0.6823793413874373,0.040974528892862364,0.7910827924702829
5931,60372146001,89583,0.7301324382428405,0.044378698,0.712053563
5932,60372149021,165862,0.8425925814471881,0.017994858380528812,0.7004007945851624
5933,60372148001,124674,0.7355573577253266,0.093078758,0.7539742562151835
5934,60372112011,56100,0.46349744544146954,0.054365732,0.2812499953741777
5935,60372112021,49385,0.29516685675968435,0.042835287899871045,0.1808392121023423
5936,60372112012,62333,0.27873563018149694,0.038840937,0.14922279715428602
5937,60372140004,147788,0.38341157459449804,0.041994750105055774,0.9014084422402964
5938,60372140003,168026,0.6484593746714373,0.052318668,0.8862559157700861
5939,60372115001,67697,0.4901960720235808,0.03190184,0.39411205703597285
5940,60372149041,154423,0.7552031639722184,0.038797283813799384,0.752606628
5941,60372149031,82684,0.7148594233963972,0,0.7582562647522291
5942,60372141002,250001,0.6179604167738141,0.034074073569272986,0.8124999926403986
5943,60371926202,56597,0.22456140153893508,0.02004626,0.17721518875180262
5944,60371926201,46507,0.2874646532755452,0.040348100946613126,0.104761904
5945,60371925101,68047,0.33741392243753693,0.011331444678955775,0.097777777
5946,60377007003,220465,0.800671884,0,0.8683853401059339
5947,60372654201,250001,0.765267161,0.017761989027318136,0.8098591454241885
5948,60372626012,250001,0.7791519388742524,0.031368307023427223,0.7921886485180963
5949,60372653011,0,0.6974063199594721,0.10479710471641095,0.3573593550991651
5950,60377008012,91964,0.824175819,0.067861715,0.7828542054268265
5951,60372651002,113875,0.6252699716493524,0.002994012,0.8383977842652087
5952,60372626011,250001,0.7377049093945561,0.046511627,0.7988774480928209
5953,60372623021,181307,0.7956025993843436,0.019490255,0.8043039623113385
5954,60377006001,0,0.5295315628357274,0.006457565,0.8209677353147763
5955,60377007002,220536,0.6495867661225329,0,0.8544891508593011
5956,60371925202,74423,0.3222565662885891,0.12266857874699728,0.1536683988811762
5957,60371945001,84120,0.6452599289715607,0.065860214,0.7389340493321225
5958,60372144003,94413,0.7405405305332361,0.1762452084770727,0.734858671
5959,60372144002,97847,0.6917372808078678,0.043394407,0.7360844459108978
5960,60372144001,87273,0.6713947911182649,0.21528525064278525,0.7715481106983422
5961,60372140001,203516,0.7755834690200455,0.046242773898225814,0.8015463814233714
5962,60372141001,118250,0.7282608616493385,0.10691823787297444,0.8652037527146943
5963,60371924202,64000,0.4117291389859182,0.052693208122405105,0.18165548017156383
5964,60377008011,0,0.7070484503629025,0.075883575,0.7454394631389762
5965,60371924101,110000,0.5811965749872161,0.016194332,0.5098776998130038
5966,60371945002,210341,0.6666666600725355,0.028545119442494295,0.7612903164412071
5967,60377004002,0,0.6483300462017673,0,0.6696428471779339
5968,60371923002,0,0.610634638,0.044303797,0.714104184
5969,60371923001,165313,0.6194581204500231,0.12186379782719477,0.5915492902201944
5970,60371924104,0,0.5981873051542064,0.079349904,0.6011235887514204
5971,60371924103,198000,0.8258859657028357,0.009975062,0.5188536874984361
5972,60371926103,50702,0.3916317958859264,0.10482315045129807,0.2515723257255119
5973,60377004004,146173,0.766509416,0,0.7290322502254597
5974,60371923003,85458,0.6564102479947405,0.021978021709670066,0.686449054
5975,60371926101,37135,0.20897155132416245,0.010147601382402201,0.13691376598401084
5976,60378004122,138681,0.6760160236060904,0.093241243,0.8460648115506758
5977,60378004111,188542,0.8534226126977484,0.04316069,0.8400621052790209
5978,60378004121,214193,0.5563186736769413,0,0.837869813
5979,60378004112,191827,0.7237762111227936,0.038399999385600014,0.8314108178224418
5980,60378004062,167727,0.7311178137293382,0.010796221176839121,0.8690628899991927
5981,60378004101,139500,0.7906066458844752,0.051970802767968456,0.6607746278638559
5982,60378004061,186071,0.5679999924266668,0.038975501,0.7505592757208135
5983,60378003354,134265,0.6687999892992001,0.087847729,0.8679504694917405
5984,61110073001,202639,0.6817891330237116,0.016561964,0.7701478265610499
5985,60371920021,87639,0.798058237,0.058252426,0.732119626
5986,60371919022,81979,0.6656976679680459,0.039269406,0.6687543446850777
5987,60377005013,0,0.7105263099463297,0.060946271,0.7743055488341533
5988,60371944022,97232,0.8018099474949326,0.081272084,0.7483751091144373
5989,60371920022,152500,0.7894201343904361,0.060396039,0.7687687572256944
5990,60371920012,103185,0.5843681476671428,0.044272663076088105,0.7164093726906268
5991,60371916102,0,0.3408939270120485,0.072208737,0.2560038412295685
5992,60371917102,28954,0.25576368691812906,0.037589112,0.23032739672413902
5993,60377004003,99514,0.6769801938305681,0.020820939792855802,0.774569679
5994,60371918201,119408,0.5956249962773438,0.065131948,0.596355987
5995,60377005023,96912,0.7706043850191706,0.044058744405090194,0.715430855
5996,60371917201,39750,0.22420795918596298,0.077162899,0.2145539896030329
5997,60377005022,70868,0.575705236,0.08893485,0.7276785673678652
5998,60371916101,48780,0.3734756069094847,0.013550135409551928,0.24577432505356633
5999,60371918103,68750,0.4285714232008594,0.13369565072069944,0.3418530315031626
6000,60371918102,58010,0.48531467852706744,0.024390243619160933,0.27890466248575396
6001,60371918101,54839,0.2703150867277764,0.047913445936422785,0.30281051402710324
6002,60371917202,39318,0.20173912868052932,0.032520325,0.19871794730257872
6003,60377001022,53971,0.6315489713465321,0.10930110294639463,0.6921255139601805
6004,60377001021,59081,0.537540799,0.065619223,0.7232558083468542
6005,60372622001,157639,0.6369785723001289,0.039433771,0.7488829244961311
6006,60377006002,250001,0.5335413333300885,0.030215826903369398,0.8587819871246074
6007,60372621002,0,0.6163934224133305,0.06336088,0.7357774875375792
6008,60377006003,250001,0.665461109,0.058724831229449145,0.8377253697957646
6009,60372622003,221250,0.7956448777948932,0.012362637192820918,0.7709844479690731
6010,60377007001,189276,0.6762294989586134,0,0.8607467117987214
6011,60379800191,108125,0.6571427632653195,0.1999999714285755,0.6328124505615272
6012,60377006005,0,0.6322701569930552,0,0.8318356760996705
6013,60372621001,151071,0.7616387195225565,0.094427243,0.824497243
6014,60372624002,250001,0.8879184797094725,0.008097166,0.820009346
6015,60377001023,0,0.3930684666689056,0.10184442580718184,0.6820966597542774
6016,60377005011,107500,0.804316541,0.10683477035942422,0.7382506479226459
6017,60377005012,103194,0.6759708655828779,0.034179687166213994,0.7283813666476567
6018,60371915002,61496,0.23997028053513908,0.038511749,0.2567567552481977
6019,60377002005,104435,0.7820512695184092,0.1541609801615146,0.6762936140036869
6020,60377002006,29840,0.2851135383926532,0.038301415,0.6939799273078602
6021,60371919011,67109,0.648255809,0.055772448,0.5809051420898628
6022,60371919012,64235,0.5623752466947343,0.087387387,0.515897433
6023,60377003002,91074,0.6179673265157231,0.11925042487861648,0.7475538111705557
6024,60377003003,99474,0.6652482222322821,0.017730496328152507,0.7490389854528336
6025,60371909011,15726,0.10199004721417794,0.072562357,0.17258883029709607
6026,60371912032,82273,0.5400981908330902,0.13137557756761087,0.4806282672185522
6027,60377005021,147901,0.9103039220881844,0.039341917,0.7832929734667495
6028,60377001011,85764,0.5276946068286332,0.030726257,0.6697068360279685
6029,60371908023,65602,0.5604838596676641,0.068548386,0.5387149828877268
6030,60377001013,96208,0.676165794,0.018270401726304487,0.7916207189457474
6031,60371908021,58929,0.42541041809128893,0.042848141,0.3564213538497738
6032,60371908011,63922,0.5162995549224709,0.051369862720491655,0.3765337394437597
6033,60371909022,66375,0.2359641966154256,0.036447979,0.33758865008802375
6034,60377001014,61272,0.6326905359716204,0.092575618,0.7477876051048112
6035,60377003001,129500,0.7957089478012225,0.085944493,0.7396768335756119
6036,60371907022,72054,0.6849314951210361,0.047217537146415904,0.503152579
6037,60371909021,65750,0.39715718731473926,0.093054618,0.367697592
6038,60371909013,60067,0.24883503961943113,0.049233252,0.3016815004779278
6039,60377002002,98564,0.7684210458910434,0.018257261,0.7243920359293144
6040,60371943001,250001,0.6980197933413392,0.038140643168764685,0.7919528872232298
6041,60371901021,66477,0.49483775446284844,0.028632784333337262,0.5766710316076603
6042,60371899061,113125,0.8084033545512324,0.020849420688421463,0.6616878217947139
6043,60377002001,0,0.4926958765910242,0.1474103566080962,0.7813267717281723
6044,60371908022,102563,0.5651515065886136,0.037552155,0.4069912558428058
6045,60374816063,72113,0.3995271820386858,0.022459892807915587,0.1127029597640596
6046,60374328021,52188,0.19813083926980524,0.090972708,0.2067156337528036
6047,60372016022,91667,0.15766738490639973,0.012345678895102765,0.2184331777102933
6048,60374813001,73705,0.24838187501309164,0.013966480349396087,0.099203475
6049,60374328022,57734,0.10697305778943694,0.0721709,0.1273135158311076
6050,60374327001,56719,0.078431372,0.037125748,0.1306613221215979
6051,60374813002,104375,0.24999999765917605,0.010544815373068407,0.06807964
6052,60374816062,58250,0.25089605554913225,0.038557214,0.079431878
6053,60374329021,76618,0.24999999715909094,0.061999999,0.11802030381966812
6054,60374814031,34668,0.24780315908957543,0.015580736323219033,0.066061106
6055,60374047011,93404,0.15011547257439103,0.029597283,0.16215106665783632
6056,60374056004,125588,0.2948557052088368,0.048439181,0.2385620889045524
6057,60374062012,34250,0.20768601629038416,0.025920872947333747,0.20125482528351915
6058,60374055005,97143,0.2666068198688795,0.032942899,0.2254836542662865
6059,60374036011,105742,0.16393442398996688,0.309677416,0.3282876033274588
6060,60374326011,106094,0.27178153092611795,0.070287539,0.077669902
6061,60374056002,171583,0.3561430737769351,0.010389610254680387,0.23251748048498708
6062,60374053023,96324,0.17445054825240008,0.011117612573916837,0.23764575104027902
6063,60374052032,64464,0.1481148999271553,0.039432176,0.1634446387613085
6064,60374053022,105278,0.2536023030393631,0.049350649,0.23171987522286366
6065,60371992012,0,0.1442564546370752,0.073113207,0.13477289549685112
6066,60371958021,78167,0.4047619001727676,0.049164208,0.30757220681052144
6067,60371990011,52258,0.10783055129762162,0.045429666,0.098746081
6068,60371957101,69431,0.7124999925781251,0.065458207,0.3167388144535439
6069,60371958041,52279,0.2985436856972854,0.029540481077237626,0.27680311621049597
6070,60371991102,67243,0.1829268274092802,0.12003311158912987,0.19350180365702668
6071,60371990022,76205,0.46032831422484055,0.068043742,0.1934477369035479
6072,60371927002,36774,0.3933884265009221,0.11889596518828051,0.23905272457974652
6073,60371973003,128357,0.6591355534466056,0.065197428,0.48186889482657674
6074,60371956002,58452,0.2650602374155256,0.066934403,0.3795782421800417
6075,60374061032,123250,0.23542600764895735,0.031083049873321757,0.3259749804048014
6076,60374048041,74160,0.1480769216531065,0.037666174,0.1728723395059982
6077,60374055003,113750,0.17602996034918902,0.038768529,0.2599565513399236
6078,60374061031,69348,0.29164390883864605,0.070692194,0.2792436223428161
6079,60374326022,41321,0.16887417032147714,0.016267942428057968,0.10340398135257559
6080,60374326012,52477,0.068859984,0.03647587,0.11324786264290672
6081,60374052023,97115,0.06736842,0.043591979,0.1261538453775148
6082,60374048052,62661,0.2765321333851699,0.029649595287741304,0.17343904684401343
6083,60374036014,110313,0.3663704691293885,0.015903307786874633,0.36907399038957023
6084,60374048043,85202,0.10612244753574902,0.005767013,0.19913885684457636
6085,60374816061,66607,0.2311522031923741,0.027830486857492176,0.067164179
6086,60374814013,114821,0.2345505585035034,0.030864197,0.057351407
6087,60374329013,41786,0.23714952993984195,0.05299313,0.1069182376488272
6088,60374809022,0,0.33436772432608436,0.02739726,0.1273261495854442
6089,60374329011,98421,0.14736070273195967,0.016816816715814916,0.068023833
6090,60374815002,70139,0.5583238894867056,0.033222591,0.1008729379158784
6091,60374327003,76691,0.20088299999025386,0.024844720276444365,0.1428571415973797
6092,60374329022,81957,0.1627737214396079,0.038436899,0.10830527436416794
6093,60374328012,53529,0.11286088942622338,0.033530571330757965,0.10037174596813202
6094,60372016021,0,0.16206896272294893,0.019005847675353106,0.18284993464249769
6095,60374816041,119444,0.3671171129829154,0.010438413,0.16283348516252544
6096,60374808022,114203,0.3421178709050413,0.036701031,0.17456140274315174
6097,60374328023,58563,0.056144067,0.0767841,0.12803889720130254
6098,60374814042,77961,0.423551169,0.062853907,0.058012363
6099,60374809021,64250,0.2457404964237189,0.032414911,0.10323010288634664
6100,60374324021,54886,0.21382289262906484,0.031472683898618264,0.10769786733755739
6101,60374816032,66875,0.40025093600688916,0.072644721,0.094254936
6102,60374814011,47083,0.28808732658715075,0.07243892,0.036842105
6103,60374808021,58790,0.35123966216446983,0.032567049,0.14267834614920719
6104,60374810013,68208,0.2843749970377605,0.043052837,0.088278931
6105,60371992022,0,0.27807970762608963,0.064273789,0.20550705033239053
6106,60371958042,98587,0.544670842,0.051391863,0.47732030371723444
6107,60372014012,74643,0.22690991759509788,0.066289409,0.16213017655544273
6108,60371956001,0,0.19999998947368477,0.033613444,0.33122629164062845
6109,60371959031,90588,0.34101824840520417,0.063139931,0.354252681
6110,60371958032,72563,0.6707865093170056,0.021786492137402046,0.41999999600000004
6111,60372015041,73929,0.24021962772670125,0.042693926,0.18189884568811512
6112,60371959032,84688,0.5955056084188506,0.03539823,0.4066924014582703
6113,60371927001,70714,0.35304053755877923,0.042042042,0.1935975595000186
6114,60379800101,0,0.14049585615736726,0.007575757,0.29166664641203843
6115,60374052022,48125,0.078979343,0.027000964059778552,0.156762874
6116,60374055002,112500,0.2787234012901766,0.021381579,0.26232876532651533
6117,60374048051,59840,0.10522331487340413,0.033822590722255325,0.14142604513007634
6118,60374056005,79737,0.17907444307697298,0,0.2508064495902706
6119,60374052012,70625,0.19529652152048546,0.024231127453577563,0.13789632542578598
6120,60374326023,88583,0.14623467472649146,0.0399348,0.10564516043834549
6121,60374052021,71250,0.17817371739227486,0.017584098,0.15778961279767234
6122,60374326021,52407,0.21686746801318874,0.053463855,0.10544815403955388
6123,60374062011,51853,0.2873284883992858,0.075444839,0.22965641814553095
6124,60374326013,65781,0.18110235982805303,0.026744185735532725,0.10751978820897237
6125,60371956003,114545,0.6261180567778524,0,0.4215167474159304
6126,60371974202,71250,0.5502183366068535,0.066013071,0.4213046054978779
6127,60371956004,78542,0.36184970679942535,0.062032085,0.48431617961962137
6128,60371991101,79038,0.28485756694366465,0.020050125,0.2177419332888918
6129,60371958031,109444,0.4754098317357939,0.09090909,0.5124378073032139
6130,60371992021,96723,0.30110496821678223,0.047945205,0.21219135638741238
6131,60371974201,102766,0.5879917143685872,0.036223278,0.38592375140220675
6132,60372014011,58750,0.30971993240131834,0.081944444,0.16971105888505128
6133,60371959022,104712,0.8088607492549272,0.04856787,0.6278350450738656
6134,60372015032,69135,0.1806122430549771,0.032984714135279855,0.17197452107590572
6135,60371924102,86389,0.5514354001024474,0.053937432,0.3855799332750268
6136,60371925102,61250,0.2503152569336995,0.048160172899566166,0.12364200660299014
6137,60371925201,60065,0.38973383845183535,0.091544117,0.1610789974524894
6138,60371924201,60536,0.39260738868524087,0,0.2609929059504049
6139,60377004001,81537,0.5720288080910636,0.056354226,0.7524467429335248
6140,60371944011,105893,0.7690058423318287,0.068245125,0.6934503666883838
6141,60371926102,34677,0.23562151696435035,0,0.22959738596738427
6142,60371944023,122731,0.6739130357675854,0.068649885,0.793650786
6143,60371920023,111750,0.6970760152388771,0.030303029962928957,0.7901345220615739
6144,60371919021,89470,0.7545317163555006,0.15039768510196902,0.682414694
6145,60374814041,85060,0.34575835031158936,0,0.051660516
6146,60374324023,63622,0.092609915,0.036833856,0.11911357274729323
6147,60374809012,58578,0.24269377074086695,0.034949266798768135,0.10258107145876194
6148,60374323001,58125,0.20026524933335213,0.049038461,0.12604263089858544
6149,60372015014,93958,0.2012383885353066,0.052668539,0.15552995302114084
6150,60374322021,81250,0.2991886379392633,0.055506607440470423,0.096845194
6151,60374322012,93156,0.36342857004408163,0.035558537,0.090417867
6152,60372015012,79338,0.30584707187635574,0.027166881925396093,0.2230695879592985
6153,60374322022,85541,0.2823343804048205,0.043806645863947946,0.08782435
6154,60374814032,78559,0.2321525872907216,0.070929071,0.099303135
6155,60374049021,63750,0.10245464138255453,0.021998166617798656,0.10355329896673453
6156,60374052011,82132,0.13703382361635885,0.036284469983421844,0.20325203124920557
6157,60374326014,87511,0.1426523287265066,0.021113243626914628,0.11145194217049109
6158,60374037022,137422,0.310266157,0,0.39161192323591754
6159,60374053011,66542,0.17909238104463224,0.087012156,0.18885741176176857
6160,60374051022,82008,0.18872704123668751,0.040875072,0.14108910821243015
6161,60374057022,90703,0.3458110496386747,0.032520325047726804,0.20822331117229984
6162,60374051021,53381,0.066666666,0.031738936,0.16263974
6163,60374061012,41813,0.2057086593926313,0.084048027,0.35020519596302874
6164,60374037221,57891,0.17734724159949894,0.002710027,0.27353313518981365
6165,60371918203,49205,0.6352201177959734,0.070776255,0.3415300499790977
6166,60371918202,54250,0.39733332803555566,0.014492753448155152,0.31339285434470665
6167,60371915003,61847,0.24956471126195756,0.064303797,0.18246110239292265
6168,60371920011,82992,0.5320284602841912,0.026058631497416426,0.707878779
6169,60371917101,27024,0.20180179816573338,0.044733044,0.36167664237513003
6170,60377003004,0,0.6555891199058059,0.044158747657022095,0.7877138352432828
6171,60371944012,89205,0.6700924905437565,0.077660594,0.7105751325549616
6172,60371915001,80583,0.4139150894585485,0.11661807466843466,0.3491789079586957
6173,60371944021,77132,0.743243234,0.021186440453533472,0.8001884938719275
6174,60371916201,52045,0.30974842604953656,0.054494643,0.2633181116312096
6175,60371973001,88194,0.6203169984127017,0.044765839912080996,0.45218578926102604
6176,60371914202,80694,0.5841121404343903,0.053237409,0.33748442917204946
6177,60371914201,71250,0.30261660806247664,0.074858757,0.23205506277259064
6178,60371955003,64846,0.5262154382629606,0.044708028789160324,0.49005963727574914
6179,60372015031,52875,0.14833759464332827,0.032280702,0.17679222249822465
6180,60371994003,48906,0.19784449424292153,0.15124441511650022,0.18071012092893418
6181,60371990021,48162,0.29938271142927914,0.07577497,0.1696969679828589
6182,60371853202,46736,0.1485148498513218,0.046979865321381924,0.22058823358677837
6183,60371993002,94310,0.33349282137084774,0.096680498,0.29177377767020657
6184,60371955001,127801,0.6919555219623577,0.072139303,0.621543775
6185,60374323002,94688,0.21077283125558746,0,0.1468531458262018
6186,60374816042,57069,0.3916244804803291,0.050204081,0.099783861
6187,60374322023,86250,0.2765410935227646,0.039846742989680134,0.11315646933862225
6188,60374324022,56710,0.1980198003463713,0.008547008,0.14441416795358197
6189,60374323003,80204,0.3012600194586481,0.023255814,0.14222873796019986
6190,60374816031,80625,0.3033098192983732,0.047988366,0.096454441
6191,60372015013,80375,0.1273486416769453,0.033644859,0.14485981173028215
6192,60374324012,76577,0.21411483,0.016276704,0.15618374447926683
6193,60374814043,125568,0.5041322230721946,0.010279001317488969,0.098231826
6194,60374815001,69189,0.4624161042790866,0.004686585,0.10412147448957985
6195,60371914102,43313,0.29166666467440805,0.071863581,0.22475855915382545
6196,60371955002,165577,0.707594928,0.03076923,0.41067761525888014
6197,60371959011,86477,0.6440979926766236,0.11386138566888866,0.503558717
6198,60371959021,145231,0.717059629,0.1428571408757678,0.5922551185392355
6199,60371954004,110489,0.6658031044960939,0.090792838,0.6875515194760798
6200,60372013012,150885,0.30453257574693643,0.081280788,0.1885770547091233
6201,60372012001,80885,0.1814300950830838,0.035477767098023805,0.19136325067162044
6202,60372013011,63750,0.28351449018555713,0.044663133651301035,0.23294629729356825
6203,60371972002,82969,0.21093082655054804,0.061438964741803034,0.18774243454040004
6204,60371972001,69107,0.31284915951437225,0.008124577,0.1895625465114156
6205,60374814012,118580,0.3997165102784089,0.03680203,0.11181923457810408
6206,60374810012,58636,0.3559322010695424,0.027777777610037576,0.17546848281959976
6207,60374808033,111685,0.43679999301120015,0.093406592,0.2017448178653782
6208,60374809013,90362,0.5458823465190312,0.006802721,0.1360052553481915
6209,60374809011,74828,0.32588597591767354,0.049429657481434366,0.11787072168649733
6210,60374321025,118173,0.45898003925742753,0.040169133,0.14834092291255094
6211,60374322011,111827,0.4304029264615117,0,0.13982179479217413
6212,60372015011,90093,0.2687116531446423,0.071017274,0.17336907798597787
6213,60374810011,100927,0.36436596818325867,0.026521061,0.10413080805395174
6214,60374808032,57303,0.28776977899694645,0.051798560405776115,0.14745010923004315
6215,60374054003,128681,0.2772643227609582,0.006278027,0.28105038835308455
6216,60374060003,0,0.20129869694158667,0.045855378,0.35651213734534065
6217,60374057012,86607,0.1514018663289371,0.055335968,0.25303643468586606
6218,60374054002,107969,0.1510015385053692,0.01744186,0.20444103978222788
6219,60374037222,70125,0.2745259664095139,0.08886027,0.2855140173574111
6220,60374049031,68600,0.1608579066909128,0.031431897,0.15438950399203327
6221,60374061011,106429,0.20647149142570892,0,0.3892617406122848
6222,60374325011,65848,0.2324607317672213,0.034606741,0.17173252214387338
6223,60374061013,84234,0.38499384520302776,0.013422818641802925,0.3056234693918218
6224,60374037214,56250,0.26331360557228395,0.013245032937151882,0.32980599356432105
6225,60371914101,51974,0.3495652143516068,0.028106508667851266,0.21931956124350205
6226,60371853102,84167,0.2144796360680576,0.056792017983177144,0.18006700016694305
6227,60371994002,50179,0.13877550878800501,0.032034631757275916,0.12572161561435782
6228,60371974103,107159,0.5605493063601834,0.1380952364512472,0.5410677562518711
6229,60371852023,75114,0.44818975720112664,0.057671381,0.2572855931949576
6230,60371974102,86202,0.7051971262975169,0.073286051,0.5647149417202239
6231,60371954002,64412,0.33372921218848917,0.17237307942888927,0.5407407362901997
6232,60371954001,187667,0.7836787463254049,0,0.5841836660180655
6233,60371913012,36136,0.32348992854375935,0.06979405,0.27335639901940834
6234,60371972003,69792,0.3697270379720338,0,0.22877697512551115
6235,60374324011,65938,0.14162627818187248,0.030039181410364903,0.11977454147592981
6236,60374321024,81087,0.40961856700466726,0.048158639544495195,0.17616580082686786
6237,60374811032,70987,0.15309446154335857,0.062230437,0.094005449
6238,60374808031,54063,0.55916472,0,0.23623852940093432
6239,60374811034,54620,0.39238409946383945,0.025437201503383126,0.10690423043536491
6240,60374810022,71484,0.40495867529540336,0.022665946990469796,0.13540510493745797
6241,60374808034,122240,0.3405909744853659,0.073469387,0.2682255809047375
6242,60372011201,76250,0.1541850208943831,0.076317383,0.1742685018318911
6243,60374812012,87821,0.24916943314643328,0.042906574,0.12252041935519009
6244,60374321022,105976,0.48957189363806924,0.040501446,0.16611841968652616
6245,60374020023,126023,0.5815691085732365,0.010604453758171222,0.5881481437914953
6246,60710002013,73523,0.2630718911262763,0.030690536691936873,0.2790697650381588
6247,60374037031,128188,0.4236491744428412,0.009978617,0.45576065909764063
6248,60710002012,85673,0.3316831666748358,0.017871649,0.2812393589334717
6249,60374020011,77614,0.4476712304237193,0.023809523704543544,0.3842010754748605
6250,60374021011,96131,0.20988446591858495,0.054157549,0.18327310179002013
6251,60374020022,31827,0.37664974236903814,0.009165903,0.5143422303230244
6252,60374037032,186354,0.30838709279500526,0.059293044,0.3961965103312479
6253,60374015002,104211,0.40257234467799136,0.094087403,0.4251234205972385
6254,60374013122,104946,0.32292459769288195,0.018052869000303874,0.47939189027232465
6255,60374015001,79250,0.32573651847839624,0.10328014138616957,0.48295963908986705
6256,60374017074,93590,0.4741092614056567,0.018223234541124216,0.41252144
6257,60374019022,90934,0.5704753937845062,0.035495716,0.653345305
6258,60374003043,117429,0.6062215432001401,0,0.5347633096541176
6259,60374037033,110303,0.3734491268802838,0.026096033130521574,0.361307417
6260,60374037034,57917,0.4109090834380167,0.098437498,0.49170615531153844
6261,60374017062,106971,0.39947780331176846,0.06255144,0.31121898429763223
6262,60374013113,130882,0.2711682714772961,0.057091882,0.4176646675324501
6263,60374019011,90865,0.6993463823743012,0.041541541,0.45387993977349944
6264,60374019021,151532,0.6603448162009514,0.00665779,0.6447368355795867
6265,60710008212,81157,0.4773781874862054,0.030469741724630798,0.40690978691502017
6266,60374017073,109904,0.1410334337931098,0.049331488938075194,0.19242155007447276
6267,60374038021,84821,0.23072289017636813,0.053571428,0.34363143445186217
6268,60374019023,74135,0.7565610791261441,0.028052805049069266,0.7177419290524917
6269,60374019012,86146,0.7943261847995613,0.053217222771082616,0.5363501463785232
6270,60374019024,144474,0.7052518681109124,0.045731707,0.6412429333245556
6271,60374016022,89844,0.36486485993425866,0.092505854,0.6136023870433305
6272,60374013121,71250,0.4054852303566024,0.040519276,0.5062222199723456
6273,60374038023,86107,0.2671264355534417,0.036413469,0.4203401582077745
6274,60377001015,48750,0.5086705128804839,0.017021276354308137,0.7720279612303782
6275,60377001012,0,0.5362831810948391,0.009592326,0.7334905602713007
6276,60371911202,53125,0.22457626960045007,0.14214463751780151,0.3473917849756283
6277,60371911201,40603,0.3278688503090567,0.069861431,0.3946973466998632
6278,60377002003,100254,0.4999999967362925,0,0.7736842023822715
6279,60371912041,59297,0.3687196080330664,0.058345642109707226,0.4156820600661544
6280,60377002004,0,0.6386036895420566,0.19404517254573744,0.7702888530241482
6281,60371909023,0,0.2769230708368556,0.031666666138888896,0.35800807055170836
6282,60371909012,30526,0.099728014,0.096169518,0.20838971489224303
6283,60371912031,38261,0.3753784018629828,0.037898363,0.2779187799624443
6284,60372011202,122826,0.37309941084094256,0.028011204220250194,0.21708463779714235
6285,60374321021,132692,0.4396284761667419,0.028378377994886784,0.14440677868198795
6286,60374811033,86786,0.255157435,0.018518518,0.080357142
6287,60374803041,67708,0.31526222560246187,0.025214592139406695,0.10703517534153179
6288,60374811031,0,0.19891989019874087,0.008878127,0.077300613
6289,60374321012,130694,0.4300518102882916,0.030544488509000742,0.16956801953856854
6290,60374315011,39702,0.23664921218168364,0,0.2541176440692042
6291,60374808042,91078,0.30734966421297516,0.007861635,0.14699127171800058
6292,60374808041,81171,0.39148494085417995,0.028324531789128506,0.14168835945820615
6293,60374803032,83250,0.3947849936194648,0.13055555503747795,0.1443809518309297
6294,60371853201,64318,0.22787028722287217,0.037527594,0.16451393497951097
6295,60372011101,79750,0.40513551490534216,0.048010973,0.22281449655848085
6296,60371913011,89783,0.5966735904711685,0.070259865,0.2978260837192817
6297,60371955004,0,0.5999999924528303,0.025210083730971385,0.5837563377695897
6298,60371994001,0,0.3470085410767771,0.04347826,0.21386718541145328
6299,60371954003,117093,0.7445054842787708,0.058588547821723735,0.5959302267836218
6300,60371853101,74775,0.18320610487234346,0.012720156431309625,0.188888888
6301,60371993001,156250,0.5607843082276048,0.046948356,0.41535920383683567
6302,60371913021,69375,0.5098039138792774,0.07537012,0.3677130003619619
6303,60371974101,123194,0.5462114858766738,0.072957969,0.5881533060059003
6304,60374057011,138056,0.3543758916158409,0.038258574693158645,0.2582368632392087
6305,60374054004,140671,0.18130630426456865,0,0.22191271845949195
6306,60374037021,115165,0.3824833681680523,0.031866464,0.37952755706284746
6307,60374325021,96875,0.19424920003674634,0.042189854,0.18192219575559385
6308,60374049011,107679,0.110195673,0.074319352,0.16730917372930476
6309,60374049012,91902,0.087572977,0.048710601,0.18369507578774444
6310,60374037213,142083,0.37881872955562673,0.018726591409614395,0.3759615348465237
6311,60374037211,71250,0.23707787569208907,0.10815217332525993,0.32061068479798277
6312,60374049013,78452,0.13492537232880375,0.016152716514181514,0.14285714217459558
6313,60374325012,77838,0.32649961787016235,0,0.1551561014420241
6314,60371852021,222500,0.5562742489485867,0.047979797,0.44485293708774876
6315,60371852022,83571,0.4195666420251698,0.061004784324134066,0.429289301
6316,60372011102,92375,0.34640522552376074,0.015236567640444527,0.2352941159591527
6317,60372013022,122368,0.6317792518384467,0.044626593,0.30931339014742765
6318,60371873002,114219,0.655151511,0.038163717,0.6447118388555299
6319,60371913022,45888,0.30076004016547186,0.065868263,0.28538461318934916
6320,60371953002,130125,0.5663983846438795,0.059534883167117365,0.5211608159472695
6321,60372013021,88750,0.4212840772094628,0.014166666548611113,0.28777777458024695
6322,60371852031,49563,0.35514018276705395,0.062165058283332714,0.21025259873512187
6323,60371951004,207308,0.6427457048147761,0.057663125510901934,0.6993006948550496
6324,60374803031,102188,0.27044024914249554,0.013787510026054259,0.2006773903414277
6325,60374810023,68320,0.3554502341591609,0.079488999,0.13575374794195938
6326,60374321023,103553,0.41791044152372475,0.025270757818643106,0.16188524424297907
6327,60374803043,70250,0.41719077130827287,0.03130755,0.12244897863069876
6328,60372011203,111806,0.25109169757441707,0,0.26163521683477714
6329,60374321011,97287,0.37614678585365485,0.032385466,0.18255727876897798
6330,60374810021,98828,0.4061662171168484,0.045877659,0.16247379369772644
6331,60374812031,75655,0.2731336599323484,0.052414826,0.11039755317921236
6332,60374321013,104904,0.46881959388842326,0.033300685,0.1695616197720296
6333,60374812032,101458,0.24612523096016597,0.017030335,0.1482666658759111
6334,60371899062,85160,0.6660377295656819,0.052219321,0.6993603361808078
6335,60371899071,90032,0.7119341490541754,0.039473684,0.7357310341225095
6336,60371908012,30509,0.2128975246210466,0.033913043,0.463210698
6337,60371899072,78194,0.6673132815973494,0.1445198822064027,0.6883116823522798
6338,60371911102,67888,0.2671232850575021,0.013686131261987854,0.3921815839573571
6339,60371911101,30486,0.29149463133156633,0.024313725394848135,0.5681430980913836
6340,60371912012,37708,0.27503293717051075,0.047941342,0.6304624495949832
6341,60371907021,69632,0.6495844785376111,0.15012722455308875,0.48644337342195576
6342,60371942001,216750,0.7161125228118603,0.10487804750148723,0.8291457216989471
6343,60371898021,83864,0.7277882728942507,0.027548209,0.6939556182558866
6344,60374051013,44167,0.13935969736949438,0.053412463,0.1785063741438593
6345,60374051012,96089,0.24270353116203125,0.009672619,0.1951754371697702
6346,60374051011,59135,0.075743048,0.074374577,0.1733594506691506
6347,60374054001,91658,0.1884570060252414,0.055179089494878125,0.20825515752105855
6348,60374057021,97917,0.19812878261899405,0.061251664175536326,0.21488230746058348
6349,60374060002,92778,0.2731871815076966,0.00805153,0.2850901131344068
6350,60374037212,92208,0.1991150427793876,0.022944550522979282,0.3158765142454437
6351,60374057013,99000,0.18558558391364338,0.077743902,0.19976566959715483
6352,60374325022,118469,0.26401080172848884,0.036778693,0.14497920294130004
6353,60374060001,87044,0.17731773017715816,0.062074186,0.2544780713126741
6354,60374811011,71087,0.3448940247598329,0.046937607,0.16535432998532662
6355,60374812033,78260,0.3888888838644847,0.096938774,0.1219512185207218
6356,60374803042,74444,0.4665738096577464,0.02283105,0.12912912783654526
6357,60374803023,72384,0.40353573863539016,0.019696969547750232,0.16974595744950371
6358,60374315023,60764,0.269058293,0.010940918917495417,0.15617334295851723
6359,60374811022,70076,0.34031411830816133,0.075376881,0.090069283
6360,60374315012,63274,0.2833675535588547,0.006535948,0.16805720996390222
6361,60374320024,96528,0.4521038455496522,0.027850304,0.16530054531898536
6362,60374811021,81625,0.31272727045289256,0.050209204720805714,0.1141160942340627
6363,60374812013,105278,0.3365384569156806,0.026869158564612635,0.12469033753352322
6364,60371953003,96618,0.7236580444964409,0.1437847853081189,0.6520887685894989
6365,60371871022,61618,0.4645760725335808,0.022942461679015067,0.27182210331290374
6366,60371851011,0,0.27624309010713965,0.16561314582031422,0.2791044755290711
6367,60371952022,220391,0.7634307185350545,0.1066666657777778,0.7033084236573274
6368,60371872001,74615,0.2120395308891327,0.022865853484254166,0.2771699469207152
6369,60371953001,78276,0.6778845990893125,0.10756971897271476,0.5316455621428191
6370,60371951002,0,0.6117646956005933,0,0.5477629921673157
6371,60371852042,129000,0.4436274401071706,0.11136363383264469,0.40547944650028156
6372,60372013023,98643,0.48327401791264046,0.058704453,0.27266710607103173
6373,60371852032,84420,0.34294541356389896,0.045494313,0.22298850403840229
6374,60371910003,93929,0.6981707274501785,0.015821058,0.5266355115577779
6375,60371910002,52750,0.4615384591557127,0.1392527892321553,0.4215196870686651
6376,60371905102,59250,0.5682951089900787,0.098090277,0.3274215530189526
6377,60371905101,56775,0.3959697713049382,0.049256505,0.42092541291116914
6378,60371905202,44000,0.29944751215774856,0.022301064255950003,0.460017967
6379,60371905201,63622,0.43291138692517234,0.033879781,0.4687252536126267
6380,60371912011,46005,0.37671232661693876,0.078760162,0.5294460610527927
6381,60371899051,80824,0.6593939314012857,0.14423076749722635,0.7048832196933841
6382,60371901012,67528,0.44444443738977085,0.11196318846682227,0.5927272655426998
6383,60371902023,45962,0.7449438118545639,0.15287957955099918,0.4840525282921902
6384,60374803022,107333,0.6488763953809495,0.046683046,0.26062322761598283
6385,60374811012,85987,0.4231010645128621,0.030885781,0.16097023064514757
6386,60374320021,103000,0.5728760672418077,0.033239038,0.22168021560064924
6387,60374812011,105565,0.353009255,0.097616344,0.19047618826392348
6388,60374811023,67083,0.4133180205129963,0.030360531021247333,0.13051146307753403
6389,60374807043,120278,0.8108107979203371,0.025537634,0.2818846443388737
6390,60374804003,0,0.5957446757808964,0.02,0.21235347063862275
6391,60374320012,93152,0.587426315,0.099644126,0.13631840660379696
6392,60374320011,79231,0.3177496012856609,0.019985724339859214,0.21085080017971147
6393,60374805002,128977,0.6780523206536896,0.067741935,0.4580886254239796
6394,60374315022,144464,0.34706330780272077,0,0.2891791017800457
6395,60374038011,0,0.37091987029911366,0,0.2767857122262968
6396,60374038012,77580,0.41281604004875305,0.044961863,0.30591434294386693
6397,60374050011,81394,0.14380825374423098,0.032657657,0.1660808421258274
6398,60374059002,101250,0.1791158522933243,0.024810475,0.2782567036481958
6399,60374038013,138177,0.2921348294091655,0.02706027,0.3432038818291073
6400,60374050012,76079,0.073761854,0.016438356,0.17482993078346987
6401,60374059001,60714,0.24387177722267897,0.02259332,0.28308351056495284
6402,60374050013,77557,0.044291338,0.080714285,0.10968229871647278
6403,60374050014,79803,0.2683158870759668,0.023809523614043322,0.11632987375024646
6404,60371851022,191625,0.7011431643922528,0.11968503874181083,0.6398334445535501
6405,60371952023,146250,0.6992481137288711,0.042666666,0.6692248605585199
6406,60371951001,157083,0.7079463291233609,0.027958993,0.6504064992578973
6407,60371951003,135714,0.8166238147675766,0.019327730930019067,0.6601146547083157
6408,60371837022,100972,0.4182692257419564,0.012987013,0.2732035907694342
6409,60371838201,63984,0.32189780786935906,0.11684460191669868,0.23317591361761564
6410,60371873001,109387,0.7281700779941528,0.13666228556726487,0.513052741
6411,60371852041,103750,0.548845466,0.028837998,0.3608660756947388
6412,60371872002,88475,0.5941295486424135,0.090487238,0.2818181798474253
6413,60371851012,93438,0.4382761107503571,0.10386819409836537,0.44697986277194723
6414,60371899032,106960,0.5669172889705467,0.11547002135107312,0.7286541191848472
6415,60371899031,89135,0.6057441174184841,0.007832898,0.705673751
6416,60371902011,32853,0.2899850501495886,0.044211751,0.5272496798019666
6417,60371901011,39821,0.42545871071721664,0.024312896148912303,0.5829195572699151
6418,60371904022,59537,0.45038167365926624,0.082547169,0.46910754612005096
6419,60371910001,62654,0.6192560107302406,0.082412059,0.4820512795792242
6420,60371903021,49792,0.4715660501175324,0.07305936,0.6060344775341856
6421,60371903022,83520,0.3852667198537958,0.05409836,0.6170970559474884
6422,60371903032,0,0.39799330438138286,0.1924342073612795,0.5978428259192169
6423,60371903031,0,0.39304347598235667,0.16091953930506012,0.5524437092122806
6424,60371942003,131433,0.7472178001016073,0.037993920683936776,0.8120996383480453
6425,60371904021,60737,0.5739329224547796,0.065885797,0.6717305107547522
6426,60371904012,52171,0.45350051772726735,0.061682242,0.66666666
6427,60371904013,75042,0.7286432038753232,0.1367249580806843,0.6068281871494693
6428,60371904011,64236,0.424517589,0.044420368,0.58971553
6429,60371892011,55625,0.6342007387791767,0.085017421,0.6980821879557141
6430,60371892012,71219,0.7445255406521393,0.083853701,0.6869322104337372
6431,60371891012,76101,0.6114081887449521,0.039682539,0.6909722142248587
6432,60371902021,24833,0.5489130360202034,0.092993629,0.5804480592622397
6433,60371902022,58074,0.6101499352923883,0.057142857,0.5921052592624654
6434,60374315013,71154,0.3527204469726037,0.017661900608394444,0.15915573212118808
6435,60374803021,148438,0.5470851968871283,0.041767067937613915,0.266181228
6436,60374807021,194588,0.8397212470407557,0.075990298,0.25541338456981605
6437,60374807042,110587,0.5985449695863428,0.029102167,0.3408545350895125
6438,60374804002,88750,0.5977182510033817,0.035566584,0.20499395809507062
6439,60374320023,41111,0.4984471972290808,0.092875317,0.16244131302872006
6440,60374315024,95682,0.43925233058408103,0.038283062,0.3251783860838085
6441,60374802021,85529,0.4069069007971937,0.008207934,0.21888411704028446
6442,60374315021,145000,0.36463223216537977,0.011688311536515434,0.23578076281509036
6443,60374807031,200703,0.6502636165772488,0,0.3382187128623522
6444,60371891011,130588,0.666666659,0.054721029,0.6708984309482575
6445,60371952021,148583,0.7868852330018815,0.084142393,0.7180293425783087
6446,60371838202,74938,0.3178104549198492,0.058943089,0.19772256626437595
6447,60371837011,90787,0.335359672,0.031840796,0.2847873086893489
6448,60371864041,73676,0.4029303992405641,0.1270226526939915,0.2072923686205782
6449,60371838101,75789,0.29007633341750355,0.028651293,0.23159366154895775
6450,60371952011,104276,0.7233738332853907,0.086350974,0.6463414599875851
6451,60371837021,109286,0.5083032454274135,0.071017274,0.3495873942266512
6452,60374807022,155673,0.6542526388814663,0.034022988,0.33110367769935456
6453,60371838102,86218,0.371986221,0.062302006,0.29470198536091774
6454,60371902012,50625,0.3704520356069235,0.12099644041995417,0.42272024402843705
6455,60371891013,86964,0.6417033679632399,0.12173912867044742,0.7175463521034757
6456,60371895011,64909,0.7177177069411756,0.14159291826559117,0.747102205
6457,60371892023,116761,0.6986531927722796,0.033444816,0.7964071788160207
6458,60371897022,79914,0.4371468895681717,0.1794510895182893,0.6978214989611982
6459,60371895022,74135,0.6355721313983566,0.084439082,0.6810176058608844
6460,60371895021,33625,0.4530094989122545,0.088568485,0.676973143
6461,60371896001,76814,0.7361460910822034,0.035301278,0.6560906478408461
6462,60371893003,210625,0.8086419586699186,0.066937118,0.6899128183074369
6463,60371896002,70875,0.6176470515570935,0.092807424,0.6531049180609751
6464,60374320022,0,0.4601625941436977,0.067757009,0.17987804695245888
6465,60374801022,153393,0.4778523425791632,0.063432835,0.15129151105422495
6466,60374802013,120417,0.5054095787835426,0.013888888797031158,0.2675871119816758
6467,60374801012,102784,0.23748544543090286,0.051881993,0.17185697610314907
6468,60374804001,71000,0.5048622325375832,0.016759776402555656,0.31394182232756446
6469,60374801023,106250,0.4157043831904806,0.04368471,0.2019486253148926
6470,60374801024,100227,0.5114942430748229,0.025906735,0.1482433577699798
6471,60374802022,157222,0.6143552236696445,0.051336897846664196,0.2938246982686783
6472,60374802012,209167,0.6816666553055558,0,0.3843813348440027
6473,60374316002,95625,0.5371078765332221,0.008227848,0.1427072395450827
6474,60374050021,62917,0.07178631,0.067807768,0.13283883929306245
6475,60374058003,96250,0.26848767309468574,0.030375223,0.29232505533361525
6476,60374050022,75313,0.091273821,0.050833333,0.18749999873991938
6477,60374058002,116719,0.1822660083557799,0.025469168730099405,0.24730290251200912
6478,60374058001,81013,0.18449612260080525,0.024566473810935883,0.27061310639210834
6479,60374314001,0,0.36339868806014786,0,0.2445652151760397
6480,60374045041,79010,0.1763354383898022,0.057332779,0.16821760856042373
6481,60374040004,103413,0.2216981114646375,0.081280788,0.28016241136796743
6482,60374046001,101181,0.2194594570869248,0.030640668239176713,0.2513586939445741
6483,60374039022,107386,0.38113207187611253,0.007806401,0.4505050482297725
6484,60371864042,83750,0.3636363580333381,0.054181389,0.3783439442249179
6485,60371952012,110861,0.6437098196169897,0.10320284605691418,0.6976549355305282
6486,60371837013,43598,0.2340647833431057,0.061904761,0.27838827634880386
6487,60371851021,89167,0.6451612840160188,0.013207547,0.46804389626827697
6488,60371864032,95250,0.4349355165892671,0.016759776,0.20812894037751267
6489,60371835202,64466,0.20026972218294187,0.065895953,0.2550911025986543
6490,60371863022,87365,0.5221445180874552,0.044327573,0.32869910462413554
6491,60371882012,115469,0.6969146878962852,0.08166969,0.604923791
6492,60371891022,107917,0.757990859,0.16777041757427796,0.6995475049814706
6493,60371837012,46367,0.23046357310644275,0.099876694,0.24033148949971006
6494,60374319003,86250,0.6019512136395003,0.012152777672284917,0.20134679999093064
6495,60374802011,160114,0.6061997634190612,0.045016077,0.399717511
6496,60374802023,136667,0.7512437686360901,0.016105417040916295,0.2760736162444955
6497,60374801021,187292,0.6666666592838687,0.007454739,0.20065789308669496
6498,60374801013,68750,0.4162946382109974,0.016177957369282535,0.14111747749915848
6499,60374801011,96100,0.5130208288800275,0.028436019,0.14859002088617126
6500,60374316001,112715,0.5649466141908664,0.009353741,0.14948041447257862
6501,60374805001,152946,0.8152173839201324,0.032730405,0.5130673967464415
6502,60374316003,115278,0.6879432461479138,0.078299775,0.11417322722270445
6503,60374805003,199250,0.6284530299937428,0.077127659,0.4592964777960153
6504,60374041003,64109,0.1764234147840945,0.045152722,0.27610619346855664
6505,60374045031,86417,0.2499999988185255,0.042724708,0.20194239718036705
6506,60374045011,50592,0.10807113395251527,0.016,0.15716911620248974
6507,60374045012,66786,0.10566448686639993,0.036870503,0.22916666526245916
6508,60374040003,90733,0.15581394986479188,0.042410713,0.27985524391006944
6509,60374039023,99464,0.23788864614686445,0.011057359978871044,0.4379912644629202
6510,60374045042,64375,0.15752461211304775,0.004886988,0.15307457412527442
6511,60374314003,112875,0.25609755750545316,0.049272116,0.23107971512533082
6512,60374012031,102500,0.35149292639343677,0.018318459,0.4217919498033715
6513,60374314002,105179,0.4225146137059267,0,0.27995520403185664
6514,60374319002,74915,0.32835820623251905,0.13483145966418383,0.2113323107861232
6515,60374807041,75635,0.6487499918906251,0,0.363636361
6516,60374319001,0,0.4626865594911019,0.052715654,0.16608594464476256
6517,60374308033,102244,0.4149159620281937,0.00589391,0.19524495536567035
6518,60374641024,149237,0.6617283868922421,0.001153403,0.406999996
6519,60374641022,140583,0.8059523713577099,0.033477321,0.3663177890930753
6520,60374641021,250001,0.7772194174670115,0,0.3120204576980353
6521,60374308032,124243,0.5259515510270871,0.024096385300237097,0.14791224240684897
6522,60374807032,110179,0.8417984942398127,0.065330363,0.45904645196181876
6523,60374805004,120231,0.9199999885000002,0.03654485,0.49631449224967655
6524,60371871021,141335,0.3674157262088121,0.057347669737028054,0.39158878138702075
6525,60371835201,76250,0.44670542202804825,0.074164629,0.3118686848998189
6526,60371836102,71167,0.33768913110255067,0.082018927,0.33705017568651713
6527,60371882013,113750,0.7179487087442473,0.045077105040603735,0.7188160600547986
6528,60371863023,72431,0.40776037843594026,0.051776038219289354,0.33839341974450715
6529,60371882011,101650,0.7265415484670104,0.09548167,0.6314122822583136
6530,60371836202,88750,0.3954545364669424,0.049356222,0.34627328654855144
6531,60371882023,225774,0.5721003045125345,0.00913242,0.6928783279988379
6532,60371864031,71750,0.25910063962419017,0.046169989,0.2733089554542143
6533,60371862031,136553,0.589910492,0.033573141,0.558608055
6534,60374041004,69773,0.17023675118109638,0.033797216,0.24003887035919466
6535,60374041002,94844,0.080717488,0.030024509619947858,0.2055702904139901
6536,60374043022,62500,0.2526095980666055,0,0.2329227297545047
6537,60374044024,85357,0.15032679492930073,0.15601782829096839,0.28399629709531643
6538,60374044023,140114,0.057387056686360724,0,0.19083255200343732
6539,60374040002,81389,0.2766531676565025,0.029113923682102232,0.2916246186516184
6540,60374039021,80529,0.15553434966093177,0.010092514633368254,0.49257759119328487
6541,60374314004,57634,0.35188215463367994,0.026729559328151582,0.33186812822122935
6542,60374308034,106157,0.6741706081259407,0.020585049,0.2471482866240657
6543,60374039012,118750,0.39463600776559377,0.021276595367436254,0.349705301
6544,60371871011,92880,0.48082319475375873,0.033575317,0.3667157557679252
6545,60371835102,108158,0.30672645464819326,0.067348678,0.2994440007986974
6546,60371891021,205764,0.7782931282162048,0.065862708,0.7298025069138016
6547,60371835101,92656,0.34281842353904574,0.053333333,0.3146979232218402
6548,60371831031,97670,0.5351411149134415,0.042682927,0.29426816635482006
6549,60371836201,93654,0.34908136299694825,0.047857794,0.293650792
6550,60371882021,122813,0.737524943,0.047577092,0.6597826015241022
6551,60371871012,94762,0.4420243405379607,0.046361502,0.44041137059642244
6552,60371862032,123607,0.4110671896139606,0.082778306,0.34052111104653093
6553,60371836101,86389,0.3840206136079818,0.046740467,0.2119047593820862
6554,60374641011,170870,0.8124118362142195,0,0.4231155736370294
6555,60374800122,127614,0.40756663450071684,0.018374558174031393,0.1812278619762228
6556,60374800124,135341,0.49210205963423986,0.035126235,0.19096509044183685
6557,60374318001,85689,0.6293359699768487,0,0.22071516510039974
6558,60374308035,90511,0.4008179877133336,0,0.19407407119890266
6559,60374317014,111178,0.3507042204126166,0,0.18709073725827188
6560,60374806012,93474,0.6562874172899711,0,0.4712389328402773
6561,60374317013,184297,0.6965517145303212,0.011034483,0.13978494516294204
6562,60374806022,92273,0.7297297100073051,0.033096925931514753,0.43308080261261617
6563,60374642004,237969,0.8149350517055999,0.010802468969097702,0.14971209069374194
6564,60371831032,75000,0.26086956329499217,0.081645181,0.2212201579776119
6565,60371863021,113958,0.4954710100047916,0.034424853,0.30407523320329005
6566,60371882022,238750,0.8152454675032885,0.015286624009087592,0.6870669666620443
6567,60371832202,91103,0.3269230729937131,0.01870187,0.23303303163343525
6568,60371864011,56630,0.16982622298715463,0.043558282,0.19402984981208543
6569,60371864012,59107,0.271739126,0,0.1466083134944386
6570,60371831011,0,0.3413461456407177,0.013307984537871017,0.33141541620925874
6571,60371862021,114844,0.6599999853333337,0.046709128519976044,0.3997271432506529
6572,60371883003,127009,0.5694879773303242,0.043186180007810174,0.5317377676197943
6573,60371833003,78750,0.30743242897035555,0.015166835033702376,0.22926093341432177
6574,60378001041,139388,0.6578296194491706,0.045410936855097735,0.8021080347770538
6575,60378002021,0,0.5889014655843549,0.009523809,0.789205695
6576,60377006004,218194,0.7359262974828424,0,0.8559102600870556
6577,60372623011,250001,0.7349593456099764,0.061708214,0.7318214516493108
6578,60372622002,198563,0.7587034768385146,0.044190665,0.7407857402155296
6579,60372621003,248750,0.8489932814681772,0.007263922,0.8158319826826496
6580,60372612002,185389,0.6153846098802808,0.052511415,0.7941935432632675
6581,60372611023,183864,0.709214496,0.010256410190664037,0.8114056987923677
6582,60372611041,239167,0.7481698334687421,0.027581329366468677,0.7783882736362132
6583,60372611021,150952,0.80629538,0,0.7557159957194225
6584,60371898022,79158,0.5718194176221694,0.056921086,0.7822349458132529
6585,60371898012,72353,0.5802310580201405,0,0.6867321782956735
6586,60371898011,59240,0.7166528523889574,0.055682685,0.7708333281530019
6587,60371901022,83670,0.8239999890133335,0.017605634,0.5706028028851957
6588,60371907012,67000,0.28393351407294304,0.058823529,0.4364779819310946
6589,60371899041,46510,0.4478672950405427,0.059340659,0.6821877259261809
6590,60371907011,41034,0.38309351828968496,0.085106382,0.5522388008186679
6591,60371899042,69488,0.7212121124701563,0.097480831,0.6527415086793602
6592,60371899052,78571,0.5689802864697491,0.064212328,0.7144736795100416
6593,60371943002,250001,0.7556109631469955,0,0.8151815091839218
6594,60371942002,156806,0.8499399657870352,0.043735224,0.8144433218210299
6595,60371941022,107708,0.7171974430930262,0.016816143309236063,0.7708006218932447
6596,60371895012,86625,0.6422893430660624,0.034023668387398905,0.7658022628379071
6597,60371892022,158920,0.6475694332019196,0.014827017877643858,0.7057010677087663
6598,60371891023,97232,0.7812499938964844,0.087490406,0.723792154
6599,60371943003,149542,0.6691176372188583,0.087323942,0.7940612950760413
6600,60371893002,172361,0.7497243577759167,0.056663168,0.6616288777361136
6601,60371941011,117541,0.5528781719828892,0.087845968,0.7442827365459175
6602,60371894002,133092,0.6948051797661217,0.070140279,0.7465321469541975
6603,60371941012,98125,0.7263705069642225,0.087680841,0.7357080002827264
6604,60372612001,200078,0.7644628059686839,0.049382716,0.7668225952975077
6605,60378001031,139063,0.48334018723430605,0.060913705,0.7904761874648526
6606,60372611022,249583,0.7812223137181372,0,0.8429951622947249
6607,60378002022,250001,0.8166058319652753,0.052808046,0.7451556033754809
6608,60378001032,108443,0.7097505507993073,0.047619047,0.8076502643972648
6609,60378002023,231125,0.705461053,0.036649215,0.8032152402405024
6610,60371439013,202467,0.6864686412007538,0.039552238510804194,0.7771524998472004
6611,60378001012,226563,0.7780803214562265,0.075,0.7849185913242562
6612,60371397053,250001,0.7421568554690504,0.056030389,0.7960339886966431
6613,60371439022,250001,0.7693761742024936,0.015544041316545413,0.830792677
6614,60371892021,160114,0.8267716426932855,0.003865979,0.688610233
6615,60371897021,124464,0.5464968083248815,0.031802119766759486,0.7494823938976978
6616,60371893001,175753,0.6316397155699802,0.035595105,0.8003273256929024
6617,60371896003,128333,0.6429418666317691,0.019148936,0.7603464796886769
6618,60371941021,173021,0.7403100679546503,0.009512485,0.7611832556913185
6619,60371894003,113654,0.5872483155788779,0.08851224,0.810007812
6620,60372611031,221250,0.6960784261230888,0.058333333,0.8207446764854006
6621,60371897031,173958,0.7521472300350034,0,0.6588235223655239
6622,60371894001,175958,0.8412256189301243,0.039895923331344986,0.7631403808174293
6623,60371437001,138750,0.6794582316088236,0.16846652085889285,0.7303727142714297
6624,60378003353,71757,0.5204678261117384,0.062499998998397456,0.7492063412782398
6625,60378003362,250001,0.5853658468598624,0,0.8004136421880699
6626,60378003352,208125,0.6055240750316992,0.008010681,0.777202069
6627,60378003371,0,0.8460342014613654,0.3801819981781396,0.6441717712371562
6628,60378003361,197044,0.7417295371925158,0.048756219,0.7783426498304898
6629,61110059073,190909,0.7389473606426594,0.035928143354010546,0.8074179685633526
6630,60378003372,107095,0.6634777677913463,0.048715203165336174,0.7122752122272274
6631,60378003351,141875,0.5920205844012795,0.009546539,0.8156384446510873
6632,60378003252,214301,0.6799733820361052,0.041878172323108045,0.849474908
6633,60371416003,204375,0.8595744589406973,0.055721392,0.8032407345428956
6634,60371417002,241071,0.7941176403855661,0.2008862614410173,0.7856716371004678
6635,60371417003,250001,0.7954545303891187,0.019999999636363643,0.8294117525086507
6636,60371415001,209320,0.7305912558838495,0.012536564928806665,0.812884426
6637,60371416001,120750,0.7538091358956766,0.044776119084746845,0.8033769019423916
6638,60371398022,207188,0.6811254356323245,0.022323983844739645,0.8328638458550992
6639,60371416002,167131,0.7666325407714172,0,0.8106694475871397
6640,60371397051,209375,0.8250590919023748,0,0.8210890162395073
6641,60371417001,250001,0.6421874899658205,0.020260491747315604,0.7665317035555775
6642,60371439011,0,0.7401459745964092,0.009247028,0.7679516192898593
6643,60371438011,188664,0.7273945028305794,0.16962645333970328,0.7880377713114493
6644,60371438012,0,0.6726546839056419,0.042186002,0.6754901894559786
6645,60371438021,75897,0.7463650929504831,0.14371257269891358,0.6958934439967431
6646,60371436061,97589,0.6651818807336164,0.058645707,0.6034155559556258
6647,60371436051,104271,0.6246153807715976,0.07630522,0.5598971693578552
6648,60371436021,0,0.794444433,0.014473684020083106,0.7492654187143446
6649,60371436032,226875,0.782449711,0.017973856,0.6908866909989324
6650,60371436031,82348,0.6571798146366118,0.064020486,0.6616766427444513
6651,60371436022,0,0.5148690611856677,0.054857621,0.7340637413642244
6652,60371436023,99922,0.7418452866556824,0.12331233012320135,0.7299824621275134
6653,60378001011,167574,0.7060461387985435,0.061565217177164455,0.7966263501062179
6654,60371397041,132050,0.7244053737104169,0.042313116867357226,0.7896341433321868
6655,60371397031,176875,0.757199599,0.042293233,0.8135907879183408
6656,60371412021,145278,0.478593265,0.037142857,0.7532808300094379
6657,60378002042,141635,0.5835734828272804,0.031657355483194566,0.8104103312674379
6658,60371439021,126938,0.5659259217338821,0.1179413858617485,0.7354529050062814
6659,60371380001,127778,0.5101214533593404,0.047067901,0.7753195635431683
6660,60371435004,144009,0.6928879235680181,0.040948275,0.7340036495977729
6661,60371435002,248523,0.6431924807137033,0.018438177674206316,0.7709147711421832
6662,60371411022,131667,0.7356733471656637,0.056943637,0.7396758978584637
6663,61110059072,96781,0.46733667754602165,0.020432692,0.8631578846414283
6664,60378003251,124196,0.7793388365343898,0.022771632903242467,0.810520019
6665,60378003331,106625,0.5721362193675776,0.039109179581156006,0.6957633283573289
6666,60374806023,147762,0.7626353721783812,0,0.4736024807950118
6667,60374800023,139483,0.5425268328445348,0.015140591094876777,0.26629122875067396
6668,60374806011,178906,0.906914882,0.027186761,0.45615446133423604
6669,60374806021,170127,0.7596236034249478,0.014107883700349513,0.4406516645411042
6670,60374641012,147500,0.9401709133854441,0,0.24293785036228419
6671,60374308031,0,0.6864295034726021,0.0251497,0.19999999760479045
6672,60374800123,98990,0.33097344546949653,0.025236592661883397,0.2007759437364118
6673,60374318002,140714,0.4479434418512632,0.009253547,0.19491939328324673
6674,60374642006,131500,0.8167141422914137,0.023696682277277392,0.29010988798454296
6675,60374800121,95737,0.5102040761524804,0.031518624,0.18801313474537656
6676,60371831041,110833,0.4409448789964247,0.033545401772438393,0.36945107222219054
6677,60371863013,59000,0.1724617500353025,0.077108433,0.21335991811206462
6678,60371883002,118650,0.4579533894837549,0.040329972,0.535211263
6679,60371832203,124514,0.47095435196105445,0.062157221,0.25019793942836155
6680,60371862012,76641,0.41064638560213806,0.019131334,0.3134860034937099
6681,60371833002,83828,0.3202099695510503,0,0.32290362549557416
6682,60371863012,66167,0.33025403394332487,0.12710280136256447,0.19953596056222783
6683,60371862022,87167,0.3165537239443008,0.030630630354679007,0.25319488615659036
6684,60371832201,95462,0.5296523409069052,0.096114517,0.2519893865783901
6685,60373025053,94659,0.2118506476310824,0.004399749,0.4954954917755594
6686,60374043021,90119,0.15439672643766128,0.045646661,0.19264213917965126
6687,60374041001,0,0.037184594,0.043113772,0.23731343106482514
6688,60374040001,145500,0.5898004369201726,0.083826429,0.33166832835496174
6689,60374312003,121157,0.1898526973837529,0.084722221,0.16319129498466642
6690,60374312004,102986,0.336712525,0.032724984,0.2703150897163345
6691,60374313002,108917,0.4797601127472247,0.015645371373593595,0.41425389293703907
6692,60374039013,119875,0.2824133468239622,0.037037036655997564,0.45908607376104066
6693,60374044022,0,0.2547846859475516,0.012609117,0.3241563026273863
6694,60374044021,94201,0.20737326950030796,0.034644194,0.20441675988438981
6695,60374042032,84250,0.15639810278295638,0.041637751272465294,0.2576249172120382
6696,60374800022,171250,0.7344521151584195,0.026241799191735717,0.18695993568766744
6697,60374806024,181850,0.6205211625322287,0.057953144,0.5257985193390845
6698,60374317012,164508,0.64871794,0.044217687,0.12707641090468097
6699,60374642003,180182,0.8619185921232763,0,0.21234119589527045
6700,60374640001,113333,0.8498759199767256,0.047114252,0.496707427
6701,60374806013,97750,0.7322448919816744,0.055312954473704844,0.3261700079934574
6702,60374317015,66438,0.5444067759701235,0.016552511,0.15484180175051868
6703,60374318003,49716,0.30401661839323674,0.006261741,0.2435003155136315
6704,60374800021,130395,0.4775132211969151,0.18149465976874662,0.24999999722222227
6705,60374641023,250001,0.7445972421945262,0.028783658,0.3333333289760349
6706,60371834011,79819,0.3353705092790641,0.026086956,0.3482625455732622
6707,60371834012,74265,0.28120712920154833,0.041775456,0.31149301491414594
6708,60371863011,119766,0.45860708990003823,0.071346374,0.41769041255908584
6709,60371883001,113516,0.6326530520021422,0.030855539539192994,0.3202725696739986
6710,60371834021,91250,0.4526066297084523,0.091954022,0.23502303992743226
6711,60371833001,87548,0.5115961731023715,0.20026524933335213,0.3475991612985474
6712,60371831013,83665,0.33263378454738945,0.045595854449783896,0.3678929741278062
6713,60371832212,86250,0.47496353682565123,0.10886541061614417,0.34407625808408415
6714,60371862011,80625,0.4624999942187501,0.012415349747005082,0.16874999849330358
6715,60371831012,127083,0.5897939098155652,0.066728452,0.4015443984436726
6716,60374039011,90750,0.20097441898934934,0.043165467,0.42857142511241786
6717,60374043012,66000,0.029609690045630015,0.055492638,0.18129404111919256
6718,60374312002,78555,0.21661237608621844,0.013249651,0.1525773185389875
6719,60374044013,96875,0.11661341666751732,0.021276595442885172,0.2533543784265637
6720,60374011014,66500,0.3217893194676095,0,0.45756676286310527
6721,60374043011,66750,0.21668099555734313,0,0.19216417790942675
6722,60374042012,97303,0.33795493641286883,0.035687732076671135,0.29321533750315437
6723,60374301023,100000,0.1788413083220713,0.057463209127798114,0.16619237241780097
6724,60374308021,130167,0.6457765579594474,0.030172413467969682,0.22943722695414256
6725,60374313001,126250,0.5154264879232943,0.027118643608158584,0.42528735143347873
6726,60374308022,134954,0.6550680687584256,0.03168044,0.1702466175795814
6727,60374011023,98015,0.4593967464107106,0.063016528,0.41433891606760787
6728,60374042031,70556,0.27953110658673486,0.059382423,0.4262086495919904
6729,60374313003,91250,0.5649634954019928,0.11473272340635303,0.2669039114246274
6730,60374042011,36667,0.1572016447966943,0.037356322,0.24745010976740525
6731,60374312001,110365,0.13821815038952415,0.043964232,0.11880108927083875
6732,60374301021,72723,0.28335056583918755,0.037751678,0.2560148040961456
6733,60374043014,110341,0.046874999389648446,0.026381909216307675,0.2554410050923138
6734,60374301022,102292,0.053590567485631645,0.039339103,0.18680445002540183
6735,60374044011,64567,0.25552485834910416,0.033200530767589234,0.18260869406427224
6736,60371861003,114333,0.47195212810806186,0.032436162647093425,0.40554899406405553
6737,60371832223,135938,0.7091891815222792,0.053007135,0.3953488336730874
6738,60371832211,122083,0.46194224509337944,0.055437099,0.4126074439454521
6739,60373024013,94636,0.6333541496979753,0,0.5600961504801915
6740,60371834022,77237,0.46817248139512335,0.050527484,0.348443841
6741,60373025062,111250,0.49384885330537037,0.023159635871301605,0.5928016895356267
6742,60373025051,39762,0.22420480819080832,0.043990086,0.5647258306120643
6743,60371881002,96463,0.4965421784710626,0.061712845570367186,0.5138248788729853
6744,60373024015,19439,0.26451612476586894,0.2173228312232625,0.4999999935567011
6745,60371816001,106167,0.5255220356667978,0.030674846500307374,0.49283351527808333
6746,60374800112,96563,0.49721603286628047,0.026965264959025296,0.18868552349855067
6747,60374308024,164931,0.7577903575383802,0.034802784,0.16366906327635736
6748,60374307241,112656,0.6276864688515394,0.051790633,0.1652391143281973
6749,60374308023,116910,0.7058823435042467,0.057888762,0.16335078362983474
6750,60374317011,0,0.8649006507960179,0.017921146739293348,0.10254083391523744
6751,60374800111,61953,0.39155581034380676,0.065306122,0.19659650606092025
6752,60374639002,133885,0.706097552,0.031707317,0.5445859814799789
6753,60374307242,93650,0.5693684705650499,0.022212149,0.20653061140191586
6754,60374642002,99526,0.7579999848400003,0.095667868,0.191608389
6755,60374641013,250001,0.7955800958456705,0.016975308380010674,0.30112359212220685
6756,60371832222,88603,0.46861924294042473,0.019720624324399142,0.37315633943100046
6757,60371861004,147292,0.5607476548170147,0.18489984306779902,0.3748609524487102
6758,60373021025,144821,0.8159509102337312,0,0.6270491739031847
6759,60371861001,115469,0.5350500638762509,0.029947916,0.4574368525964747
6760,60373025061,41369,0.25454544940312224,0.016363636066115708,0.6542810879760729
6761,60371861002,92188,0.346681918,0.008368201,0.39173227960893425
6762,60371813003,159519,0.4739764019848966,0.069974554,0.4117259524919239
6763,60371832221,88510,0.5035971150561567,0.042780748,0.3630880535212539
6764,60371816002,115481,0.38338657840745544,0.017955800980968224,0.40235910614443576
6765,60373025063,0,0.4057970972484773,0.034381139151462285,0.6346433723825082
6766,60374640003,124625,0.7360197307893115,0.1042145585883942,0.49846860261509496
6767,60374640005,132813,0.6916461831493098,0.038787878317722686,0.4400574268481161
6768,60374307212,61944,0.5910652870183395,0.052590266,0.18638743357912338
6769,60374307231,73625,0.529668954,0.040181098,0.17632850156363042
6770,60374639003,124821,0.7559055043710088,0.022827041063853897,0.7300850678261016
6771,60374640002,0,0.9530302885904502,0,0.6123778435138127
6772,60374307232,73250,0.44638140281890437,0.065811966,0.17722502846006594
6773,60374642005,199659,0.8770642040905651,0.069892472,0.2721354131232368
6774,60374639001,126645,0.6478059971384988,0.041573033240752434,0.5562130130497632
6775,60374631032,95550,0.8644793029318216,0.011538461390532547,0.25037146916514513
6776,60371815003,157056,0.5381565853502817,0.026845637,0.4160272769307138
6777,60373025052,63000,0.3247863155331534,0.015584415,0.520300744
6778,60371881003,0,0.3580387644465363,0.00877193,0.3019480494971749
6779,60374638003,169236,0.7357237618097774,0.024479803861936305,0.6270373861261995
6780,60373021024,0,0.5918727810623183,0,0.6681175117723883
6781,60374638002,250001,0.7961711622052797,0.021978021736505256,0.6372846946577032
6782,60373025041,53200,0.35410764621736796,0.046984127,0.5985048346591696
6783,60373024012,50038,0.1369565202504726,0,0.5140889134997564
6784,60373024011,109194,0.4611161897427613,0.076862744,0.5330935213446509
6785,60373025043,54900,0.15212527623880814,0,0.5039817917635746
6786,60374640004,180125,0.9232480431229362,0.10286320145426085,0.5935596118924316
6787,60374642001,117188,0.8880994513659067,0.042553191,0.22516556
6788,60374308014,64947,0.43515624660034186,0.036860068007781105,0.13370216628076456
6789,60374307012,90369,0.5490196042547738,0.029603315396072732,0.25963391011737036
6790,60374308012,115558,0.5749063643496892,0.088488645,0.11849056559060163
6791,60374638001,250001,0.7799042937814308,0,0.6232439256290686
6792,60374635002,167532,0.6958424431527085,0.022803487439279093,0.5535976464493565
6793,60374631035,91786,0.6517445645046441,0.015105740089995528,0.31678082010969855
6794,60374307013,162067,0.7731092328696186,0.029177718445918856,0.20758693142690274
6795,60374632002,92708,0.6102564050405436,0.075135553,0.43794671580281536
6796,60374008012,102059,0.2749576964893596,0.050437121,0.5121059821283418
6797,60374044012,102120,0.11774743926836656,0.025818639635902772,0.23926811935771908
6798,60374043013,68500,0.097738287,0.040356082846551435,0.20944992800105833
6799,60374011021,125341,0.3093661276313517,0.030604437409300404,0.5202312108657156
6800,60374011022,82656,0.25354330309380624,0,0.4578989538259908
6801,60374309022,91140,0.42875480836001534,0.008547008,0.3357879209441243
6802,60374309023,112804,0.39860138930999095,0.035955055,0.2350230378644695
6803,60374311002,120104,0.36127508641514117,0.028423772462926242,0.24727452801152364
6804,60374311004,135071,0.5069930010839977,0.008530806,0.3123898983418092
6805,60374300041,84615,0.3363914321652686,0,0.41465766234659923
6806,60374638004,166250,0.7167138708680755,0,0.6122806963835027
6807,60371815002,94911,0.43601462124301077,0,0.4232424646826222
6808,60373025042,0,0.013824885,0.019464719957850124,0.640826865
6809,60373024014,48396,0.1925465825221078,0.073886068,0.5146641389341141
6810,60371815001,121769,0.5381355875197501,0.034957627,0.4346224637695906
6811,60371814001,99085,0.5916515372808391,0.030716723287399973,0.4022081987207555
6812,60373021022,84302,0.342140022,0.024390243654570695,0.5850877141658972
6813,60371814002,126202,0.4923258501496358,0.14844533451910397,0.40019569080043355
6814,60373025032,37292,0.23418972100603044,0.04103479,0.5904696091818398
6815,60371813001,113646,0.4690355282331419,0.038139534528934566,0.3983812913814632
6816,60371941023,134023,0.6497797213704908,0.036170211996378474,0.8154613364655694
6817,60371439012,214125,0.7694736761108034,0,0.8014766136056062
6818,60371897041,250001,0.8600917233923917,0.016597510029097304,0.681308405
6819,60371437003,167557,0.7294685919858107,0.006616257,0.6904024714365133
6820,60371438022,153542,0.5792988265500932,0.015444015324756638,0.7816750123001073
6821,60371437002,195500,0.6428571353295418,0.056179775,0.801924613
6822,60371897032,90054,0.628712864,0.034267912416740265,0.6691842849759495
6823,60379800091,0,0,0,0.4615383727810821
6824,60371897042,116198,0.5598360609849503,0.063407181,0.6585081546706985
6825,60379800391,0,0,0,0
6826,60371814003,101696,0.5552075132716718,0.019512194985977737,0.3497830783634323
6827,60373021023,61768,0.46073902470278266,0.079999999,0.630498529
6828,60371881001,79120,0.6266751714953722,0.088127294,0.48071065745832153
6829,60373021021,89938,0.7860139805173848,0.057471264,0.5740943986054095
6830,60373025033,56731,0.4690170890062277,0.21306817980049073,0.631243351
6831,60373025031,58750,0.45740280845820674,0.034272658,0.7219482076328717
6832,60373023023,33750,0.4138817427521627,0,0.630252096
6833,60373023021,70375,0.2518337387788611,0.082066869,0.4712643646297203
6834,60373022022,50843,0.32317460112270097,0.019895287853951373,0.7260536363694748
6835,60371813002,146458,0.6908212449143117,0.035384614840236694,0.40488300707138347
6836,60374301012,90525,0.35930735619647314,0.004470939,0.18714768778383492
6837,60374008013,107344,0.4536628380082715,0.006568144,0.4182389910802579
6838,60374309021,96488,0.42371475777896034,0.047807333,0.31364497689941573
6839,60374006022,98234,0.2529411734948097,0.046286329,0.270077006
6840,60374311001,111250,0.2395171522267017,0.012398921766043548,0.15993707309943853
6841,60374008014,111027,0.6232227414310102,0.029162746805443333,0.5861924661665586
6842,60374300051,59659,0.2704347802570889,0.050702028,0.1666666654896422
6843,60374301013,82679,0.1066282410506413,0.005309734,0.2521655413651055
6844,60374010023,81683,0.45579398750391426,0.016475644581120025,0.55870445
6845,60374006053,96757,0.5926294791203711,0.036250816,0.33633093404197506
6846,60374308013,67986,0.46057571388516005,0,0.1773648633668508
6847,60374636023,116417,0.7743467872181569,0,0.5402153227345452
6848,60374636012,102583,0.8485824687591336,0.042672656,0.49476278191766615
6849,60374636024,127266,0.7798245545629425,0.10933557519482275,0.5107526826800787
6850,60374636013,80739,0.5158001986156963,0.01772388,0.5060326436761345
6851,60374307211,74233,0.509833578,0.16690041841654393,0.31124259986695146
6852,60374634003,0,0.9284403499368744,0,0.49456521201559556
6853,60374633002,250001,0.8156748793080569,0.006906077,0.6146907137282125
6854,60374633001,95972,0.625581388,0.038657171529428574,0.46188678896689217
6855,60374634002,131250,0.44506647694145224,0,0.4849094534881995
6856,60374006023,73750,0.23873239268498314,0.06954282,0.2927414499535606
6857,60374300043,85278,0.3047775922176475,0.033657442,0.2901785695779428
6858,60374311003,64888,0.5263748538005067,0.12190287292464944,0.2943121673656603
6859,60374309011,99688,0.4313077910745853,0.043936730849814115,0.3058419226469535
6860,60374309012,68750,0.12723214001713973,0.059999999,0.3416506685062316
6861,60374300052,140625,0.5172233793464333,0.12661370344283165,0.35634559588116743
6862,60374010022,69306,0.3618090415898589,0.056672759993850456,0.6606666622622223
6863,60374301011,51645,0.2737068950770103,0.016463090725103078,0.3685168318083856
6864,60374300042,94792,0.3342139982270278,0.040243902,0.36246549804539563
6865,60374309013,76500,0.3409316120819464,0.021035599,0.31418312199770726
6866,60374637001,201389,0.9005649615755372,0.020325203045475578,0.7451923005269971
6867,60374637002,168250,0.7234593437417952,0.011167985057384899,0.469707519
6868,60374308011,114238,0.5491803166151574,0,0.2451612871592092
6869,60374635003,78125,0.7608024632654131,0.089729729,0.4672855859094359
6870,60374635001,118879,0.7477477435374564,0.015596330203686557,0.4228541315278877
6871,60374631033,178906,0.344733237,0.022929936,0.3620531589179362
6872,60374632001,106875,0.5988315423677552,0.05924596,0.4330775751655791
6873,60374636022,103672,0.6664902029301736,0.017621145288198015,0.4352278523541841
6874,60374636011,113295,0.7565157698455709,0,0.5007288593241337
6875,60374636021,72500,0.6757425658942752,0.028291621019677683,0.42180094453553757
6876,60373022023,46875,0.3221674845106652,0.080982711,0.4498546478934982
6877,60373023024,73295,0.3847601092684844,0.048634812,0.43045774268963255
6878,60373023022,49135,0.29839703701113396,0.026522593,0.41377170959198695
6879,60373021032,45486,0.30529368886661573,0.021681997229421834,0.6259240974572494
6880,60373021042,78158,0.3577863531816428,0.047149122290031556,0.4901153172148656
6881,60371810004,161563,0.6648745400560119,0.010118044,0.42403100446487596
6882,60373022021,58056,0.1923076904585799,0.054471544,0.725663712
6883,60371810003,113750,0.4675516155228375,0.035765379,0.4821428514030613
6884,60373021033,79224,0.48256227414546427,0.070982396,0.6036995481855406
6885,60371810005,198478,0.6029034961323356,0.044045677,0.5076835486187619
6886,60373022012,49904,0.29455080567671865,0.063051702,0.7418843963429581
6887,60371810001,79886,0.501633979,0.10526315621589863,0.45291901645085675
6888,60373023011,59000,0.3661162931362793,0.089999999,0.5301524153071411
6889,60371810002,137273,0.5991341939468902,0.0322841,0.41842772258302857
6890,60373022013,31806,0.46964489994476005,0.028138527986263377,0.63882743
6891,60373021041,102500,0.31034482223543414,0.017955800856964077,0.4078947314750693
6892,60373023012,87976,0.48305084453359054,0.015712682,0.5551198232892381
6893,60373021031,0,0.31561085615824824,0.035369775,0.6140696869554919
6894,60373022011,36917,0.3666121052927642,0.065753424,0.7875264187365072
6895,60373017023,90160,0.5038880209651009,0.021150033,0.565995522
6896,60374636014,59595,0.6243093873377318,0.021783526,0.43623426143276267
6897,60374634004,89450,0.6941913400102999,0.047223663,0.41354401619167486
6898,60374307011,0,0.3802008553773192,0,0.32298136311613496
6899,60374634001,122355,0.7002012001991831,0.019120459,0.4380804919653213
6900,60374307014,118393,0.59953703,0.006362672,0.3216318755063389
6901,60374632003,60729,0.41704034939371415,0.071748877,0.33159268496615296
6902,60374631031,111250,0.24657533871270415,0.020884520627954293,0.2627189302525527
6903,60374631034,80625,0.3548387033183028,0,0.3206997037798877
6904,60374307213,108459,0.5271317747731508,0.051546391,0.3418693938300974
6905,60374304004,136086,0.5945558654075092,0.024516129,0.1996792285510888
6906,60374310021,43934,0.29789029284480767,0.038273615,0.4706906531010409
6907,60374008011,173125,0.5485961063866511,0.024809160068614885,0.6344827513277845
6908,60374006032,97813,0.3681592009273698,0.029624277242599154,0.3862815856586167
6909,60374006021,76513,0.21802934781939887,0.044817927,0.30405405177136596
6910,60374300031,131250,0.41747572308888686,0.024363233,0.4684343375197685
6911,60374010021,0,0.24860022118028868,0.028806584065775884,0.681049064
6912,60374310022,113750,0.3848711522454601,0.023862788785512387,0.5252790510487259
6913,60374310042,90125,0.5168431134086322,0.043771043,0.40316901171849173
6914,60374310041,86746,0.366512343,0.087366436,0.3760233896138983
6915,60374006031,91549,0.3142857129042386,0.048968028939829905,0.3585790872701773
6916,60373018021,67250,0.4172818045276517,0.048305415,0.5703883475367949
6917,60373020021,0,0.3756906025457099,0.29178081792081073,0.6379629570558986
6918,60373020041,83958,0.29734313003197776,0.12182477904704625,0.6461883379094693
6919,60373020042,40327,0.3855013524017524,0.070006035,0.6601542382511351
6920,60373020031,68168,0.37390286498593994,0.015376458,0.7243047129209805
6921,60373020032,0,0.24667257988755475,0,0.7576354605159068
6922,60373020023,53375,0.16120218138791856,0.07328605,0.6499999914473685
6923,60373021043,68365,0.38813151252500794,0.056674123365591925,0.4976127294556354
6924,60373020022,54883,0.5335838396731618,0.058876003,0.7071362339799062
6925,60373017022,53721,0.2595704924409851,0.073355817,0.7093446558898989
6926,60374623021,74833,0.5716894924959863,0.012903225702393342,0.3902438993686554
6927,60374623023,59844,0.2618510128459254,0.023148147933813444,0.3570093424578566
6928,60374619022,76194,0.6058451768890587,0.039381153,0.37189054495092944
6929,60374622022,90625,0.7151898658735246,0.055038103,0.37998691707006593
6930,60374619021,32917,0.349609368,0,0.507490627
6931,60374622021,98787,0.6803680939854718,0.028648648,0.5085211626799276
6932,60374623022,54306,0.5076071852336489,0,0.37615621401689403
6933,60374627004,0,0.2682080893848776,0.12864864725785247,0.310176122
6934,60374627005,62793,0.5962301528151771,0.091616248,0.3646209359955167
6935,60374627002,60656,0.30669330362943753,0.10829694228561623,0.33654688574454966
6936,60374300033,154188,0.44776118448270397,0,0.45809247892929944
6937,60374310032,83313,0.4193408481381576,0.011024908080747619,0.4138056960781384
6938,60374310031,0,0.5496183146170304,0.032544378,0.39432753527605185
6939,60374006052,111908,0.4099283500003667,0.047421731,0.24999999925947866
6940,60374006033,250001,0.5209790027629719,0.099999997,0.32139737710569977
6941,60374006051,0,0.620865132,0,0.4288557171258138
6942,60374303021,177770,0.5176991035907278,0.022044087734587423,0.5837723858401224
6943,60374303024,118897,0.5007541402601186,0.049853372,0.5967871438009065
6944,60374302001,121875,0.5980066378958291,0.033402922,0.5245253123059707
6945,60374303025,105912,0.48697393813679485,0.025641025171409797,0.5787476225925273
6946,60373017024,55179,0.47406513300283315,0.097461928,0.6974951763247093
6947,60373018022,103819,0.5220286858502629,0.068609865,0.6181102337869675
6948,60373010003,81875,0.5349716344995911,0.016260162337233132,0.4999999955035972
6949,60373018011,61349,0.5139826372807846,0.042163152684114094,0.6084010798888816
6950,60373019012,81458,0.5288822165875303,0.035158890904943264,0.7253613634456356
6951,60373009022,157750,0.7159090807399279,0.073199527,0.6699107812659304
6952,60373019021,85872,0.34223069263841094,0.019644527412118546,0.6707818895535911
6953,60373017021,71595,0.44201806896070733,0.11327310553667057,0.6910669932315944
6954,60373018012,75901,0.5433070842375017,0.017676767602370504,0.5649275345944129
6955,60373010001,137857,0.6134347197283305,0.023284313440143218,0.6690017454553262
6956,60374628002,102522,0.5374832628013169,0.039867109,0.31932203173340995
6957,60374629003,120750,0.4843749941781852,0,0.4917395481852328
6958,60374617002,141250,0.6562499897460939,0.067796609,0.6601466911962507
6959,60374304003,168454,0.605590056,0,0.27095989950230986
6960,60374306002,204875,0.7429034814038648,0.005266623,0.2945434282041012
6961,60374622012,14857,0.4852240182533459,0,0.24646464397510462
6962,60374623012,82457,0.45064376715356724,0.024604569,0.24256505350775973
6963,60374306001,217694,0.7639593714731124,0,0.23614775414053096
6964,60374619012,79792,0.568773213,0.1412639352689987,0.1847133728548826
6965,60374619013,45602,0.38807648607338036,0.070175438,0.25087719151533805
6966,60371375041,203750,0.6714697357963275,0.021621621475529585,0.8041666624782986
6967,60371435001,152057,0.61702127,0.025303643468586604,0.7684563693921446
6968,60371412023,138295,0.8751879567640909,0.036231883532871254,0.7311475329929231
6969,60378002041,208264,0.7711598697732923,0.04409171,0.7977585287938944
6970,60371411013,95099,0.5905511744594919,0.055187637,0.6652806606702657
6971,60371398011,215199,0.749452946,0.045502645,0.8307233345956501
6972,60371397052,250001,0.7291666597616794,0.025304592077745155,0.8538174967056099
6973,60371413041,103606,0.6791255241246437,0.028776978,0.796455113
6974,60371412022,99625,0.7034220478827221,0.013221990165469797,0.7590361384816374
6975,60371435003,98618,0.5810904031670779,0.075031525,0.7205882308787486
6976,60373116021,44172,0.6339181212407238,0.12376237501225372,0.7169663743786836
6977,60371431011,94194,0.6416666577546297,0.054166666,0.7152173835302459
6978,60371432001,87524,0.540616243,0.040775733,0.6181630515058666
6979,60371431012,106447,0.6463527179468816,0.021917808019015453,0.7446808449698785
6980,60371431021,104455,0.6128851506280945,0.071794871,0.6665213571642487
6981,60371432002,76757,0.35768261514253635,0.2056497151903987,0.5747316220088223
6982,60371432003,91563,0.5712694813889813,0.056508576624535053,0.6669381053180936
6983,60371433023,89387,0.569644567,0.040229885,0.7221770859286996
6984,60371433022,99750,0.5349650302887672,0.13439064996335018,0.7237380578189764
6985,60373116012,0,0.32903864886978546,0.012886597827434726,0.6984282839054197
6986,60371413061,105714,0.805620599,0.3095477355824348,0.725961533
6987,60371398021,222479,0.7732997416179703,0.032967032725516245,0.8211805508033533
6988,60371380002,115563,0.5151116883690974,0,0.7960927863724935
6989,60371397014,0,0.7181145959508818,0.13401108933446312,0.7975746194256099
6990,60371413062,96633,0.7730282915531108,0.030144927361478682,0.6958285011829172
6991,60371380003,153491,0.6202935506043806,0.054070113,0.785714281
6992,60371412012,70056,0.6203630574556981,0.06557377,0.6456591598349893
6993,60371434012,113889,0.586854451,0.080272108,0.7600827222328571
6994,60371412011,86250,0.7328348012723671,0.061132561,0.6740064410633382
6995,60371411012,80646,0.7185929603103457,0.091710758,0.7008281537224216
6996,60378003241,82679,0.5914351783398707,0,0.7325692384663874
6997,60378003244,126875,0.4989959789257432,0.035274815,0.7304256398821564
6998,60378003242,188421,0.6131829955491501,0.039001559758178164,0.7577452635208896
6999,61110059071,98454,0.45865490122761965,0.009307135,0.8450704155337994
7000,60378003243,227179,0.7764165331055396,0.007241606,0.7588985845607885
7001,60371414002,173125,0.7106503231795446,0.036977491664168076,0.7440476127206835
7002,60371411011,116830,0.7213420249641936,0.05732484,0.7035340268093323
7003,60371411021,75398,0.49444443895061735,0.15789473511080335,0.6720720660173688
7004,60371374012,134618,0.6662883011772043,0,0.7427278555738341
7005,60371434011,133861,0.5472249243075709,0.10081861223257814,0.73318681
7006,60371434013,135295,0.6210116683189754,0.10764662132407854,0.6892086281351898
7007,60371374021,139688,0.47683923380899707,0.053079947,0.7821911794753768
7008,60371434021,184934,0.6884838385378307,0.056457849524687936,0.7567776858499018
7009,60371413042,107742,0.6343963481276043,0.036132812,0.672985777
7010,60371434022,0,0.48739493750441437,0.1224489745939194,0.6159999876800003
7011,60373116023,0,0.42031871672671883,0.1365313627946243,0.6778074775694187
7012,60371433021,128826,0.654822318,0.088050313,0.6776119301848966
7013,60371256003,98500,0.5354141592387256,0.029082773723906333,0.7499999910714287
7014,60371254022,90000,0.5924369623437613,0.10841121292689322,0.6362515334617567
7015,60373116024,114479,0.796129022,0.099022004,0.5592246908885521
7016,60371255023,101429,0.5518072222673829,0.082075471,0.6334310788520912
7017,60371433011,102639,0.6078028622627749,0.023076922633136106,0.626927023
7018,60371433012,85000,0.6147074023060207,0.08390918,0.5983208104360547
7019,60371254021,63333,0.4655904803263341,0.019198664280478596,0.6018217267285509
7020,60371255021,79321,0.49400479023975075,0.059164732492288485,0.6741963451416477
7021,60371412013,91161,0.47452228543754327,0.13216560299099359,0.6743119188725698
7022,60371413032,105066,0.6780366000163345,0.11665325730769704,0.6956521691121313
7023,60371413031,78382,0.635610762,0.059907833706992535,0.6360505129962657
7024,60371413052,93750,0.6469968319599912,0.044534413,0.6954545409386069
7025,60371374022,185882,0.7406976658058411,0.13255567197714027,0.7767669644732893
7026,60371413051,96313,0.6093990708058623,0.10188415839578396,0.6583679069269163
7027,60371398012,184531,0.6339491880256976,0.067180616,0.8446379429668288
7028,60371397013,144276,0.5447618995736963,0.019480519299809654,0.827429602
7029,60371287031,72000,0.42738818096417347,0.070618556,0.6731464707362275
7030,60371246003,74750,0.4901960738543784,0.014061207,0.7166806310420735
7031,60378003281,250001,0.623011008,0.037815126,0.7002323725775959
7032,60378002052,124932,0.663185373,0.00462963,0.6944266451349991
7033,60378003341,183351,0.46247463564960173,0.028680687788132167,0.8105381075051782
7034,60373116022,84083,0.5098335816200184,0.047499999703125004,0.6003271504889468
7035,60373116011,100526,0.5709046384974983,0.074884792,0.677675029
7036,60371255022,51458,0.4569816610932182,0.17602739605460688,0.6316165906179071
7037,60371256002,128056,0.4456967167449107,0.021621621,0.7302423526844852
7038,60373117006,121502,0.542830535,0,0.6427145644439665
7039,60373117004,78527,0.6560121665751573,0.076282939,0.6104146517799938
7040,60371254023,91716,0.5914709481367679,0.1442362285960464,0.5630787004451464
7041,60373117005,227308,0.46341462708209413,0.1554878025078079,0.7412935231182398
7042,60371252003,72054,0.5827107728632789,0.05078125,0.6666666606115653
7043,60373016022,56563,0.3048327080886114,0.15370705,0.46471370885867236
7044,60378003385,192372,0.7318116871353539,0.00669344,0.7337367513806846
7045,60378003342,119331,0.5054121523279588,0.10395314711600917,0.6498277804257877
7046,60378003384,194041,0.8247863189117783,0.037086092469628525,0.7934083537507367
7047,60374630002,123493,0.626116834,0.014964216,0.4338709654092959
7048,60374622011,86346,0.5724815654486294,0.089055793,0.45574533807651135
7049,60374619011,58977,0.2870045143652558,0.014925373,0.25099075186705966
7050,60374623013,92933,0.5398832632307076,0.005272408,0.3879922505617027
7051,60374627003,172500,0.7986030174784282,0.13847779980467442,0.4375987327203892
7052,60374627001,172833,0.5127388453385534,0,0.40416209853053564
7053,60374628001,103194,0.570634031,0.010449320684960076,0.4883879748060931
7054,60374629001,97941,0.4373970309934347,0.025824963946736272,0.4542905190449214
7055,60374622013,59488,0.37616579921071713,0.065699658,0.32100488261685356
7056,60374630001,146094,0.5783972024669477,0,0.5342789534955207
7057,60373019022,95127,0.4009216563467962,0.14426633696506574,0.6505016668018255
7058,60373009021,187083,0.6552132623789898,0.044247787,0.6931963967497253
7059,60373019011,99855,0.5084007435693794,0.040254237,0.6744366718164853
7060,60373017011,96579,0.3092885344931963,0.04573991,0.6488492899120321
7061,60374608001,250001,0.7496263023196839,0.026443980330939594,0.6354226530452981
7062,60373018013,72321,0.3961722450127058,0.055643879,0.5894476455940013
7063,60373010002,142283,0.5110132130450814,0.013917525701456053,0.6235045698557032
7064,60373011006,64769,0.33414633874677774,0.029107373679771193,0.7268698020672033
7065,60373017012,58438,0.36656282070028223,0.058035714,0.5900332186708757
7066,60373010004,119323,0.27089946803280984,0.051477597,0.6399999953454546
7067,60374623011,72235,0.4943037943398494,0.030915577,0.34287317428241765
7068,60374306003,146667,0.7587657730801839,0.054747054,0.3067517261735687
7069,60374616003,70950,0.2632436816361558,0.028771929622653125,0.19425359029198258
7070,60374629002,155221,0.5720164530587593,0.04,0.5306334316652811
7071,60374626002,117083,0.6385093088383937,0.086046511,0.5263157847786282
7072,60374305025,137773,0.7444444341049384,0,0.6553106146762464
7073,60374305022,71952,0.6701106961615447,0.033210332,0.6290608350321274
7074,60374620022,40061,0.14242652492519575,0.016720257,0.16530995513268656
7075,60374621002,88564,0.30492284860453456,0.006470588,0.22579298737148168
7076,60374620012,80975,0.15484804518923267,0.016783217,0.16138497557872666
7077,60373012041,71207,0.5009008978924872,0.035633484,0.5951416969627432
7078,60373016012,0,0.4002280456074339,0.059144676440903765,0.6340033447738413
7079,60373012064,76898,0.2519788884963207,0,0.8071324540965615
7080,60373011002,0,0.515337413,0.13240857336180867,0.7346437256186275
7081,60373009014,169911,0.684060715,0.033421284,0.48144578081230943
7082,60373011003,119464,0.5160098458619478,0,0.7757805035403926
7083,60373012043,41202,0.29013539371242364,0.019516003,0.7130777862847927
7084,60373011005,79287,0.2445414831906333,0.007207207,0.768702809
7085,60373012042,90027,0.6007393659820761,0.043082021184076044,0.680642902
7086,60373012062,66563,0.43707482249872753,0.030534350678864876,0.6883767466094515
7087,60374625002,69539,0.7353787081938763,0.018181818024399846,0.5990098960477731
7088,60374616002,91046,0.5928659213669628,0.028260869,0.2999318316296399
7089,60374305026,109120,0.6760975543795361,0.008310249,0.6396337433640698
7090,60374305021,212639,0.8409785675541723,0,0.6940836840680565
7091,60374626001,202566,0.679205845,0.095378563,0.633105797
7092,60374620021,29375,0.15689381684795853,0.007398274,0.16375727212171845
7093,60374624004,0,0.5638554080998697,0,0.40156708715409317
7094,60374624003,163220,0.4823677521112374,0.006024096,0.49455863972722325
7095,60374624002,149167,0.6283482072728995,0,0.5813424279710759
7096,60374624001,120815,0.575971725,0.019895287749787563,0.594821016
7097,60371254031,87620,0.55577492,0.10873015786722097,0.543842359
7098,60371254032,78017,0.6934497756030588,0.077419354,0.5248713505585647
7099,60371252002,137120,0.6433566358583143,0.081838564,0.6210350532467859
7100,60373016021,55169,0.27590591051553776,0.070324189,0.4762563371311372
7101,60373118012,100893,0.6239316180063474,0.060944205,0.5866283207287684
7102,60373117003,98958,0.5943925122543456,0.01682243,0.5653798186129537
7103,60373117002,141385,0.5356234028546641,0.028220859,0.6871378831154359
7104,60373115003,130864,0.5733972404230243,0.026457883226469314,0.6172962195959433
7105,60373117001,88913,0.4794144512404899,0.016057091739008995,0.6699650717697028
7106,60373016013,50709,0.23048869270248948,0.10848126161419289,0.7320044256256676
7107,60373009012,135268,0.5528700822829293,0.042525773,0.6663785594954317
7108,60373011001,215427,0.7234352150882792,0,0.6698113117276103
7109,60373012061,81250,0.45478961300452275,0.12213438686903404,0.7597820665686872
7110,60373012063,0,0.5510791287614514,0.027359781,0.6538461464497043
7111,60374608002,250001,0.7411630474211739,0.026567481120430593,0.6601351306747626
7112,60373011004,0,0.7204502679090007,0.018416205922353483,0.7514367708126901
7113,60373012031,84044,0.5354729684503973,0.026442307,0.6837923692595743
7114,60373012032,77031,0.45886250436851184,0.024295432340644154,0.7603795936718877
7115,60373012051,132109,0.5381679286609174,0.063191152,0.7397094341439536
7116,60373015021,75457,0.5333778335555552,0.056042031196485514,0.708233886
7117,60374304002,250001,0.7011278063697781,0.011049723604285586,0.2784090869544164
7118,60374616004,109688,0.37302551187089295,0.10703666890944828,0.1175278610179548
7119,60374305024,116573,0.3760683680327272,0,0.7084468568331491
7120,60374305023,81467,0.6376335198222389,0.009764036,0.6809815904500233
7121,60374616001,27925,0.23159508847246799,0.1524310098235084,0.14347825982986767
7122,60374620011,88169,0.5227001163518512,0.054127938468409305,0.2771285460371255
7123,60374621003,0,0.40682926432361693,0.048321047925298545,0.35200553006911806
7124,60374304001,236131,0.6691810272717562,0.006849315,0.3063619499298212
7125,60374621001,85515,0.445264447,0.073601569,0.40386473039744225
7126,60374617001,143958,0.5630251982557731,0.017928286495452462,0.36350147828632823
7127,60374625003,118033,0.6943099231579303,0,0.631623929
7128,60374625001,179693,0.6950407054401132,0,0.5224429689297795
7129,60374625004,99583,0.6514522753998727,0.016113743923092474,0.6099518410116225
7130,60374620023,46375,0.13144329558135837,0.043577981,0.1588411572543341
7131,60374305012,137135,0.5029486057038871,0.044303797,0.6612612553039526
7132,60374600021,180625,0.700650752,0,0.5912581181851263
7133,60374600022,193869,0.6329866223403668,0.04494382,0.5987421345991061
7134,60374615012,82115,0.5247524687530635,0,0.3039999972977778
7135,60374615023,0,0.23553299253265997,0.032321253,0.26685934232312775
7136,60374615024,65952,0.21626152375304675,0.04664723,0.26190476021940307
7137,60374609002,72955,0.24741379097057078,0.047619047,0.1659919019939681
7138,60374609005,132188,0.5367646960153549,0,0.2447129872399851
7139,60374613001,0,0.5701125837245385,0,0.5892976549210859
7140,60374305013,157585,0.7281831083235607,0.015471167,0.740157471
7141,60374614002,0,0.6837606691504131,0.008880995,0.5562742489485867
7142,60374614001,69028,0.2905882318754326,0.033160621,0.6395437213722911
7143,60374614003,132758,0.6443148594123198,0.10497237424071307,0.5170387718326819
7144,60374305011,184949,0.7607788489460522,0.026190476,0.6910891020684248
7145,60374305014,178966,0.6873661596641739,0.013586956398668873,0.6273584856339742
7146,60374613002,141150,0.7463524046425095,0.04113924,0.6437625040442795
7147,60371397012,165288,0.6621717483167371,0.053273427129182115,0.7939393891276401
7148,60371247004,102377,0.7426739858729489,0.1560035043295048,0.7340791675208334
7149,60371414001,99345,0.6268436531943683,0.019664967081828355,0.6760647829870139
7150,60378002062,232288,0.7375690539818688,0.014683152900439313,0.7386848784057654
7151,60371287042,147826,0.6203143818583509,0.12345678885332521,0.6838440063799164
7152,60371397011,0,0.6727272552538376,0,0.7502799468053758
7153,60371414003,111250,0.5860389562821513,0.052287581,0.7776584276173016
7154,60371247003,94667,0.5137278797210013,0.074703761,0.6605911297507826
7155,60371374013,203295,0.6503541490640429,0.032946919,0.7393117792528061
7156,60371289101,125917,0.6953010227951467,0.062064597,0.635348222
7157,60378003382,0,0.7218274038393158,0.020308691955250268,0.7984445832894065
7158,60378003381,160865,0.48833818530119266,0,0.8012519499119566
7159,60378003383,217847,0.7376185380651366,0.006666667,0.8111888048858679
7160,60378002051,108250,0.6696832535896364,0.073286052,0.7281596420037266
7161,60371287041,121333,0.5799999938947369,0.040234702,0.6528497352949073
7162,60371240002,103150,0.7370600337778465,0.070347283,0.6944673765939936
7163,60371240003,89950,0.5378564352226506,0.023152270497308367,0.7364975389811985
7164,60371240004,122115,0.6723404159951715,0.021276595442885172,0.7359073302246538
7165,60371374023,114624,0.437398372,0.068965517,0.6114256273215356
7166,60371396003,122794,0.5859154847054158,0.018229166,0.77643171
7167,60371289103,93913,0.5555555501878691,0.080935251,0.612307689
7168,60371395022,165750,0.6962864629139727,0.024676850473832546,0.7886597870390053
7169,60371289102,93281,0.5052143626278753,0.093306287,0.6774454270214598
7170,60371287032,116495,0.5671277415205228,0.29411764472084545,0.6334841571630393
7171,60373016023,98750,0.5811623130027593,0.089866155,0.5223577182687223
7172,60371251022,167604,0.6469344472106883,0.079245282,0.7284595205161942
7173,60371251021,157763,0.6955752150834051,0.05951383,0.6677674988918924
7174,60371254041,77574,0.7233644832771421,0.11925640084441809,0.5285668671287365
7175,60373115002,110855,0.5344827553295397,0.084811769,0.5927218315417655
7176,60371256001,159063,0.5720930099513254,0,0.7382715958238075
7177,60373114001,144000,0.5652173846625455,0.078688524,0.63105924
7178,60371255012,60625,0.4516423316455992,0.090513489,0.59364435
7179,60373114002,125900,0.4035874394216655,0.019607842934903582,0.7231343229616841
7180,60371255011,63393,0.5554705389788023,0.080321285,0.599435025
7181,60371375013,115357,0.6013878134048742,0.078666666,0.7158403826128151
7182,60371375023,205250,0.5460636470178925,0.056475903,0.7234972638060259
7183,60378002061,250001,0.729749099,0.026103169508370605,0.8086353901458668
7184,60371246002,77500,0.4439252267301367,0.084947838,0.5880370632852817
7185,60371247002,0,0.6121672926214539,0.066272189,0.7459749486048752
7186,60371396002,72174,0.670337229,0.024207492655864596,0.724840019
7187,60371375022,104622,0.5702781803054306,0.018348624,0.7376057996517182
7188,60371396001,125354,0.7335766378736215,0.084429824,0.7283033591544044
7189,60371375021,0,0.27982162452818704,0.010695187051388375,0.7074190103717972
7190,60371395021,104635,0.6187919421557588,0.036405005481200195,0.8132036805874939
7191,60378003343,224896,0.8252656337040657,0.025089606,0.7802690512980355
7192,60371375012,115594,0.6474895363625024,0.051395007090577545,0.633775156
7193,60371370002,108661,0.5288270351449949,0.037440139,0.7637404551002273
7194,60371395041,56149,0.501527492,0.046948356587096916,0.7346447180463881
7195,60371374011,114688,0.42724097290755564,0.076074972,0.584070792
7196,60371397015,173429,0.7698744608812874,0.11888111680277769,0.6551246446658636
7197,60371240001,41550,0.4805194753190533,0,0.7863894065558658
7198,60371246001,104556,0.5739299499235418,0.055662187,0.7544483896269467
7199,60371247001,152589,0.6891334155552488,0.080562659,0.7357211932650417
7200,60371249031,72173,0.4643216057069266,0.035491607,0.6001694171953857
7201,60371249032,77171,0.5322245266920528,0.0456621,0.6209613820255211
7202,60371251012,86578,0.40642721861104464,0.096443965,0.6364413974641454
7203,60371251013,76250,0.7055503226194701,0.065274151,0.5846560795003873
7204,60371253222,65735,0.5016393360386995,0.074666666,0.5527426102031371
7205,60371253221,0,0.4759493630721573,0.075373134,0.5054945015267308
7206,60371253212,46653,0.269647693,0.05798687,0.35400516567180124
7207,60371253211,56452,0.5369181337325992,0.049632353,0.5156562257451284
7208,60371253101,0,0.5246753178613596,0,0.5235640609457728
7209,60373115001,135417,0.5988304023528608,0.046436285,0.6458223823130721
7210,60373112003,90273,0.20047449347005347,0.011463844696086026,0.635514012
7211,60373118011,47870,0.2565789449569648,0.019747235231064492,0.4340298481550457
7212,60371394023,143250,0.44889778659523477,0,0.8469945239481623
7213,60371372031,81849,0.43555554587654344,0.14642856881377556,0.5715800575654288
7214,60371395051,47014,0.43888241631103125,0.10144927423133474,0.6832814051580332
7215,60371285001,117964,0.6077347982357072,0,0.689342398
7216,60371395062,67745,0.638067768,0,0.6791314796192311
7217,60371375011,102599,0.6207827176682494,0.092327697,0.6745622999530144
7218,60371395052,41776,0.5468867175777441,0.11086474419168704,0.666042443
7219,60371394021,185781,0.6056737502741312,0.049935979,0.8264532365083973
7220,60371394022,178036,0.765100661,0.022248243299200898,0.8366164445351513
7221,60371370001,107000,0.5480378853312727,0.044905008377058096,0.709934392
7222,60371288011,66149,0.6610320225886831,0.10252707507200667,0.49505602837800905
7223,60371288012,121915,0.763999996,0.087169441,0.6363636335823267
7224,60371288022,91765,0.37488625682542076,0.069991954,0.603707992
7225,60371288021,115114,0.5700737558474841,0.009823183,0.5697469065936027
7226,60371288023,106076,0.46661237405038786,0.04616429,0.6089743540947568
7227,60371286023,116429,0.7750864962504441,0.058127017673552016,0.7144948703184856
7228,60371395061,63833,0.4949698139339053,0.025738799,0.7267808771255105
7229,60371394011,133182,0.740384601,0.040780141,0.7878192456992216
7230,60371395042,73281,0.4667274342139705,0.11150442379199625,0.6682653823479986
7231,60371244003,91500,0.3587204847012911,0.024310118105715386,0.7513846107607101
7232,60371253103,78542,0.7348608717698712,0.030674846155293773,0.46984126486940464
7233,60373108005,157344,0.4397590295217014,0.019675925698195304,0.6217995565340193
7234,60371251011,58688,0.3418530315031626,0.040404040033020755,0.5704057245202523
7235,60371252001,87292,0.4622770887360968,0.10428305335640563,0.4501457699699955
7236,60371253102,82535,0.2208737810467529,0.034836065,0.48626652608070675
7237,60373016011,58418,0.22157434187002584,0.024714828662406572,0.7137305653255792
7238,60373016014,28388,0.16071428380102043,0.020761245435279754,0.8203124941739169
7239,60371253104,0,0.27862068581212845,0.11581291630497867,0.327659571
7240,60371253105,53726,0.5383561570088198,0.14754098174601538,0.30489510063083775
7241,60373108003,64940,0.475994507,0.11910994608494835,0.5035211223281592
7242,60373108004,114485,0.37735848681868434,0,0.5758122691713694
7243,60373118021,91932,0.3940983580714862,0,0.412334351
7244,60373113003,125000,0.5042573273012552,0.010869565126508654,0.6413559278552141
7245,60373118022,117404,0.5772471869575339,0.032383419479381996,0.35904116540364167
7246,60373112001,97772,0.4419999911600002,0.081285443,0.5873873820956091
7247,60373107032,71110,0.37058445490954106,0.022753128425750124,0.6669595752769789
7248,60373112002,68317,0.38091067967678915,0.033528918411325076,0.5881370042762155
7249,60371241022,82778,0.47248803262574124,0.071596243,0.4242670975222549
7250,60371242042,47760,0.3052434399767146,0,0.2705238446401576
7251,60371242041,51864,0.2581699325312914,0.043076922745562136,0.41723201887902295
7252,61110074051,170668,0.5246440249217522,0.016477857708775925,0.7480106051192931
7253,60371249021,60634,0.6162866409362434,0.056204785441264414,0.553601812
7254,60371285004,116354,0.6323666919329589,0.028933092,0.6094306
7255,60371394012,65714,0.43868254773172705,0.026298488,0.5501066068757644
7256,60371245001,79306,0.6122685114320774,0.074626865,0.6897106053881784
7257,60371249022,32826,0.35786801576309624,0.04104903,0.6194690210666458
7258,60371371032,71094,0.44741235018854464,0.029580936486598715,0.557174067
7259,60371371033,78177,0.5308641920692985,0.062499999425551477,0.6047497828265498
7260,60371285002,118036,0.39157894324653747,0.053441295,0.6744815087963796
7261,60371393031,71029,0.3602668616733368,0.050985724,0.5753911765619404
7262,60379800241,0,0.5359999571200034,0,0.6592920062260175
7263,61110074023,155686,0.6716754269596137,0.052179656,0.7671460134560508
7264,61110074031,150625,0.4937965199280829,0.070914696,0.6404682220696637
7265,61110074033,177188,0.6540656158768501,0.044950738639465894,0.7561411310578778
7266,60371390011,89884,0.5766283469671615,0.045092837797587645,0.641063511
7267,60371372023,0,0.6171243842144688,0.008816121,0.6816367197441445
7268,60371371041,76917,0.5669291274811122,0.0964467,0.8013467968499057
7269,60371392003,69688,0.4897698147088259,0.027027026709435645,0.5252133396026893
7270,60371393023,82399,0.47553190983476695,0,0.4220055651531259
7271,60371285003,122854,0.5668711586886974,0.024852070711809816,0.5203251962015556
7272,60371286022,86719,0.7529182732895278,0.036842104616805184,0.6153109988965455
7273,60371371042,99939,0.5976190405045353,0.021186440453533472,0.6924708304085808
7274,60371371031,153016,0.6295857913658487,0.20270270074611293,0.7027649688621548
7275,60371372032,142995,0.41102361881083765,0.042105263,0.7040054263136087
7276,61110074022,159777,0.7164374543782747,0.049436796,0.7715213818542427
7277,60371390012,107264,0.42556507852248576,0.1435506231376517,0.6075883544304139
7278,60371238002,90317,0.4538461513524937,0.021604938160468424,0.7037037003622806
7279,60371392002,98208,0.5306513359133014,0.091595844,0.7108190019128514
7280,60371372021,0,0.5847175885475885,0.034920633812043377,0.6599634248635572
7281,60371372022,60775,0.46143616714470637,0.17893476852821802,0.5149583103729362
7282,60371393032,46875,0.4868951563821053,0.022792022575574337,0.4842814335008875
7283,60371236013,92963,0.30712979703150645,0.046023011275522704,0.5543721942019496
7284,60371392004,89479,0.4941451961701101,0.025427873,0.6908414658724246
7285,60371286021,83917,0.5879629538894606,0.056577085479814916,0.6409495485563843
7286,60371244001,82500,0.39698491963586785,0.10693301871994103,0.6399286930487639
7287,60373015023,53530,0.23379629449231254,0.11456534188505849,0.8538147882713175
7288,60373113002,114583,0.49897470609039846,0.034825870430187374,0.6238697973244738
7289,60371243002,61058,0.287512098,0.027777777557319226,0.3363572900463553
7290,60371239021,148804,0.5856401333422134,0.044952681,0.5561665313733972
7291,60371241023,79464,0.524557946,0.08695652,0.6114649616617308
7292,60371243003,90521,0.37238493334325384,0.074927953,0.36412676760534884
7293,60371243001,49868,0.37532132711256233,0.024444444,0.32166301617436527
7294,60373108002,189074,0.7528604032853501,0.055803571,0.6653279696743244
7295,60373109006,130175,0.24137930701545784,0.021080368628717146,0.5786993347907697
7296,60373109005,96063,0.3245382542936906,0.087058823,0.6600199335990037
7297,60371244002,84826,0.4123434667947812,0.032551097,0.6553491309714982
7298,60371393022,89583,0.40660164736232823,0.023442732595828984,0.49750415697446393
7299,60371245002,74375,0.48719999610240006,0.032021347351425304,0.6069682114488496
7300,60371390014,86711,0.733254986,0.15367483125083709,0.6544502549272225
7301,60371371034,91571,0.41973243796210336,0.073311367,0.5989549275051932
7302,60371284003,107351,0.4207149365653993,0.032581453,0.5385321051510816
7303,60371284002,58409,0.6675567334104575,0.015364917,0.5473579207641284
7304,60371284001,91875,0.6296958742451544,0.056910568180315965,0.5875370861766857
7305,60371373011,181571,0.5747634033137956,0.045730027,0.7377122397778719
7306,60371373022,171250,0.6311435492401773,0.052115813,0.7594791238625846
7307,60373015022,40326,0.21185875941466517,0.10654761841340704,0.8281179100765627
7308,60371239022,63672,0.4126268273661012,0.16649323447977904,0.5011337830602133
7309,60373113001,122250,0.524630529,0.046709128519976044,0.5567567492330169
7310,60371241021,44792,0.43945468773492635,0.080078124,0.2745367174019443
7311,60371242032,55642,0.38357587958860834,0.047132756896050614,0.3016928639559077
7312,60371242031,96875,0.3761061863693322,0.054716980099679624,0.4007537638096261
7313,60373015012,114479,0.3692722322200508,0.003337041,0.8161033716093105
7314,60373111003,75833,0.3053016397568256,0.023148147790923647,0.5244444386172841
7315,60373107051,33305,0.53216675,0.023183237,0.6816087110112747
7316,60373110001,123413,0.262295077,0,0.560367447
7317,60371373021,159363,0.5435779774955812,0.023562023398738578,0.7011560653112366
7318,60371393013,158594,0.5905994510177149,0.025981524099413834,0.7203428023439656
7319,60371236023,52679,0.4770016954514192,0.03826955,0.6277227660621508
7320,60371393021,73089,0.34333333104444447,0.067181926,0.48215092416560806
7321,60371392001,163243,0.37348177759633827,0,0.6577981591027692
7322,60371286011,73949,0.3011917627173157,0.051924798,0.46561604250991373
7323,60371390013,89980,0.633886248,0,0.7197309336353035
7324,60371393033,45875,0.43678976962507265,0.033545401772438393,0.5980448499249865
7325,60371393012,163750,0.4766355051096168,0.073684209,0.712243068
7326,60371284004,130560,0.5911542546801052,0.027857829,0.48371104473292464
7327,60371238003,62159,0.37721893212116175,0.050479232904286055,0.638200181
7328,60371286012,63615,0.27759844882118495,0.069124424,0.45312499737774886
7329,60371286013,53365,0.2836322838157816,0.063535911,0.4533864505706259
7330,60371236012,65809,0.427518425,0.06387921,0.6655813922531097
7331,60371393011,188333,0.6233611367894978,0,0.7352507320409238
7332,60371351131,92875,0.6352201200788848,0.043027888,0.4344205382760546
7333,60371351132,159432,0.5890151459373566,0.020249221,0.5553085016380851
7334,60371236022,87734,0.5392857046556124,0.026132404,0.6538461451744544
7335,60371237003,51250,0.4403927006957546,0.061813186,0.5895638583367301
7336,60371331022,41750,0.30729833153267183,0.034849951,0.32395643989150236
7337,60373108001,0,0.41233373141071666,0.018652849547638864,0.5270270199050403
7338,60373109002,112353,0.2728077920920479,0.034126984,0.5859916741609454
7339,60373107031,67446,0.38123924104458157,0.046282246,0.6792982432305325
7340,60373107041,56583,0.35623556376307414,0.11570247870136376,0.659863943
7341,60371241052,60556,0.29021372002009316,0.042226487,0.39581719290614104
7342,60371241051,64868,0.28166914632385776,0.033942558,0.3421516724677983
7343,60371231042,51023,0.23844731757442406,0.012037833086519062,0.33457943716772937
7344,60371242012,85313,0.3003754655772783,0.023980815060182074,0.4115442248010178
7345,60373110002,77589,0.40055248249951675,0.087565673,0.5881238118248654
7346,60373107042,40897,0.4327917250163093,0.015972222111304012,0.6485084264039661
7347,60371283032,34185,0.1896551710513278,0.064516129,0.18380508712359336
7348,60371282102,62589,0.20170757522190422,0.037931034,0.2052274917462367
7349,60371352012,151250,0.6164122019768664,0.044247787,0.7073474382646645
7350,60371329001,167625,0.5560802767877181,0.019209039330971307,0.6908809838417235
7351,60371349052,118667,0.6779660956470465,0.01300954,0.5602883318460791
7352,60371282201,71250,0.34068135931181004,0.070205479,0.5147058789123938
7353,60371349012,89712,0.44101876084425257,0.16645807050740838,0.724528293
7354,60371283021,69352,0.2428184268681928,0.10166994056154254,0.287597856
7355,60371282202,58259,0.27871621386219414,0,0.48962916097027553
7356,60371349051,82700,0.6608606540449266,0.025916413668184885,0.5375033833265546
7357,60371331011,130096,0.42749528385131297,0.056313992,0.583999994
7358,60371352042,122308,0.6312154608948141,0.055944055,0.6617954001900271
7359,60371282101,57545,0.1655260899678097,0.074567723,0.23988333853487662
7360,60371351151,68661,0.7760683694353131,0.027110767,0.41152263205134715
7361,60371277112,121125,0.463054176,0.072805138,0.5130641269232289
7362,60371331012,73295,0.40056416924451105,0.021437578544292832,0.5435380335147751
7363,60371236021,41662,0.3866544754419152,0.030023094,0.46075494031902375
7364,60371236011,60214,0.5841035012180499,0.018612520835659545,0.49666983352359817
7365,60371239012,0,0.3984819696538713,0.041666666,0.5353260840471409
7366,60371237004,90805,0.44830438008019535,0.053140096,0.681407936
7367,60371238001,107196,0.37606031690800834,0.028380634,0.5485403900302757
7368,60371237002,0,0.5432835739808421,0,0.67189132
7369,60371351152,94804,0.6851186147726915,0.09009009,0.3575837726737929
7370,60371283022,48036,0.087719297,0.046184739,0.1719802417064201
7371,60371283031,53958,0.16629464100117589,0.060924369107937304,0.19354838531291813
7372,60371329002,83032,0.37407407209484617,0.007565643,0.5811051667508682
7373,60371351022,170875,0.728971954,0.018461538,0.6733500361457808
7374,60371352023,153684,0.4907926301778012,0.017777777646090537,0.6692392465863327
7375,60371352052,0,0.646697379,0.035714285,0.7283057776001469
7376,60371351162,14266,0.43731777788166504,0,0.5599194304137016
7377,60371331021,48158,0.3242561758736451,0.029746281584661933,0.5527704461179839
7378,60371351023,148125,0.5141874418384571,0.014913007332949401,0.5457809645800632
7379,60371349013,118966,0.7202970118738364,0.033898304,0.6155339746064663
7380,60371327001,125135,0.31977818558430515,0.034361233,0.5983935662865654
7381,60371278062,0,0.3010752607237833,0.1194379363129289,0.42840375084033155
7382,60371352043,130388,0.39164696302878677,0.067474048,0.6106973553778108
7383,60371349011,55598,0.26221079354484844,0.017361111,0.464260927
7384,60371321013,104625,0.36770185878631234,0.09010011,0.39353311992481765
7385,60371320012,120893,0.4024999899375003,0,0.564516122
7386,60371281021,55313,0.059303187,0.027044024987144498,0.2735346342597121
7387,60371242011,105060,0.3266162860905434,0.034707158,0.36658932431098745
7388,60373102022,93085,0.41549725188836334,0.030554116879574746,0.6923076894445505
7389,60373109003,81340,0.49230768473372793,0.12636694864681716,0.5056433351507524
7390,60371239011,40096,0.2838449910224208,0.036787797053441915,0.32542250871836564
7391,60371242013,67910,0.076433119,0.014010507635542775,0.333769629
7392,60373102014,73553,0.4493569095710859,0.045454545,0.6521944282576949
7393,60373110003,109524,0.4897045614171481,0.011372867494940151,0.4918140111865487
7394,60371241031,57793,0.16940789334368508,0.039138943,0.2950996214588066
7395,60373102023,135845,0.7457983036596996,0.13422818566731232,0.8329145624005708
7396,60373111001,172561,0.4464856194370158,0.035842294,0.4695160247044876
7397,60371351161,127817,0.41924958533034934,0.30316091518446964,0.5641379232532701
7398,60371278063,85871,0.36716417545110275,0.018136850633661578,0.3498671359622043
7399,60371237001,137674,0.188948303,0.039538714,0.5926859950480959
7400,60371278061,71190,0.11886502976330499,0.039584685,0.24934383
7401,60371327002,43575,0.10167992836710939,0.047113470158503847,0.2088073386832758
7402,60371352022,161771,0.5784008247310403,0.008203445,0.5615658323020225
7403,60371349041,133375,0.3850267338499815,0.052631578404214875,0.473367694
7404,60371327003,136000,0.4321689648077257,0.06280875,0.4923371616070424
7405,60371321012,47240,0.20976692331002306,0,0.24110671777927065
7406,60371276051,111319,0.3411552284990031,0,0.3437892052222183
7407,60371276061,64792,0.4228394996475386,0.015427769769596497,0.35510688414362374
7408,60371277111,87768,0.3274725256732279,0.098242451,0.30169753
7409,60371281011,81310,0.3022284101516127,0.047169811,0.4780219760015977
7410,60371235201,57446,0.31548974763388526,0.1167635653257579,0.4720869221727728
7411,60371234203,56447,0.2474674349136406,0.04217687,0.3556851277387257
7412,60371349062,86261,0.15201728997105698,0.033333333,0.24518072141457398
7413,60371325022,41750,0.34468523896093667,0.060370009,0.49966465124302717
7414,60371325021,62284,0.3089321671663387,0.053540587,0.3661716756024206
7415,60371330003,62356,0.3755186644083265,0.041946308,0.2933730432362395
7416,60371351112,119750,0.5575221156707653,0.048571428,0.6341659900550686
7417,60371351113,94803,0.2858895670442998,0.023715414785420802,0.48155339338297676
7418,60371349071,91484,0.45059288092299526,0.04823428,0.5025197947982736
7419,60371349043,106797,0.2721224200124922,0.045590882,0.420477813
7420,60371234202,62917,0.4344569207030539,0.15166666413888893,0.486170208
7421,60371281012,0,0.4020752217629673,0.052631578,0.5145784041404381
7422,60371276062,65000,0.24852767815943652,0.043285784,0.32102861749884437
7423,60371276052,57500,0.088463837,0.056140350595787716,0.18275724996918055
7424,60371321011,94583,0.372549016,0.07068607,0.4740932611781525
7425,60371320011,135777,0.5682326558363238,0.060962566,0.5471521891022205
7426,60371281022,60176,0.16845582024396516,0.032413792879904875,0.2210808386731539
7427,60371281023,54186,0.17632850028588767,0.084210525,0.410147987
7428,60371352041,93321,0.4355877581675704,0.053763440447285406,0.6366723232738866
7429,60371352011,122924,0.4866514074244744,0.12820512736222797,0.5885969782638515
7430,60371320022,94306,0.24643874292822304,0.027093595725448328,0.47001089999988116
7431,60371278051,46667,0.183908043,0.049261083,0.3043933022553002
7432,60371233043,28352,0.3029978554282885,0.047082906,0.6498023664047244
7433,60371278052,54200,0.19727272547933886,0.080816326,0.33920704596764284
7434,60371235102,38813,0.2222222206292314,0.080220453,0.458770612
7435,60371233031,91250,0.15817694157939757,0.010033444704197942,0.4989316186011579
7436,60371233042,54400,0.10929853002775644,0.026425591,0.37410804919359786
7437,60373106021,106389,0.4979838659477433,0.07841239,0.6400664950950417
7438,60371231032,80643,0.22004357178625505,0.038666666,0.2815384604556213
7439,60371231031,85469,0.3212237062980525,0.10434782517958413,0.43738872143982954
7440,60373102011,250001,0.4183206043004488,0,0.7384806881882854
7441,60373102013,108527,0.51932989,0.021881837834990835,0.6776715840341305
7442,60371232033,71818,0.093889715,0,0.3824884748561236
7443,60371232051,61786,0.129169623,0.051090700051144085,0.23766815991243972
7444,60373106012,64593,0.4117250646110171,0.033919597776886946,0.48545861080331715
7445,60373105011,74260,0.41221964105011877,0.055029585,0.41596430135863016
7446,60371232042,58810,0.17275747364819374,0.1083223242515038,0.3356401367491837
7447,60371278053,57353,0.21212120982552804,0.029411764426833357,0.268394647
7448,60371349072,109351,0.45419018474081546,0.14738646037966383,0.4475703296191155
7449,60371310242,97404,0.3403083681701081,0.059496567233425314,0.30572472408206625
7450,60371349061,67829,0.20983213177659316,0.06610703,0.2886597918305169
7451,60371233012,71806,0.2545141852578316,0.023960535419587488,0.31590705846332856
7452,60371351021,173250,0.5474919898880257,0.040707964,0.5449654070333174
7453,60371349042,45714,0.31428571156462587,0.15126050314243344,0.18516388622677465
7454,60371352021,98523,0.36785328621517493,0.13599999879111113,0.576271182
7455,60371278041,66520,0.12832550659897488,0.055757575081726365,0.17132551694025683
7456,60371345202,43920,0.1475972523158209,0.086705201,0.40037070991315377
7457,61110074052,177026,0.6902017191613585,0.009378663,0.7310278508066489
7458,60371348021,76563,0.23809523603380747,0.075277337,0.38309474858149456
7459,60371323022,65625,0.15920397851538332,0.014760147492545037,0.22944220684622077
7460,60371323021,142676,0.4387509972878223,0.076636904,0.4162717186708395
7461,60371320013,57500,0.34054053685902125,0.014436958475101458,0.46021947558148507
7462,60371276031,56117,0.23577235532751672,0.051894562999221065,0.2612507290400308
7463,60371277122,46469,0.3465783638956706,0.019558359498054515,0.29237947
7464,60371278032,80250,0.3276139392621237,0.051449953,0.26549912341331305
7465,60371276032,54250,0.10262257579677793,0.059628542916632034,0.20032310015894103
7466,60371348011,112798,0.38704176993144274,0.046944858070455606,0.336734692
7467,60371348022,101211,0.30633436857389024,0.065254237,0.300173509
7468,60371232061,41750,0.091700522,0.10110205988930493,0.21176058728820235
7469,60373106022,112857,0.6436893141389387,0.081168831,0.5613234423198891
7470,60373102012,250001,0.4816810292922303,0.034398034116314216,0.7831491658622295
7471,60373106013,79127,0.43173198210030356,0.046733935,0.48133704467221705
7472,60373106011,83208,0.403329063,0.05526161,0.49391727253568235
7473,60371232052,36618,0.1975308601331099,0.10576922907421107,0.2781316318669678
7474,60371232032,26091,0.2374727617108331,0.045454545,0.2196307072922186
7475,60373103001,124861,0.6254019192057569,0.035060975,0.7083811629347743
7476,60373101004,154485,0.6596858523615035,0.035598705,0.7442773005606456
7477,60371232041,66106,0.14092140794108937,0.20015885464528313,0.20326678581427599
7478,60371351111,97045,0.18572735420194553,0.048577376,0.5430932639540347
7479,60371278043,87371,0.388535029,0.045652174,0.3921302551415858
7480,60371279101,103558,0.10159651595358116,0.049776643,0.30278232240707953
7481,60371234102,73625,0.27562642055095193,0.084985835,0.4764808320864039
7482,60371348012,87125,0.3932082181125271,0,0.36197718355910885
7483,60371330002,107500,0.33160919349649887,0.043837029,0.4092088170609026
7484,60371345201,45909,0.1504424762119195,0.009954751,0.14957071780582593
7485,60371330001,80045,0.2614379056488246,0.043795620038361134,0.29564652179566914
7486,60371325012,0,0.20461538356607495,0.027079303544103945,0.45727482414968346
7487,60371325011,81500,0.31655128812743055,0.038873239217615554,0.34704761772553283
7488,60371320021,73831,0.16386082868843066,0.027726432276095822,0.43350253367002506
7489,60371321023,55393,0.3632135291196045,0.032087580097819625,0.39034482624019023
7490,60371279102,44167,0.1743209867934766,0.072248193,0.24526066278062597
7491,60371279202,81684,0.27107958809235944,0.008577555,0.34915438980275837
7492,60371234101,50735,0.2833675545286273,0.054414214,0.38134089967598117
7493,60371235101,56438,0.3272626913506474,0.026462395420323137,0.45556690345397716
7494,60371279201,61944,0.2763157880193906,0.11583011533320413,0.4371584681077828
7495,60371234201,53224,0.30539272974564635,0.059971441884952674,0.4279458581690053
7496,60371340021,0,0.22971285605851616,0.073248407,0.31665149848360785
7497,60371352051,163869,0.6585051461532843,0.045238095,0.6994177532793467
7498,60371310241,66625,0.26940638961864855,0.036414565486325254,0.2595505603396036
7499,60371233041,61165,0.25703036975798443,0.047874939,0.4234154910941219
7500,60371345203,62222,0.2451288482392907,0.023278370401171818,0.19445647382218936
7501,60371323011,51553,0.3411764679123414,0,0.34109476984846904
7502,60371320023,104279,0.32375978689608637,0.12035995365174405,0.5515104527381065
7503,60371323012,81343,0.1990131562581155,0.079720279,0.26129317749076014
7504,60371276042,49724,0.33848220054746675,0.054038004429703065,0.27698574197054104
7505,60371277121,69792,0.2947232928267484,0.05065666,0.3531806597802511
7506,60371233032,62188,0.24282560527722144,0.057729313,0.31925753912177474
7507,60371278031,40286,0.4868651460194679,0.074149314,0.355245383
7508,60371232031,44643,0.092544986,0.042955326091449086,0.1769087512296167
7509,60373105012,51688,0.2767762430882689,0.067033976,0.3608130979061937
7510,60373103002,143750,0.5799999922666668,0.068649885,0.6674024969286056
7511,60379800011,0,0,0,0.39285700255107053
7512,60373104001,93000,0.4187192015093793,0.023419203,0.6943005091411851
7513,60371224203,81083,0.061096136018902646,0.017450682720404533,0.15893665068474747
7514,60371230101,52611,0.17733990038583805,0.039237057,0.2167207783412306
7515,60371224102,52500,0.2705313966098004,0.032181168,0.22054665202123797
7516,60373104002,129145,0.37526205057377304,0.011173184253508528,0.7337610205793021
7517,60373104003,103400,0.48549019227066514,0.027857143,0.5657552046500313
7518,60371278042,56842,0.43970467235681154,0.11725663630341714,0.38064165100249236
7519,60371340012,73984,0.17293689215450916,0.043694141,0.13531353079491115
7520,60371343032,73000,0.2855711394231349,0.051174496,0.44673539135107054
7521,60371276041,41375,0.38628944084559913,0.019153225613374743,0.4268292648225263
7522,60371344211,123933,0.6030405354472927,0.12410189337621233,0.7195027139121778
7523,60371344213,162132,0.46562122478140866,0.024999999739583337,0.6970284192698423
7524,60371233011,73083,0.4635974279250673,0.007242878,0.37465690587988604
7525,60371344221,147532,0.3037974645088929,0.057627118,0.4835600879616775
7526,60371345212,54722,0.056947608,0.056310679064944864,0.090794451
7527,60371274003,58438,0.18382817319123074,0.082056892,0.284164857
7528,60373012052,105250,0.4354679760052416,0.056466302,0.7537906082758801
7529,60373007021,120109,0.6325431000401772,0.038942976,0.7713983769940176
7530,60373015024,91389,0.2615384570677187,0.074999999,0.7982142785873725
7531,60373013001,203281,0.7183098447020152,0.043977055,0.7849099010708345
7532,60373015011,108095,0.4490500786001714,0.10089020621824621,0.8444444345679014
7533,60373008001,76058,0.6195472080643445,0.18072289078862783,0.7023519841753771
7534,60373009013,225440,0.6836215596783158,0.037216828177857375,0.7697740058631779
7535,60373007013,250001,0.8576158798407967,0.029801324009911857,0.7875225968578428
7536,60373013002,137424,0.7580110413479443,0.027263875099670154,0.8138747816085043
7537,60373014002,142303,0.4222222179573513,0.02247191,0.8304314850080887
7538,60374615013,97344,0.537148589,0.013489208511787693,0.3209790187344125
7539,60374613003,78829,0.553664918,0.019011406723628603,0.7294196981820533
7540,60374613004,73750,0.4047619020849081,0.007211538,0.5614973234735181
7541,60374609001,80250,0.24740622308534538,0.011535688453239448,0.20370370259420642
7542,60374600011,227083,0.7390070869573966,0.020584329212587456,0.6643878143916233
7543,60374609003,115125,0.3749999952168368,0.006097561,0.22698412518266567
7544,60374609004,112903,0.5660173098915876,0.082890541,0.2389991351251153
7545,60374612001,149125,0.5685884578809453,0.019927535870877974,0.6594202830287755
7546,60374615022,65956,0.18256474932050065,0.025683975,0.23214285592361947
7547,60374615021,91481,0.36344085630708756,0.056787932,0.2539936081949392
7548,60373009011,122250,0.6760104258408708,0.042079208,0.7420764986771776
7549,60373008005,164397,0.6699346332251129,0,0.5993589647538627
7550,60373007012,185921,0.6295503077184088,0,0.799247167
7551,60373014003,115259,0.4816513650997394,0.043233081894115004,0.8349249545030702
7552,60373014001,232679,0.6201834748590188,0.013745704231173467,0.8035902766252347
7553,60374607002,250001,0.7773722344024733,0.036789296,0.6240126283726283
7554,60373014004,151979,0.5354993918712468,0.039558417,0.8577540015213476
7555,60373007011,102292,0.2849604184042161,0.069565217,0.7689694137149558
7556,60373008004,164922,0.5443349686658255,0.065101387,0.7525773136195296
7557,60374607003,250001,0.68878717,0.063291138,0.6143884803685111
7558,60373111002,90325,0.4369676283052161,0.066343042,0.5049374555303656
7559,60371231043,69783,0.16594827466991183,0.056200366180816336,0.3702511244671531
7560,60373109004,0,0.33489460966165563,0.096989965,0.49486049563244866
7561,60371241041,48631,0.239967895,0.10584958143558787,0.28027681499263657
7562,60371241042,57917,0.090346534,0.018411968,0.32484076019311137
7563,60373107043,95357,0.6399999883636366,0.086811351,0.6183574829439816
7564,60371231041,91818,0.39376442963320524,0.026115342479702475,0.4013900920817542
7565,60373107011,20714,0.29375696603256984,0.06092337,0.6954069270934451
7566,60373109001,90764,0.41487068518458314,0.015609755945270674,0.4224899564458638
7567,60373102021,85441,0.41659463771309735,0.056897895,0.7879838198267832
7568,60374615011,106494,0.4740024126480966,0.007760532,0.4029380860132415
7569,60374612002,103889,0.6486761644737662,0.028275212,0.7030896706624742
7570,60374611002,135709,0.5443330721331298,0.050824175,0.38343948800357014
7571,60374612004,188870,0.6720947396588103,0.007215007,0.5733532891216071
7572,60374612003,162667,0.6350245395249666,0.032640949,0.6263498852446017
7573,60374610001,164519,0.24971097977212742,0.02892562,0.20443739933092395
7574,60374611001,82188,0.5902578740185495,0,0.5321428523915817
7575,60374601015,226750,0.5762859583584485,0.007800312,0.6668932653508276
7576,60374611004,136520,0.2771362554603204,0,0.20476544895930418
7577,60374610002,115139,0.23404255111664404,0.084732824,0.18018017909801695
7578,60374610003,119135,0.24017093811819712,0.060956789653111194,0.27218934709919124
7579,60374610004,111761,0.45244564602655374,0.046242774,0.19505851628700574
7580,60374601014,97404,0.5345699741219229,0.14048338156369514,0.5979142456788616
7581,60374611003,127857,0.6020408075504255,0.031550068,0.4030197398023259
7582,60374601011,134632,0.5509838899645101,0.020408163,0.6937573534304199
7583,60374602004,65694,0.347156394,0.091445427,0.35779816103442474
7584,60374603024,41440,0.3428571387755103,0.030373831420866457,0.27005075867968775
7585,60374603023,87321,0.3410404584850814,0.042752867,0.355595665
7586,60374601013,134231,0.625364422,0.041059602,0.5400843824885614
7587,60374603021,102629,0.7477777694691359,0.17561807181911276,0.33817249924703247
7588,60373007015,130183,0.6168881890782785,0.028653295,0.7545731668974941
7589,60373007022,140686,0.6263345167867681,0.030264817,0.8208593180150404
7590,60374607001,242685,0.6690821094424612,0.018292683,0.5943152377995448
7591,60373008003,104668,0.5090152495282212,0.021634615124583954,0.7087248274582226
7592,60373008002,93158,0.6042216279126434,0.044247787,0.6592533704586706
7593,60374607005,190114,0.7090163861781108,0.00795053,0.5308795974368085
7594,60374607004,208250,0.7664442252960513,0,0.6503759349595795
7595,60373006022,81625,0.5835293980346025,0.035564853,0.7340153358821568
7596,60374605023,187440,0.8358490487184053,0.038161317969112596,0.50595611
7597,60373006023,151528,0.5896226368740359,0.032280702,0.669212687
7598,60374602005,230576,0.8087056035658007,0,0.4660633454035983
7599,60374603012,190966,0.3628571376734695,0.072423397,0.3385826738328477
7600,60374603022,113787,0.3321299579037914,0.097421202,0.25272546825841957
7601,60374602003,155179,0.5833333291785375,0.10172872272786754,0.4816293891243659
7602,60374601012,239302,0.8497506181436995,0.069421487,0.6233236115258098
7603,60374603013,88281,0.559020032,0.065263157,0.29069767103839916
7604,60374602002,210156,0.4323943601071217,0.030985915,0.4096638612430267
7605,60374603011,172778,0.46256038088695195,0.042268041,0.44455851699631915
7606,60374602001,98571,0.5914396772093449,0.11864406556225866,0.4147121490968854
7607,60374603014,181442,0.5975433482836463,0.025333333164444447,0.4938927217530923
7608,60373006021,108189,0.6838810534603904,0.13405796939543516,0.7363138618949465
7609,60374605013,193243,0.8379790892103421,0.033678756,0.5443636343841322
7610,60374605022,250001,0.8402417889443714,0.027932960720465794,0.5292022754330322
7611,60373005031,55909,0.5583881533027291,0.015961692,0.5720823772444742
7612,60374605021,250001,0.8614232102194356,0,0.5267379643934628
7613,60373005033,0,0.5527065474576777,0.0141218,0.5908299443364484
7614,60373007014,142823,0.6655405330457147,0,0.7799867410206313
7615,60373005032,47196,0.5763389242498888,0.086956521,0.5180467054632222
7616,60373006011,83750,0.43106180437896563,0.028656972,0.5095500145369051
7617,60374606013,173421,0.7621097872754597,0.019408502593267075,0.5394736811242925
7618,60374606012,199722,0.7159574391919421,0.00998004,0.5977605461002538
7619,60373006012,122625,0.4622777488597897,0.067556634,0.4971200686879926
7620,60374605012,250001,0.7268847691766036,0.015503875768683777,0.5718654375956632
7621,60374604011,116000,0.5707375989028102,0.072984749,0.2765757264668323
7622,60373005011,134911,0.6270588161522492,0,0.5359050413299404
7623,60373004002,85302,0.7451456220249318,0.007990867,0.567164174
7624,60374606014,82458,0.5514315954249036,0.059782608154143047,0.5214465893906931
7625,60373005012,71094,0.47358833812761075,0.052932761,0.49617789787228705
7626,60374605011,200208,0.686046505,0.063492063,0.5180921024227406
7627,60373002001,87235,0.4495327060791336,0.046778463841319826,0.5824446219651794
7628,60371271022,43586,0.157159486,0.013812154568948853,0.1501103744475145
7629,60371271023,56648,0.2431434586332096,0.070054945,0.3295807440621865
7630,60371343034,171250,0.31936812967466943,0.10849348971795729,0.5351758760353275
7631,60371272202,41150,0.099526065,0,0.2884615360496527
7632,60371344222,163175,0.6013049429900242,0.060670731522345325,0.5931142391451824
7633,60371345223,56445,0.13471502474339359,0.018292682802895102,0.19640062444130968
7634,60371272203,41994,0.4179222805874522,0.052777777411265436,0.33318524951939027
7635,60371271042,68125,0.23944636512493866,0.062573789,0.40983606298968434
7636,60371340022,70398,0.24872578874247814,0.05601034,0.23867449564314389
7637,60371347101,52273,0.2791139222840891,0.06670168,0.26628267493893365
7638,60371343033,113594,0.4686567129204723,0.015840220276582506,0.47576435141115325
7639,60371347202,54564,0.1809523796267225,0.082307193,0.2664035507330856
7640,60371345221,79706,0.17165149321649553,0.0399137,0.2544470204605799
7641,60371347201,149306,0.4006259749559783,0.070351758,0.29291552933981246
7642,60371317011,92386,0.3925353900094248,0.068500539,0.3259878407067331
7643,60371317012,103750,0.3255549213115827,0.009630819,0.2802960209051988
7644,60371317022,146367,0.3504672842606342,0.017565871799675385,0.3617021231326393
7645,60371317021,72668,0.3580052474645394,0.052165813,0.3096682115245515
7646,60371271031,58591,0.28010247531980154,0.03562341,0.3296909137380864
7647,60371318011,53707,0.1708959079705028,0.015580736470345908,0.29252577225346077
7648,60371318022,147961,0.5773049563502843,0.005336179,0.37236084095622995
7649,60371318021,92188,0.25497630090069856,0.075259515,0.3370860904828736
7650,60371319004,158049,0.2654075520337221,0.017657992400948026,0.4125714238563266
7651,60371319003,154375,0.46236558518325827,0.04,0.384146339
7652,60371310231,77880,0.244499999,0.035340314,0.2515220690581352
7653,60371319002,126472,0.4124999926339287,0.029045642751789176,0.44658493479347694
7654,60371319001,105417,0.1955403053938198,0,0.40835707114570685
7655,60371321022,74744,0.3889602,0.049636803,0.3398157607993052
7656,60371273002,71429,0.3832699590625859,0.006320225,0.3647959160408424
7657,60371272103,62819,0.3174518184290588,0.077137546,0.3648705966700441
7658,60371343031,88218,0.34285713395176276,0.12280701446598961,0.23666978263171393
7659,60371345211,50962,0.090439275,0.034744842,0.12193362105386998
7660,60371340011,106667,0.18818040142798753,0.08745247,0.1876947025880475
7661,60371271041,62680,0.21364795782112272,0.072635135,0.3888018778825298
7662,60371347103,53542,0.2656249965413412,0.025227043,0.20654715349534566
7663,60371347203,84800,0.3793706260544526,0.011756061632945911,0.25329815136346867
7664,60371344212,117303,0.6676003672492963,0.040528634004153005,0.6594488124069999
7665,60371345222,42688,0.049850448,0.047863247454160276,0.1682825473110627
7666,60371274002,82574,0.20397643443316324,0.059016393,0.32314410278762257
7667,60371272201,58854,0.089795918,0.14611590538769478,0.1992238020748784
7668,60371344242,136250,0.7623655832003701,0.088799192,0.674418599
7669,60371216002,0,0.2775862021105827,0.054545454,0.4815515564659266
7670,60371347102,0,0.0990099,0.004930966,0.11990261643394634
7671,60379800081,0,0.11764702422146345,0.38235282871975623,0.38709676586888675
7672,60371271021,0,0.2770511263133041,0.071661237,0.3691148741137959
7673,60371220002,77500,0.2480916017007001,0.062529833,0.5269376156571945
7674,60371274004,34151,0.16045845042323137,0.036188178091819324,0.19846743142936835
7675,60371316003,82500,0.1759776519927593,0.055137844150895204,0.3032454330299652
7676,60371311003,92644,0.43863911982212495,0.079310344,0.5010460198635354
7677,60371313002,0,0.3593749929809572,0,0.3581081046514662
7678,60371230202,79167,0.13178294427704382,0,0.2202771683422526
7679,60371224202,73885,0.17754172854672437,0.015625,0.20802377260012056
7680,60373103003,0,0.5709606924567611,0,0.7272727192098368
7681,60371230102,42760,0.056338028,0.037140203926274803,0.1743991046707708
7682,60371230201,81364,0.11885245804219297,0.064907275,0.20431893574574234
7683,60371224201,0,0.14412635593162532,0.018806214073538725,0.278992709
7684,60371224101,55556,0.1723092462238037,0.022565816871851996,0.21643141434516316
7685,60373101001,160502,0.2396193750897978,0.014354067,0.761417854
7686,60373101002,144946,0.6464143361910922,0.019644527412118546,0.7505197453186435
7687,60371021052,90104,0.241558438,0.018181818,0.41077085099502797
7688,60371210201,81078,0.1839416044967766,0.048019207394842695,0.38829516341834525
7689,60371272102,63813,0.2330246895599947,0.0459849,0.27334024754491576
7690,60371273001,72083,0.20518244206672426,0.087089715,0.35440701267001834
7691,60371321021,0,0.24013721715030503,0.097523218,0.28403140989487685
7692,60371272101,62125,0.083333332,0.0824295,0.2037671215430897
7693,60371210202,58205,0.16003879573192245,0.11365563940919729,0.3882158568930845
7694,60371314001,71849,0.39655172160567226,0.037196765298130645,0.3401122007709951
7695,60371204001,46532,0.13368055478194124,0.08054027,0.25859247051197226
7696,60371343022,130875,0.3526058603207992,0.020055324895882954,0.5079974375687943
7697,60371343062,55848,0.2080745328691023,0.098888238,0.33082706575577175
7698,60371343061,50136,0.14572425701811295,0.011709602,0.19517543752645045
7699,60371342012,94728,0.41484715251425436,0.090265485,0.32145886071705804
7700,60371341041,71399,0.3635774441764262,0.027305825,0.20842017420416767
7701,60371341042,76458,0.36127596171160264,0.046538685011409626,0.2630541858962848
7702,60371341012,120208,0.2755102026759684,0.015948275793326395,0.3082118723490513
7703,60371310222,60321,0.15360501447018013,0.043624160781045904,0.2053704614352538
7704,60371310221,77875,0.3412797949651218,0.025974026,0.2567567550219138
7705,60371312002,103857,0.3665659580406248,0,0.5125391809362133
7706,60371313001,76528,0.34848484408478736,0.071581196,0.2973635788021853
7707,60371216001,103571,0.3507853376904612,0.050641025,0.46415677945251793
7708,60371221202,62750,0.085892764,0.036380173,0.2088300211530683
7709,60371219001,68597,0.13987729889721107,0.12625698182953093,0.19499999891666667
7710,60371218011,44043,0.1773288430003993,0.027613412092636035,0.21202303739372555
7711,60371021051,96719,0.14778324759154562,0.011135857213009862,0.3623347977716432
7712,60371221201,59271,0.2260869545557656,0.043925874784311085,0.1961639049862079
7713,60371021041,109762,0.3420351606710966,0.034453057560495014,0.7387418331428606
7714,60371222001,62361,0.11452991355102639,0.016603773459594164,0.2604804509633516
7715,60373101003,249435,0.572086896,0.077532541,0.7019363713559034
7716,60371221212,78750,0.16059602383119168,0.027894002400362588,0.21217711981386422
7717,60371221211,53438,0.13273542481851638,0.034317637,0.22718446454896787
7718,60371197001,83500,0.44652406019140767,0.071864406,0.5156062394021235
7719,60371344231,171667,0.545540792,0.068731117,0.6457461600715052
7720,60371344232,0,0.5089094760590914,0.041086812,0.615021005
7721,60371343023,139350,0.3088552882413036,0.00525394,0.45515694727087486
7722,60371311002,133000,0.4923664028174351,0.041401273226094375,0.5069708427506864
7723,60371218012,48450,0.097916666,0.11245282933997865,0.2648698860142204
7724,60371343042,100156,0.4703425190447576,0.027543993668370362,0.44432547942009915
7725,60371343041,52794,0.34173386752284407,0.11339198325130026,0.33980582224354966
7726,60371203002,71927,0.19601593469310014,0.11715797341528365,0.3146747328693288
7727,60371342013,80898,0.27598784026755113,0.071496663,0.25979176866736853
7728,60371342011,94704,0.34938101307591457,0,0.4204651123677664
7729,60371220001,135577,0.18339100219106574,0.11337209236411575,0.6050620792499423
7730,60371341032,125521,0.35985533236976897,0.018918918816654494,0.3896418180559447
7731,60371316001,102361,0.2759889579025855,0.045454545098318616,0.3197994971438622
7732,60371200301,42188,0.2120481914936856,0.095760598,0.16750289398879623
7733,60371203003,74598,0.17343173218411154,0.161025639,0.3052407910393712
7734,60371274001,69931,0.070224717,0,0.10167310036456757
7735,60371344241,149200,0.6977309505856487,0.035232383543985134,0.6860681072070086
7736,60371310211,36500,0.074222667,0.020816653155991568,0.23204787079755407
7737,60371343021,86114,0.3883299759725355,0.009174312,0.47218934352438646
7738,61110075111,237384,0.6160990664388617,0.021604938138241124,0.7430626888845699
7739,60371200102,111042,0.22056631563984627,0.078282827,0.219907406
7740,60371316004,50052,0.3594976395683259,0.15151514967860424,0.3785259292217841
7741,60371316002,103889,0.3735955003708497,0.083762886,0.2822706043369315
7742,60371312001,98047,0.381782942,0.021800947660654525,0.45325778715823095
7743,60371200201,49408,0.2192592576351166,0.141741741,0.12122483170627167
7744,60371314003,89732,0.3209351736400894,0.005719733,0.27526781427448616
7745,60371314002,119375,0.345991556,0.04783599,0.3443478230926276
7746,60371210101,70486,0.20875912104001285,0.086369769,0.5055803515002193
7747,60371343052,51793,0.2703412002535118,0.065637064,0.091772151
7748,60371341031,50461,0.20334261696836617,0.061224489428424435,0.30924595911469493
7749,60371341011,71402,0.22547468176048513,0.006523157,0.2640036718824441
7750,60371343053,38605,0.10635964795658281,0.027960526085850937,0.10918544131030941
7751,60371310212,69583,0.2702702675648622,0.056945642,0.32220708227379374
7752,60371275202,49295,0.12269272396641993,0.018092105114374136,0.16610738162132338
7753,60371313003,64336,0.11589403896758915,0.066839378,0.19753086329432618
7754,60371312003,98750,0.4013793048085613,0.048239895,0.43321718428319184
7755,60371311001,103966,0.29324169194453964,0.007561437,0.4305464092788255
7756,60371204002,77161,0.1519949325396141,0.052064632,0.22724734658153353
7757,60371210103,73333,0.10930575909444964,0.072404371,0.3720720687200715
7758,60371203004,51725,0.34058656252992847,0.063268892,0.181410973
7759,60371203001,0,0.24387096459521337,0.13447432598442144,0.2796116477707607
7760,60371343051,87759,0.187768238,0.078268109,0.18532109921723763
7761,60371275201,48125,0.10586403681440562,0.045958145,0.1566858073966948
7762,60371200101,55270,0.13142857017687076,0.059618441,0.13659147784090553
7763,60371200202,28930,0.2544141231587952,0.05022831,0.10707803927962468
7764,60371132344,60625,0.23333332979797985,0.077631578,0.20214843552589418
7765,60371132381,45417,0.11089681667409049,0.012658227733650744,0.17045454443508049
7766,60371134283,0,0.3898050945291972,0.16131284803552481,0.3459507011800114
7767,60371201063,34117,0.13192346292121387,0.083932853,0.12585365792266506
7768,60371154032,85000,0.47522522165746833,0.029158382841892757,0.316255532
7769,60371132312,120125,0.6025236529703086,0.036706349,0.6645056672244274
7770,60371175303,74539,0.21701112705078596,0.035714285,0.15890850637288118
7771,60371201062,0,0.13466333996679128,0.091179385,0.13938753812684754
7772,60371201061,49917,0.066974595,0.1001064952065336,0.12028985420079816
7773,60371154013,63167,0.1962332916389229,0.018353726,0.4081317529174897
7774,60371153023,115743,0.2049571000480734,0.028813559077851193,0.294458228
7775,60371132382,72770,0.2663551384088442,0.024719100984724154,0.21907315120998408
7776,60371132343,104010,0.1643002017288695,0.11828644425648054,0.19690265341517219
7777,60371154012,48232,0.17868337997857744,0.016806722,0.2617302033597492
7778,60371134271,62425,0.2342177471709264,0.058158319,0.22762863407366535
7779,60371134281,103878,0.5087014657469684,0.013636363481404961,0.3551136330008179
7780,60371197002,100625,0.2819548836847759,0,0.2639149451912761
7781,60371134232,55417,0.36140724561399523,0.065543071,0.31265508490908756
7782,60371134231,165900,0.27928993752319603,0.11436950034829423,0.37487828262046463
7783,60371154042,71875,0.35857663906408177,0.090163934,0.25286697102713895
7784,60371210102,94719,0.16407766830992557,0.056570931,0.3966555157414347
7785,60371173032,121486,0.12802497948458252,0.020746887823327193,0.31951640484010013
7786,60371132342,100332,0.23984272293784112,0.07157258,0.31999999663157896
7787,60371201041,46958,0.2859680267260626,0.071464519,0.15427589104307737
7788,60371204003,74861,0.3150046568965083,0.054687499525282124,0.1730769220979812
7789,60371174081,50714,0.11686586907791588,0.038378378170927686,0.15371086825989844
7790,60371174043,114870,0.47326336595070784,0.07842306,0.3204697973134656
7791,60371132383,129737,0.26458332782118066,0.12392426636963398,0.33704115309186705
7792,60371199003,85450,0.2472826064557735,0.006820119,0.2220812168649669
7793,60371154014,72206,0.23284823042777308,0.020332717002470267,0.413849955
7794,60371154041,126786,0.3804994009453103,0.057517658349973175,0.2607260704560555
7795,60371154011,57344,0.32619279137105367,0.049871023,0.28150684738693943
7796,60371134282,119018,0.2867469844970243,0.072393822,0.4207468844751296
7797,60371153021,68185,0.13344051232410753,0.043422733,0.11363636280325247
7798,60371201071,41156,0.014348785713589562,0.060555087800209524,0.14722863656334506
7799,60371201072,36289,0.11068702205582426,0.051801802,0.1987179477380772
7800,60371175302,73000,0.12920167931510843,0.080065359,0.15956808542550638
7801,60371175304,0,0.10691823731260633,0.03624009,0.13949961986732662
7802,60371175301,32882,0.057023643,0.11185086402329077,0.17424975629961514
7803,60371220003,97288,0.0931677,0.055629138,0.36237256383343314
7804,60371154031,82875,0.3457556900025291,0.14248251623704095,0.194711537
7805,60371134272,55917,0.089347078,0,0.3017799328334957
7806,60371134241,100655,0.2463479399312886,0.025477707,0.39152024296592725
7807,60371132321,160833,0.4965337933425745,0.068421052,0.5843995023342984
7808,60371197003,115263,0.28225108,0.016055045748814636,0.20638820512046557
7809,60371132322,95398,0.351274785,0.010540184383793252,0.5133404454997842
7810,60371212212,78824,0.24302430024280558,0.032206119,0.1907073495790059
7811,60371132311,174063,0.5414507701884615,0.03156708,0.6127450920319109
7812,60371173024,71964,0.4139737955111459,0.074164629,0.37610850090710224
7813,60371210104,0,0.13189771109086332,0.024783861528623278,0.23909395772572184
7814,60371201051,41897,0.12098298562397934,0.050793650390526586,0.1852791868767554
7815,60371201031,27243,0.11428571210884358,0.090909089,0.095703124
7816,60371153022,39671,0.078212289,0.044468546155438764,0.11964649816691708
7817,60371134251,71534,0.080981594,0.048123195,0.20244077385182502
7818,60371199001,94152,0.092550789,0,0.18606374954734062
7819,60371199002,107917,0.13609467340579312,0.030788967089230488,0.23363980403656137
7820,60371201032,43679,0.063578564,0.05741279,0.1529299659222012
7821,60371201082,42063,0.19852034402885116,0.058163265,0.12982093619207666
7822,60371175201,63036,0.099485419,0.013852242652689693,0.138992042
7823,60371175202,42115,0.035971223,0.082733812,0.13728323633293238
7824,60371174071,46591,0.086315788,0.059422749,0.093952483
7825,60371174072,48726,0.052821997,0.04494382,0.10719874762441804
7826,60371174042,170156,0.4509990442340719,0.018867924358778758,0.4187620849249315
7827,60371152023,54761,0.35033758176791013,0.066808813,0.31767614142350964
7828,60371190011,108705,0.2238542877564378,0.029979674644412223,0.17941952411915818
7829,60371198021,79205,0.11458333248077877,0,0.1725293122695181
7830,60371132341,63702,0.1775804641777973,0.055165495936153504,0.509900986
7831,60371132392,48808,0.34060605647750236,0.025536261230477413,0.2795765860549403
7832,60371132391,45777,0.11710526161703604,0,0.4165390441571356
7833,60371134252,56835,0.25311942808604027,0.056278874,0.21697754009525108
7834,60371174041,121250,0.31414473167525114,0.030487804413295665,0.41061946539274813
7835,60371134242,154531,0.4620770074436755,0.084142394,0.4482412015252141
7836,60371173031,131850,0.36071816996344847,0.025731584128498568,0.4306950565259339
7837,60371151013,151139,0.37995594295202706,0.010223048232127805,0.6142754101350006
7838,60379800231,0,0.9999996666667778,0,0.42105240997241583
7839,60371152022,74511,0.3498622570255523,0.10542040074511139,0.39934888551628384
7840,60371190012,102232,0.19884726081522147,0.025230769,0.14325974568689645
7841,60371153014,83882,0.2593123172018293,0.032520324762597225,0.4924506330725827
7842,60371198012,92850,0.19637462037890616,0.047497879,0.18410744161103837
7843,60371193402,46900,0.090520922,0.10327635254076672,0.13938805177567726
7844,60371201081,61576,0.1762360432517062,0.029315961,0.1712590073282789
7845,60371175102,90885,0.06962785,0.054915854,0.17094016996615288
7846,60371175101,50980,0.024719101,0.008438818,0.11618899987460109
7847,60371174052,41964,0.1777003422404062,0.018779342282175066,0.1614035073561096
7848,60371174051,40882,0.040114613,0.047519582,0.1353417260101541
7849,60371201052,45841,0.2299771140734884,0.048730964,0.2022598847202273
7850,60371212222,42991,0.13280212307035694,0.070312499,0.19573495662044968
7851,60371193401,47159,0.042462844559842415,0.041666666,0.066839714
7852,60371175103,49191,0.062267657,0.040669856,0.11541850118574008
7853,60371198022,102321,0.043526785,0.024390244,0.18938775355601833
7854,60371134261,63750,0.3439122888406677,0.040735221,0.29608713071364606
7855,60371151041,121000,0.4964838186148549,0.029620853,0.5409691582293467
7856,60371193201,83452,0.15447154332004026,0.05350118,0.16286825923919812
7857,60371212221,52188,0.040582726,0.085978835,0.13133124100703164
7858,60371153012,75750,0.2379339522613552,0.009478673,0.3918076545698339
7859,60371152021,74628,0.44411473349045766,0.043117744,0.37037036822702335
7860,60371172013,48417,0.34832756230302697,0.11784511685315559,0.17049915776500754
7861,60371132351,94010,0.24691357834171623,0.058259081,0.6330578477517474
7862,60371173013,129583,0.316666661,0.12517780760771255,0.42726440597196336
7863,60371193411,51159,0.22676200088477017,0.039082413,0.15312172949730823
7864,60371198011,116618,0.1836477964321032,0.03343465,0.1910994747722559
7865,60371151012,119179,0.620805366,0.059317844,0.6205691431823808
7866,60371212101,65000,0.1224209069984807,0.046638401,0.22576177181088747
7867,60371194003,101838,0.1817447481280715,0.033313143347588475,0.16096042614068284
7868,60371193203,88527,0.15914221039342877,0.057199210481270114,0.1414768796309394
7869,60371132372,191458,0.45701006617343093,0.007032349,0.4210128464020193
7870,60371171011,123785,0.45659432006181705,0.026007802171600765,0.18701550296988612
7871,60371171012,93056,0.2974358943852729,0.058772687478196306,0.20531757603162795
7872,60371171013,72917,0.3798076892643615,0.032493368484791986,0.13843556478089158
7873,60371172012,19729,0.19811320487718054,0.063126252,0.18930041022427702
7874,60371173012,128636,0.34262947865906895,0.011725293034126524,0.4579100111907837
7875,60371173023,160800,0.5917686252306048,0.015325670351286683,0.5474509760984237
7876,60371190041,72391,0.18625276748885217,0.1441605813109383,0.14016933076040142
7877,60371194002,92596,0.066885964,0.023417172390137273,0.17784711249729243
7878,60371193421,90133,0.2531280052634456,0.027950310342000698,0.16456456357618882
7879,60371193422,53641,0.1241997423277882,0.061306532047170535,0.1410347261443322
7880,60371193202,86395,0.21679197723318325,0.086496027,0.15857605075355308
7881,60371212102,106538,0.15703703471056246,0.015544041249429518,0.19094488001038504
7882,60371152041,118184,0.43012820237097305,0.022271714798041676,0.3818516794940042
7883,60371152032,0,0.21994884347956922,0,0.30460448282639335
7884,60371133012,101528,0.4709425922362062,0.009640666,0.48822927161982504
7885,60371190042,85028,0.097211755,0.061279460866804976,0.16525183834039706
7886,60371133032,85673,0.37586206572532704,0.008327025,0.3896663057606765
7887,60371172022,103750,0.3697234298439093,0.041772151,0.27493261208506187
7888,60371172021,114028,0.31977559383046567,0.12777777698902607,0.36170212539610685
7889,60371192011,120952,0.12162161979547118,0.062849161,0.23134328142403657
7890,60371194001,86538,0.095307916,0.025119616924406497,0.16222222102057615
7891,60371153013,209700,0.48037888389203137,0,0.551650686
7892,60371193101,56111,0.31997084314890056,0.028767979807579863,0.1987295816754556
7893,60371151043,47050,0.5378690559965461,0.061461794,0.3851162754872905
7894,60371173022,114457,0.3419773040198168,0.017316017,0.4833174405784801
7895,60371048211,75139,0.098309329,0.057190449,0.13759108385087404
7896,60371132371,129417,0.4233673903893052,0.007358637,0.5273287123659403
7897,60371048221,48278,0.096264367,0.079430942,0.11982942379603656
7898,60371171021,117500,0.22982215827876665,0.045504993945560554,0.2708333309823496
7899,60371133031,109677,0.4939540477995523,0.037705788,0.4704604671135514
7900,60371153011,95600,0.6091644122754123,0.003161222,0.4341203318041102
7901,60371152042,91481,0.4036624171682929,0.07334643,0.4214876012567447
7902,60371152031,99352,0.42805755010739616,0.017306245166995898,0.4100719403387876
7903,60371171022,71500,0.26579925403532295,0.031456953,0.27703984644503576
7904,60371151031,0,0.7038626307355094,0.059207997,0.20383795222243942
7905,60371172011,103949,0.14432989555454645,0.025601241073690915,0.3181461090483417
7906,60371173011,129609,0.524900393,0.008920607,0.44882433991131165
7907,60371192012,100394,0.09569798,0.10810810733920265,0.19559228470530501
7908,60371173021,118990,0.39871382209309947,0.036885246,0.4629155970765934
7909,60371193102,95083,0.1634328346012475,0.06869773,0.1916807184278768
7910,60371151011,167629,0.6415441117505137,0.037656903450569844,0.5801393694533138
7911,60371190032,107188,0.086723768,0.011857707392710401,0.1761904747921391
7912,60371048231,95208,0.2939632520213189,0.084012539,0.18506666567964444
7913,60371151042,111490,0.7252584826401997,0.1512345663453234,0.3065217357986768
7914,60371192013,106250,0.1991570052775869,0.041935484,0.16246334215564023
7915,60371151044,49613,0.624806192,0.059590316,0.33541829292088904
7916,60371048212,61304,0.087131366,0.045215562,0.2034334746486397
7917,60371192021,81618,0.3550724551914866,0,0.1256157619998059
7918,60371048242,88897,0.027586207,0.032185629,0.19058823379930798
7919,60371190031,0,0.061946901741196145,0.015873016,0.15751211504432863
7920,60371113024,46146,0.6574073987115424,0.012542759264050636,0.29636710997736987
7921,60371096031,66607,0.2368082337605118,0.065701558,0.27346040855234305
7922,60371048232,76000,0.034482758103706775,0.002590674,0.1810269784070759
7923,60371192022,71220,0.046795523430360905,0.026881720223642703,0.20588235116018727
7924,61110075112,99107,0.5376712236700133,0.11538461353550299,0.7095890313754928
7925,60371096012,146443,0.13695395351884354,0.12386363495609506,0.2997370701162395
7926,60371047032,45321,0.085755813,0.020809248,0.19861231397560872
7927,60371190033,123125,0.15354330507161018,0.050968399072697256,0.1182795690445909
7928,60371132131,136736,0.4706117534161865,0.002107482,0.492256635
7929,60371132132,90179,0.3739130405224266,0.061746987,0.3692061781075856
7930,60371133231,81875,0.42893240411287176,0.052865887296238805,0.3946719270119787
7931,60371133232,87132,0.3338449705767846,0.049526583761641776,0.286315788
7932,60371133241,98214,0.3881305614947741,0.020544142029182998,0.30791505642898137
7933,60371133222,115222,0.37967351037560026,0.034707158,0.4385813129819147
7934,60371133221,130200,0.5670232815165307,0.042857143,0.5502836485287074
7935,60371133011,187614,0.5087719149481896,0,0.5897789973787432
7936,60371112051,170000,0.602999994,0.007525084,0.3648148125628715
7937,60371112053,77125,0.2481202980867852,0.017241379,0.4305177082389802
7938,60371096033,77984,0.12214411140470904,0.005287009,0.24966352456484842
7939,60371098004,85446,0.11785297412073543,0.058695652,0.30411984790921465
7940,60371098001,115326,0.37904015299666843,0.08119304,0.37145389741618884
7941,60371098003,51912,0.23110150938335303,0.023928215115371736,0.4213991734864266
7942,60371114011,130729,0.39503816542596587,0.015254237201953463,0.4031587680666718
7943,60371113021,140375,0.35098742952434986,0.036191975,0.5299401157938615
7944,60371112052,100052,0.49253730526472134,0.13532763339989126,0.37499999516752586
7945,60371113023,158977,0.3928571387304923,0.030330062173683656,0.512057874
7946,60371045002,65855,0.039501039090425794,0.039964475666390095,0.2129629618674745
7947,60371048241,0,0.2178988284455481,0.020864381209174648,0.15772532019608027
7948,60371044031,94107,0.071080817,0.075336322,0.14832826657551207
7949,60371113022,57609,0.5563816535764355,0.026897214,0.37537238951963864
7950,60371046201,86397,0.12515337269750462,0.019230769025312296,0.1530864184931159
7951,60371047031,85096,0.082417581,0.098324021,0.16701902630712456
7952,60371096032,85479,0.2981220622286143,0.039575289,0.24833702698937896
7953,60371098002,0,0.29800306761900053,0.020862308,0.3526473491244021
7954,60371096014,100326,0.1283292967850743,0.032623169,0.23112582628393494
7955,60371046102,112757,0.050684930812535195,0.021905804798403015,0.1490630310982706
7956,60371045001,75352,0.10603290579494602,0.039473684,0.15741507740335478
7957,60371096013,113029,0.13983050649956913,0.07832009,0.17293906655072522
7958,60371192023,73268,0.042489527,0.059548254314434015,0.14138499529519785
7959,60371096042,119722,0.2692939200444348,0.020467835958072573,0.3337078614190128
7960,60371046202,80482,0.068200492,0.031150667316270392,0.1979848856524691
7961,60371096011,150833,0.23246073055014943,0.052341597,0.2267002499857242
7962,60371132121,91154,0.20982142544908594,0.013477088767155138,0.44555873606333285
7963,60371132122,108913,0.40732758328069263,0.090581883,0.49586776586298753
7964,60371131012,122333,0.4198675468882944,0.022673031,0.5345572325347882
7965,60371113041,0,0.291338579,0.035282258,0.307863914
7966,60371112065,198173,0.5532435672797605,0.014130434629017015,0.516129027
7967,60371097003,98854,0.3848238430240672,0,0.45368420575069257
7968,60371114022,85455,0.3545093570362487,0,0.49415467403707425
7969,60371113042,65184,0.4323624567484631,0.019329164,0.30779054720440263
7970,60371113032,88229,0.3132345410667627,0.11609048179218744,0.42318059136241587
7971,60371113031,103462,0.45295586633675383,0,0.4328602596459593
7972,60371096041,78393,0.12820512637884435,0.019379845,0.26127167328009626
7973,60371047042,80083,0.17298187666407022,0.015313935564211826,0.1787072233638934
7974,60371097001,166094,0.2844364911946647,0.009493671,0.33703461569539767
7975,60371112043,146793,0.5615384553677093,0.046184738492121104,0.5804973783998862
7976,60371044032,63036,0.13117546624914028,0.047752808318078536,0.13210445367047272
7977,60371046101,72375,0.025443330567129295,0.012616201775456828,0.20437069929433144
7978,60371112041,223906,0.566493952,0.029888551,0.5359256105835772
7979,60371044042,75417,0.057086614,0.074272587,0.17826086859640833
7980,60371047041,57250,0.092153284,0.024353120058195434,0.2110091731731831
7981,60371114023,57186,0.2634643357826468,0.12414733885301951,0.401464711
7982,60371047043,50083,0.053067992,0.057714958095230175,0.23639774637525568
7983,60371132112,108226,0.4864328227238066,0.015250545,0.5931662843135932
7984,60371114021,38304,0.16073697483648683,0.067647058,0.3777224618685597
7985,60371112064,140179,0.3856427314583851,0.06697108,0.5177548623395778
7986,60371096043,101797,0.29888267738990676,0.033898304674354666,0.2704987297506447
7987,60371097002,85093,0.34412650343278234,0.092413792,0.4219077546021606
7988,60371044012,67917,0.08435374,0.05166846,0.12895662292522495
7989,60371131021,206298,0.5243415760228126,0.027464788538980364,0.6011029374932418
7990,60371131022,175417,0.5105485178212181,0.025415445,0.631067956
7991,60371047013,73625,0.10683012072101365,0.031969309054100906,0.18507157274977942
7992,60371044041,88073,0.070159026,0.030209139967396284,0.17391304207799482
7993,60371111001,112500,0.20420069773394753,0.016771488293799913,0.43443803721586427
7994,60371047012,38917,0.081929555,0.080090242,0.21941272341185675
7995,60371034021,97845,0.2258454079004178,0.009400705,0.5913978449201395
7996,60371011103,94375,0.3414211379303096,0.088732393,0.6959595889297011
7997,60371031024,85778,0.10281385170114879,0.056722688,0.6756425865894421
7998,60371031022,58036,0.19642856558248317,0.1121951192147532,0.6916461831493098
7999,60371031021,69375,0.22506393286281504,0.1061320729685832,0.7121693046331291
8000,60371031025,100179,0.28070175059781716,0,0.6468952674059752
8001,60371032011,78100,0.22295441942364405,0.006819289,0.5040705545994892
8002,60371031023,95847,0.15121512015107902,0.096645367,0.6690975326426843
8003,60379800211,0,0.30769207100609924,0,0.3392856536989904
8004,60371032012,104464,0.3093749980664063,0.1048874239160493,0.6707175887111251
8005,60371094001,72222,0.36238531278932773,0.020454544989669435,0.24766354947302532
8006,60371112022,97308,0.3839218603762445,0.014747191,0.5775764406705751
8007,60371111002,119531,0.31328878757766304,0.043256997,0.40325497044451497
8008,60371112023,111005,0.31114472863769677,0.12328139265223925,0.4414529895664402
8009,60371112021,121958,0.23523898561163087,0.073717948,0.5126536477754617
8010,60371044011,73333,0.14336598269487105,0.004120879,0.15805471
8011,60371094003,56479,0.23847695151826703,0.04400749,0.2765957425012156
8012,60371093002,108125,0.3911602166722628,0.026315789,0.29713423606987754
8013,60371131011,116653,0.6459948264772194,0.014662756490742255,0.5344934708856839
8014,60371093001,115625,0.17088607324547353,0.022408963,0.39860949711924104
8015,60371112042,170309,0.5197044302973866,0.017596782214194157,0.5027904591436303
8016,60371043212,0,0.024714828662406572,0.056680161,0.15197841589947467
8017,61110083043,141250,0.44905008247797856,0,0.6231249961054688
8018,60371041081,58894,0.035467128,0.027047332629246187,0.11694510684035747
8019,60371112063,131607,0.42440800684138424,0,0.5367483236442281
8020,60371094002,129886,0.33768913110255067,0.008392511,0.21100917255205026
8021,60371047011,108333,0.086720865,0.16536964658813919,0.18360375590432318
8022,60371112062,183272,0.5591836620574763,0.019819819462705956,0.5071283044080621
8023,60371132111,117321,0.5085301803902219,0.036151603287745755,0.5947115356023484
8024,60371112061,157644,0.4227848047748759,0.084690553,0.48902195120736575
8025,60371043211,73382,0.067729083,0.049528301302732294,0.1087786249162345
8026,60371043222,133333,0.095490714,0.016885553154117203,0.14685314538608246
8027,60371043103,103977,0.082957619,0.003262643,0.14748677151133088
8028,60371095001,49036,0.12101910635319894,0.054491899,0.15725190719655033
8029,60371091001,73056,0.2304199746830877,0.020299145,0.3840769870159494
8030,60371095002,73594,0.10174215956974104,0.092343658,0.12177867548368532
8031,60371041052,36974,0.1981335233443394,0.039682539,0.15857605120972293
8032,60371043213,36702,0.017921146311070026,0,0.13309776050532673
8033,60371066462,116071,0.4594594538149944,0.080786025,0.33712659788672406
8034,60371041083,137594,0.048367593,0.036666666,0.15811965699344974
8035,60371112011,0,0.28223843938882676,0.018140589363485383,0.4850809847819183
8036,60371112012,123750,0.44969378434213664,0.072789115,0.4978111288442081
8037,60371112013,111625,0.4379746724563374,0.015624999651227687,0.6069295029040681
8038,60371041053,70000,0.093851132,0.06060606,0.1369318174037965
8039,60371092001,114279,0.3446969653447353,0.026651216,0.3402438982897086
8040,60371092002,131629,0.44279175694746276,0.013859275,0.41167192104359684
8041,60371093003,153472,0.3013971995729102,0.034188034,0.4070891470774528
8042,60371043221,47450,0.13815789322195293,0.013725490061514804,0.12337662237518976
8043,60371082021,83667,0.6721479924350052,0.026530612109537693,0.3934210513374307
8044,60371042031,65357,0.16511430850876962,0.033954727,0.1492704820453779
8045,60371043102,62935,0.084622383,0.069551777,0.16002344572084734
8046,60371095003,0,0.019769357,0,0.19352226563949582
8047,60373203004,49789,0.13499245750382763,0.037350246,0.1625674855274896
8048,60371041051,98618,0.16249999864583334,0.048334422,0.24965706275955377
8049,60371081021,73875,0.5291828725138409,0.049586776274064034,0.3959971379842949
8050,60373203003,67292,0.11968348051747299,0.057872339933001365,0.1747776024344448
8051,60371081011,150000,0.48488440732137283,0.024986118684141485,0.5731497393582197
8052,60371081023,114653,0.6146616483584432,0.023411371041710944,0.6178548451004827
8053,60371091002,83393,0.1458189347213619,0.030128205,0.35537189886847437
8054,60371042032,64107,0.086529466,0.076320132,0.12812357960870704
8055,60371092003,125909,0.6244635059128003,0.012433392319122695,0.33239436307610926
8056,60371066423,108170,0.4272486715972398,0.074803149,0.519024385
8057,60371082023,213158,0.5353174581931847,0.005274262,0.2842300546039701
8058,60371043101,103162,0.087090163,0.045531196917949435,0.10356536414630421
8059,60373202011,37679,0.051798560405776115,0.040868454,0.2314814790999848
8060,60371042041,55625,0.10944395313818224,0.030654515,0.19566563346337068
8061,60371041031,94914,0.2240663884919337,0.028360748562899895,0.18074756691885527
8062,60371082041,169178,0.7399209427674234,0.023354565,0.3591814735639124
8063,60371042013,93214,0.10906515426253323,0.031678985937919894,0.10970744607907283
8064,60371066451,0,0.38505746683841996,0.02010582,0.58215613
8065,60371066461,129250,0.39935064675746335,0.04879518,0.5451300329162161
8066,60373203001,76989,0.1775210065386449,0.054844606445661734,0.1808278857253383
8067,60371066491,79514,0.097560975,0.05665236,0.18367346794604814
8068,60373202024,139539,0.2700421902947653,0.068100358,0.22869565018525523
8069,60371066433,166375,0.4642105214293629,0,0.6312056662978054
8070,60371066422,142841,0.40307691894280084,0,0.60997328
8071,60373203002,54697,0.17035216895698468,0.057164067875545156,0.21145374332899922
8072,60371081022,151806,0.6661870407742873,0.074778199,0.5435041651548967
8073,60371081031,140370,0.4851485104847119,0.013026819823549274,0.5844304488584405
8074,60371042012,94333,0.072122052,0.093869731,0.12028725242197934
8075,60373202013,44070,0.075043629,0.057333333,0.1658730145565634
8076,60371081032,173375,0.5875320188938342,0.071927374,0.6008315966678337
8077,60373202023,59762,0.021621621,0.042690814454193864,0.18469217816395858
8078,60371042011,86313,0.17189460261110914,0.040314651,0.12562395902143128
8079,60371066492,116250,0.27744269870394817,0.043558850384069966,0.19391891760865596
8080,60371066432,193077,0.5202780936236606,0.038335158,0.6240179503477222
8081,60371042042,93911,0.14895155351445008,0.014714204783733986,0.1764357597605935
8082,60373202012,75478,0.11017597467348145,0.041717049324564395,0.18726355493528654
8083,60371066421,135875,0.6128236669195603,0.041284403,0.6249999946489727
8084,60371082032,159444,0.7004405209202585,0.030364372162303928,0.40680850717609784
8085,60373201022,96250,0.22171945500706375,0.08596918,0.15499069959708184
8086,60373202022,79828,0.14760563297123588,0.002349624,0.22499999855769232
8087,60374002073,190250,0.5671936646799671,0.014519055997839274,0.5805958702781064
8088,60710008042,121250,0.38523984955542545,0.022282241578107754,0.6413246238744187
8089,60374004042,192639,0.608626188,0.039270687,0.7006236933407101
8090,60710092011,93493,0.39902080539154955,0,0.8126721718310074
8091,60710092021,52887,0.2807228881840616,0.026905829294777698,0.6299668822022609
8092,60374303022,96071,0.4680232524126217,0,0.5847507297082069
8093,60374303023,71181,0.5815423441018667,0.039855072,0.6195899701641233
8094,60374303011,192500,0.5646123148188407,0.057971013442554106,0.6853707346155237
8095,60374005011,166250,0.4493055524353781,0.024299065269164703,0.6543149651179182
8096,60374303014,139688,0.594645077,0.015109121348018348,0.626128263
8097,60374303013,143185,0.6361655727221092,0.008275862,0.6454336097817835
8098,60374300032,128807,0.5022774306323915,0.033207547,0.41642228603316295
8099,60374303012,0,0,0,0
8100,60379304003,85469,0.2581344846391652,0.065400843,0.6319875678262801
8101,60379110013,91000,0.22566690536649672,0.028628495148944774,0.6355311316512141
8102,60371066452,152866,0.4214925347970595,0.052071668241480025,0.6850649318874539
8103,60371066482,28929,0.067019399,0,0.12021371219756267
8104,60371082022,191130,0.6189358348241947,0.012411942259604352,0.35637221727453733
8105,60371082031,127778,0.5706179030856374,0.013403263325155809,0.4179850107494379
8106,60371066431,222850,0.5304917998000538,0.0336374,0.6599914756711057
8107,60371066481,82330,0.082651743,0.010603048341275519,0.19339111540251594
8108,60371081041,150550,0.6226749280542522,0.025621117813500637,0.5762411313460926
8109,60373202021,89306,0.17779868130010648,0.01614205,0.22796181792272982
8110,61110083081,202875,0.617241376,0.028351559220933333,0.5747566043993163
8111,60373201021,72250,0.19115442135566402,0.045165026,0.15561224410401917
8112,60371070204,71585,0.3301526654551018,0,0.18265220865177476
8113,60371070202,87727,0.12058823352076127,0.04638472,0.17673377944270113
8114,60371070201,78393,0.1728395040390185,0.011988012,0.16420845462921874
8115,60373201012,0,0.2767978252808979,0.068475451,0.20584497963249695
8116,60371066411,114444,0.47508090307391004,0.050236406,0.6862660914752527
8117,60371061141,50850,0.069660861,0.025522041565954823,0.17914300372151262
8118,60371066043,54769,0.098273571,0.013437849793529117,0.22872062543749022
8119,60379800221,0,0,0,0
8120,60371070203,89250,0.10834132206767669,0.093390804,0.23407560728080992
8121,60371070102,85357,0.21663244130767514,0.043192487857347535,0.18284693160901172
8122,60373201011,102448,0.21008901952469425,0.067813765,0.19047618955065018
8123,60371061123,104242,0.27684116879466575,0.051857585,0.27434982012060266
8124,60371061132,140625,0.2123613295375489,0.045698924,0.24426020252385075
8125,60371066041,58860,0.17823478853269248,0.018776077755381936,0.16658403487067905
8126,60371064032,98047,0.19402984851860106,0.017357762609857642,0.13725490073747862
8127,60371064031,130792,0.1848275836575506,0.048689138,0.2039525675576872
8128,60371061143,99167,0.20515574540732684,0.012779552657327463,0.17647058757829265
8129,60371070101,80000,0.11920529702644622,0.031380753,0.1782437734060041
8130,60371065203,95833,0.14562117977982506,0,0.20305980387301945
8131,60371061131,103795,0.26798307286330697,0.063532401,0.26444538058015443
8132,60371061142,64313,0.1226415083821483,0.062659846,0.1668316823424174
8133,60371064033,66406,0.196056953,0.023070097,0.18830675635302388
8134,60371066042,88224,0.1666666650230112,0.034252297,0.23374826947615304
8135,60371066032,187543,0.390993564,0.015863331202786265,0.5715214527209268
8136,60371065202,107793,0.165082107,0.078089461,0.2638888876250532
8137,60371064071,33285,0.14172335440222955,0.059037238337536435,0.2152739335070618
8138,60371065201,66154,0.15662650508056322,0.015577889,0.22761193923688458
8139,60371061122,91133,0.17777777631458622,0.029175783886391072,0.26467268473661015
8140,60371064072,52589,0.06521739,0.048366012,0.19237749371708263
8141,60371064081,55185,0.11050477414389649,0.042857143,0.17281695223669363
8142,60371064051,87165,0.2884283222070093,0.005223881,0.1868932023714142
8143,60371064082,43611,0.010582010302063221,0.021400778,0.10668563148384592
8144,60379203031,128438,0.6462917632739058,0.059264816,0.5430006243377237
8145,60371061111,102917,0.18382352837203886,0.057388809,0.31683168120772476
8146,60371064052,78086,0.1786690959100356,0.11735941224645956,0.24456521572985587
8147,60371065102,82008,0.2991026889421467,0.034146341,0.2379796005926197
8148,60371064062,97806,0.21092757038211474,0.060961312,0.20689654968574828
8149,60371060201,134408,0.3310638269696696,0.005546751,0.2321116918319734
8150,60371066031,117000,0.43929173322688253,0.06858407,0.6226027354616251
8151,60371061121,116027,0.2329778487860718,0.012242268,0.20056726012736117
8152,60371065101,98958,0.14846153731952663,0.16077170314616268,0.2249134935126096
8153,60371064053,102250,0.2167235457897006,0.12481857583717597,0.2039682523494583
8154,60371064063,110381,0.12074303312118395,0,0.19817073019686943
8155,60371060203,75250,0.18796992339872237,0.08710033,0.2542016793371761
8156,60371064061,97917,0.24109014573966395,0.024311763,0.30005200129991677
8157,60371061112,131838,0.2678117031309688,0.016741071335150272,0.33001841499072404
8158,60371060101,101597,0.12376681503348148,0.016246953564200216,0.2007062966409282
8159,61110084021,154826,0.5187250954683259,0.043147208,0.6500754115129441
8160,60371060102,134135,0.26726920421388506,0.037808219,0.34535777442130233
8161,60371060202,127396,0.45827984007342953,0.005370569,0.32623071
8162,60371065103,130110,0.47073954681196434,0.006666667,0.31831831672513355
8163,60379203123,96053,0.36562941749908473,0.062398263,0.5698699094843898
8164,60379203261,164673,0.5594549935612922,0.086009993,0.549081514
8165,60379203121,148228,0.5236641181399686,0.088294314,0.596554195
8166,60379203431,58214,0.18244169970890467,0.003986049,0.18680850984336803
8167,60379203133,218906,0.527702699,0.014863258,0.6677982508836166
8168,60379203131,118393,0.31090289343353583,0.012509773,0.4799054345159253
8169,60379203432,110000,0.4137587197033029,0.033421284,0.313302515
8170,60379203421,84784,0.16003184585961908,0.048916841,0.20540540401753105
8171,60379203122,53636,0.32689335141504366,0,0.5906351386618677
8172,60379203132,142972,0.2606132044739009,0.009100101,0.48387096462018736
8173,60379203422,48398,0.06042296,0.079685745,0.12344872551633752
8174,60379203412,73810,0.19969039938559754,0,0.22761448921657904
8175,60379203321,81364,0.39878233791807705,0.057915057356032265,0.6094182769213455
8176,60379203262,73558,0.35595105277028866,0.042553191,0.4611940264089998
8177,60379203341,205625,0.6980676159887049,0,0.7541729779336422
8178,60379203222,87500,0.3831450878962199,0.057982525353593925,0.6199575338643443
8179,60379203381,245185,0.6557376966489572,0.021714285466122453,0.5655456378480053
8180,60379203221,195294,0.46480937734883615,0.019384264317169164,0.5951525978891149
8181,60379203401,107931,0.5142857044897962,0.04137931,0.5046968359974651
8182,60379203411,55337,0.2058516174937135,0.020721411966834906,0.134320175
8183,60379203322,162083,0.34459458877374005,0,0.6851210993642318
8184,60379203383,127042,0.4464735488257333,0.10436755471147162,0.522972203
8185,60379203342,123487,0.7045790147034119,0.034883721,0.7140439871908292
8186,60379203263,143897,0.37480397085831696,0.022804463741851216,0.41457286258554077
8187,60379200421,129563,0.29914529630441317,0.072388059,0.4509466411305414
8188,60379203382,185938,0.6238060203981923,0.046583851,0.5066061085606683
8189,60379203343,63235,0.3654734389984213,0.079719667,0.5981751802986307
8190,60379203402,68438,0.11078431263936948,0.067047075,0.21600392628373133
8191,60379203344,152865,0.5058430675639143,0.054281345150754244,0.6582491545552798
8192,60379200314,103750,0.47786884854205863,0.035739313,0.4392279580634953
8193,60379203392,170543,0.7511190655724302,0.065179505,0.43920454420680527
8194,60379203313,99167,0.6309523559145891,0.046428569770408226,0.5712347276630295
8195,60379200431,150500,0.4923774186552228,0.055131761,0.5006890204393913
8196,60379203312,114254,0.476381101,0.013745704372881758,0.629941668
8197,60379200422,180839,0.2762148302274319,0,0.40827337762344085
8198,60379203304,87443,0.42536669175697417,0.021933387,0.7233333285111112
8199,60379203311,131974,0.43620177610087263,0.044985941,0.7110808925147458
8200,60379200313,35217,0.16119828586022417,0.034236804,0.6772946794464282
8201,60379203141,144583,0.38264580097691464,0.052053209646887165,0.5687150806217035
8202,60379203302,104821,0.5263157799216737,0,0.7456575589868789
8203,60379200423,139281,0.2990654170669928,0.009883198,0.5071907909185926
8204,60379108091,166591,0.4655482296851514,0.03375068,0.721009839
8205,60379203303,62222,0.5324999933437501,0,0.7078876958028898
8206,60379203142,121250,0.4131205600510539,0.065433854,0.6124260309731803
8207,60379203293,104612,0.4306076486826133,0.1247600759772228,0.7541418107744081
8208,60379200424,0,0.3710374613037647,0.16781465142257576,0.3730886833853705
8209,60379200425,132361,0.6286610812901561,0,0.38349206105719325
8210,60379200312,61595,0.3810408904226724,0.018029903174890487,0.6184062816026583
8211,60379200432,158214,0.3510498676146658,0.023380812,0.3470299232982807
8212,60379203391,129868,0.5106382960615663,0.052583862,0.47519181464145316
8213,60379203292,113065,0.41770400817632086,0.021347564900950203,0.6778316409086309
8214,60379200311,75909,0.012965964,0,0.37931031212842137
8215,60379203301,152788,0.6558603327715629,0,0.6813186626011357
8216,60379200471,65932,0.10944309874361695,0.052502625,0.21707478419234022
8217,60379200472,51250,0.3173912974480153,0.082840235,0.2778936377586359
8218,60379200473,61324,0.2555066056783559,0.037841625523184125,0.26209677268377435
8219,60379200351,69786,0.2643129758382014,0.03158344,0.35044642700693557
8220,60379203291,95596,0.38638454284091744,0.033131313,0.5555178249388188
8221,60379200301,133846,0.2951612855619148,0.096264366,0.41830508190979604
8222,60379200302,94306,0.4220183447521253,0.006374502,0.3948905080664927
8223,60379200303,134792,0.387423041,0.085578447,0.5266249000523692
8224,60379203281,117933,0.7018156375571534,0.046361879933278304,0.5938600876001002
8225,60379200461,83806,0.1950399319250108,0.085423729,0.40082360878234863
8226,60379203393,248325,0.3790697586262847,0,0.5730994068260321
8227,60379200353,119632,0.21052631152780746,0.064798598,0.3453427034679903
8228,60379200411,116318,0.3865062741291513,0.045109212,0.4731839750632453
8229,60379200352,99228,0.46430953659566687,0.027059530805414726,0.40109889940363946
8230,60379200381,56733,0.2524271795645208,0.15544871545755265,0.29519773802826454
8231,60379200483,100203,0.088748018,0.027086383,0.29934210362202796
8232,60371218022,84650,0.2663582269242682,0.064719358,0.3736007445261159
8233,60371221222,39722,0.097487436,0.024019215179990273,0.24125230054479865
8234,60371021042,93750,0.6513569869378185,0.031408308,0.7101303840508487
8235,60371222002,65353,0.11426188395111023,0.04403794,0.28799587692943907
8236,60371219002,59321,0.17498291062896165,0.076363636,0.2644978771122212
8237,60371221221,55804,0.038528896,0,0.1775200697812661
8238,60371218021,80833,0.096368714,0.023026315536992154,0.24809160068614886
8239,60371021031,65250,0.2919999980533334,0.043977055,0.704793542
8240,60379800201,0,0,0,0.49999750001249993
8241,60371211011,80552,0.1696969679828589,0.045346061691757665,0.2992327340218863
8242,60373002003,138080,0.5266054949246698,0.14828209496777406,0.4139150894585485
8243,60373002002,175972,0.5945205398010885,0.009205984,0.5562309974039413
8244,60373004001,91172,0.370883876,0.023743016,0.5029325476324593
8245,60373004003,160250,0.6523489845322284,0.07150715,0.6350230356219075
8246,60373004005,0,0.565088741,0,0.6281481388422498
8247,60374606011,238750,0.7475124285135271,0.026963657362676936,0.6410071896330418
8248,60373002004,168804,0.5543071057245861,0.028846153383875747,0.5640326898633149
8249,60373002005,122143,0.5075046856706877,0.079872204,0.4665492930366826
8250,60373001002,0,0.39520333268818214,0.011690647376882668,0.5499565547353905
8251,60373004004,0,0.5899999882000002,0.18799999624000008,0.5236907665375217
8252,60373003016,118846,0.5916289525833829,0.014605647374823297,0.5052316853121698
8253,60373004006,146451,0.7911714636473436,0.08066971,0.5831578885983381
8254,60373001003,167833,0.49625667918442057,0.025667351,0.6246376766330604
8255,60373003013,160500,0.6917808100722465,0,0.5669382937492632
8256,60371013002,121891,0.2769709514837038,0.040041067350707726,0.7349102713302588
8257,60373003015,194000,0.8411078594590692,0,0.5988779719652458
8258,60373001004,154797,0.7824296445955412,0.11929397371093138,0.600435489
8259,60373001001,159104,0.6917922890134649,0.070889894,0.6122931405892841
8260,60371014003,112639,0.2544502591157041,0.059792027211507566,0.7018413548028233
8261,60373003014,125653,0.6714285554421773,0,0.6670776736488573
8262,60371211012,63684,0.22649888803479729,0.035460993,0.31423709407693085
8263,60371212211,82708,0.078828827,0.009363296,0.18297872080881247
8264,60371211023,64107,0.1008771915076434,0,0.3576526537854667
8265,60371021072,97321,0.22592592383401922,0.086529883,0.6489698839225841
8266,60371212223,107772,0.21059515885810884,0.035128805,0.2407205227034906
8267,60371211021,58409,0.3431818103822316,0.060796644,0.4994375646857417
8268,60371014002,118370,0.3110902226401295,0.064364207,0.735757571
8269,60371211022,91319,0.25321100452823847,0.028380633916850855,0.7471264260470342
8270,60371021071,97847,0.4546952199083184,0.024414548956579227,0.6348273305112883
8271,60371012221,36779,0.19099890125686664,0.037644787463104304,0.5523504253833674
8272,60371014001,61985,0.12757973494221886,0.094178081,0.6064593228892425
8273,60371034011,96884,0.4249363846059217,0.053597295733475145,0.6772654981030782
8274,60371034022,127308,0.40821917249014833,0.039011703,0.6418848100326198
8275,60371034023,141250,0.354114704,0.064039407,0.6903408992849305
8276,60371012212,49651,0.21271729088418437,0.004606365,0.5760271047182248
8277,60371012211,61364,0.3161764659385814,0.060714285,0.5992613056393231
8278,60371033001,134722,0.3726521384473919,0.031506849,0.712565441
8279,60371034024,107476,0.34595700771794263,0,0.6328545724160272
8280,60371033002,129679,0.34217506404393194,0.061574896,0.6999510489478656
8281,60371011102,102572,0.18393234542683337,0.033477991,0.5588547160187979
8282,60371031012,100625,0.33142856669387766,0.026448362387300223,0.7629107891677137
8283,60371011221,145865,0.3556034463598952,0.050973123,0.7185732896103815
8284,60379800261,0,0,0,0.7272720661163036
8285,60371032021,112491,0.30769230570334644,0.029228855539621547,0.5335636696270303
8286,60371031011,133150,0.3690896233656343,0.074766355,0.7150537595964852
8287,60371041082,42723,0.16390041380428483,0.017605633699497455,0.1961373382140028
8288,60371041241,55797,0.16249999873046878,0.040727272431074386,0.300055771
8289,60371041242,90238,0.29120111528490844,0.10128913381651852,0.3552024584561637
8290,60371041032,112639,0.13843236322103436,0.093164277,0.17761033273621996
8291,60371041243,98750,0.33547007830192144,0.046277665064835716,0.7317487142317706
8292,60379304001,250001,0.5191489140787696,0.066147857,0.6428570854591887
8293,60379107091,106429,0.17122186357538696,0.036241610495022746,0.4515951570319298
8294,60379102131,127202,0.16998191528045284,0.025641025428941065,0.5167315134884707
8295,60379107071,59539,0.099999998,0.11078286394707734,0.2655935595868977
8296,60379107162,88417,0.1523482236406173,0.047014574297063585,0.2579225344544526
8297,60379107161,100685,0.10912698358567964,0.051676528,0.25340768199068253
8298,60379107072,79356,0.11009174269842605,0.033539564,0.22894795570929652
8299,60379107062,81771,0.11965811905652027,0.064580826,0.17007251097537074
8300,60379107121,90147,0.13722126870831358,0.033597583867128786,0.2253565761478397
8301,60379107151,87456,0.085280373,0.10969868121610789,0.19512195039898253
8302,60373003012,122188,0.6357827374475601,0,0.6522961513374307
8303,60371013003,109508,0.410646383,0.053613052988192855,0.8541202577492176
8304,60371013004,144444,0.2603878080278697,0.017434619957227646,0.7571770244356816
8305,60371012202,64439,0.29122588493325524,0.054008908,0.5299455511345482
8306,60371013001,89907,0.5343249366782044,0.072668112,0.7990832635669728
8307,60373003011,129219,0.7162162087711413,0.016112789364423067,0.6169220478552828
8308,60371012201,78571,0.3532550656002661,0.058291457,0.642982451
8309,60371011101,60545,0.3631067925911962,0.03406326,0.6448780456347412
8310,60371011222,83558,0.31236748895853367,0.074297188,0.7494751522080115
8311,60379108153,73646,0.11999999717647067,0.011999999760000005,0.6005326151726682
8312,60379108152,100714,0.28468767117364474,0.014947683034640344,0.7035175852202644
8313,60379108151,132083,0.2711864389101275,0.014797950968708303,0.6840354729266327
8314,60379108041,128478,0.33408884708028624,0.004004806,0.6686638685779992
8315,60379102172,82072,0.2420042631023227,0.053368329,0.2965779459006202
8316,60379102171,126250,0.49271339,0.082545683,0.28321108279050083
8317,60379102141,97731,0.335976211,0.04601479,0.33699059385062385
8318,60379102143,118081,0.35723431269376243,0.040658775,0.3657829313762099
8319,60379102162,119583,0.21866941609763066,0.025357873106920763,0.3887484184932098
8320,60379102161,141071,0.31862744707564405,0.013859275,0.4845956323196686
8321,60379102103,124176,0.4074338784314948,0,0.45508099979719807
8322,60379107153,82083,0.09090909,0.06398641,0.2095744673419345
8323,60379107152,58702,0.14375561416212387,0.091180866,0.23020450849394594
8324,60379107182,75682,0.2656826470227806,0.027522935,0.15883190770062744
8325,60379107183,71400,0.1568981049873931,0.034807832,0.17265846654371583
8326,60379107141,81583,0.10828440894791645,0.015319598,0.21433933853476222
8327,60379107142,69563,0.14788003983578035,0.039532794,0.1669291325438651
8328,60379107201,54342,0.040964952021097165,0.10078157095523828,0.2268730206582025
8329,60379106061,77109,0.059880239,0.024477611794163513,0.23626115436232428
8330,60379106062,64265,0.090909089,0.035294117,0.22781335564672137
8331,60379106071,79914,0.092807424,0.024390243727473143,0.2578651670906451
8332,60379200131,105417,0.35066006311336584,0.036519036235283325,0.5278310906728657
8333,60379200481,84375,0.15975526743878132,0.007075472,0.3462585022236105
8334,60379200482,68611,0.2107317052611541,0.039417309,0.45625404759394655
8335,60379200391,133214,0.2930434757126654,0.034090909,0.5475663686528409
8336,60379201153,83750,0.32263814425051607,0.029265872870704996,0.4860074604197413
8337,60379200354,136327,0.025373134,0.020631067710788015,0.3472644350511821
8338,60379201144,79943,0.6409638476992308,0.062680809,0.5212589700648318
8339,60379200382,69712,0.093672966,0.023399014634242522,0.28441879402787473
8340,60379200355,105614,0.097535933,0,0.3902877662743906
8341,60379200133,133359,0.5277196625119265,0,0.5174506808897925
8342,61110097001,72727,0.11330049075040245,0.062416998,0.25714285520945224
8343,60379200292,69167,0.062365590727251716,0.052823315,0.5215789446232687
8344,60379201143,157813,0.6605960155530461,0.032608695,0.5293072777148554
8345,60379200291,128173,0.35157545313784866,0.00385505,0.4807633103085155
8346,60379200293,108136,0.24597700583960908,0.012102874249578302,0.32097186290317314
8347,60379201152,111500,0.5028489956859118,0.023255813635351386,0.6514869827928719
8348,60379201121,71786,0.4013738920375477,0.039814814,0.6352247558200091
8349,60379201123,148404,0.7188533548086731,0.046958377300337494,0.662337657
8350,60379200281,170341,0.2115290658938492,0.014324082299355046,0.4541942592323558
8351,60379201141,113482,0.7193169613733515,0.071428571,0.6451378763052403
8352,60379200342,115769,0.3866481170146298,0.070303029,0.38494077508510344
8353,60379201122,129911,0.3621052593462604,0.047058823103540065,0.6143470225975045
8354,60379200401,113250,0.2841105341791427,0.054826255,0.39742319
8355,60379201142,167132,0.5188606580534206,0.014925373,0.49007936264841584
8356,60379201151,197019,0.5617646976211074,0.020026702002313726,0.731601724
8357,60379200132,158250,0.4948240140019461,0.030289123,0.526651859
8358,60379200172,131833,0.25140712709749413,0.037128713,0.5798319292927255
8359,60379108071,117898,0.38244680647634677,0.030963802743289127,0.5201250468146735
8360,60379200341,134224,0.4184365096320085,0.015449980627848664,0.4986531969742316
8361,60379108082,134531,0.209726442,0.028021015516453456,0.5355828188001054
8362,60379200173,155846,0.23227916867743545,0,0.583841459
8363,60379108072,132339,0.3688446952232732,0.017886178789080574,0.47212001
8364,60379200283,117011,0.48875821345984705,0.013149454736531575,0.5241264541626407
8365,60379200282,142014,0.5590551118216524,0.078034681,0.3991354438102634
8366,60379200441,128625,0.3758339482888514,0.032401525,0.6019184623409186
8367,60379201061,107065,0.20723537200877457,0.042715484200169775,0.39728682042220015
8368,60379201211,148523,0.6404561786287144,0.038839285540896044,0.45937161264221155
8369,60379201101,168611,0.5432960817975407,0.009925558,0.6567607677803806
8370,60379200442,81250,0.17766497011002616,0.056112223324404346,0.5889570461816405
8371,60379200171,153641,0.31568431253062623,0.028699551,0.6603325363394099
8372,60379201102,128750,0.42411642117729437,0.090402476,0.5981735125675028
8373,60379110011,71875,0.1574585613610696,0.055813953,0.5346106271037662
8374,60379100023,86016,0.10071301158009793,0.013177159493578628,0.3815943705650975
8375,60379100021,73589,0.12081984832351754,0.027265100556773905,0.3828207837146851
8376,60379100022,54607,0.054545454,0,0.3645786373836023
8377,60379107061,99485,0.1228733453550409,0.045510454917956314,0.1903949980380932
8378,60379107171,91250,0.1618341189357106,0.062571756,0.2276321255612479
8379,60379111002,63194,0.051826678,0.019436997,0.28230452558722413
8380,60379111003,71326,0.049916805,0.075101488,0.25961538365526854
8381,60379107192,103516,0.021030494,0.036423840908841716,0.16701902697970694
8382,60379111001,61875,0.10799796175243015,0.032482598,0.2060898618414784
8383,60379106082,70188,0.057734204,0.02125775,0.259493669
8384,60379105051,88333,0.098061572,0.073464911,0.2800844456010947
8385,60379105052,53750,0.15346938650229072,0.10428176723562316,0.22948402835634385
8386,60379104041,69432,0.084444443,0.039312038829090436,0.2566765559593727
8387,60379104042,67708,0.1327334075774274,0.094174332,0.23494374508622187
8388,60379105042,61170,0.156536219,0.046337817,0.24739583225956668
8389,60379107133,80000,0.1457233360838261,0.026824977894349258,0.18484992765674163
8390,60379105043,0,0.17615175674385483,0.12987012649687985,0.20334261555233127
8391,60379107181,115500,0.10750228679093189,0.033928571,0.18523260697724026
8392,60379106072,52396,0.091756272,0.007647059,0.2188365640866271
8393,60379106081,60102,0.1457029018457433,0.020266930201349825,0.23451776530701643
8394,60379106051,65938,0.091999999,0.045036319,0.19463340818354719
8395,60379107202,95833,0.13104524078747862,0.04765013,0.18800510341129262
8396,60379106052,45899,0.091783863,0.021045918233125523,0.25080385751284623
8397,60379104013,82936,0.1866566702649425,0.034782608,0.29505644104688034
8398,60379104011,0,0.7301586142605374,0.23809520030234915,0.34408600300612885
8399,60379107132,93750,0.16630669366839423,0.014047409885448553,0.16210173190552413
8400,60379105041,69282,0.064840182,0.035525321,0.26757493
8401,60379107212,120714,0.001845018,0.011666666472222226,0.2433361973917782
8402,60379105013,22377,0.056706652,0.035102041,0.11605316914083247
8403,60379107191,0,0.29624478030257606,0.069584735,0.1577152586725042
8404,60379105022,46000,0.01531589,0.11076923020118344,0.2063848911583413
8405,60379107131,88750,0.055599682,0.073860357,0.17074296183321197
8406,60379106022,42480,0.081632652,0.066937119,0.24379232368063022
8407,60379106021,57783,0.1584852723808887,0.009970674,0.18637048122601474
8408,60379104051,47434,0.078723403,0.034632034,0.14957456269782998
8409,60379107211,37559,0.10119840145673502,0.082160945,0.23211813460028546
8410,60379105011,30446,0.03916449,0.038209606569764125,0.17105893545252066
8411,60379105021,50758,0.15356151569323298,0.048652694,0.21843154533260278
8412,60379104053,29500,0.088154269,0.011644832520779967,0.15561224410401917
8413,60379104052,55563,0.016744186,0.063271604,0.1804703467256117
8414,60379104012,87188,0.29462934835616733,0.060952380758881326,0.35815111996083276
8415,60379105012,30227,0.09723261,0.066543438,0.17253368025843685
8416,60379106011,51369,0.042951541,0.018150388780031213,0.202537593
8417,60379106013,78750,0.078540507,0.045171339,0.2404125032535852
8418,60379106012,74519,0.032,0.038304392041346315,0.16340852048416782
8419,60379102153,49219,0.13358988381753775,0.057574327241272635,0.31351582415091606
8420,60379102182,0,0.11124121649600449,0.041894352988211724,0.17626526948071397
8421,60379102152,136031,0.24824824700576453,0.030543932926594422,0.30878467533426457
8422,60379102142,140234,0.45454545005389874,0.008810573,0.3142430263234909
8423,60379102102,93816,0.24861878109642568,0.02045728,0.47688242749747406
8424,60379103024,67788,0.2298256925124229,0.069605568,0.566595056
8425,60379102101,129408,0.4614757421056839,0.00719671,0.4398863981070167
8426,60379103021,114508,0.20072332367588927,0.054637865,0.6168582328210097
8427,60379103023,161571,0.26782608540390673,0.074388417,0.5126135191089126
8428,60379103022,54153,0.17915309154473794,0,0.4688644654295644
8429,60379102121,135306,0.22328114211517264,0.029102167,0.586189513
8430,60379012181,190417,0.457090685,0.012201073634938634,0.5471161634966849
8431,60379103011,98194,0.3611764663391004,0.036764705,0.5569620213997045
8432,60379103012,126411,0.1868708963375453,0.058373590747288276,0.6457912436168645
8433,60379102151,101724,0.39920158883829165,0,0.3016055028577666
8434,60379102183,68526,0.4103260813814391,0.025089605435010688,0.39538714666073194
8435,60379102181,100278,0.2595307898861379,0.01541307,0.4810810778305333
8436,60379102122,65500,0.21167161017139852,0.051470588,0.5503875930205244
8437,60379800041,0,0,0,0
8438,60379007051,86071,0.581460666,0.035675675,0.5663366299251708
8439,60379007042,46394,0.26470587910899657,0.035051546,0.36111110816085695
8440,60379005041,44076,0.072916666,0.10385756573830301,0.3089647795679574
8441,60379007053,26697,0.2776801357173966,0,0.26294415976706437
8442,60379010111,100197,0.25162818086661826,0.027965284339608078,0.45499430134829355
8443,60379102111,224444,0.3120805342946264,0.039634146,0.4723382021276712
8444,60379011022,89049,0.3082881463339415,0.019340974073488726,0.5967849926538179
8445,60379011021,70380,0.18793273800264354,0,0.5020978997571193
8446,60379012152,32944,0.20820575500180188,0.021396396275921194,0.5531914870538528
8447,60379012151,75794,0.23836549105147004,0.056917688,0.6297376056575067
8448,60379010071,80192,0.1650273206007943,0.01417004,0.5548617256479775
8449,60379010072,112656,0.34923076385798824,0.044198894417142344,0.6053677872229842
8450,60379011012,90900,0.562359295,0.041747951,0.4423975792070454
8451,60379011011,83173,0.1863753201389761,0.029428095,0.5694656466814287
8452,60379010104,97760,0.3480333689149777,0.037634408197479485,0.4967502275139255
8453,60379005042,79345,0.3193083555083092,0.067574646,0.29952348434471243
8454,60379007052,47923,0.222414788,0.066771819,0.45961459426152274
8455,60379007041,58902,0.22533136800197814,0.032916392,0.27796610051709275
8456,60379005043,91304,0.21176470457111637,0.019577537251017324,0.29726775847989884
8457,60379005081,52292,0.2926108345555583,0.010212765870529652,0.2810077505765128
8458,60379005093,58782,0.12578616,0.031847133,0.2702020167903786
8459,60379005103,0,0.2995391636050884,0,0.2068654001186504
8460,60379007033,50505,0.14406779579622714,0.053651266,0.34997286842119985
8461,60379007013,72420,0.17121848559644448,0.045646661,0.35448195369917374
8462,60379007014,64009,0.10192837325167531,0.056818181,0.2771535554573637
8463,60379010113,90313,0.5714285631828491,0.015831134355789783,0.46666666313131316
8464,60379010103,66346,0.064118372,0.12764003555886103,0.3216506482665311
8465,60379010101,105433,0.29128738242799246,0.006622516,0.49403640618935085
8466,60379011023,124750,0.21279290555545977,0.032502708,0.5491525397135469
8467,60379012142,149886,0.3296213783992474,0.033249686,0.3883048594723728
8468,60379010102,39621,0.11463844696086026,0.019345237951300314,0.3865979359301378
8469,60379010112,73869,0.29962263924813104,0.080452545,0.47783250895262136
8470,60379012161,109018,0.33205898234812137,0.073,0.5609220616138966
8471,60379010091,97169,0.20232815852367983,0.013362068907922115,0.5369362343042914
8472,60379010131,140417,0.36264821776039313,0.013698630019703511,0.4126168205017905
8473,60379201212,193750,0.5969281834913732,0.023900242,0.4554621835981451
8474,60379200453,111548,0.34309622952445984,0.04091456,0.58663646
8475,60379201181,111349,0.39615668591162834,0.033548387,0.5758780611273819
8476,60379200492,187593,0.4790683948140672,0.020261605487915862,0.5477408342972275
8477,60379201111,136250,0.3620352215065047,0.057692307,0.5698787455655473
8478,60379200202,134333,0.23632075360226057,0.028681506726534644,0.6438115307882857
8479,60379201091,80313,0.4270309099422652,0.014612452257862438,0.6227022030206699
8480,60379200452,181250,0.4364699604653378,0.043172219,0.6608996514382942
8481,60379200451,125341,0.43478259924385654,0.047984644,0.5849056542462719
8482,60379201112,117969,0.4080645128381894,0.010719754894948278,0.6574697129376197
8483,60379200181,135313,0.2571884942941135,0.003811944,0.646475764
8484,60379201092,145260,0.34677989846581814,0.014549524261054705,0.585994611
8485,60379200182,151250,0.4243146552525071,0.027114967167950466,0.7437304016949028
8486,60379201213,146217,0.681122446,0.044436146,0.3921863250884389
8487,60379200203,92134,0.39763420930269144,0.045490195721645525,0.6099137898172748
8488,60379201183,141944,0.4086799252038582,0.0342827,0.536685287
8489,60379200162,179792,0.5682800321163352,0.014566642335882583,0.6218077457049993
8490,60379200161,120125,0.42598508598524937,0.019512195,0.5597014865703467
8491,60379201182,162047,0.36950672314343747,0.035629453,0.5233160591634078
8492,60379201191,175000,0.48653344494758083,0.004297994,0.536824874
8493,60379201093,166023,0.6984401958675877,0,0.6084762804391899
8494,60379202001,0,0.025757575679522495,0,0.1513252146287156
8495,60379201202,250001,0.6593806801570004,0,0.5486111056685407
8496,60379200151,170833,0.5378378354151448,0.041023558,0.6322974132085465
8497,60379200491,81875,0.20921543948673177,0.057692307039679785,0.5456221147868929
8498,60379200201,82545,0.34385381774207796,0,0.5656128169527379
8499,60379200152,208722,0.5150357970642683,0.02266187,0.654373665
8500,60379201163,135708,0.5376641289726045,0.046336881,0.5862068939601817
8501,60379201201,196273,0.5998920054001512,0.027877697716377256,0.48209798843562185
8502,60379201162,138333,0.4431749823020145,0,0.6080722219433233
8503,60379201041,147135,0.3784078496270019,0.078897338,0.6544655905766267
8504,61110097003,61683,0.13583137855195834,0.035010940152933476,0.8036253655041485
8505,60290033051,44593,0.2601431949863581,0.11511511396281167,0.7755443821143687
8506,60290033082,0,0.3949044523104387,0.111581919,0.6448669152481603
8507,60379201161,129219,0.2207792136110645,0.041237112,0.5515350816717645
8508,60379201021,92835,0.47513088383336544,0.10537870356335123,0.3535690436719877
8509,60379200501,68125,0.2326388861963092,0.077087794,0.7695783074579947
8510,60379201023,102614,0.30773169325278193,0.035958903955655375,0.5439384203209159
8511,60379201022,105875,0.18763796495280433,0.14136125407746503,0.7710843218657767
8512,60379012091,77969,0.16528925392163563,0.025912838328470692,0.6540145937663169
8513,60290055143,0,0.215648853,0.056891025185168066,0.6512992401399896
8514,60290060111,76956,0.2552135029273734,0,0.7958446215183169
8515,60290060112,63750,0.23287671020203918,0.021524663484083734,0.7295208598955112
8516,60710091341,46131,0.1500974629610631,0.029772328725528395,0.41299303465205295
8517,60379001032,62605,0.14638665752695085,0.020558776907966383,0.37775854444933554
8518,60379013001,67984,0.14804722844643753,0.093397745,0.47787170324280603
8519,60379800031,0,0,0,0
8520,60290057002,0,0,0,0.19999993333335556
8521,60379001033,59881,0.11787072131301596,0.067323481,0.3388540718941178
8522,60379001021,45982,0.11695906204758164,0.027874563974310734,0.46746987388590516
8523,60710092012,92700,0.3787878759182737,0.042120552,0.7977171794691365
8524,60710091212,64107,0.20699500209139898,0.048096192,0.7364419628158035
8525,60710091202,45033,0.049914917,0.073158914,0.6225490170647507
8526,60379110012,0,0.15396825152431348,0.066568046,0.6096866010016154
8527,60710091201,68079,0.062451811,0.12268188214920199,0.65037783
8528,60379001042,56067,0.072383949,0.040686586,0.3290229869299665
8529,60379001043,58586,0.13784246457326657,0.028781383779660847,0.34551784009783354
8530,60379001041,59139,0.10404624202278727,0.037999999746666666,0.3737327171717386
8531,60379001031,52917,0.12421874902954103,0.048251748,0.3153028186994784
8532,60374027024,55000,0.012024047975710942,0.051028806,0.18085668862582396
8533,60374026021,57208,0.23267326502303698,0.18079999855360002,0.2390158151228839
8534,60374023012,66146,0.10238907791587555,0.052631579,0.17391304285334874
8535,60374026022,0,0.15485829802775003,0.043440486156034006,0.24147933109877207
8536,60374023031,56439,0.086589228,0.037391304,0.20445062444749218
8537,60710002073,67436,0.13089430787890807,0.007598784,0.17042041914098785
8538,60374027051,93100,0.063076922,0,0.23320157918417725
8539,60374027061,76518,0.11786148094943523,0.034965035,0.14376078123196792
8540,60374024052,74464,0.13214285596301023,0.039114390855244346,0.12917705671233387
8541,60374023033,79032,0.1523579183511739,0.077457795,0.2434593005562551
8542,60374023011,111250,0.2027239381732638,0.070961718,0.1860202924238245
8543,60374026012,82083,0.2130801642810092,0.015355086077637504,0.2238137849255704
8544,60374024063,81172,0.16698903825281083,0.034392913,0.19404466404940612
8545,60710002071,106364,0.22335025002791456,0,0.2033660574799014
8546,60374013031,131607,0.4770047141686043,0.036868687,0.42639820838300574
8547,60374027062,128438,0.07111111,0.011469534,0.2425409023817045
8548,60374027063,76136,0.26573425953999397,0.099800397,0.16047297161762694
8549,60374026023,149926,0.4029411735077855,0.066232998,0.4193341842552229
8550,60374027052,100865,0.14046622749273027,0.032189973444907795,0.20950622884399522
8551,60374036013,179120,0.4636243355580401,0.059579439,0.3995121931731112
8552,60374013043,149219,0.5163447212752993,0.10394265158464049,0.49485160209054146
8553,60710002033,68092,0.11967545517570533,0.11121323427193719,0.22993310844537534
8554,60374022002,81772,0.17223282360575942,0.059707393990876254,0.31346153725591713
8555,60374026011,83750,0.23792697010686725,0.008653846,0.21481481282578876
8556,60374027031,59787,0.27238525001967456,0.034383954,0.18364779797212663
8557,60710002031,98507,0.1909586890806026,0.00947226,0.20694645341559836
8558,60374027032,101648,0.11185308785835789,0.017848037,0.1935871735727969
8559,60374021022,121250,0.20537427891635138,0.056116722,0.2183035704540019
8560,60374021013,73827,0.13536201327007333,0.01888412,0.15613652755165922
8561,60374020012,60052,0.14730100505671542,0.027331189,0.32559726740206646
8562,60374020021,81518,0.5088282463175904,0.013389710969769479,0.3757609276382904
8563,60710002011,68417,0.10273972462000378,0.017401391909496616,0.18521462491880267
8564,60374022003,92321,0.3282493346933068,0,0.33504587033010685
8565,60374021012,108800,0.1693925213856014,0,0.16039051492056824
8566,60374056001,90926,0.2858851657542753,0.022662889,0.26871938230427306
8567,60374061034,69702,0.2574898764575719,0.058664868,0.3135491587916717
8568,60374037223,87500,0.3325242678091715,0.023255813718343645,0.2817120600644976
8569,60374060004,99000,0.1602822564487676,0,0.3973684175669437
8570,60374061033,68000,0.23076922815871914,0.048832271,0.32663910025611875
8571,60374055001,84948,0.2613496900447891,0.064692982,0.22476340516748103
8572,60374053012,102679,0.20655270361036035,0.030480656,0.2593582870363751
8573,60374049022,79716,0.20417287478261645,0.030131827,0.1552094513683703
8574,60374049032,76838,0.21259123893621132,0.018612521,0.1473443738015741
8575,60374052013,55214,0.20469798520336924,0.047727272456095045,0.16832779530272537
8576,60374013041,135507,0.5695830853224716,0.026930894172099117,0.4782759802632048
8577,60374022001,93606,0.27789473489196675,0.027160493659503127,0.300358789
8578,60374021021,93051,0.20061255640320289,0.085440279,0.20465601040772755
8579,60374013042,0,0.4853372362853778,0.016150740024889098,0.5722943673394427
8580,60374015003,91071,0.34680850325939355,0,0.44455851699631915
8581,60374003042,75080,0.2850174196166034,0.016194331890142674,0.44109055286713456
8582,60374038022,82928,0.3277310878469035,0.052840157822454985,0.3041556118111794
8583,60374017072,59034,0.1895380421906383,0.022639425606629345,0.2271325784833886
8584,60374016021,69205,0.26833198924926677,0.036105032691083026,0.48336532155033485
8585,60374017061,56250,0.2983828883756761,0.055828495,0.38268365673656796
8586,60374003041,79969,0.3766233739060363,0.037873754,0.488809308
8587,60374017071,24521,0.2997946581129912,0,0.4465037873083085
8588,60374013112,51389,0.29644921307638966,0.089198606,0.4538271582527054
8589,60374089001,113378,0.3301500659607772,0.046699875176214975,0.6843693380545001
8590,60374016023,112500,0.5155615627122928,0.12406416979610514,0.4856927674270123
8591,60374012023,86350,0.275426872,0.078590785,0.5270127090730259
8592,60374013114,106328,0.3158611278702442,0.015479876065140086,0.48975068980747544
8593,60374089002,68606,0.36244541089033394,0.014675052257074925,0.6327433581656094
8594,60374012032,84872,0.34901461952311114,0.040762308,0.45058139371155015
8595,60374018021,115256,0.5364705819238755,0.027292576121260088,0.5958219746065216
8596,60374012021,89034,0.24555555282716054,0.050921860834751004,0.4908100715397545
8597,60374003044,112476,0.5729166606987848,0,0.47026021867787904
8598,60374003045,0,0.45188283888587394,0,0.5625431889250644
8599,60374089003,93922,0.30297029552985005,0.016550522575999465,0.5363247844147977
8600,60710008173,39650,0.31962864297574745,0.027295285,0.4550682929182725
8601,60374018011,115341,0.708306907,0.035087719093054276,0.5590457234232774
8602,60374018012,152301,0.734887103,0.034772854544179166,0.5164983130202134
8603,60374018022,107472,0.5637622587203562,0.031173891713717036,0.5174459158498048
8604,60374017052,127824,0.5799721755219447,0.055878928,0.5829596360272679
8605,60374017051,130321,0.4951298661109589,0.020110957,0.551827739
8606,60374016012,70852,0.3356545945419935,0.033624454001639936,0.5375953485739362
8607,60374016011,95481,0.47133138511825673,0,0.6458951469248749
8608,60374012022,67236,0.2599531585485579,0.06460945,0.4519408461003619
8609,60374016013,104450,0.43116882743576773,0.004901961,0.539092397
8610,60374004032,121250,0.3375314833120782,0.022646851,0.46627850331742593
8611,60374013111,111471,0.2623805363824454,0.009223674,0.5840504843141108
8612,60374011012,65975,0.1989795898063307,0.024258759889858404,0.47230864671867673
8613,60374012012,161167,0.40544629,0.023097825930041945,0.5237515193437788
8614,60374012011,123417,0.44055201230836505,0.018914474,0.5394566588650928
8615,60374002062,178629,0.7381404127884857,0.051790633,0.5876561886116767
8616,60374002072,136250,0.37983706334178147,0.011709602,0.5454545409466567
8617,60710008151,164688,0.4956011693870882,0.024707412,0.4898785396768159
8618,60374002081,146898,0.5041628075470601,0.012864493886239333,0.6215522731138404
8619,60374002061,163750,0.6104368907344786,0.048240841319402095,0.5131734152057671
8620,60374002093,145938,0.5496183153662375,0.043990573102980574,0.5812016622177176
8621,60374011013,74566,0.49656750003927347,0.030456852534205985,0.542688077
8622,60374011011,136563,0.605734756,0.088586029,0.5313152345374192
8623,60374004022,116118,0.4241110110658195,0.055714285,0.5565099432345842
8624,60374002071,170781,0.4869451665343005,0.023174971,0.6063100109450845
8625,60374002092,104479,0.6942053890177545,0.003051882,0.5838052062072185
8626,60710008132,93661,0.5716814108700761,0,0.59677419
8627,60374010012,111607,0.4659793718354769,0,0.6303724868159266
8628,60374004021,136094,0.5614678864742025,0.16426512889401954,0.585727523
8629,60374002091,125700,0.6861538355976333,0,0.6385542120590797
8630,60374004041,168214,0.5178979396961315,0.018691588660269768,0.6437308835691596
8631,60374004043,169821,0.5143678111650593,0.065181518,0.6584093829308385
8632,60374010013,146667,0.6498800803386072,0,0.7189835468014418
8633,60374010011,120313,0.5445544500539163,0.011786037971114797,0.6501872610472864
8634,60374002051,209688,0.7545189460377905,0.033828805567253685,0.514248279
8635,60374004031,138299,0.4124846975980129,0.006148686,0.5869565187010533
8636,60710008131,114083,0.5963375748699238,0.036324786,0.5579322604995113
8637,60379005052,78349,0.11661807495176331,0.024451411,0.2802524117288329
8638,60379005061,78500,0.18155410180425488,0.1150442471088835,0.25860621218049445
8639,60379005091,65000,0.11959654092509697,0.061839323,0.33258594793503005
8640,60379005102,44091,0.23620689247919152,0.1066666653737374,0.27247190819893324
8641,60379005082,118098,0.19818331793407665,0.038088642395508014,0.2928600230219442
8642,60379007031,67274,0.3935681440002439,0.050349649997554896,0.3407696578875089
8643,60379007011,30685,0.085906039,0.008530806,0.22015404223264415
8644,60379005012,85967,0.1338455312015951,0.035290125,0.22775200241353014
8645,60379005013,57281,0.14228187823971894,0.08926342,0.2333230856645463
8646,60379010092,55536,0.16544117342939021,0,0.3863854229493248
8647,60379007032,73168,0.246808507,0.010709505,0.2667313262198707
8648,60379007012,48599,0.039568344612080135,0.053935859,0.3007217297456156
8649,60379005051,72604,0.15603248169354708,0.06479956,0.28317151950824426
8650,60379005062,76296,0.11852292960975028,0.032258064,0.20296643168241046
8651,60379005011,75833,0.078444747,0.070852534,0.2275931509184635
8652,60379005092,50710,0.13134328162174208,0.069008782,0.21632652884631406
8653,60379005101,60208,0.28732638639473623,0,0.21967654838492892
8654,60379006072,68769,0.088620342,0.003072871,0.26972579591647566
8655,60379006082,85063,0.16439688556034157,0.087850466,0.24158125738227484
8656,60379006093,27214,0.096642929,0,0.16435643482991863
8657,60379008052,84517,0.15136338257449425,0,0.4050781234176635
8658,60379006111,59975,0.20923912853950066,0.022727272549159308,0.21673003733608986
8659,60379006071,49018,0.051740357,0.10764430493257172,0.2318255241040972
8660,60379008061,46161,0.030325444,0.053417575798865156,0.2657480301882479
8661,60379008062,18391,0.12516468955754487,0.050742573943424664,0.283399208
8662,60379010082,83750,0.3004807656192216,0.006930693,0.34636871185876433
8663,60379006081,0,0.1060716890558033,0.036621382,0.25574828456737275
8664,60379008053,104514,0.15524359904836005,0.025601241073690915,0.4070080835107272
8665,60379008051,76890,0.1552270310958075,0.047573739,0.3577749661329016
8666,60379006062,43154,0.027563395506467525,0,0.20213713088034613
8667,60379006061,50917,0.099644128,0.052693669,0.23693966890145038
8668,60379006092,104384,0.054559625451600736,0.068152866,0.19473188995892807
8669,60379006112,91515,0.11736770612369263,0.04418828,0.3185618702461382
8670,60379003011,62821,0.17794970900411164,0.056593095,0.3209502139981041
8671,60379008081,53125,0.13349713240379088,0.011235954977275597,0.2534191462050718
8672,60379008072,72478,0.056022409,0.059717697829979925,0.3331678235691766
8673,60379006102,40855,0.078826764,0.041853512392724126,0.3021479699181481
8674,60379006101,25701,0.049625467700136074,0.010869565126508654,0.27044710866713684
8675,60379008041,42358,0.055694098,0.045738045421080765,0.21719641313285892
8676,60379006022,49048,0.14113712280175839,0.060995184,0.19453697470174225
8677,60379012141,103398,0.294444443,0.006258382,0.5015014998281565
8678,60379010132,119572,0.3046937127709331,0,0.3906590991241418
8679,60379010121,128097,0.303860519,0.054162487,0.39397321208720304
8680,60379010122,112230,0.32476190373091457,0.027763363,0.35150482580492665
8681,60379010141,98462,0.34786252851749766,0.026912181112519966,0.4508293812154658
8682,60379010093,98864,0.3499529600192572,0.041254125,0.44590780599290775
8683,60379010142,128998,0.3802381985873921,0.041651443,0.36571747524925324
8684,60379010081,89879,0.24783634738130333,0.08343949,0.359088656
8685,60379010031,0,0.017096882275907197,0,0.12843197032205012
8686,60379009012,108533,0.1024890175331037,0.0811138,0.6326963861804927
8687,60379304002,94615,0.23514211278702551,0.026315788896583578,0.519848761
8688,60379108101,172426,0.3826558244842503,0.026598226660764224,0.6040968320145369
8689,60379108081,99341,0.3026004710248199,0.009834368,0.5745708123681823
8690,60379108141,135273,0.25938117011598966,0.022842639448968024,0.7222525930986736
8691,60379108142,110875,0.2402428426691861,0.013570822616023557,0.6941309215906833
8692,60379012171,115278,0.32644627829383244,0.008737093,0.790712879
8693,60379012101,101042,0.23964967962062358,0.057163530700698045,0.7717678049355686
8694,60379006021,48113,0.086294416,0.032040472,0.24120769661178598
8695,60379006091,41027,0.079239301,0,0.20976491736127234
8696,60379008082,83866,0.19414575750211616,0.001756697,0.2856463864750647
8697,60379008042,72115,0.11473565675212985,0.003968254,0.2720333083134399
8698,60379008071,75500,0.3137715155416939,0.061611374,0.309952977
8699,60290055132,31705,0.10588234982698971,0,0.41086186055653057
8700,60379009011,41667,0.11748633772781114,0.040581929,0.35565669469664046
8701,60379009022,44286,0.18181817546090298,0.094405591,0.6448412570468005
8702,60379009021,73214,0.31047865057595536,0.024027459679319685,0.6700854643582439
8703,60290055131,88194,0.15697036051624194,0.025112107398097692,0.4935370123763983
8704,60290055142,75000,0.1704918,0.1401028259626886,0.5639300096639972
8705,60710116022,0,0,0,0.5454545193562431