,GEOID,r_income,r_pbb,r_upr,r_wr
0,5.3042E+11,95469,0.3550135405145382,0.047034764,0.8659003720830093
1,5.3042E+11,58102,0.26160337000836775,0.005976095,0.8793774205009414
2,5.30531E+11,0,0,0.9999991666673611,0.39285700255107053
3,5.30531E+11,109125,0.28829685739013455,0.06760316,0.9000998911078932
4,5.3033E+11,130506,0.36043587292174456,0,0.8523621991314817
5,5.3033E+11,172109,0.45193928411569506,0.015027322199080298,0.8343313289986893
6,5.3033E+11,170515,0.4150485336153269,0,0.8909090813806516
7,5.30531E+11,101964,0.33534136209496623,0.009182736,0.8498322076356358
8,5.30531E+11,78388,0.26070991112962166,0,0.8559639845764142
9,5.30531E+11,109091,0.2292682898869721,0.009205984,0.839189184
10,5.30531E+11,113882,0.18997106856344195,0.024744027092627754,0.8982434833540673
11,5.30531E+11,108667,0.3056234693918218,0.008817046,0.8662990980958022
12,5.30531E+11,117963,0.2577114402217767,0.006235386,0.8641975255296449
13,5.30531E+11,130000,0.2752639496586429,0.044359949,0.7736932752803373
14,5.30531E+11,147500,0.12240868585973656,0.1117166202387228,0.7972079294841445
15,5.30531E+11,108750,0.18867924290969507,0.012557077482225143,0.7848605515150554
16,5.30531E+11,124667,0.3104956222959822,0.009708738,0.6740924036791056
17,5.30531E+11,147563,0.5422594096882057,0.033700583,0.7182182146235324
18,5.30531E+11,0,0.13183730530382462,0.059322033180120665,0.7427626075867444
19,5.30531E+11,131786,0.39603959742508915,0,0.7794117589749135
20,5.30531E+11,138889,0.24751066680291134,0.014129737,0.7789072377451891
21,5.30531E+11,94183,0.35443037226940144,0.027322403873908857,0.8327137469078648
22,5.30531E+11,131488,0.5445724665113024,0.030504714280352983,0.7710314538623959
23,5.30531E+11,147625,0.6107226036046317,0.051454138,0.7520299765644599
24,5.30531E+11,103646,0.3947198944319389,0.010651629005942175,0.7873641250858415
25,5.30531E+11,107794,0.19330854659277796,0.021341463089306966,0.7988313789746964
26,5.30531E+11,143151,0.4526315736534319,0,0.8116438300572341
27,5.30531E+11,80272,0.17050691131990184,0.024691358,0.632020654
28,5.30531E+11,112083,0.050955413,0.12658227702436967,0.7838939777380838
29,5.30531E+11,105667,0.26868686597285996,0.026079869388102125,0.6786619326981149
30,5.30531E+11,157228,0.4865238390703259,0,0.7494802455848221
31,5.30531E+11,83056,0.3511326832432631,0.095206828,0.7676975892254462
32,5.30531E+11,111135,0.1273516624116981,0.026854219605444762,0.7803108727428926
33,5.30531E+11,96012,0.41598694264295366,0.038067349369438515,0.786163514
34,5.30531E+11,131500,0.345120221,0.055066078688699574,0.8425063434165424
35,5.30531E+11,118676,0.22530328898954438,0.015098722,0.7452830138458018
36,5.3038E+11,112803,0.4017996854389683,0.034816247,0.9143054564122133
37,5.3077E+11,83929,0.16539439782711457,0.11848340951461116,0.9255498997368884
38,5.3038E+11,44085,0.13679890373736112,0,0.8573333219022224
39,5.30611E+11,64750,0.2110609456990864,0.078556262,0.8298642458835815
40,5.30611E+11,51528,0.19768283709136253,0.067524115,0.851985555
41,5.3058E+11,75303,0.079470197,0.031315239,0.730711033
42,5.3033E+11,96574,0.3716475048320881,0.041570438,0.8487530100663475
43,5.3033E+11,146319,0.35596507899160934,0.013850415384576036,0.8561702054794025
44,5.3033E+11,174006,0.4729626772813201,0.011173184279516869,0.8330569329294808
45,5.3033E+11,230714,0.6354890398958363,0.015616866,0.7860426210361778
46,5.3033E+11,78274,0.6184501799376371,0.012445551,0.8731208606547152
47,5.3033E+11,128384,0.45446008962948276,0,0.8049465946883272
48,5.3033E+11,166680,0.47468353929658713,0.034830430478181205,0.9017421539948283
49,5.3033E+11,0,0.5130168374729428,0,0.8672350686085862
50,5.3033E+11,72566,0.3142857053061227,0.050279328,0.7928348786162792
51,5.3033E+11,164655,0.4316702773137714,0.005923001,0.8473867536767474
52,5.30531E+11,94429,0.1682176079583564,0.03030303,0.8504514624692355
53,5.30531E+11,80625,0.24629079875083285,0.055973266,0.854241333
54,5.30531E+11,105313,0.1317829440338121,0.11282660198543229,0.8299492315571131
55,5.30531E+11,108927,0.10796221176839121,0.12679425685652804,0.8271718962368586
56,5.30531E+11,129605,0.2246740198126979,0.011680143650672565,0.8340807112550022
57,5.3042E+11,66458,0.1522633729191011,0.052165354,0.8864817947445252
58,5.30531E+11,100083,0.11944091334890834,0.024338624081072763,0.8171701047919706
59,5.30531E+11,135855,0.18757061934948452,0.067628494,0.8664259865240002
60,5.30531E+11,104432,0.2323064093896219,0.011552346486986668,0.8951999928384001
61,5.30531E+11,117571,0.22727272394028264,0.013227513052546123,0.8671766281837509
62,5.30531E+11,114625,0.14811407407438754,0.043215211,0.8336065505442086
63,5.30531E+11,112273,0.3879120836493178,0.014822134240888001,0.8278750888966101
64,5.30531E+11,82083,0.1917973438866424,0.021834061,0.803999995
65,5.30531E+11,94948,0.1860662685975678,0.055674518,0.801837265
66,5.30531E+11,109338,0.15349886959933556,0.028368794,0.7932692260019878
67,5.3067E+11,97766,0.2645259898390522,0.016691957258088662,0.7982119949142785
68,5.30531E+11,112130,0.250266238,0.010647737261333298,0.8590277718123072
69,5.30531E+11,118750,0.2854851621051711,0.1332020988635033,0.8016169104377058
70,5.30531E+11,128542,0.1115173664395122,0.065393093,0.8442681986714622
71,5.30531E+11,106250,0.1349693230832926,0,0.8034602020521785
72,5.30531E+11,158771,0.33599290482275795,0.058869093,0.830484325
73,5.30531E+11,127019,0.1412066734119811,0.05724299,0.8543833517504952
74,5.30531E+11,79226,0.043312101,0.017010935394763848,0.82550335
75,5.30531E+11,57468,0.11187607380591956,0.049327354,0.7816635086799291
76,5.3067E+11,128618,0.3818849402462064,0.013483145915919708,0.8041389445370366
77,5.30531E+11,118233,0.232731135,0.024975025,0.8454619718277844
78,5.3067E+11,86458,0.2036163506005004,0.095906432,0.7535971195913772
79,5.30531E+11,74651,0.24535315757106732,0,0.8694390631582296
80,5.30531E+11,89205,0.349705298,0.069090908,0.7527733696293711
81,5.3067E+11,68899,0.1300345209432161,0.015477213968381651,0.7962382403540322
82,5.3067E+11,69671,0.011331444598704752,0.026912180921923785,0.8113425832020534
83,5.30531E+11,117438,0.22657580726937132,0.021551723983105432,0.8310412519250737
84,5.30531E+11,75357,0.15986769393751166,0.026418786434258452,0.790750563
85,5.3067E+11,82750,0.18124999622395843,0.033834586,0.4457295334009828
86,5.30531E+11,0,0.093333321,0,0.5015576167739061
87,5.30531E+11,76286,0.2612942581038552,0,0.8424999929791668
88,5.30531E+11,75750,0.1276948569204833,0,0.7728459429132384
89,5.30531E+11,130438,0.1257928111744566,0.010067114045699356,0.7543352564820074
90,5.30531E+11,156389,0.2447679686554325,0,0.7368692032087065
91,5.30531E+11,57396,0.098176717,0.006587615,0.6711840180372038
92,5.30531E+11,111003,0.086956521,0.033105623,0.7469879475215838
93,5.30531E+11,97526,0.14826498188856496,0.032061068,0.7135922272363089
94,5.30531E+11,146719,0.15697674190440783,0.096194502,0.8111480797741425
95,5.30531E+11,112692,0.198486121,0.030476190282690857,0.630599582
96,5.30531E+11,77355,0.1212343855897547,0.046113306679095474,0.6860090220115472
97,5.30531E+11,103750,0.14696813826343127,0.022988505526930023,0.7092457377783106
98,5.30531E+11,87328,0.17135862703355415,0.001182033,0.7403156331397731
99,5.30531E+11,92401,0.1784232346636594,0.017241379,0.7136690596138917
100,5.30531E+11,94483,0.21166791165543822,0.011432414180010664,0.6132988985584319
101,5.30531E+11,83508,0.069602272,0.096878363,0.49646892304753587
102,5.30531E+11,95774,0.36644165509699467,0.021853146662122843,0.5855790197699998
103,5.30531E+11,45568,0.093979441,0.041871921,0.52611534
104,5.30531E+11,108979,0.20863007872379521,0.001683502,0.4214070108627653
105,5.30531E+11,94474,0.089962825,0.057667933728340094,0.5409556283222092
106,5.30531E+11,195026,0.1670702158950337,0.029726516,0.5716523056252756
107,5.30531E+11,127031,0.327077744,0.026481714672361732,0.5573095363259469
108,5.30531E+11,113194,0.22391304104442347,0.047283701737588515,0.6685796221766168
109,5.30531E+11,101136,0.2440677952312554,0.068893528,0.6354119224605738
110,5.30531E+11,104451,0.21735604041073772,0.031946508,0.615255184
111,5.30531E+11,155583,0.11913357293200746,0.024937655704877458,0.6291338533139067
112,5.30531E+11,86667,0.16715116,0.009803921,0.6608040145661306
113,5.30531E+11,64628,0.2402234603320746,0,0.6957649032345298
114,5.30531E+11,0,0.12254901660419078,0,0.5885262058503837
115,5.30531E+11,166149,0.18578352030869533,0.063106796,0.54287217
116,5.30531E+11,100047,0.047404062135348486,0,0.6834966037415479
117,5.3067E+11,52566,0.1788170539364917,0.1068883597756727,0.7393320896165855
118,5.30531E+11,69472,0.2631578920733007,0.024227234551150924,0.7938741656136244
119,5.30531E+11,107273,0.2526595711082504,0,0.8590941706750959
120,5.30531E+11,68697,0.23203026189116946,0.009045226,0.75662251
121,5.30531E+11,106481,0.18190386256452534,0.012237762130788792,0.7878989309315231
122,5.30531E+11,101875,0.3069224328029822,0.015416958546482422,0.8204697940689609
123,5.30531E+11,157721,0.47576301331081383,0.032363977334127686,0.6192324251003345
124,5.30531E+11,124271,0.1936339496865524,0.077679449,0.8474025905243296
125,5.30531E+11,104375,0.16811279644129287,0.031441048,0.7825552777484319
126,5.30531E+11,102469,0.40217390867202274,0,0.7094712335300917
127,5.30531E+11,122788,0.18020304454185887,0.039021549,0.7788995417521477
128,5.30531E+11,60882,0.15781710681685684,0.089965397,0.49564050640080143
129,5.30531E+11,146905,0.30364371854972233,0,0.5741737081154981
130,5.30531E+11,103585,0.33377571112292165,0.07763769,0.5635052658707418
131,5.30531E+11,113522,0.24396234038492695,0.010914051804522333,0.45673635175163657
132,5.30531E+11,109659,0.093749999,0.026563364545858524,0.5217391284792386
133,5.30531E+11,117900,0.1913580207539502,0.050736497,0.47342599776430094
134,5.30531E+11,96875,0.13300083014961903,0.057652711,0.5940119724909463
135,5.30531E+11,48173,0.14358451992276455,0,0.5185676358185171
136,5.30531E+11,95297,0.22125603650960352,0.11546840874750611,0.6031656268899626
137,5.30531E+11,75000,0.12630480035172442,0.041702866709792646,0.5922637882545099
138,5.30531E+11,128203,0.21289355162748463,0.07096307,0.5728155308909626
139,5.30531E+11,128529,0.46774193104609174,0.071216617,0.5997349198162033
140,5.30531E+11,120385,0.20325202921541416,0,0.706703906
141,5.30531E+11,118991,0.25273389882907715,0.03187251,0.5205374260248083
142,5.30531E+11,98813,0.33292533252233375,0.009268795,0.47383720585874123
143,5.30531E+11,89750,0.2915951922539418,0.17908787342505147,0.5174283461082235
144,5.30531E+11,170264,0.32747252387392833,0.038950042007196935,0.5375854173304069
145,5.30531E+11,102656,0.3132956130601442,0.007777058,0.6138975934488109
146,5.30531E+11,86266,0.25643224479903737,0.029445727,0.47596153638128696
147,5.30531E+11,129906,0.48616600149978917,0,0.562370059
148,5.30531E+11,99042,0.27402473573715763,0.016666667,0.4145299119992069
149,5.30531E+11,72414,0.1103896085975713,0.051748251,0.6115107869675483
150,5.30531E+11,91528,0.10736196209241348,0.039965986,0.5701943803441729
151,5.30531E+11,83750,0.11245465402110455,0.023529411513054422,0.5098756363578959
152,5.30531E+11,91098,0.08447937,0.065975494,0.6341275892841846
153,5.30531E+11,85484,0.215434082,0.044169611,0.6674500548328434
154,5.30531E+11,124375,0.19318181618613828,0.073868882,0.6019417430773581
155,5.30531E+11,80952,0.10993377337836062,0.006993007,0.4681818151416765
156,5.30531E+11,58125,0.24604568987617417,0.012987012776184859,0.689373291
157,5.30531E+11,68649,0.1061611364344916,0.009084027,0.5413481546813887
158,5.30531E+11,84444,0.11343283412786816,0.029562982,0.6455357085220026
159,5.30531E+11,108092,0.3508612842170328,0.038819875475000966,0.7475838502127127
160,5.30531E+11,102500,0.5425158078530161,0.018656716301886093,0.660908505
161,5.30531E+11,87235,0.28197456782367564,0.06547619,0.4267100963299345
162,5.30531E+11,125435,0.2057279226456901,0.066613162,0.5949730678816048
163,5.30531E+11,93625,0.10761904659410432,0.022533022357940774,0.6186681808840742
164,5.30531E+11,97557,0.21827861385733263,0.0265625,0.6275675641753105
165,5.30531E+11,141296,0.280343006,0.026775956137836305,0.5609487007118108
166,5.30531E+11,104750,0.2027777759002058,0.064837905,0.7774041642407252
167,5.30531E+11,89775,0.16746987750036293,0,0.679322029
168,5.30531E+11,114342,0.6102314176585698,0.024625267402299065,0.5516795829994859
169,5.30531E+11,56103,0.22811059645033877,0.006968641,0.517055652
170,5.30531E+11,58500,0.077636152,0,0.5092127274750825
171,5.30531E+11,67708,0.3070422522855442,0.028924459340285143,0.5598994042983553
172,5.30531E+11,40768,0.039433771,0,0.518056464
173,5.30531E+11,44556,0.10785462945070774,0.23919597749551783,0.43666666424074074
174,5.30531E+11,63775,0.10900832619978557,0.015978694966852898,0.5659182465980527
175,5.30531E+11,48063,0.32400721729235366,0.003976143,0.621909231
176,5.30531E+11,0,0.1993957673807286,0,0.5142378537929738
177,5.30531E+11,84760,0.14460284985129482,0.019945602720348118,0.5425158078530161
178,5.30531E+11,83634,0.16140350688416952,0.009656652,0.6564371208350515
179,5.30531E+11,88000,0.14153846008678503,0.017809439,0.5803921530693323
180,5.30531E+11,107273,0.3896848081707048,0.044740023642805035,0.6131921774170018
181,5.30531E+11,54150,0.18890977266062245,0.021830394443069737,0.5795106989334045
182,5.30531E+11,66288,0.10011376450382521,0,0.5980392103561568
183,5.30531E+11,78750,0.21606648049815458,0.025608194458334222,0.6519499584109643
184,5.30531E+11,43303,0.036585365448055816,0.08988764,0.4843982133402807
185,5.30531E+11,96823,0.2289752633994681,0.099281515,0.7547723879972659
186,5.30531E+11,115994,0.13958640960423627,0.012226512147834542,0.665374673
187,5.30531E+11,110541,0.22142856879251704,0,0.681967208
188,5.30531E+11,110982,0.3215656153371787,0.013600572558335201,0.7376111770164474
189,5.30531E+11,89700,0.42075892387545843,0.029190206881448147,0.6085300791429544
190,5.30531E+11,60469,0.18107666915046217,0.029891304,0.6077904593163838
191,5.30531E+11,107333,0.2942096980561863,0.050824175,0.7713043411190927
192,5.30531E+11,147109,0.098765431,0,0.6180228606723412
193,5.30531E+11,70417,0.2775665372854892,0.019409282536630528,0.6265320791165676
194,5.30531E+11,110125,0.36459908676854635,0,0.6740146915563481
195,5.30531E+11,149899,0.5529607960553728,0,0.691871451
196,5.30531E+11,111761,0.22692533670237897,0.00756859,0.5416088746823547
197,5.30531E+11,126250,0.2365853600832839,0,0.6752021472344725
198,5.30531E+11,76337,0.15145630969931193,0.046048891,0.549351379
199,5.30531E+11,101964,0.170588234,0.041975308,0.5702028036645648
200,5.30531E+11,99077,0.39844760157247605,0,0.5846153805271652
201,5.30531E+11,0,0.14750957571820736,0.039355992,0.5457102633916296
202,5.30531E+11,47500,0.20728928912780664,0.05050505,0.541363332
203,5.30531E+11,115761,0.25641024326101314,0.062686567,0.6255778071989383
204,5.30531E+11,47833,0.4039547965543108,0,0.5692116662370474
205,5.30531E+11,83810,0.14234875275980127,0.019874476779555682,0.5541310501842518
206,5.30531E+11,83789,0.099766172,0.039042821,0.54266958
207,5.30531E+11,89345,0.17699909993711502,0.022149302525436402,0.6970248895141172
208,5.30531E+11,121726,0.45993321819755245,0.00697134,0.6405693904585809
209,5.30531E+11,142102,0.40052355671445417,0.042670337,0.6162269755289846
210,5.30531E+11,68958,0.2807663943937628,0.030056355478670284,0.5794353115068044
211,5.30531E+11,76080,0.1997716872172182,0.000906618,0.6453441243291974
212,5.30531E+11,73125,0.23734176964829357,0.035785288,0.7877862535283492
213,5.30531E+11,65893,0.1527156539762578,0.009367681,0.6996251138724221
214,5.30531E+11,91488,0.23769099968004245,0.031182015727469068,0.5917941544381492
215,5.30531E+11,130664,0.21842495960735572,0.11366384384928847,0.6482371742929713
216,5.30531E+11,68887,0.23859648955370885,0.067447045,0.6295857950912084
217,5.30531E+11,123831,0.2530657719836592,0.012396694112424016,0.7733050792845687
218,5.30531E+11,210000,0.6959537491797254,0,0.7562225420481512
219,5.30531E+11,58869,0.11740890609035826,0.060154853721531544,0.37212120986593206
220,5.30531E+11,37210,0.077864293,0.15737051636085145,0.25973154188099634
221,5.30531E+11,71535,0.1444308427854242,0.019070321584382342,0.6181384174446489
222,5.30531E+11,51620,0.13916500855700786,0.014967259,0.3022950799849503
223,5.30531E+11,79400,0.35364238176395774,0.017158176851698785,0.6146123780557035
224,5.30531E+11,91899,0.22016806537673894,0.01607717,0.5375208419259542
225,5.30531E+11,79395,0.1685022007874207,0.067676767,0.5477748655250336
226,5.30531E+11,47525,0.1746522384134121,0.024330899947312655,0.3338762187795096
227,5.30531E+11,73521,0.086174242,0,0.4852498465668281
228,5.30531E+11,141016,0.3511293610463425,0.011743981140669518,0.6976065341645853
229,5.30531E+11,128850,0.24827585921522002,0.031702898,0.7810218914758971
230,5.30531E+11,115068,0.3458980018780636,0.087596355,0.6984872159703327
231,5.30531E+11,96152,0.129921259,0.055662188,0.7082644569564921
232,5.30531E+11,51118,0.2834355793443487,0,0.65124349
233,5.30531E+11,65536,0.13260340471285395,0.026970954077064794,0.6388508848231814
234,5.30531E+11,114079,0.1132075462411194,0.050248138646103356,0.6802867334746471
235,5.30531E+11,137617,0.5170067939284559,0,0.6755447900996078
236,5.30531E+11,0,0.13043478122550603,0.10714285625296631,0.784846313
237,5.30531E+11,46875,0.12384105878250955,0.014563106717566847,0.644499997
238,5.30531E+11,58625,0.13238289070893186,0.034632034,0.4302689153829336
239,5.30531E+11,107895,0.24999999665775408,0.033096926,0.4626407322145268
240,5.30531E+11,54235,0.22732626351794744,0.074306177,0.525722336
241,5.30531E+11,71512,0.06257982,0.016568047141206542,0.5182432397415997
242,5.30531E+11,59381,0.34335337111988395,0.004171011,0.34406623576786455
243,5.30531E+11,47869,0.1412280689365959,0.041958042,0.44981986387123074
244,5.30531E+11,83125,0.252356018,0.079288025,0.6536585312710689
245,5.30531E+11,0,0.036011079,0.055696201,0.25954198077035145
246,5.30531E+11,78750,0.083274021,0.078142695,0.49999999669312173
247,5.30531E+11,52386,0.21697287649192584,0.00229709,0.40155807081049527
248,5.30531E+11,56058,0.22560975334622252,0.015334063,0.48929159399265576
249,5.30531E+11,73452,0.17118997733622154,0,0.4817391262457467
250,5.30531E+11,61250,0.2196531760165726,0.11126373473538827,0.39597901751766595
251,5.30531E+11,83043,0.22455089596256592,0.011039558,0.5162287440786032
252,5.30531E+11,58026,0.12313937587091509,0.033226152,0.29755043
253,5.30531E+11,68061,0.1343178612213934,0.047735618,0.5321637387999727
254,5.30531E+11,106250,0.17626727907526177,0.06820682,0.7340823901303147
255,5.30531E+11,46453,0.10897435664584709,0.005535055,0.49920508347213766
256,5.30531E+11,44920,0.062116564,0.022032693517891305,0.41628175279283053
257,5.30531E+11,42750,0.12197686517374486,0.056179775,0.22216330741164736
258,5.30531E+11,71750,0.20578231117532048,0,0.5264054484587993
259,5.30531E+11,103707,0.5159663822187699,0.019215988,0.7070105773345862
260,5.30531E+11,120585,0.28451492271907725,0.007922535,0.6932650022454978
261,5.30531E+11,121810,0.5255623668142907,0.011732851879667402,0.7876447815625885
262,5.30531E+11,92474,0.3840673550254705,0.009656005,0.4963626161367509
263,5.30531E+11,50909,0.12748171235651293,0.054404145,0.29772918168436346
264,5.30531E+11,69262,0.054841473,0.011061946821077088,0.30561970511455194
265,5.30531E+11,113355,0.3448702058730506,0.1185445995475986,0.6647493782682878
266,5.30531E+11,92464,0.3394833917021827,0.011373578,0.6048879796002173
267,5.30531E+11,64873,0.077096229,0.006091371,0.5008902047424914
268,5.30531E+11,95260,0.3189655133132326,0.047729917954250085,0.5373924517710625
269,5.30531E+11,103029,0.35224586010838566,0.001397624,0.6464581962574462
270,5.30531E+11,87841,0.35963686899694924,0.10491803209889815,0.6764076929692966
271,5.30531E+11,60114,0.23040379773867226,0.022807017343798093,0.3831370094039863
272,5.30531E+11,93822,0.32167235220416085,0.051159072332861134,0.617767384
273,5.30531E+11,95948,0.3917137439574977,0.046257359,0.6664355016197261
274,5.30531E+11,55441,0.053658535276621094,0,0.29695431095235647
275,5.30531E+11,79648,0.6642259344746241,0.019801980019784157,0.6773488661518655
276,5.30531E+11,79837,0.5019108216317093,0.036158192,0.6350789639644309
277,5.30531E+11,58740,0.21874999737079331,0,0.4207033814153724
278,5.30531E+11,47102,0.1402953571698802,0.002467105,0.33506300715297993
279,5.30531E+11,92059,0.2602739693614699,0.050102248976459623,0.285382828
280,5.30531E+11,35469,0.077946767,0.07309322,0.3806321426991786
281,5.30531E+11,72888,0.15369457976655587,0.082283794,0.44265593264482944
282,5.30531E+11,76875,0.23839854196179672,0.077639751,0.7275792263817988
283,5.30531E+11,64934,0.093655588,0.14135206197232605,0.50522928
284,5.30531E+11,49583,0.10288582054095582,0.008879023,0.39037036747873805
285,5.30531E+11,75391,0.255157435,0,0.5230870677896632
286,5.30531E+11,70052,0.11360946611113058,0.035121950876859015,0.3806129694895726
287,5.30531E+11,47578,0.098439375,0.013487475785284433,0.2991583756759114
288,5.30531E+11,57696,0.1767169164429069,0.058437294429170755,0.24893699169332434
289,5.30531E+11,79679,0.034946236,0.013239187879618818,0.3787375390117107
290,5.30531E+11,90461,0.15433403642353027,0,0.45553145006846385
291,5.30531E+11,61455,0.21920667829638124,0.10873605846899574,0.3333333311716386
292,5.30531E+11,54886,0.008412198,0.056433408153247495,0.29652351536112126
293,5.30531E+11,44149,0.15574963383188306,0.055699481,0.2836456534612806
294,5.30539E+11,71719,0.19890260358158296,0.021361815,0.7054380611371748
295,5.30531E+11,102982,0.25463917263258584,0.044198895,0.4636650832253943
296,5.30531E+11,73158,0.19789983685056675,0.055312954473704844,0.5097402564302581
297,5.30531E+11,42102,0.3559670708648751,0.052721088,0.44349844857973336
298,5.30531E+11,76597,0.3441860425094646,0.005758157,0.6471482840521043
299,5.30531E+11,138712,0.2992202699881065,0.015584415449485581,0.7523533616773833
300,5.30531E+11,87015,0.32212028213944666,0.004533092,0.8014354003075327
301,5.30531E+11,126773,0.28174602801923243,0.014906832112958608,0.8029739717251005
302,5.30531E+11,81019,0.3415892637606887,0.005263158,0.7352710075783896
303,5.30531E+11,63250,0.067499999,0,0.7171215821578033
304,5.30531E+11,117981,0.3232077725005131,0.004744958,0.8293983181310105
305,5.30531E+11,92036,0.17497102925873664,0.056310679064944864,0.7747747689581473
306,5.30531E+11,182875,0.3971774113472296,0.024958402246948383,0.766371675
307,5.30531E+11,65216,0.082833132,0.026595744397917613,0.6848658938231237
308,5.30531E+11,61689,0.23342939257032283,0.013434088888042916,0.44393939057621673
309,5.30531E+11,145988,0.48789808295671233,0,0.3350111838086623
310,5.30531E+11,47679,0.17098943159472207,0.048172757074977104,0.42130881329741043
311,5.30531E+11,67243,0.35147744398946434,0.022156573,0.5518474341367853
312,5.30531E+11,55175,0.25313058807575506,0.015435502,0.49999999691738595
313,5.30531E+11,122750,0.2334889911041428,0.010989011,0.6044045627699465
314,5.30531E+11,138750,0.4159999944533334,0,0.6041666614221645
315,5.30531E+11,146929,0.4665153182007342,0.015367727602988721,0.5299924029613333
316,5.30531E+11,94583,0.3283582051853249,0.057985757294142855,0.620029451
317,5.30531E+11,79836,0.15261044023483494,0.088666152,0.4947498425277959
318,5.30531E+11,44134,0.23667377230509046,0.097415506,0.4731315597706513
319,5.30531E+11,73824,0.25371965345560177,0.11366711695759732,0.3472124181565814
320,5.30531E+11,95794,0.22241992684679782,0.009884679,0.45996156015399386
321,5.30531E+11,65250,0.1150375931200181,0.085767557,0.48003013956269674
322,5.30531E+11,76781,0.21135175346264562,0.023268697932029375,0.44999999779411765
323,5.30531E+11,54960,0.1664899240032882,0.053908355,0.4087638952991243
324,5.30531E+11,80682,0.22222221810699597,0.053016452,0.30019120267564564
325,5.30531E+11,105909,0.2576112382012736,0.016930022,0.42402545406503217
326,5.30531E+11,97976,0.2178130492256345,0.007974482,0.5371179005794267
327,5.30531E+11,93980,0.12224448775306125,0.049765257748683026,0.614973257
328,5.30531E+11,52468,0.053075994534668346,0.001071811,0.8443734968525659
329,5.30531E+11,80130,0.3350717035844628,0.075235109,0.6913303386298181
330,5.30531E+11,118288,0.32170542220018833,0.009677419,0.7685185120495075
331,5.30531E+11,101818,0.20651242325182156,0.056037884,0.8151432413701006
332,5.30539E+11,135461,0.25907172777154663,0.021198830254394518,0.8143674455539259
333,5.30531E+11,53304,0.3380281642531245,0.054726367,0.7623845443964354
334,5.30531E+11,81563,0.21334922272527745,0.037810945,0.7428571371207944
335,5.30531E+11,110208,0.29265967309190016,0,0.8064516075941303
336,5.30531E+11,104565,0.31359851698798785,0.021440823143732222,0.7275985597885434
337,5.30539E+11,77932,0.2484134156988811,0.024390243689980457,0.7805800707403526
338,5.30531E+11,72813,0.20119862841439531,0.042360060193948106,0.6017830564503488
339,5.30531E+11,98438,0.3259521671749144,0.051437215949794134,0.4664556932502804
340,5.30531E+11,88000,0.1290909067438017,0.00862069,0.2672413772159767
341,5.30531E+11,61250,0.13565891367706268,0.027548209176665228,0.3280605204397488
342,5.30531E+11,70486,0.13455657389482742,0.025473546535117266,0.280469895
343,5.30531E+11,79518,0.2320574134921362,0.042973286,0.5699326808531587
344,5.30531E+11,93950,0.23571428234693884,0.00669344,0.6470588183154004
345,5.30531E+11,65750,0.19047618841475988,0.057026475997693726,0.6445945902392257
346,5.30531E+11,72174,0.3197530824721842,0.005175983,0.6471014445862214
347,5.30531E+11,103333,0.43499391938038984,0.005197505,0.5561889205522075
348,5.30531E+11,64617,0.2332968211029921,0.051229507671828815,0.5589812294974449
349,5.30531E+11,61310,0.102487561,0,0.37626432652552716
350,5.30531E+11,77654,0.35162731109363554,0.036343612134671736,0.6353591125118281
351,5.30531E+11,60909,0.37598203842893335,0.00483559,0.5151068495570608
352,5.30531E+11,100038,0.5181347083143173,0.011286681588186439,0.6909509149466955
353,5.30531E+11,87583,0.25862068622518986,0.019709543,0.49255750681625504
354,5.30531E+11,57052,0.14869109791946494,0,0.4661654108376784
355,5.30531E+11,85139,0.24794520208294243,0.087005649,0.42579750051458043
356,5.30531E+11,88718,0.39580602364605477,0,0.543082521
357,5.30531E+11,146250,0.32435344478067407,0.022935779641163764,0.534129688
358,5.30531E+11,91613,0.19670710401466981,0,0.38045233941476303
359,5.30539E+11,99620,0.080856123,0.00974026,0.738167933
360,5.30531E+11,76806,0.15111694939399542,0.011806375,0.35858585556745914
361,5.30531E+11,84625,0.3930412320484377,0.018161180270588193,0.5974202267656468
362,5.30531E+11,68563,0.2908921906050912,0.060396893,0.6125848204035483
363,5.30531E+11,81845,0.2868400292605199,0.06869125,0.5062735225453355
364,5.30531E+11,47931,0.33995815543976826,0.043343653,0.5247933848154726
365,5.30531E+11,74286,0.1398058225280423,0.010835913144954905,0.5094161910601112
366,5.30531E+11,91818,0.2793987596870136,0.11647509489291115,0.633895813
367,5.30531E+11,94107,0.24672708714272823,0.028756957061623775,0.35419440509857253
368,5.30531E+11,92171,0.45799011154868113,0,0.5393824792729522
369,5.30531E+11,123477,0.5817351545047018,0.019711903,0.6889269367070381
370,5.30531E+11,100461,0.5485845405617097,0,0.668194839
371,5.30531E+11,34717,0.089430893,0.029661016697787996,0.36273972403978233
372,5.30531E+11,98056,0.4057970972484773,0.082519964,0.628903409
373,5.30531E+11,135804,0.48884923738760716,0.006462035,0.6599020247732539
374,5.30531E+11,153750,0.5532900782827611,0.039446367,0.5207317041418799
375,5.30531E+11,90435,0.4308093957283778,0.012686567,0.6346153806785646
376,5.30531E+11,102278,0.46835442543929934,0,0.6106696900643037
377,5.30531E+11,64955,0.1449912113796906,0.05965909,0.5811293739733426
378,5.30531E+11,87760,0.27419354562304893,0.038596491,0.6450939412310791
379,5.30539E+11,109615,0.39471106371487696,0.020707506292428766,0.624843158
380,5.30539E+11,114500,0.31569173337333584,0.023890784779088868,0.754399382
381,5.30539E+11,72768,0.3275488045730383,0.029467084,0.5796111372590061
382,5.30531E+11,94288,0.3662921307158188,0,0.8421701551037598
383,5.30539E+11,120938,0.36939009931656963,0.009433962,0.39666918700477527
384,5.30539E+11,123438,0.3247496377002913,0,0.37629629350891636
385,5.30539E+11,121167,0.388209117,0.081920903,0.4037066849016383
386,5.30539E+11,126964,0.4166108478458751,0.034399517,0.5672055401052861
387,5.30531E+11,109260,0.27250608051495473,0,0.7916102788118384
388,5.30531E+11,61396,0.2859399638872044,0.050505049994898486,0.4550035964362592
389,5.30539E+11,49924,0.2741157534235068,0.055064581542728884,0.2620481914555814
390,5.30531E+11,59467,0.23471400240161736,0.017657445452281074,0.38705662484718967
391,5.30531E+11,47250,0.2602739698601268,0.012605041910882001,0.38341680365377406
392,5.30531E+11,72885,0.13333333121693125,0.005701254,0.3697953396627005
393,5.30531E+11,92632,0.24808965742185604,0.10479739122125108,0.6104069338865448
394,5.30539E+11,74044,0.33779903982967424,0.027580071,0.7730968161633642
395,5.30531E+11,70564,0.3064182162896665,0.019668736856431297,0.5942028944499456
396,5.30531E+11,88469,0.19519751978932984,0.046528274541673055,0.5615796481821979
397,5.30531E+11,74125,0.14752567555998436,0.011494252771934105,0.506569339
398,5.30531E+11,67656,0.3751507795518603,0.022919179,0.620123199
399,5.30531E+11,75859,0.3069936393551895,0.080750407,0.3916666643353175
400,5.30539E+11,51447,0.082239719,0.002890173,0.2477396006766751
401,5.30531E+11,35662,0.23113528054972618,0.043070126763831436,0.48746081250020473
402,5.30531E+11,82979,0.18755890492404426,0.036127167369023355,0.42344173154849774
403,5.30531E+11,86343,0.2927461101975893,0.055621301,0.5820203838552328
404,5.30531E+11,88833,0.14217632929168922,0.036298932,0.4969450068096062
405,5.30531E+11,64662,0.28207639292775327,0.03505843,0.5473684172114497
406,5.30539E+11,71917,0.15904139260303493,0.051851851,0.3209876523395824
407,5.30531E+11,73232,0.165402843,0.02245509,0.519454267
408,5.30531E+11,99497,0.572192508,0.059013742,0.6661101780792139
409,5.30531E+11,46250,0.18267929387443446,0,0.5208480528561975
410,5.30531E+11,79375,0.663589737,0,0.6490250636116521
411,5.30531E+11,54761,0.47397769076228913,0.11652402819931515,0.6221538423252071
412,5.30531E+11,160985,0.5890688219361079,0.024526198302529553,0.7643312061341231
413,5.30531E+11,84790,0.33096446364503085,0.020702070020683437,0.687912083
414,5.30531E+11,48311,0.11044003355962008,0.074688796,0.4948308247423363
415,5.30531E+11,55139,0.4189100432113589,0.034266133,0.5822841700436863
416,5.30531E+11,94821,0.49340368742211493,0.022700119,0.8252279572551067
417,5.30531E+11,78750,0.47281105555012853,0,0.651081642
418,5.30531E+11,85357,0.1578947342451524,0,0.8528634286091328
419,5.30531E+11,136875,0.20551601240644118,0.025018954,0.8377823351281154
420,5.30531E+11,81579,0.13616398043683778,0.057068741,0.847942747
421,5.30531E+11,148333,0.13504822934006064,0.098290597,0.8616480075112105
422,5.30531E+11,71250,0.12150668139117034,0.029205607135448515,0.7742922664553002
423,5.30531E+11,123092,0.1966480424955526,0.029296875,0.7831978266721015
424,5.30531E+11,122955,0.13945578073179388,0.015300546280868348,0.8364222333890231
425,5.30531E+11,98828,0.16089612870777872,0.04097646,0.7986539495308248
426,5.30531E+11,118185,0.18556700930240363,0.044702727,0.7811834790073073
427,5.30531E+11,82259,0.1683417043130225,0.026501766,0.8663194369243105
428,5.30531E+11,146818,0.4248275803472058,0.026252982980274668,0.7849544013301337
429,5.30531E+11,142857,0.22723852349707657,0.033436532300702586,0.7717198547352843
430,5.30531E+11,124313,0.17527932838492088,0,0.7194049985165315
431,5.30531E+11,170809,0.3717277459107872,0,0.7589743546497187
432,5.30531E+11,151902,0.11297070972146848,0.024643320043536705,0.7648401739173496
433,5.30531E+11,168846,0.4645833284939237,0.035166816635105354,0.7521170072970207
434,5.30531E+11,119886,0.5042016746194277,0.05962343,0.793672622
435,5.30531E+11,134702,0.379999996,0.017335766265184616,0.8180135668228651
436,5.30531E+11,91833,0.37542661688934453,0.009861933,0.7225866882727896
437,5.30531E+11,125918,0.13524590053077132,0.19910179491690275,0.7784342630839419
438,5.30531E+11,90179,0.14461883245943014,0.038690476,0.7476038278945382
439,5.30531E+11,116466,0.23744292020600075,0.00566343,0.77993079
440,5.30531E+11,137798,0.35905680215373204,0.041148325,0.6971744428920489
441,5.30531E+11,96378,0.18720152638776003,0.027729636,0.7824999951093751
442,5.30531E+11,85959,0.18209408056074294,0.043048694121039566,0.7190250459104601
443,5.30531E+11,81926,0.32927610295146637,0.021849593384910604,0.6609131366318868
444,5.30531E+11,75550,0.10314685134358652,0.036050156,0.8073654314696371
445,5.30531E+11,111250,0.2748433278886005,0.006284368,0.8070071210985326
446,5.30531E+11,77132,0.20840064452018867,0.045141545178718094,0.8082474171254473
447,5.30531E+11,0,0.1822849784045574,0,0.8412955397465949
448,5.30531E+11,103250,0.17908902506119023,0.020168067057411202,0.8556366516168966
449,5.30531E+11,149625,0.46613087868965697,0,0.8208019998696616
450,5.30531E+11,106875,0.21501706362333867,0.085436893,0.7916145131939016
451,5.3033E+11,126635,0.2531194250780851,0,0.8402971138319674
452,5.30531E+11,145179,0.39598539784684855,0.018067556810152735,0.7952353897037131
453,5.30531E+11,116618,0.3514602180114782,0.063716814,0.8654970696966588
454,5.3033E+11,127222,0.4028313976469576,0.013142174,0.8513853832797197
455,5.3033E+11,86000,0.21707316808447358,0.018348623642791013,0.7744525490915872
456,5.30531E+11,86200,0.2651663379142237,0.044368600304022184,0.7831253667075142
457,5.3033E+11,121458,0.3092659409233942,0.038631346,0.8274678040560703
458,5.30531E+11,80385,0.3193018447710283,0,0.7605536279546462
459,5.30531E+11,122635,0.26022726977014465,0,0.8413978438078102
460,5.30531E+11,116278,0.3886847877392742,0,0.8760784245013457
461,5.30531E+11,57390,0.18243243067150164,0.044388609343478984,0.6178107568471815
462,5.30531E+11,85208,0.1731066433832049,0.16909975463382293,0.7233360006147875
463,5.30531E+11,83511,0.30800404956429533,0,0.7804175609761155
464,5.30531E+11,120263,0.42529988631079735,0,0.818574508
465,5.30531E+11,126971,0.28435373762784033,0.073964496,0.7507225379283053
466,5.30531E+11,231250,0.5189743536515451,0.010204081537995534,0.8695652112933716
467,5.30531E+11,145104,0.4148020618347499,0.004676539,0.734427809
468,5.30531E+11,128608,0.3021326978420297,0.017334777710349105,0.8471711914241646
469,5.30531E+11,0,0,0,0.611486466
470,5.30531E+11,106875,0.1949339185579965,0.049331962,0.8268678101518118
471,5.30531E+11,121066,0.32753622871945676,0.005459509,0.7263339028896506
472,5.30531E+11,145625,0.3927521998751009,0.045602605,0.8166992771252494
473,5.30531E+11,114792,0.4708737787884502,0.050071530041895136,0.5397379865525067
474,5.30531E+11,89035,0.46841293938048584,0.012032085481068948,0.6592379535640693
475,5.30531E+11,189565,0.4619565175547417,0,0.5398024373050411
476,5.30531E+11,76921,0.30104321458951994,0,0.4919124596392725
477,5.30531E+11,208455,0.5770804871959039,0.037527594,0.5614035057873286
478,5.3033E+11,148952,0.31426814074865844,0,0.8815958759228065
479,5.30531E+11,111364,0.2997224764132981,0.028682170320293254,0.8503625520740768
480,5.3033E+11,117500,0.2550790038930135,0.033826638120225815,0.7642276366280293
481,5.3033E+11,109498,0.377985458,0.035454545,0.8814866698352969
482,5.30531E+11,196724,0.6282450609735716,0.044802866982053165,0.8579585948753847
483,5.3033E+11,44597,0.17142856938775514,0.059602648,0.26575171387553514
484,5.3033E+11,144183,0.26792009085875335,0.062380038,0.8455098870204727
485,5.3033E+11,102879,0.16961651667232278,0.026536312,0.9045676924586649
486,5.3033E+11,134176,0.36457142440489804,0.014506769685621184,0.7853516984383488
487,5.3033E+11,150160,0.42617665747145933,0.03829253,0.8182989637996201
488,5.30531E+11,137798,0.2262283484403381,0.023248199007045844,0.8694550035822084
489,5.3033E+11,105000,0.21188811040637687,0.022068095699444543,0.8093422268382162
490,5.3033E+11,35313,0.2172131125285542,0.013961605462813217,0.7627257737050429
491,5.3033E+11,112266,0.3852242693242181,0.05800464,0.8332160391751159
492,5.3033E+11,126921,0.1305398861358591,0.068471337,0.805673753
493,5.3033E+11,68885,0.28994708687886683,0.011121408608698716,0.8889695145938352
494,5.3033E+11,124904,0.28588097682752656,0.022682446,0.7983606491937651
495,5.3033E+11,129000,0.5652173884132103,0.005988024,0.8176470540138409
496,5.3033E+11,113750,0.4236111074339314,0.014583333232060186,0.8720088988758548
497,5.3033E+11,176406,0.5253164501548898,0.019354838570933057,0.7134376647952636
498,5.30531E+11,154737,0.5137751264797087,0,0.5810083182525291
499,5.3033E+11,149375,0.43385753530196547,0.006441224,0.6307583229570637
500,5.3033E+11,106250,0.15119363261544091,0.051736357,0.5033602116709663
501,5.3033E+11,78409,0.15808170374705413,0.005046864,0.5935754148493337
502,5.3033E+11,110656,0.21973093841956745,0.046268656,0.5397135381529067
503,5.3033E+11,88523,0.42686292155599886,0.028203061819475732,0.5412667911627205
504,5.3033E+11,139013,0.5114379043183178,0.009893455,0.6205673727428198
505,5.3033E+11,107074,0.11576626112716361,0.047761194,0.5783221931824634
506,5.3033E+11,100591,0.2039106116772261,0.095011875,0.4698996616229125
507,5.3033E+11,56947,0.24011299208933154,0.028419183,0.4302325557572948
508,5.3033E+11,0,0.13034622952451672,0.055357142,0.4191176432066393
509,5.3033E+11,62917,0.1325396814877803,0.064005069,0.4536031566949499
510,5.3033E+11,74567,0.25238094937641725,0.020040079959518238,0.3432066945060741
511,5.3033E+11,85893,0.23697270177453225,0.062877871,0.631896546
512,5.3033E+11,48500,0.10719322838937619,0.027681660580373003,0.3969516209612219
513,5.3033E+11,84141,0.047923322173340555,0.055353901,0.5507031787512718
514,5.3033E+11,64034,0.071992976,0.031029618963119752,0.3221411176538145
515,5.3033E+11,65852,0.18040435178220293,0.009248555,0.4299332656822377
516,5.3033E+11,74515,0.28641974955037347,0.079268292,0.5550082056239064
517,5.3033E+11,64517,0.11435726114893772,0.055944056,0.2872435312790208
518,5.30531E+11,0,0.19925511733230694,0,0.6442048474110186
519,5.30531E+11,50025,0.12258064318418319,0.01540719,0.6339449483124316
520,5.30531E+11,90781,0.5619265926163626,0.079999999,0.5796124635247476
521,5.30531E+11,139769,0.6504751779252885,0.035238094902494334,0.5613040357101061
522,5.30531E+11,102915,0.44917787407191423,0.013779527468638272,0.6106337238956299
523,5.30531E+11,55435,0.2625437542293611,0.009856631,0.5549805914943041
524,5.30531E+11,84775,0.47836734303373596,0.044473511808544725,0.6183050805538639
525,5.30531E+11,31202,0.18612716547829866,0.008574007,0.58695652
526,5.30531E+11,55882,0.6690140373933776,0,0.541353378
527,5.30531E+11,115625,0.5561172845690872,0,0.5502810708914362
528,5.3067E+11,86227,0.27403569214717505,0.013662637868299328,0.6450694174258831
529,5.30531E+11,150334,0.59523809,0.023496889955100967,0.5410752664899988
530,5.30531E+11,92933,0.3453568661139151,0,0.831797229
531,5.30531E+11,92792,0.28142380109650944,0.00714924,0.781278121
532,5.30531E+11,0,0.15909090457128114,0.075471696,0.7306590048521776
533,5.30531E+11,145375,0.3821906983278905,0,0.873429077
534,5.30531E+11,86250,0.13021868722555324,0.037276342,0.8190023714061644
535,5.30531E+11,84267,0.1849462345704706,0.012987013,0.8504741002882998
536,5.30531E+11,66893,0.2824120574631954,0.031502423,0.8119062646491053
537,5.30531E+11,103824,0.3271537587006133,0.027726432276095822,0.8926056259453731
538,5.30531E+11,96555,0.22008252792183594,0.11658653706025797,0.8372413735362664
539,5.30531E+11,109028,0.21758839331288854,0.049097473,0.8386145848296641
540,5.30531E+11,139213,0.4040403982100953,0.011688311536515434,0.775165314
541,5.30531E+11,51750,0.28386453900533326,0.025040388,0.5442448400249844
542,5.30531E+11,65000,0.2780082949099821,0.073627844,0.552801718
543,5.30531E+11,70980,0.33551912201618445,0.056221198,0.574193544
544,5.30539E+11,76838,0.1640127375476693,0.037241379,0.3999999978552279
545,5.30539E+11,59417,0.3052959406449863,0,0.5461658756468565
546,5.30531E+11,40602,0.26809015103095907,0.059578368,0.3752931948765192
547,5.30531E+11,101346,0.16779431550883414,0,0.49136276077183133
548,5.30531E+11,55139,0.4002280456074339,0.09535655,0.584290027
549,5.30531E+11,77091,0.3276492042917271,0,0.42195121608169744
550,5.30531E+11,66667,0.560165963,0,0.5114754056436442
551,5.30531E+11,87031,0.2960893813395338,0.00635324,0.6972201299983461
552,5.30531E+11,89139,0.4392735477948519,0,0.8127428064277948
553,5.30531E+11,115444,0.40192043344416417,0.015837104,0.6739674551065866
554,5.30531E+11,150429,0.6680628202297088,0.11405109384989878,0.7243243187310864
555,5.30531E+11,92292,0.42751842226635844,0.014056224758471639,0.7307359244092128
556,5.30531E+11,87021,0.5398936122349857,0.017954723,0.6571642861428035
557,5.30531E+11,59390,0.287878786,0.061425061,0.6038567459842603
558,5.30531E+11,60566,0.3932160754621096,0.054545454,0.6825153321892996
559,5.30531E+11,56731,0.37972166620555003,0.007739938,0.6781065048632752
560,5.30531E+11,80389,0.16233766116639495,0.002810963,0.606259093
561,5.30539E+11,83000,0.25617977240247447,0.051231527,0.4195450680745993
562,5.30539E+11,128700,0.2421758551253662,0,0.7811320712607436
563,5.30539E+11,74557,0.23773005952660997,0.006234414,0.4696808485655274
564,5.30539E+11,69884,0.17282126775744067,0.094696969,0.3530717960542428
565,5.30531E+11,89922,0.3689839532728989,0.017179023352811726,0.691452393
566,5.30531E+11,127578,0.11830985748859356,0.038007863,0.6669075096321712
567,5.30531E+11,92955,0.36906584427157973,0.041469194,0.7004950437252885
568,5.30531E+11,87000,0.19601837522191137,0.048353188,0.7417974269486631
569,5.30531E+11,115694,0.13643178308521903,0.012055109000831751,0.7344849601120604
570,5.30531E+11,92756,0.21632124072122746,0.065502183,0.7844974379514699
571,5.30531E+11,60147,0.4749403284613326,0.13793103299643283,0.7481910220825542
572,5.30531E+11,68419,0.24893917787171727,0.049636002,0.46436961265176496
573,5.30531E+11,100469,0.39423076449241873,0.02240566,0.6367249551929653
574,5.30531E+11,0,0.1496774174235172,0.041290322,0.4598316720747386
575,5.30539E+11,37120,0.23010752193317158,0.012567324729491477,0.33417085007323055
576,5.30531E+11,44038,0.22645099689390108,0.022563177,0.6473947134375824
577,5.30531E+11,102321,0.43227238762196607,0.024896265412588825,0.7313664539490182
578,5.30531E+11,79107,0.37766497078512723,0.025186566929229787,0.5840130458073977
579,5.30531E+11,64167,0.39937596880848725,0.078561916,0.5445150990102139
580,5.30531E+11,33750,0.2564543845704925,0.04692082,0.5392278886771122
581,5.30531E+11,191742,0.755530965,0.017311608785014167,0.7292263558078341
582,5.30531E+11,53125,0.215999998,0.013198757661500329,0.5928525807731169
583,5.30531E+11,66250,0.4137055785062744,0,0.6023759566570513
584,5.30531E+11,126136,0.5205128138395794,0.029887919926675968,0.8612152973652266
585,5.30531E+11,101336,0.3567567519357196,0,0.733858262
586,5.30531E+11,93281,0.5767112464460169,0.006741573,0.7652982125073725
587,5.30531E+11,64732,0.31609674465307136,0.055686274,0.7191934225601686
588,5.30531E+11,46922,0.23512544634318677,0.049833887,0.5901083970859865
589,5.30531E+11,249444,0.6980428639511382,0.009458297,0.9064465337543511
590,5.30531E+11,147266,0.6333583724015148,0.042772861,0.811697569
591,5.30531E+11,44526,0.2839116701330494,0.037593984773964986,0.5792383256803543
592,5.30531E+11,30000,0.11804384286603975,0.039716311493385656,0.4757660140625849
593,5.30531E+11,91804,0.20885286652834872,0.019963702238574094,0.763198752
594,5.30531E+11,72321,0.43692869402324147,0,0.6976556127917897
595,5.30531E+11,72756,0.5440976859688238,0.1011470270996139,0.6226708026190155
596,5.30531E+11,26406,0.19718309695788652,0.049844236371929626,0.6726943881311538
597,5.30531E+11,142857,0.80449017,0,0.7555391376991201
598,5.30531E+11,116129,0.7113542994342777,0.057068741,0.7592318998579624
599,5.30531E+11,0,0.6597374107249736,0.015755329,0.7770130710460216
600,5.30531E+11,46538,0.3566265017273916,0.004504504,0.6141348447267682
601,5.30531E+11,66987,0.279999997,0.014563107,0.6786216548620136
602,5.30539E+11,98523,0.2248927019322515,0.02919708,0.6264124249547145
603,5.3033E+11,102933,0.26909413615369326,0.037242472,0.6925151672790616
604,5.30539E+11,100893,0.21546260816904172,0.06610703,0.5501354976278083
605,5.3033E+11,122813,0.3063973038182045,0.095492742,0.6079155640743242
606,5.3033E+11,98641,0.25925925702619074,0.00742942,0.7754152772397657
607,5.3033E+11,116875,0.3088552882413036,0.02276867,0.5445278940744211
608,5.3033E+11,135609,0.5177832876941002,0.032033425960770016,0.5924006874358049
609,5.3033E+11,110667,0.411949679,0,0.5616255792030275
610,5.3033E+11,61813,0.21861656516979877,0.040955631,0.32554161730021886
611,5.30531E+11,118866,0.420624146,0.007512521,0.7715617655667306
612,5.30531E+11,55775,0.6070234062957909,0.022503516016149677,0.7401628172309171
613,5.30531E+11,57714,0.6140888161248942,0.04765013,0.7611111058256174
614,5.30531E+11,75774,0.676595716,0.10526315714606574,0.7749731429915513
615,5.30531E+11,68173,0.5303308774785765,0.020149254,0.6978193092070147
616,5.30531E+11,80439,0.757753068,0,0.7533092614120983
617,5.30531E+11,110347,0.5418502142968038,0.022660098,0.814410474
618,5.30531E+11,81625,0.5855855789911534,0.041257366981754744,0.8045347865165381
619,5.30531E+11,94966,0.5105022784429015,0.021722265153434717,0.49043168451076236
620,5.30531E+11,148873,0.7310302237444156,0.008041355,0.8152317826805843
621,5.30531E+11,78295,0.29370628959851347,0.025735293802263557,0.7223851346785422
622,5.30531E+11,0,0.43678159246047543,0.049808427,0.6333333255144034
623,5.30531E+11,100417,0.5344036635962883,0.024242423997551273,0.6859861532354139
624,5.30531E+11,43314,0.298345397,0.039297272125301555,0.7424328912482416
625,5.30531E+11,110000,0.4290375168920268,0.038461538,0.839095739
626,5.30531E+11,100833,0.44161073232737275,0.0251497,0.8026548601534969
627,5.30531E+11,203427,0.3028263775045331,0.005154639,0.774001693
628,5.30531E+11,140917,0.6792929235749754,0.020186335247000503,0.8530312256397353
629,5.30531E+11,71676,0.5203915128842455,0.046566692607997694,0.6932515294892544
630,5.30531E+11,112625,0.4752559686411607,0.018138801,0.7928571377087199
631,5.30531E+11,152308,0.5959390802442733,0.074626865,0.8577777714238684
632,5.30539E+11,107500,0.25246194939604344,0.0046875,0.5347533602312031
633,5.30531E+11,163047,0.7380191614694446,0.008832188,0.8129175886197655
634,5.30531E+11,172206,0.7802944418992702,0.010546500378269413,0.8046380828908076
635,5.30539E+11,117422,0.3164458276192843,0.027894002594881433,0.5439039763493116
636,5.30539E+11,103397,0.2061762015787811,0.045155993061116645,0.5275043397365122
637,5.3033E+11,54839,0.44101123182573754,0.065365025,0.35995302196152074
638,5.30531E+11,190231,0.6544315071223679,0.030603805,0.8486334908995551
639,5.30539E+11,96992,0.3019047590294785,0.034710744,0.47393364608034094
640,5.3033E+11,112250,0.15619047470294786,0.020815264346788688,0.44098479043457794
641,5.30531E+11,159125,0.6705882265282584,0,0.8236316175184047
642,5.30531E+11,66045,0.24647887106972824,0,0.7576489472008942
643,5.30531E+11,104045,0.4732472281065754,0,0.7096525041725675
644,5.30531E+11,80000,0.2296983732053553,0.031088083,0.7807486571371378
645,5.30531E+11,144875,0.6429232132939573,0.040196882360977175,0.8224023520825177
646,5.30531E+11,93945,0.45270269833298554,0.048169556,0.8172817208165462
647,5.30531E+11,129286,0.4219600687662426,0.004258944,0.8760584997993958
648,5.30531E+11,113438,0.495742663,0.017979452,0.8183687401071368
649,5.30531E+11,79853,0.3653846099795176,0,0.7047531928267533
650,5.30531E+11,119313,0.5637254832876779,0.009782609,0.8361998293513527
651,5.3033E+11,91250,0.20749999827083335,0.024205748682256063,0.604372351
652,5.3033E+11,121761,0.32790697293131427,0.038690476,0.5163806511982789
653,5.3033E+11,76667,0.15777777602469137,0.024021352099454163,0.4817367299673554
654,5.3033E+11,129291,0.3633093492508152,0.067291311,0.6239669384653663
655,5.3033E+11,92813,0.18181818030176664,0.07723855,0.4646293125940616
656,5.3033E+11,87118,0.4013303739739071,0.045481747,0.41145833095220874
657,5.3033E+11,87107,0.4249422583724913,0.036307054,0.40876436487956636
658,5.3033E+11,85536,0.23664121776120278,0.031563845,0.6783284676547282
659,5.3033E+11,189038,0.4118116487485104,0.042384106,0.3115896117062089
660,5.3033E+11,64429,0.19733924393193744,0.042016806,0.28706467518873297
661,5.30539E+11,119792,0.5586446519665973,0.006284368,0.6990838569479644
662,5.30539E+11,131417,0.331927709,0.020032485002531214,0.5739299573675101
663,5.30539E+11,104757,0.3966942094119255,0.058892814,0.625811683
664,5.30539E+11,86000,0.40970148947983964,0.032198142,0.5634201553600218
665,5.3033E+11,106761,0.38660399075670987,0.07762557,0.3924558555982676
666,5.30539E+11,101250,0.4379251663441738,0.00322841,0.6260815783307689
667,5.3033E+11,117118,0.2425629262864654,0.025917926,0.4602648968521118
668,5.3033E+11,110436,0.5349161936464218,0,0.531270569
669,5.3033E+11,74555,0.15007898775609016,0.091037402,0.426703369
670,5.3033E+11,79280,0.24319418796380785,0.031719532,0.49249658599934115
671,5.30531E+11,101071,0.45768024361002757,0,0.725352104
672,5.30531E+11,125357,0.6412555981922018,0.033299696939458154,0.8401639286874049
673,5.30531E+11,104043,0.30595667593901915,0.038360941,0.7120418794910854
674,5.30531E+11,113452,0.4232613858122136,0.009881423,0.8336783931423162
675,5.30531E+11,121447,0.3999999953216375,0.016374268814336037,0.7741721803034955
676,5.30531E+11,104219,0.5805799016818618,0.007323944,0.8234704071039598
677,5.30531E+11,100849,0.2685873580986305,0.001745201,0.8424288943702621
678,5.30531E+11,98839,0.44810267607085563,0.030816640827854954,0.8066239273150432
679,5.30531E+11,90625,0.46670701896666456,0.006964597,0.7941015794969876
680,5.30531E+11,123125,0.5977443564079372,0.026772792859820604,0.7740759980527018
681,5.3033E+11,87898,0.42647058196366794,0.026785714,0.24585987104547855
682,5.3033E+11,107985,0.4827586160655305,0.013750954822376205,0.3884476506249267
683,5.3033E+11,68640,0.15829145529784605,0.3555276337245272,0.34248664879872887
684,5.3033E+11,83151,0.2492474397998348,0.024537036923439642,0.2837557113263161
685,5.3033E+11,94125,0.4468524205691185,0,0.37166324244526056
686,5.3033E+11,32059,0.20517394999844826,0.033911672,0.2847173741471223
687,5.3033E+11,101250,0.24258289491637963,0.051908396550317586,0.4541429446290769
688,5.3033E+11,103176,0.42711369639775953,0.035248041315299725,0.3797577821820261
689,5.3033E+11,149677,0.41463414152573586,0,0.46924083462538724
690,5.3033E+11,34861,0.29278350213625254,0,0.4166020138355158
691,5.3033E+11,112788,0.3199527707207465,0.024122806753039402,0.4992435665715313
692,5.3033E+11,250001,0.40355328924991657,0,0.35695066944438864
693,5.30539E+11,146458,0.4639065768162784,0.015209125330711736,0.7035633002004299
694,5.30539E+11,157214,0.5854316494115859,0.00892133,0.6560509512353443
695,5.30539E+11,101705,0.41534988244526094,0.036880927,0.7925247841912678
696,5.30539E+11,176029,0.5335628181276866,0.017910447627533972,0.7111984236332782
697,5.3033E+11,109803,0.36722119305470613,0.06302521,0.5742574221890011
698,5.3033E+11,128056,0.3261802540109415,0,0.5045718993801173
699,5.3033E+11,165114,0.5231071728308047,0.023330651461539408,0.5368170978874339
700,5.3033E+11,121757,0.5572649525020089,0.007022472,0.6214983672866556
701,5.30531E+11,170625,0.6959537491797254,0.024590163682477833,0.8505007092238862
702,5.30531E+11,96750,0.5211726341924052,0,0.8444976026046794
703,5.30531E+11,229183,0.641050577,0,0.8015037533721523
704,5.30531E+11,146845,0.6137640406336795,0.007189542,0.8670103048092253
705,5.30531E+11,77596,0.3649742430833389,0.028125,0.7900419868623756
706,5.30531E+11,130000,0.48832684349876615,0.011522633650019477,0.8123184148034955
707,5.30531E+11,156477,0.640851882,0.015475313,0.8716260640445948
708,5.30531E+11,139018,0.5374056243143059,0.011928429344410674,0.8387605
709,5.30531E+11,103580,0.4568023787805126,0.015609755945270674,0.8789759435300548
710,5.30531E+11,87813,0.5337762953070178,0.011518324486719116,0.8706467575060024
711,5.3033E+11,91288,0.48770491470146915,0.014842300464797153,0.3901264275127849
712,5.3033E+11,67875,0.25049701540261415,0.044520548,0.5150862031962198
713,5.3033E+11,105123,0.29411764451455324,0,0.4286846241784103
714,5.3033E+11,53636,0.22157676164666587,0.011985019,0.47565982125712714
715,5.3033E+11,58234,0.44461777777507366,0,0.3621651765504175
716,5.3033E+11,84028,0.13475177185503748,0,0.41812042533415633
717,5.3033E+11,0,0.16331456023077587,0.15364916675000534,0.24691357879533463
718,5.3033E+11,100307,0.14956331714450527,0.007759457,0.39579349526010044
719,5.3033E+11,72472,0.2975970370129938,0.054499366,0.4384685465955465
720,5.3033E+11,37877,0.19261476853677875,0.073170731,0.2488325533767008
721,5.3033E+11,72813,0.023399014490159922,0.11134020503772984,0.5792880212031714
722,5.3033E+11,58333,0.21107784115152933,0.082603253,0.4967907541926139
723,5.3033E+11,117763,0.34758363989234536,0.014795474196732166,0.6806842431882806
724,5.3033E+11,95750,0.394032918,0.033707865,0.5737373698738224
725,5.3033E+11,113428,0.1631799151800564,0.00331675,0.6228882799842601
726,5.3033E+11,20885,0.1531598501623803,0.062455132,0.5550732471238565
727,5.3033E+11,128365,0.28880526539223644,0.008503401,0.509316768
728,5.3033E+11,51684,0.2211538390655821,0.046838406,0.4775828413490951
729,5.3033E+11,145048,0.3108242273006532,0.018385292,0.5654685457928849
730,5.3033E+11,148030,0.43525968957381356,0.060240963,0.5205920172420077
731,5.3033E+11,71917,0.017295597,0.007843137,0.2978873218458639
732,5.3033E+11,50590,0.17771883131990424,0.029991430762712677,0.4011379772323046
733,5.3033E+11,126285,0.24154929407359652,0.016109785106743525,0.6009174277470332
734,5.3033E+11,60433,0.2360764735155738,0.028029678,0.4059632996485986
735,5.3033E+11,112617,0.2722602693106118,0.1392818265584132,0.3839373125961086
736,5.3033E+11,85918,0.3907615431864976,0.075587333,0.49646892304753587
737,5.3033E+11,71893,0.300079806,0,0.31634819309024637
738,5.3033E+11,0,0.096016342,0.025089605554913224,0.33099824578810644
739,5.3033E+11,68281,0.33070348237538805,0.014594594515704894,0.5208643776388645
740,5.3033E+11,106250,0.097587719,0.006743738,0.4668930364069438
741,5.3033E+11,104105,0.3059273393314786,0.04299363,0.5868644026351384
742,5.3033E+11,78898,0.1060928840814108,0.024869634878180363,0.5290677656378817
743,5.3033E+11,69821,0.12509307427332036,0.061579652,0.47674418296676885
744,5.3033E+11,81806,0.17587476817794873,0.056603773,0.43025829940768784
745,5.3033E+11,77188,0.17217217,0.015828677692470414,0.45301418
746,5.3033E+11,86875,0.17521367271775395,0.022805017,0.7037701911690288
747,5.3033E+11,35000,0.1497975688286428,0.11249999859375003,0.5012067538116914
748,5.3033E+11,0,0.14968998981674056,0.065080475,0.5174381704664669
749,5.3033E+11,38032,0.13452914496571425,0.022099447,0.49748321730299316
750,5.3033E+11,86206,0.14053614833033187,0.10007818530040512,0.6339455311339739
751,5.3033E+11,113333,0.47335422702869145,0.019500779879089082,0.8236695724887246
752,5.3033E+11,200701,0.5338276132175384,0,0.7667953608741671
753,5.3033E+11,124338,0.2551984853005814,0,0.7903122957915086
754,5.3033E+11,145260,0.30027932751201586,0,0.7919605021723519
755,5.3033E+11,102750,0.5036319551618408,0.01381509,0.7043701754217855
756,5.3033E+11,100417,0.22252010127291955,0,0.7342995109959782
757,5.3033E+11,71730,0.093846152,0,0.7967032879483156
758,5.3033E+11,148138,0.46801346013445355,0.014446227697492334,0.8844580686660729
759,5.3033E+11,173482,0.5957031191825868,0,0.8551360767766807
760,5.3033E+11,110875,0.3075630226255208,0.037285607477363106,0.7712651839080401
761,5.3033E+11,88516,0.14187642858264957,0.018281535481887243,0.42419439818175175
762,5.3033E+11,76205,0.20693927872442033,0.036231883729783664,0.5848605531086809
763,5.3033E+11,98969,0.4403765644312075,0.045813585736069626,0.5335255909623245
764,5.3033E+11,77042,0.075163398,0.11258278039183746,0.4795737079966811
765,5.3033E+11,68982,0.25846500836946945,0.02735849,0.5721765103053366
766,5.3033E+11,90625,0.15877080564167217,0.013832853,0.6052023086404491
767,5.3033E+11,0,0.098454027,0.054522924,0.38032100355784715
768,5.3033E+11,95668,0.21584385515678697,0.053181386,0.4701561022024233
769,5.3033E+11,61429,0.32236094980294044,0.030832476558761805,0.626970222
770,5.3033E+11,41024,0.21470244790312196,0.038662487,0.5770556347756985
771,5.3033E+11,142422,0.36161615431078475,0.064705881,0.49541984354641344
772,5.3033E+11,170000,0.21498864333846598,0,0.451612901
773,5.3033E+11,157847,0.36816608741753576,0.042591481,0.6118264157757443
774,5.3033E+11,134630,0.4537591453509039,0.019015659848905707,0.6882780047288485
775,5.3033E+11,72083,0.2866952765090534,0.007320644,0.552723056
776,5.3033E+11,154712,0.5801749214754623,0.095196506,0.4436248659450745
777,5.3033E+11,139565,0.3373015828399262,0.007142857,0.5435816121744722
778,5.3033E+11,133942,0.38916255678371237,0.00955414,0.5193498411815027
779,5.3033E+11,90462,0.3426094874880954,0.057650471147025116,0.30955077270837755
780,5.3033E+11,132917,0.2752808950100998,0.046035805,0.40634005470936563
781,5.3033E+11,121250,0.4208809066740472,0.007968127,0.673595068
782,5.3033E+11,139479,0.3344370824013567,0.031578947,0.8588537137822608
783,5.3033E+11,151932,0.49804940834786204,0,0.7269049175529001
784,5.3033E+11,133182,0.3566176426885093,0.016018306,0.7463263670044364
785,5.3033E+11,99079,0.3770491764646601,0.02173913,0.7092448785515535
786,5.3033E+11,145625,0.2748691075491352,0.03957382,0.543321296
787,5.3033E+11,117692,0.3712029139052071,0.038543897,0.7564612288446261
788,5.3033E+11,110809,0.6233521598554411,0.020017406266167048,0.7057387014301667
789,5.3033E+11,101094,0.3167134809219559,0.009398496,0.7551622381752102
790,5.3033E+11,98500,0.21996753068208175,0.004008016,0.5520249186789725
791,5.3033E+11,113797,0.5036261039192095,0.015552099412503115,0.5257452538906148
792,5.3033E+11,53983,0.43193716146761363,0.040723981,0.47313691097801636
793,5.3033E+11,79125,0.23604650888318013,0.29861848779363986,0.5141884164110282
794,5.3033E+11,83672,0.2771084306997981,0.019366197012621506,0.4999999967658474
795,5.3033E+11,58750,0.1936108403329057,0.029871977027937573,0.4052887188057813
796,5.3033E+11,105233,0.3934201480917056,0.045364891220480666,0.533557044
797,5.3033E+11,140625,0.3981191180969789,0.015828677692470414,0.3478904489423357
798,5.3033E+11,136865,0.5523809479969766,0.048005908064948984,0.3036611607777375
799,5.3033E+11,63750,0.1857988143692448,0,0.3810848374055297
800,5.3033E+11,127368,0.2809415316557211,0.012820512734004638,0.492827392
801,5.3033E+11,174722,0.613848194,0.028095733318462712,0.662609867
802,5.3033E+11,71492,0.1749999988175676,0.028840494238725756,0.6523950798965872
803,5.3033E+11,141691,0.38770052957619616,0.088888888,0.695402294
804,5.3033E+11,111667,0.4114365354053482,0.03486924,0.7390659693175243
805,5.3033E+11,106579,0.5095785375532754,0.037735849,0.6017418796378315
806,5.3033E+11,106318,0.3015006780149976,0.014069263916999308,0.5811518281140476
807,5.3033E+11,172461,0.5639913170933697,0.029959514,0.6259370267920763
808,5.3033E+11,82183,0.2718707904189665,0.056220095,0.6582768571318794
809,5.3033E+11,99539,0.20385232417572513,0,0.6751592285014945
810,5.3033E+11,137976,0.1799363042998702,0,0.6448382076668859
811,5.3033E+11,66099,0.1340782104179021,0,0.29212531505397704
812,5.3033E+11,86639,0.4979423817084117,0.080340264,0.4736101303757204
813,5.3033E+11,73661,0.2340425508202376,0.048802946,0.45009913780502886
814,5.3033E+11,58125,0.18049792343881824,0.042801556,0.33312616324968203
815,5.3033E+11,61321,0.10433763066427162,0.11414391965141506,0.3274509782519544
816,5.3033E+11,86071,0.2179930770704374,0.007556675,0.25982404539692644
817,5.3033E+11,142262,0.1790030197960497,0.031003039325209487,0.5552238772822455
818,5.3033E+11,66285,0.075718015,0.1252900222328691,0.45872092756557603
819,5.3033E+11,52425,0.3399301473814884,0.052631578,0.4917355342872755
820,5.3033E+11,128953,0.3072072044395747,0.2028337046768553,0.49297752462796685
821,5.3033E+11,90344,0.17167381826889427,0,0.5266457638977605
822,5.3033E+11,100093,0.30813953130070315,0.001086957,0.7370990185697419
823,5.3033E+11,174743,0.37215713044688403,0.054189944,0.6241269801642731
824,5.3033E+11,145573,0.2580054871179736,0.08275862,0.7380095879016212
825,5.3033E+11,131806,0.46895272966679585,0.025620496,0.7642276381342675
826,5.3033E+11,151050,0.5448717890505151,0,0.6429699791234599
827,5.3033E+11,159063,0.5385174379468209,0.043842682,0.7171122956304156
828,5.3033E+11,161818,0.32884096591858536,0.022576360921960678,0.4884182628165568
829,5.3033E+11,180694,0.5085020201740728,0.015492957637373538,0.7260348544333614
830,5.3033E+11,160313,0.4368990358359433,0.029346622207383044,0.6701084116153412
831,5.3033E+11,81750,0.20805369011155656,0.009263344,0.35724431691319486
832,5.3033E+11,84698,0.44074436394961447,0.073209975,0.4128908716471546
833,5.3033E+11,218617,0.31719876089393656,0.018639329,0.5220077179767744
834,5.3033E+11,46125,0.23444160072939813,0.035984848,0.35462058336122776
835,5.3033E+11,111719,0.27236314723146665,0.057268722,0.34688156729585445
836,5.3033E+11,65938,0.24818401636581094,0.011664899133988344,0.3216589832105163
837,5.3033E+11,83214,0.37286758429839495,0.011938202163355323,0.30925221603769193
838,5.3033E+11,154333,0.6907073413216736,0.023148147880229772,0.6713947937636344
839,5.3033E+11,86758,0.28142076246429176,0.009151414,0.47988337912604445
840,5.3033E+11,160446,0.35211267154785314,0.009367681,0.289592758
841,5.3033E+11,135594,0.092696627,0,0.44145706468814344
842,5.3033E+11,79728,0.1879699235272049,0,0.6499402589609303
843,5.3033E+11,114659,0.2978193127861725,0.047798066,0.41937145585073954
844,5.3033E+11,0,0.6164908857479302,0,0.5894145903014066
845,5.3033E+11,141481,0.3657407365076304,0.020321761047233183,0.6711647679604775
846,5.3033E+11,66587,0.12450748522846741,0.044793484,0.2556317323426458
847,5.3033E+11,126618,0.4708222749227815,0.053376906,0.6726825211428834
848,5.3033E+11,78810,0.13459267845817383,0,0.4630404430750318
849,5.3033E+11,132705,0.13279132611393868,0.07821229,0.585406297
850,5.3033E+11,113548,0.2328990209047311,0.019886363,0.47561950059456837
851,5.3033E+11,80431,0.24620573148224512,0.052434457,0.32099343804595387
852,5.3033E+11,101853,0.6690328245871089,0.004355401,0.6807817534138294
853,5.3033E+11,86230,0.2895962710435072,0.00613079,0.4318181792355372
854,5.3033E+11,80129,0.42113955060991287,0.036222509468159705,0.4445182694716394
855,5.3033E+11,63464,0.41532976456925347,0.005925926,0.2779922762033959
856,5.3033E+11,58649,0.10520939626956695,0.096687555,0.3866317143733177
857,5.3033E+11,42053,0.17508812955243092,0.022134387176803265,0.14445479895407828
858,5.3033E+11,74746,0.3057324812945179,0,0.25225225073722374
859,5.3033E+11,49527,0.27680140354304567,0.11259259175857339,0.22632890271458095
860,5.3033E+11,141848,0.28224582486915156,0.060264900263146355,0.4582003799731948
861,5.3033E+11,143405,0.444444438,0.012594458279666773,0.5085675085087902
862,5.3033E+11,125541,0.46159526985527866,0.026993864865068315,0.49113379639369265
863,5.3033E+11,60239,0.2047244074338149,0.14580873585709128,0.34677419155083994
864,5.3033E+11,172500,0.3590697641016766,0.12067578342175557,0.45426594577812496
865,5.3033E+11,132019,0.2740324577151532,0.081644144,0.4490632292209413
866,5.3033E+11,82817,0.29189188926223525,0.15670995535316057,0.6077097459734713
867,5.3033E+11,66707,0.2528735609825503,0.039346696,0.49183975896261306
868,5.3033E+11,40859,0.086865878,0.097819681,0.16405199388591665
869,5.3033E+11,122132,0.46076145718134065,0.025570145,0.4244946467033612
870,5.3033E+11,83750,0.30239832844214465,0.012704174113392249,0.4314199369702723
871,5.30531E+11,91477,0.5574712563581716,0.015109889902336677,0.8759689825474088
872,5.30531E+11,101250,0.4529582885261078,0.010752688083104317,0.8361367290497194
873,5.30531E+11,123547,0.6140065096579275,0.06850335,0.8321273456430728
874,5.30531E+11,148191,0.6167146929631506,0.061302681600876874,0.8905835484709314
875,5.30531E+11,114821,0.6180522535959513,0.013614405,0.8130330917330839
876,5.30531E+11,109394,0.5291631400746988,0.013402829386427183,0.7384774689876878
877,5.30531E+11,126719,0.4722772230467602,0.017061611,0.8020304517637662
878,5.3033E+11,63194,0.4876847250600597,0.022292993453081264,0.8493386955184664
879,5.30531E+11,120923,0.3802681955913008,0.051628276,0.8372858969875765
880,5.30531E+11,125380,0.29602595055940023,0,0.774896872
881,5.3033E+11,42639,0.27428571,0.045606229,0.421715182
882,5.3033E+11,78598,0.16479400594762167,0.053322394968643196,0.35686274309880817
883,5.3033E+11,68904,0.29255318759902676,0.031668696,0.23657474429191042
884,5.3033E+11,118257,0.37935322911252206,0.088339222,0.5796812710512532
885,5.3033E+11,102969,0.17817509137993162,0.003950339,0.3722126908392642
886,5.3033E+11,67232,0.179738561,0.039202200555693255,0.44552647324694783
887,5.3033E+11,76990,0.4917395481852328,0.018755328,0.7373670163738896
888,5.3033E+11,66731,0.33710691399865517,0.043771043,0.3749200231930901
889,5.3033E+11,76523,0.3913373830445488,0.015086206788173802,0.5789830469221489
890,5.3033E+11,74607,0.2728592142753323,0.092418372,0.2581888236678658
891,5.3033E+11,59485,0.2623224706572893,0.016178736,0.4699197829550817
892,5.3033E+11,52663,0.085997794,0.11631663880196576,0.3140978793710893
893,5.3033E+11,53489,0.1420204957244437,0.008888889,0.23760091998153496
894,5.3033E+11,105993,0.4557522073478738,0.026264591184196585,0.6254856206255973
895,5.3033E+11,64500,0.4823284773146728,0,0.7558365685229906
896,5.3033E+11,59398,0.1092715213696768,0,0.2725552033277274
897,5.3033E+11,100664,0.5671140892020631,0,0.30745721083461364
898,5.3033E+11,86447,0.4649021810713213,0.1291624608560801,0.5171898317100909
899,5.3033E+11,38920,0.089353611,0.061410158745942696,0.10967741876517517
900,5.3033E+11,46036,0.48739494774380365,0,0.25877192755463224
901,5.3033E+11,69100,0.39374999692382817,0.041334299917807835,0.49892703594996224
902,5.3033E+11,77315,0.39329267992917166,0.027488856,0.5602171739377237
903,5.3033E+11,104779,0.584615376,0.058646616,0.6873977030491186
904,5.3033E+11,134091,0.6529051937851285,0,0.8506375176039009
905,5.3033E+11,114111,0.43373493668508195,0,0.8985994347417399
906,5.3033E+11,80595,0.5205020876945432,0.026898733964408752,0.8186073679426135
907,5.3033E+11,113571,0.5426666630488889,0.010230179,0.8413630972892885
908,5.3033E+11,0,0.48557691724066204,0.031141868,0.8413461471045982
909,5.3033E+11,115957,0.5762052832332404,0.16521739027815285,0.8729838651009149
910,5.3033E+11,141131,0.5742689991313568,0.015384615,0.7455504235626208
911,5.3033E+11,127042,0.423623442,0.023238925030944626,0.7302996629839087
912,5.3033E+11,66703,0.26195574402601185,0.011533242798281934,0.5583464125675227
913,5.3033E+11,46796,0.13070776181102875,0.047904191,0.20449790688024108
914,5.3033E+11,140952,0.3699186961795228,0.054322876401508215,0.5764638966659245
915,5.3033E+11,73478,0.11133333259111111,0.029022082,0.5387149888044207
916,5.3033E+11,135083,0.5516587625435189,0.009466437,0.797810213
917,5.3033E+11,127500,0.35315984867539146,0.045305318152952606,0.6445880417631231
918,5.3033E+11,106450,0.40933098231222725,0.075181891,0.3791362850300825
919,5.3033E+11,71250,0.19088098770571107,0.073239436,0.2993928057011078
920,5.3033E+11,120426,0.4365436504361508,0.021097046235467966,0.7866972416919171
921,5.3033E+11,100667,0.18085969034177057,0.027237354,0.4508453321800543
922,5.3033E+11,61671,0.17628865797640558,0.073625349,0.26811180679913404
923,5.3033E+11,82500,0.2829949202665619,0,0.4144404302206467
924,5.3033E+11,63523,0.35085413467997195,0.11084905529659134,0.3920335402373617
925,5.3033E+11,130278,0.4205378947399884,0.046840958,0.3624708603585614
926,5.3033E+11,124063,0.4643962776409245,0.012232415777447343,0.3067150616653656
927,5.3033E+11,128092,0.3802966061409258,0.085024154,0.47694633048415475
928,5.3033E+11,103856,0.503740642,0.046728971477373094,0.5362014634186625
929,5.3033E+11,131185,0.1847826068697371,0.029580152389502363,0.3815789448580333
930,5.3033E+11,100833,0.3822091867927215,0.081363636,0.3560250377307314
931,5.3033E+11,124514,0.15336322732409663,0.055429005,0.5165876742275716
932,5.3033E+11,168462,0.7584540940667618,0.015827337901764924,0.7641582562904713
933,5.3033E+11,128438,0.31416549348996503,0,0.4624478410121847
934,5.3033E+11,45833,0.09635173,0.087499999,0.5393258386567353
935,5.3033E+11,78750,0.41723355536016377,0.003282276,0.6940836890758753
936,5.3033E+11,47069,0.15748031318919783,0.3283858967682199,0.22676896652370873
937,5.3033E+11,65347,0.3981994432257656,0,0.14557305732985845
938,5.3033E+11,125552,0.45446660490488633,0.036144578022935116,0.37666859909072203
939,5.3033E+11,75370,0.29018244752230715,0.081845237,0.39409426238447326
940,5.3033E+11,86910,0.1874469873838254,0.055555555,0.3973509909852439
941,5.3033E+11,140000,0.5179153052287028,0.098105547,0.8293677713843116
942,5.3033E+11,116909,0.3900975214546323,0.006281407,0.7261613656422428
943,5.3033E+11,205052,0.6083650113008237,0,0.7594855256624725
944,5.3033E+11,0,0.5696969581879403,0,0.5829787184427343
945,5.3033E+11,158603,0.560141503,0.037563451,0.5861807092924776
946,5.3033E+11,177237,0.28227570807138175,0.017804154126566232,0.6962457278477328
947,5.3033E+11,125568,0.23347280139353305,0.009502924,0.6640530719900297
948,5.3033E+11,43320,0.4347826043993814,0.018650088644315378,0.741834166
949,5.3033E+11,70060,0.20494185748631022,0.06957708,0.7548441385438573
950,5.3033E+11,128947,0.48893804768873844,0.013944223,0.6968215116331203
951,5.3033E+11,163947,0.35613207127202745,0.036836402634491845,0.4041095859656805
952,5.3033E+11,70000,0.21271929669064843,0.061547148,0.30153403498785214
953,5.3033E+11,36667,0.11493411336065804,0.10532276271051663,0.37851239460874714
954,5.3033E+11,76382,0.28970163340036925,0.044718581,0.26164874417998596
955,5.3033E+11,46579,0.089552238,0.021717670071888746,0.48866498330256103
956,5.3033E+11,116250,0.41145832618995964,0,0.49001535345598535
957,5.3033E+11,50721,0.23350629923271832,0.076923076,0.25592416926843514
958,5.3033E+11,81708,0.39739413249300615,0.076775431,0.4580043039626396
959,5.3033E+11,94318,0.2543859617244867,0.050111358016577304,0.396866837
960,5.3033E+11,88261,0.25334323734514685,0.057519057,0.3014449411985803
961,5.3033E+11,83000,0.08126195,0.078386605,0.3462308182372861
962,5.3033E+11,93603,0.5914307529347302,0.019485038,0.43711223667731397
963,5.3033E+11,110968,0.22422874172890336,0.084899095,0.33310055633309665
964,5.3033E+11,82807,0.33908947928501193,0.043377674705739305,0.3653597571505396
965,5.3033E+11,116058,0.32998171544806476,0.022924901004546236,0.3255372925060854
966,5.3033E+11,60927,0.24966352456484842,0.007761194,0.3170197212672764
967,5.3033E+11,160947,0.30076229867801596,0.003488372,0.44655452823356195
968,5.3033E+11,126366,0.39079946230102963,0.040048543527311714,0.4089347067327185
969,5.3033E+11,116731,0.25301204438234876,0,0.4114713182753839
970,5.3033E+11,58947,0.23675154689090472,0.09487666,0.2551159606406732
971,5.3033E+11,68438,0.15417106489787682,0,0.4146938741657643
972,5.3033E+11,75823,0.17944250558462535,0.10112359408534279,0.38223937928772683
973,5.3033E+11,139464,0.2965470528331276,0.010374639709656255,0.37862137673016294
974,5.3033E+11,142935,0.3816120858739032,0.017507724,0.4690206497733468
975,5.3033E+11,118417,0.3272335809770336,0.1573129238323731,0.41554270767153045
976,5.3033E+11,105917,0.3268983226911413,0.051344743,0.4794007454726536
977,5.3033E+11,122861,0.412247943,0.12195121866236085,0.4095238067379333
978,5.3033E+11,140605,0.31320754421502317,0.043375394,0.34696406228646803
979,5.3033E+11,0,0,0.30585682633716216,0.27105262801246544
980,5.3033E+11,110089,0.2945205429020455,0,0.40425531540929405
981,5.3033E+11,170435,0.47997032284888486,0.021305841777966725,0.780389904
982,5.3033E+11,0,0.34051143552474517,0.023017902518952655,0.8385650149007622
983,5.3033E+11,110313,0.28545454285950417,0.043082021184076044,0.8115461127302847
984,5.3033E+11,142896,0.45470085081452266,0.014106582961547156,0.7402760304876034
985,5.3033E+11,141176,0.5088449478788247,0.008474576,0.5988200554641885
986,5.3033E+11,136413,0.3637245357543692,0.018552876,0.5649402345423089
987,5.3033E+11,94179,0.4222560943425603,0.041350792,0.8520547886845563
988,5.3033E+11,114521,0.4665959653595338,0.050796812,0.5403921526243752
989,5.3033E+11,170125,0.505280709,0,0.6407942215133782
990,5.3033E+11,130500,0.45083487522416626,0.029264213802138683,0.8149068272366036
991,5.3033E+11,125417,0.3238095199546486,0.032289628,0.5043103412046671
992,5.3033E+11,117895,0.3593117372539298,0,0.35919790445337485
993,5.3033E+11,115816,0.2674571769768488,0,0.33301526399794595
994,5.3033E+11,95026,0.5588709632349116,0.04054054,0.363404687
995,5.3033E+11,181625,0.6341719011093092,0.012138188495441751,0.4724677058295873
996,5.3033E+11,125288,0.42328874568616254,0.014717273,0.38678678446374304
997,5.3033E+11,80125,0.42660943839820226,0,0.4485915461366793
998,5.3033E+11,115023,0.34210525841959477,0.023282886806951262,0.397660816
999,5.3033E+11,104063,0.4382326380682359,0.04637917,0.4746543747554024
1000,5.3033E+11,111174,0.43052108646996173,0.17680826433055954,0.28827482981124103
1001,5.3033E+11,139483,0.7373558053473309,0.00887574,0.7842789551756563
1002,5.3033E+11,86523,0.16030534147194223,0.01871345,0.8597957208932616
1003,5.3033E+11,171023,0.5504322687257598,0,0.8706511965151543
1004,5.3033E+11,112432,0.39401197132919796,0.005808325,0.8365539385140585
1005,5.3033E+11,131989,0.4524495633770455,0.007839721,0.8540855948046149
1006,5.3033E+11,139590,0.5885608801793277,0,0.8595678946020996
1007,5.3033E+11,181023,0.672597853,0,0.8392156780469051
1008,5.3033E+11,243241,0.6390374246117991,0.056722688,0.8038720471054541
1009,5.3033E+11,150375,0.5274822648272849,0.074893616,0.8167092854500487
1010,5.3033E+11,89107,0.3466135389120809,0.050955413,0.7499999889705884
1011,5.3033E+11,72500,0.4099905710651219,0.024999999816176472,0.5785030918486039
1012,5.3033E+11,104844,0.5620253093414518,0.10218139951571298,0.4778156963971625
1013,5.3033E+11,149545,0.4868270276423021,0.014192139583055246,0.6181533597953571
1014,5.3033E+11,119107,0.4870056442146255,0.008537887,0.4187096747180021
1015,5.3033E+11,100368,0.46406570365435623,0,0.589371977
1016,5.3033E+11,154955,0.5437881818351509,0.011162790593834506,0.5459985
1017,5.3033E+11,60259,0.2860892363421764,0.009677419,0.5315048144439969
1018,5.3033E+11,149602,0.5879120832973934,0.025510203895698223,0.8348954518032051
1019,5.3033E+11,150083,0.5812873219556249,0.068868981,0.6732484033551057
1020,5.3033E+11,89625,0.2809099873302672,0,0.6348547665157281
1021,5.3033E+11,95556,0.5264957219957631,0.033432392025019374,0.23165137481851275
1022,5.3033E+11,60179,0.29583702129462336,0.1298377020609382,0.3353376487727213
1023,5.3033E+11,76611,0.23761031746360953,0.007665094,0.3929585440490713
1024,5.3033E+11,118378,0.3372365313252418,0,0.37452574322750276
1025,5.3033E+11,105893,0.34577113997797093,0.022801302684024943,0.4290200978076627
1026,5.3033E+11,113393,0.3435225568628449,0.018796992245651727,0.550491505
1027,5.3033E+11,120938,0.22873345719533594,0.044059795,0.5195753117480072
1028,5.3033E+11,78734,0.5182608650586011,0.057663125510901934,0.3883260955700622
1029,5.3033E+11,100833,0.26691266584363266,0.021201413,0.47018738952140215
1030,5.3033E+11,93656,0.3732446387786797,0.039465694963778414,0.4322799072670434
1031,5.3033E+11,75804,0.29759862523500324,0.026315789,0.48702185459684527
1032,5.3033E+11,116685,0.5604533934451714,0.070021881,0.625999994
1033,5.3033E+11,57450,0.4655737628594465,0.15689381684795853,0.3647999941632001
1034,5.3033E+11,83080,0.32321574796377567,0.029907975,0.34422403533124835
1035,5.3033E+11,82935,0.3751668866811289,0.039033457,0.41098677308755455
1036,5.3033E+11,148971,0.3614595169730956,0.042035397765095156,0.4291465343869039
1037,5.3033E+11,122000,0.5097365348254692,0.060762100301111226,0.5615835735954283
1038,5.3033E+11,76619,0.283573485,0.014814814746227709,0.2995090004111743
1039,5.3033E+11,46087,0.4138240537358703,0.042846212,0.5253077939445432
1040,5.3033E+11,70722,0.3096446674310942,0,0.36297640433771083
1041,5.3033E+11,169135,0.6223539320715162,0,0.814126389
1042,5.3033E+11,0,0.2214592255668736,0.11703601026983372,0.08997722
1043,5.3033E+11,114423,0.6761633364087053,0.008196721,0.7677616442493381
1044,5.3033E+11,94412,0.345838214,0,0.46671289551516715
1045,5.3033E+11,110300,0.2492492467542618,0.015525114013469279,0.303937005
1046,5.3033E+11,109103,0.4497354449763445,0.017910448,0.38642297448343094
1047,5.3033E+11,95987,0.20565148813733927,0.026352288,0.22771474693910254
1048,5.3033E+11,104423,0.49686660253476633,0.058970099,0.6139954807073328
1049,5.3033E+11,172750,0.5863723552171559,0,0.7424999938125001
1050,5.3033E+11,73250,0.27025738670039373,0.017607223396807117,0.32142856944933146
1051,5.3033E+11,113295,0.4429223693730323,0.056584362,0.8359972144822987
1052,5.30351E+11,145542,0.30300096512099745,0.020753266558391496,0.8107569667280414
1053,5.3033E+11,63264,0.10781249831542972,0.038073907748332504,0.47113163609598435
1054,5.3033E+11,78271,0.2010581975122011,0.030368763,0.3098814204752457
1055,5.3033E+11,77542,0.20089618968710837,0.026350461,0.28797468224242906
1056,5.3033E+11,61462,0.3133493180387744,0,0.6101107990989557
1057,5.3033E+11,64261,0.3163120522508929,0.015090543107741015,0.4169435181316984
1058,5.3033E+11,67212,0.3446088770640671,0.10928242192704134,0.7223126977010367
1059,5.3033E+11,140592,0.46048780038548487,0.073420074,0.720189697
1060,5.3033E+11,78264,0.10844629709649325,0.072232645,0.18061366680185728
1061,5.3033E+11,55765,0.11685823530922922,0.11531190708295072,0.2151702769723663
1062,5.3033E+11,0,0.28880866078449263,0,0.2959337327113424
1063,5.3033E+11,72893,0.29323307903216694,0.047114252,0.5516637429801774
1064,5.3033E+11,64667,0.4372693686598767,0.048154093,0.18066666546222224
1065,5.3033E+11,0,0.12031558066749921,0.04415372,0.12660443333369642
1066,5.3033E+11,113750,0.31259600374350227,0,0.2836624758607871
1067,5.3033E+11,75243,0.24404761723178856,0.031312458,0.4896510911315725
1068,5.3033E+11,79625,0.20478723222706355,0.019308125,0.4203894592188462
1069,5.3033E+11,74571,0.1962397156728588,0.035483871,0.37588235073010384
1070,5.3033E+11,70145,0.1856853464842313,0.061990211734691616,0.3131763188212838
1071,5.3033E+11,121429,0.2705667251319312,0.036225778970296725,0.4598623826842753
1072,5.3033E+11,61603,0.39669421077795236,0.082148499,0.36746635244314596
1073,5.3033E+11,93526,0.3250345736509741,0.032825322,0.35997666067691564
1074,5.3033E+11,92054,0.22862631864912278,0.004926108,0.4468832269808321
1075,5.3033E+11,55536,0.18383518079369904,0,0.46627755858445163
1076,5.3033E+11,51950,0.22212310238962443,0.039393939095500465,0.28185554737606844
1077,5.3033E+11,78750,0.2410575390193229,0.059431523779954476,0.3657314592612078
1078,5.3033E+11,86568,0.21781219537451893,0.042517006,0.44128645892829876
1079,5.3033E+11,114722,0.2132596661518269,0.013698630011884658,0.38110748875319633
1080,5.3033E+11,43350,0.1902792120963887,0.024778760842665833,0.3959731514095962
1081,5.3033E+11,90294,0.20785804552778142,0.010617760515272582,0.3024883335731856
1082,5.3033E+11,0,0.17055655143126974,0.1051383390898155,0.3579638722663065
1083,5.3033E+11,81250,0.18663594326700506,0.10878661022841238,0.31261207224977844
1084,5.3033E+11,80809,0.29698149662140705,0.010300429096133656,0.3517298158836094
1085,5.3033E+11,86442,0.31524547396323677,0.095933263,0.30032205877357443
1086,5.3033E+11,48942,0.2605363964709855,0.034435261470831535,0.29020032327991163
1087,5.3033E+11,106458,0.3130504378458732,0.021245421089777134,0.3590880281248383
1088,5.3033E+11,125543,0.5604060856811565,0.075622775,0.7248592057533451
1089,5.3033E+11,115948,0.32493368269318723,0.037946428,0.4199569244798498
1090,5.3033E+11,81942,0.3295739307070936,0.034006376,0.42798773822280145
1091,5.3033E+11,89750,0.35007609817235774,0.079831932,0.3959296910644802
1092,5.3033E+11,90441,0.2726368132075939,0.006705784,0.2627785041757634
1093,5.3033E+11,76691,0.23960066157070448,0,0.32842809144864155
1094,5.3033E+11,51060,0.24354005010633042,0.011387163502136834,0.24313725394848135
1095,5.3033E+11,100188,0.28349788034558704,0.016666666,0.5375966230667841
1096,5.3033E+11,0,0.42807624908013436,0.081907089,0.3154551847886014
1097,5.3033E+11,103092,0.31118880756190204,0.049701789,0.4371357165933746
1098,5.3033E+11,70785,0.2926374623239752,0.074043938,0.41527446052938866
1099,5.3033E+11,114968,0.377928947,0.020538243,0.4227330752060468
1100,5.3033E+11,55795,0.082018926,0.010159651521630602,0.28557963915570556
1101,5.3033E+11,74063,0.16939890247543984,0,0.30339320751710164
1102,5.3033E+11,71250,0.19301648697365192,0.02686109,0.5588030580459078
1103,5.3033E+11,184113,0.6570397052613746,0.014899211087649333,0.7842529399612341
1104,5.3033E+11,133750,0.5529841589161492,0.04091456,0.787059781
1105,5.3033E+11,178125,0.8226120777523189,0.005499542,0.8194915184788855
1106,5.3033E+11,128250,0.4510010489883978,0.033575317,0.5285923714912583
1107,5.3033E+11,111278,0.6720183409172209,0.025414364360062273,0.6883445887808735
1108,5.3033E+11,136818,0.6879795308442516,0.017626321767023247,0.7904761836322408
1109,5.3033E+11,73402,0.43689319917051567,0.027777777511707114,0.4656084625290446
1110,5.3033E+11,159444,0.7056199758642286,0.021404109405786735,0.7379352428959363
1111,5.3033E+11,101500,0.626576134,0,0.7129870083572273
1112,5.3033E+11,88382,0.37140574783222247,0.04012945,0.49812170925528393
1113,5.3033E+11,84531,0.42677164682249374,0,0.36874999670758934
1114,5.3033E+11,86464,0.1255673203393749,0.028571428231292523,0.30567685367047415
1115,5.3033E+11,68896,0.4165995131619701,0.030346821,0.27220077044915847
1116,5.3033E+11,122750,0.28682170295588544,0.010989010908505415,0.16779660874748636
1117,5.3033E+11,50962,0.28801842986153886,0.075834175,0.29588704545189043
1118,5.3033E+11,95962,0.34273127451338087,0.009167303,0.42704039219257717
1119,5.3033E+11,82143,0.473354228,0.055983205,0.3958472846895694
1120,5.3033E+11,75000,0.23459715361851716,0.016286645,0.18862690576541674
1121,5.3033E+11,126458,0.43377483084623486,0.016393442506105187,0.5045226079947477
1122,5.3033E+11,93250,0.3133208225767278,0.004108463,0.47152428415808806
1123,5.3033E+11,98359,0.574739275,0.045191193,0.5451713353179802
1124,5.3033E+11,175517,0.6235954997790684,0.001572327,0.7469300547414306
1125,5.3033E+11,89706,0.4450261702438714,0.003466204,0.3823529372986518
1126,5.3033E+11,160547,0.5614034947016668,0,0.6900510116064922
1127,5.3033E+11,112083,0.40300870623112667,0.030194105,0.8194701120180523
1128,5.3033E+11,178750,0.6778115432845842,0,0.8227168010535932
1129,5.3033E+11,227027,0.4295473917203468,0.013129102748875984,0.6113621651945632
1130,5.3033E+11,174375,0.6377473266705126,0.035220125,0.6756554256505212
1131,5.3033E+11,171439,0.5425425371116863,0.026495726269267297,0.5229090871061157
1132,5.3033E+11,177153,0.6188578935078634,0.11913357257360323,0.5499103374183483
1133,5.3033E+11,144338,0.44747081276779366,0.015711644956454298,0.7195902642791917
1134,5.3033E+11,108664,0.2744827548347206,0.008652657,0.5194941989515891
1135,5.3033E+11,34231,0.3323823062427631,0.023643949601614055,0.38967838152820955
1136,5.3033E+11,66316,0.36690647242049396,0,0.5964653873516672
1137,5.3033E+11,125063,0.1683937780208866,0,0.230046946
1138,5.3033E+11,37353,0.30967077870709075,0.11051212838713272,0.37833934744881337
1139,5.3033E+11,103929,0.1903553283387874,0.10903659365917406,0.38065254504491963
1140,5.3033E+11,64756,0.2250190676962695,0.10731446819372949,0.12642830767995464
1141,5.3033E+11,78045,0.31311706187423044,0,0.3210831690417489
1142,5.3033E+11,143399,0.36143694749679656,0.051637279271805545,0.43702289867832583
1143,5.3033E+11,89293,0.4797927411420441,0,0.26506696280654596
1144,5.3033E+11,69817,0.17854149054030605,0.012543553919557115,0.33018124247296105
1145,5.3033E+11,72033,0.3714448215503708,0.041984732595503095,0.4854663753342022
1146,5.3033E+11,77286,0.5165975050145487,0.034034034,0.20734693708288215
1147,5.3033E+11,92548,0.38873625839647996,0,0.4384748674842584
1148,5.3033E+11,188462,0.24048706057467992,0.088148147,0.34070796158665523
1149,5.3033E+11,0,0.35435992250129944,0.116651824,0.34898387982492024
1150,5.3033E+11,86250,0.25884016607015325,0.061093246933620074,0.3766461775535893
1151,5.3033E+11,124348,0.2890322543350677,0,0.41894892361991914
1152,5.3033E+11,65366,0.2700987287017015,0.00528169,0.3602545258920483
1153,5.3033E+11,95000,0.37167069767953154,0,0.3157162704053111
1154,5.3033E+11,74074,0.19939576838473547,0.055876685,0.31785003106934284
1155,5.3033E+11,44701,0.23267326444711306,0.009384776,0.19214285577040818
1156,5.3033E+11,0,0.20925553109400874,0.045977011,0.13784461037723802
1157,5.3033E+11,129063,0.5046801832708254,0.006671609,0.39911553123761456
1158,5.3033E+11,86517,0.4460188903777403,0.098163394,0.23387723206000596
1159,5.3033E+11,97031,0.3507170749580564,0,0.49908256422860037
1160,5.3033E+11,96771,0.5447976839248723,0.040865384369799376,0.46932270542372345
1161,5.3033E+11,130100,0.1769230754109139,0,0.4185328153009049
1162,5.3033E+11,55640,0.22573687831964862,0,0.5033783749771732
1163,5.3033E+11,70809,0.34545454214876037,0.032040471905223675,0.36556927046934656
1164,5.3033E+11,83333,0.31029064956566654,0.039215686,0.4297114767973513
1165,5.3033E+11,0,0.47547168914204363,0,0.192771083
1166,5.3033E+11,73194,0.31159420007613947,0.093416369,0.30727023108868157
1167,5.3033E+11,96016,0.4052558726797251,0,0.437445316
1168,5.3033E+11,160313,0.20979020816013824,0,0.19364833312433516
1169,5.3033E+11,160658,0.34500426690858865,0.039936101917443276,0.3062015480139415
1170,5.3033E+11,99375,0.31258106152671167,0.068427371,0.47317388187993614
1171,5.3033E+11,85404,0.3088768087964057,0,0.45188793878265565
1172,5.3033E+11,132014,0.5945017079982524,0.017105263,0.34392180608477824
1173,5.3033E+11,58713,0.25641025367083065,0.044703595,0.34169054196496745
1174,5.3033E+11,82194,0.410026854,0.009240924,0.3305439310786376
1175,5.3033E+11,156313,0.4886052826927504,0.018991965,0.38497288625117826
1176,5.3033E+11,164878,0.4219409247093593,0,0.23348416078294879
1177,5.3033E+11,117775,0.5710638249271164,0.022222222045855382,0.43548386777504494
1178,5.3033E+11,59952,0.26281208590260074,0.010139416855013728,0.2939271231260962
1179,5.3033E+11,63493,0.3256261979648132,0.093548386,0.45052385971450687
1180,5.3033E+11,91154,0.3322332196674013,0.007944389,0.3675018954631595
1181,5.3033E+11,90156,0.36687116114268514,0.027554534700866423,0.3115823791877457
1182,5.3033E+11,72098,0.2427007277125846,0,0.4770848949880925
1183,5.3033E+11,95492,0.2142857125263899,0.003257329,0.6743243197680789
1184,5.3033E+11,209671,0.49680306587721823,0.06975381,0.3523344171968816
1185,5.3033E+11,111181,0.5142857096938777,0.027888446,0.3706207721535294
1186,5.3033E+11,75938,0.25033466867021864,0.011350738,0.6693191806426244
1187,5.3033E+11,98211,0.5425361112156011,0.005340454,0.43756669990626096
1188,5.3033E+11,250001,0.6953035430091232,0,0.374418602
1189,5.3033E+11,120461,0.38081394795328566,0,0.6016806672127675
1190,5.3033E+11,189423,0.7263007788574428,0.006028131,0.5017494716462598
1191,5.3033E+11,198167,0.7755205648780062,0.026814609,0.8136396760990529
1192,5.3033E+11,179327,0.4119897906633955,0.047897196,0.5768025042206739
1193,5.3033E+11,132837,0.5065616731422353,0,0.46089597220276407
1194,5.3033E+11,143263,0.4073732681348086,0.011494252795846838,0.21482601955502256
1195,5.3033E+11,82069,0.2686771743065307,0,0.4987012954629786
1196,5.3033E+11,112179,0.5042960971295698,0,0.5703285391666912
1197,5.3033E+11,122708,0.5223420606907392,0.005956813,0.5330188651309283
1198,5.3033E+11,172668,0.5584415518483878,0,0.5221295668882003
1199,5.3033E+11,75125,0.5041474607912676,0.018819503688455915,0.33753708948414624
1200,5.3033E+11,116418,0.3453973222234672,0.027896995508605183,0.3207547146534491
1201,5.3033E+11,33542,0.22153845926627222,0.14759825198604148,0.099532397
1202,5.3033E+11,141138,0.5810055829856885,0.11385853873571858,0.6050420134171316
1203,5.3033E+11,111842,0.5409197151915844,0.037735848771804914,0.7194492213456729
1204,5.3033E+11,173333,0.7771428515918368,0.029902642351163824,0.6494845323626316
1205,5.3033E+11,98290,0.6049063873150007,0.019042123375406096,0.6766169116826042
1206,5.3033E+11,126125,0.6303664855459007,0.029357798,0.6765498606701492
1207,5.3033E+11,156591,0.6824902670623325,0,0.45257582834580723
1208,5.3033E+11,250001,0.8667781445553058,0.035588972252686854,0.46182152501462037
1209,5.3033E+11,111313,0.5027026959094231,0.064782096,0.7649513159600048
1210,5.3033E+11,96953,0.49117341130661046,0,0.6503831355327286
1211,5.3033E+11,231004,0.7557200487502016,0.00942285,0.5068493121755177
1212,5.3033E+11,160795,0.7807308905254909,0.017179670600002358,0.7172321974901384
1213,5.3033E+11,236217,0.7628156024268126,0.006523157,0.5793535910306146
1214,5.3033E+11,182639,0.6851190435409581,0.009983361,0.678996034
1215,5.3033E+11,119323,0.3594771194839592,0,0.8406026896066401
1216,5.3033E+11,172069,0.5355902731285567,0.026533996,0.753287409
1217,5.3033E+11,206125,0.6823658194702539,0.037113401679243284,0.7782831109819038
1218,5.3033E+11,196711,0.6804853318454466,0,0.7768707430144848
1219,5.3033E+11,149139,0.6859999862800004,0.029268292,0.7157190555661198
1220,5.3033E+11,154151,0.7115384524161738,0.054245282,0.7694723569756762
1221,5.3033E+11,250001,0.5529010144556141,0,0.7998196501368833
1222,5.3033E+11,250001,0.8697829570987821,0.02549575,0.4524137899833532
1223,5.3033E+11,0,0.2451523511751752,0.067836257,0.32892249216519387
1224,5.3033E+11,83068,0.2625272302556947,0.063424946,0.1755888638430488
1225,5.3033E+11,100054,0.19817927032087346,0.028823529242214534,0.15177478487285934
1226,5.3033E+11,85551,0.24761904290249442,0.010479041759295782,0.1639097732036859
1227,5.3033E+11,123333,0.34456928516320895,0.025929126828616016,0.3506311335860369
1228,5.3033E+11,125234,0.6363636265583417,0.14677640402227154,0.16182937412639073
1229,5.3033E+11,166765,0.613832844,0.026143790507924307,0.610229272
1230,5.3033E+11,46281,0.5012853438220737,0.007950028,0.541528237
1231,5.3033E+11,106853,0.37005832553429474,0.074912892,0.5692194361618599
1232,5.3033E+11,170441,0.7304015156710991,0.054744525,0.5682015589209248
1233,5.3033E+11,190465,0.8210169435863258,0,0.7909280459284252
1234,5.3033E+11,135536,0.7729083588355742,0,0.7903372762959228
1235,5.3033E+11,105417,0.6828571363537416,0.010128913350562492,0.7427113648490425
1236,5.3033E+11,135833,0.7572382989171682,0.027542372589593512,0.8329135110586607
1237,5.3033E+11,142955,0.5475655389695465,0.055595153,0.7506493457750043
1238,5.3033E+11,153143,0.6883604419479294,0.015476190291950116,0.8209099630115202
1239,5.3033E+11,90573,0.42172523692188346,0.015513126399086358,0.5230337049267769
1240,5.3033E+11,142500,0.5657142816734694,0.012587412499388724,0.7781765916857387
1241,5.3033E+11,91488,0.6071139805407115,0.097276264,0.8001417377736234
1242,5.3033E+11,74602,0.37610185723700434,0.073957513,0.34322033655917844
1243,5.3033E+11,123750,0.26427962264041244,0.038404726451959185,0.5237475567745767
1244,5.3033E+11,65608,0.24337349104369288,0.064516128,0.19077306495295432
1245,5.3033E+11,79286,0.3838383795304335,0.056737588205377554,0.4408945651685738
1246,5.3033E+11,91528,0.36248948391514313,0.028701891528363395,0.11203585075521222
1247,5.3033E+11,102051,0.293809936,0,0.24540682253670065
1248,5.3033E+11,0,0.56249999,0.010050251087935494,0.7131280273399023
1249,5.3033E+11,81283,0.5074875123546171,0.051063829062924414,0.3169533130595416
1250,5.3033E+11,57778,0.3595593992166845,0.013888888787361924,0.1546275386307701
1251,5.3033E+11,49704,0.23770491524935697,0.015578634899268287,0.093749999
1252,5.3033E+11,99000,0.2018243990669966,0.013888888751102295,0.1321428561989796
1253,5.3033E+11,130881,0.4536187517470056,0,0.21436170098743776
1254,5.3033E+11,16988,0.15817901112516194,0.008371385,0.19711538326157016
1255,5.3033E+11,116250,0.442786066,0.011355034,0.494437574
1256,5.3033E+11,92083,0.22960470790912776,0.075585284,0.11069182320319608
1257,5.3033E+11,78767,0.5148936097178212,0.011612903075962541,0.4735376000600037
1258,5.3033E+11,64883,0.313812151,0.020127118430856798,0.1883584029538365
1259,5.3033E+11,123125,0.45013723284412416,0.016129032113539138,0.37282518332373504
1260,5.3033E+11,115078,0.4726027289360108,0,0.6071428499149661
1261,5.3033E+11,120625,0.5050933743200902,0.020579268,0.5219097415179219
1262,5.3033E+11,116793,0.3610188221371116,0.014662756454909517,0.17884615269970416
1263,5.3033E+11,61103,0.5346820770615457,0.020703934,0.22866011262979766
1264,5.3033E+11,143973,0.5873347210345531,0.009595613,0.7232337893427984
1265,5.3033E+11,124904,0.46541617273838015,0,0.37974683243871177
1266,5.3033E+11,102083,0.7100656377454526,0.026948989153522722,0.7975409770693362
1267,5.3033E+11,151944,0.6063694190271411,0.035668789,0.7370030524693957
1268,5.3033E+11,172931,0.752049173,0.019342359580828243,0.8088235234645329
1269,5.3033E+11,185909,0.7060212431402451,0.039647576655863694,0.545914064
1270,5.3033E+11,240077,0.49630086007212787,0,0.8304093497877247
1271,5.3033E+11,158750,0.706270621,0.066558441,0.7112860845716136
1272,5.3033E+11,53676,0.5224787299820325,0.026285713985306127,0.7448116775956058
1273,5.3033E+11,178500,0.6693455721085468,0.022845275,0.40414937423942426
1274,5.3033E+11,0,0.6111111070206753,0,0.36530775087683653
1275,5.3033E+11,123922,0.3790087408307764,0.022613065042549434,0.21262699410285202
1276,5.3033E+11,86168,0.25533980334621553,0,0.22525252297724724
1277,5.3033E+11,145750,0.45283018257641267,0.007025761,0.25394646359679846
1278,5.3033E+11,134949,0.4763047361949326,0.009004237,0.22409778682131673
1279,5.3033E+11,164205,0.5821917763912345,0.028771929622653125,0.5417536506171522
1280,5.3033E+11,0,0.8161648048151379,0,0.46717171323929535
1281,5.3033E+11,175054,0.7126436707142773,0.028265106936987264,0.6060606010969648
1282,5.3033E+11,161607,0.6593548302018731,0,0.6335616384112873
1283,5.3033E+11,92781,0.3801819981781396,0.013623978077893024,0.2766295685482546
1284,5.3033E+11,120000,0.46625766299070354,0.022604951,0.3519417447253904
1285,5.3033E+11,130417,0.3835425330049856,0.020227559794847538,0.3455459745291238
1286,5.3033E+11,122453,0.8481595026981633,0,0.5633445898366166
1287,5.3033E+11,117404,0.8825301116211837,0.012428298160341317,0.5799283112549942
1288,5.3033E+11,123750,0.5278106477644341,0.050541516,0.6271279482310382
1289,5.3033E+11,175042,0.636890944,0.059535822,0.39280676732858416
1290,5.3033E+11,142500,0.5904082917018257,0.01905972,0.6467730697656275
1291,5.3033E+11,94500,0.4066471123494906,0.043443918,0.3868567861943163
1292,5.3033E+11,42000,0.3227408110949274,0.020050125145780074,0.19685497846910321
1293,5.3033E+11,113309,0.7465659289384208,0.019570707,0.6677367540517027
1294,5.3033E+11,92277,0.5677816851427668,0.013456686,0.7674418543108111
1295,5.3033E+11,123912,0.7152317828165432,0,0.7127178779036935
1296,5.3033E+11,65405,0.4832881618492488,0.075520833,0.6514106542231307
1297,5.3033E+11,130500,0.6723768664627745,0.046692607,0.6714801395561001
1298,5.3033E+11,182361,0.8651911381771515,0.084802686,0.820323009
1299,5.3033E+11,133103,0.7271835061120363,0.006622516,0.7651515087108459
1300,5.3033E+11,180638,0.7417582359359636,0.084671532,0.8113790920755777
1301,5.3033E+11,119063,0.6213786151710429,0.020507812299728395,0.7692307622694049
1302,5.3033E+11,143661,0.7444976005311235,0,0.7837301535467582
1303,5.3033E+11,192302,0.7575558425916173,0.022033898180599445,0.4896876812628893
1304,5.3033E+11,162574,0.6577017034510795,0.015712682,0.6441368025721759
1305,5.3033E+11,159866,0.7072953673728171,0.040447504,0.44365781449169434
1306,5.3033E+11,139712,0.4844660147139222,0.018720749,0.36699321501889065
1307,5.3033E+11,250001,0.8490565970986117,0.017519271075548206,0.6527842739691891
1308,5.3033E+11,136011,0.7260273914099324,0.027152831441793396,0.5272296722397026
1309,5.3033E+11,105833,0.4775928235903608,0.037904124,0.3487460787715825
1310,5.3033E+11,91607,0.5937499931278936,0.041997729,0.5697879808322617
1311,5.3033E+11,223163,0.8238482273191298,0.045146726352745754,0.569405094
1312,5.3033E+11,250001,0.9359307278274396,0.020344287790733273,0.7032622289632232
1313,5.3033E+11,248750,0.6590135998383198,0,0.42182709735237833
1314,5.3033E+11,161750,0.8210526272576177,0.049473202,0.4517965120889487
1315,5.3033E+11,176994,0.8382242224362361,0.016724738559409487,0.4539722543885734
1316,5.3033E+11,0,0.8466076612919601,0.018276762243022087,0.46321176926927854
1317,5.3033E+11,92097,0.5840058651210135,0.050793650471151426,0.44089957928399803
1318,5.3033E+11,118578,0.5607603492141184,0.054533925,0.6486028761701825
1319,5.3033E+11,217396,0.8066847262268769,0.020209059,0.4069058875632641
1320,5.3033E+11,250001,0.7645895077686498,0.027499999770833335,0.3193570907102929
1321,5.3033E+11,124565,0.6054196919668229,0,0.5035697263038089
1322,5.3033E+11,178837,0.7696228259977286,0,0.5152119675051772
1323,5.3033E+11,160904,0.7959641196116284,0.00621547,0.6569129432559404
1324,5.3033E+11,184130,0.6709558761860673,0.046568627,0.49438201938588006
1325,5.3033E+11,181771,0.6585838927392446,0.044665012,0.5788253432857392
1326,5.3033E+11,239028,0.9057142770884354,0.023615634986843364,0.7107487879785701
1327,5.3033E+11,250001,0.8630136895362098,0,0.6679081274493599
1328,5.3033E+11,150625,0.8079645946197823,0.009991674,0.45957756402347005
1329,5.3033E+11,250001,0.862909361,0.006877579,0.7131616544122915
1330,5.3033E+11,146750,0.5294117562891613,0,0.6506024036088749
1331,5.3033E+11,171250,0.7869235213839841,0.007981756,0.6936197050308294
1332,5.3033E+11,178967,0.5235223097283196,0.032057911,0.5493482257975025
1333,5.3033E+11,183189,0.8255208225843643,0.073770491,0.40590659061877343
1334,5.3033E+11,183261,0.7744525490915872,0.019708029053226064,0.5686141265719149
1335,5.3033E+11,225750,0.7976878535868223,0.016681299238970156,0.4756554271486485
1336,5.3033E+11,96111,0.5624742244846423,0,0.525256671
1337,5.3033E+11,250001,0.8799576896882195,0.008793356,0.42798044216630143
1338,5.3033E+11,226047,0.6542372825912095,0.062674094,0.44146341194229627
1339,5.3033E+11,94615,0.7359900281943957,0.01867995,0.650670426
1340,5.3033E+11,111917,0.6904511994706065,0.017326732530307486,0.506983237
1341,5.3033E+11,250001,0.8445121865395103,0,0.4848675883677958
1342,5.3033E+11,218750,0.6222014867331951,0.019917012282846373,0.7923426295110796
1343,5.3033E+11,231964,0.80477527,0,0.31624605428828034
1344,5.3033E+11,101979,0.6371049884087158,0.034849951,0.4011976023880383
1345,5.3033E+11,140625,0.8152011801013237,0.016497462,0.517293229
1346,5.3033E+11,250001,0.7971800347377437,0.009823183,0.6724759574971397
1347,5.3033E+11,250001,0.8146186354383619,0.026845637326503958,0.3203883469224244
1348,5.3033E+11,250001,0.7674641074883818,0,0.6678346133998976
1349,5.3033E+11,188816,0.743169391,0.011959521509112038,0.41643059254146975
1350,5.3033E+11,232813,0.8696646275178002,0.005387205,0.668848878
1351,5.3033E+11,114545,0.7407407356602145,0.027987082734192235,0.2920950007369904
1352,5.3033E+11,250001,0.8500421158378929,0.026536312663852566,0.5958702029742171
1353,5.3033E+11,250001,0.9173098024552393,0.02209414,0.46764946381941475
1354,5.3033E+11,228056,0.8172362495004737,0.008196721,0.4359249306384722
1355,5.3033E+11,169034,0.6862244810430551,0.027749228902885625,0.43623070319877577
1356,5.3033E+11,179500,0.776490053,0,0.31534883427582483
1357,5.3033E+11,172656,0.7754279881628602,0.028239202,0.6205007776173648
1358,5.3033E+11,219438,0.7304439669086261,0.027077497412908522,0.602187282
1359,5.3033E+11,87143,0.5885485979457483,0.007128969,0.7939276434500798
1360,5.3033E+11,218750,0.8645690716201222,0.015247776172201065,0.47777777335390953
1361,5.3033E+11,147258,0.5345149203869877,0.012142237535626734,0.4797377802161038
1362,5.3033E+11,129143,0.7559808552154637,0.010323468614428984,0.680694368
1363,5.3033E+11,208320,0.7815068439622819,0.021122510433780866,0.505999997
1364,5.3033E+11,241591,0.8535178678948343,0.009687836,0.4272875782084348
1365,5.3033E+11,171750,0.8042870381706707,0.017286085,0.5356521708078135
1366,5.3033E+11,147833,0.7727690821272394,0.014517506,0.5178669570210722
1367,5.3033E+11,90323,0.4889705837410792,0.004210526,0.5261193990588104
1368,5.3033E+11,198611,0.5846590875871643,0.001635769,0.6103484656264601
1369,5.3033E+11,108542,0.48920862989399194,0.011377245440854817,0.4861111082979681
1370,5.3033E+11,149449,0.39999999736842107,0.012224939,0.428571426
1371,5.3033E+11,192292,0.7181913699454114,0.011959521509112038,0.6790830896913819
1372,5.3033E+11,250001,0.7343032103039571,0.007147498,0.6792103597827862
1373,5.3033E+11,250001,0.819323664,0.035023041151861375,0.4507501601386161
1374,5.3033E+11,172769,0.7690941248828752,0.001776199,0.8291873894760582
1375,5.3033E+11,230285,0.6747850954528288,0.006414825,0.7797979758596062
1376,5.3033E+11,250001,0.944770847,0,0.6979362035840881
1377,5.3033E+11,112813,0.524999994,0.042553191,0.8266475585483699
1378,5.3033E+11,0,0.8099415086265862,0.05620915,0.5702353791174231
1379,5.3033E+11,234896,0.7155879606600916,0.006907137,0.6744336525926624
1380,5.3033E+11,174549,0.758145354,0.048611110548482515,0.565252197
1381,5.3033E+11,250001,0.8975244623055587,0.006043701,0.45311798809727233
1382,5.3033E+11,164688,0.4597207254594981,0,0.8312925113517516
1383,5.3033E+11,127059,0.6622436590802936,0.085945399,0.36372269360187376
1384,5.3033E+11,204333,0.70975918,0,0.5478036140322764
1385,5.3033E+11,118750,0.6566901350643474,0.027156549303861428,0.6705241615348934
1386,5.3033E+11,135147,0.7618257198188737,0.004593176,0.6520146480340986
1387,5.3033E+11,90833,0.6778989030931725,0.028571428,0.581625438
1388,5.3033E+11,62614,0.6748229190288286,0,0.5845523663864695
1389,5.3033E+11,223750,0.8414096823633295,0.019038075961542326,0.5275883414284666
1390,5.3033E+11,250001,0.8576348925644673,0.025889967,0.648404989
1391,5.3033E+11,114167,0.7550403149693516,0.030662709884641842,0.5254648300285786
1392,5.3033E+11,133750,0.6708443227516865,0.023917995,0.630801684
1393,5.3033E+11,175938,0.7597955642266137,0.025683512628968414,0.5300453484691307
1394,5.3033E+11,242784,0.7206982453778273,0.007216495,0.5460431615392578
1395,5.3033E+11,126583,0.6584093786387304,0.033472803,0.5702341089445309
1396,5.3033E+11,196667,0.6695485046152881,0.031249999736064193,0.44171122758443193
1397,5.3033E+11,141875,0.5381310361103003,0.070990359,0.4446107751151888
1398,5.3033E+11,189205,0.7039827696019078,0.035282258,0.6401179893796609
1399,5.3033E+11,196176,0.7329772932846823,0,0.7018572756416689
1400,5.3033E+11,164867,0.6927850993577572,0.011157601037952573,0.391843969
1401,5.3033E+11,250001,0.7580071084459418,0.013114753955030011,0.7252677963121122
1402,5.3033E+11,128264,0.6629441557061507,0.016260162,0.49915109932808915
1403,5.3033E+11,0,0.42010049829044727,0,0.17867603878924407
1404,5.3033E+11,195139,0.7491134685362282,0.008163265,0.5492192766516003
1405,5.3033E+11,97917,0.549999993,0.033222591,0.4328832372288861
1406,5.3033E+11,41530,0.259085577,0.012345678873785872,0.29842061264820774
1407,5.3033E+11,91023,0.7468982537605676,0.005681818,0.5016722366080917
1408,5.3033E+11,97750,0.611578941,0.018078021,0.3283378724227665
1409,5.3033E+11,147944,0.6614334425840721,0.053548387,0.45460483
1410,5.3033E+11,108672,0.7213270073807867,0.023722627520778947,0.6784053111069415
1411,5.3033E+11,62286,0.4046858338408635,0.018682399121522128,0.3783629056762284
1412,5.3033E+11,103182,0.5076923037869823,0.001328021,0.4029850720117776
1413,5.3033E+11,116818,0.6556184263895034,0.059171597,0.7926829203846917
1414,5.3033E+11,150781,0.5228975809916938,0,0.8282208532500283
1415,5.3033E+11,139333,0.622115379,0.0893186,0.6766467015221055
1416,5.3033E+11,141615,0.6929238892800549,0.019710906442695054,0.7954545399762084
1417,5.3033E+11,129250,0.6406091305521916,0.038009049,0.7952861899307327
1418,5.3033E+11,96855,0.740802669,0,0.786270341
1419,5.3033E+11,156346,0.7102212780798601,0.040378007,0.7921071121063629
1420,5.3033E+11,153533,0.7342487824374089,0.021772939,0.8137254844977208
1421,5.3033E+11,85785,0.5339673840493562,0.15824175650283784,0.7948717867192637
1422,5.3033E+11,92750,0.6373333276681482,0.034848485,0.7558298987940336
1423,5.3033E+11,93750,0.6331220235093342,0.007490637,0.3733929548720349
1424,5.3033E+11,193796,0.8134810635874324,0.029975020566402825,0.7177700298413239
1425,5.3033E+11,107122,0.5298869058176591,0.025477706681812654,0.4249605021725079
1426,5.3033E+11,63594,0.6753100262084551,0.013756613611041127,0.312712438
1427,5.3033E+11,169583,0.8202459714262443,0.008411215,0.7048122024365481
1428,5.3033E+11,144567,0.7009836019607633,0.027539779513220446,0.46856528496203503
1429,5.3033E+11,126884,0.48730964054729575,0.052631579,0.6334494729376343
1430,5.3033E+11,100183,0.5718749940429688,0.026223775994547414,0.39091646073871483
1431,5.3033E+11,84167,0.5736526877406863,0.030010718,0.516902939
1432,5.3033E+11,148209,0.6202735267878237,0.045025417247455214,0.4400977959242234
1433,5.3033E+11,68705,0.7382413037611363,0,0.500365226
1434,5.3033E+11,100357,0.6269503501634727,0.019100431182375654,0.4914089313305228
1435,5.3033E+11,128472,0.8213903655466271,0.015549076622457953,0.5403726670781734
1436,5.3033E+11,159716,0.8362675982722922,0,0.6937499945800781
1437,5.3033E+11,108125,0.5356176687500661,0.04556962,0.44024604182560595
1438,5.3033E+11,51838,0.3589138113405324,0.016410256326101248,0.28606207981702936
1439,5.3033E+11,33707,0.4903536938074462,0.047311828,0.3268101739934105
1440,5.3033E+11,20827,0.4829999951700001,0.036,0.1609907108282453
1441,5.3033E+11,59583,0.6688617058432578,0.061258277638590417,0.40917544693629604
1442,5.3033E+11,81944,0.5004028968541265,0.051470587856833915,0.4136016626398219
1443,5.3033E+11,33716,0.3027027010664719,0.018651362895019785,0.30852272551975723
1444,5.3033E+11,42140,0.39272030275172126,0.11681415825828179,0.5408921899572975
1445,5.3033E+11,154736,0.544704257,0.076923076,0.5141811480861743
1446,5.3033E+11,11955,0.060862214193895064,0.0015163,0.46795952387892475
1447,5.3033E+11,37971,0.342215986,0.083219645,0.6064689986086995
1448,5.3033E+11,128125,0.7530562255127601,0.017777777580246915,0.484423672
1449,5.3033E+11,116851,0.5512750919626962,0,0.5270710989754005
1450,5.3033E+11,64383,0.7217081799166678,0.133844339,0.3994320851896257
1451,5.3033E+11,71236,0.7146551662529728,0.012666666582222224,0.5060893064540642
1452,5.3033E+11,78026,0.5859872569993825,0.004495825,0.4085149497794478
1453,5.3033E+11,78782,0.6289719567385799,0.046021840514650234,0.6283524856064944
1454,5.3033E+11,96513,0.7273603012778391,0.10072463695127075,0.6210607177474196
1455,5.3033E+11,134583,0.9341021262915631,0,0.5657458501022559
1456,5.3033E+11,107222,0.6918181755289257,0.1251093602352637,0.5230094921620928
1457,5.3033E+11,189676,0.7233644792208928,0.048014226,0.6482130297952836
1458,5.3033E+11,148250,0.8816747519315853,0,0.6035502918898732
1459,5.3033E+11,250001,0.8729729651083517,0.044570502,0.7579493785986413
1460,5.3033E+11,171231,0.5591200682023825,0.017647058675234802,0.6211240249891083
1461,5.3033E+11,44267,0.3658823486366783,0.012941176318339102,0.6234213476071028
1462,5.3033E+11,46000,0.6799999660000017,0.1400454190761134,0.5180873159331089
1463,5.3033E+11,108869,0.7869780552938567,0.039456378608257875,0.5763846586951634
1464,5.3033E+11,136544,0.8312757144631295,0,0.5282215094343903
1465,5.3033E+11,185083,0.7146282887934258,0,0.5922256052421829
1466,5.3033E+11,98672,0.7600755619642597,0,0.5768298566319444
1467,5.3033E+11,103654,0.8999224134994382,0.10588235220842664,0.6778135004642218
1468,5.3033E+11,92438,0.5766823116065547,0.062727935,0.6470588189981875
1469,5.3033E+11,58036,0.4420035110544507,0.029110936041613408,0.5946547840040476
1470,5.3033E+11,71526,0.5121638858877864,0,0.5950342414808713
1471,5.3033E+11,128080,0.8362147330644701,0.057829181,0.524766687
1472,5.3033E+11,117122,0.7647733748435263,0.008980454,0.6521739091591786
1473,5.3033E+11,150119,0.7822085809590125,0.016363636214876034,0.6331220235093342
1474,5.3033E+11,247059,0.9089924061864312,0.013854930612429253,0.7819314580846459
1475,5.3033E+11,0,0.8312757087616501,0.045967742,0.5726837014961366
1476,5.3033E+11,52708,0.6208975176095277,0.049087476,0.6484975496261527
1477,5.3033E+11,150341,0.636708853,0,0.6974137870912605
1478,5.3033E+11,102875,0.527993105,0,0.5856720783923776
1479,5.3033E+11,166083,0.8717139761123662,0,0.4908456801146846
1480,5.3033E+11,0,0.6515151268365483,0.17803029628673123,0.6051980123119058
1481,5.3033E+11,170657,0.9480519385808998,0.12057416152560611,0.6192052928873735
1482,5.3033E+11,80278,0.7275362213400548,0.046106556904645934,0.6070038851458767
1483,5.3033E+11,113375,0.6768236317929489,0.024597115991542698,0.8083504393678957
1484,5.3033E+11,112240,0.6413210396211901,0,0.814839128
1485,5.3033E+11,202633,0.7766348216264892,0,0.8065414000936576
1486,5.3033E+11,200341,0.7152466314256605,0,0.8057503449807129
1487,5.3033E+11,120556,0.7167487625882696,0.032458563,0.6260223001782729
1488,5.3033E+11,122031,0.8351648275168057,0.045709703,0.816247577
1489,5.3033E+11,97434,0.612740135,0.060037523,0.5640636803331033
1490,5.3033E+11,250001,0.8365627562210383,0,0.7925925877000458
1491,5.3033E+11,212094,0.7071960210025308,0,0.775800706
1492,5.3033E+11,119878,0.8189588125955026,0.052836052,0.7122524708400219
1493,5.3033E+11,149679,0.906030843,0,0.6192468554472086
1494,5.3033E+11,83688,0.5499999957692309,0,0.523641492
1495,5.3033E+11,170341,0.9056603678651953,0.015755329,0.40561224144887553
1496,5.3033E+11,189286,0.7656249955692999,0.023888889,0.4901561405963602
1497,5.3033E+11,70986,0.5323660654869858,0.002120891,0.6120930175619255
1498,5.3033E+11,75310,0.6387154269516911,0.12464387375609777,0.5712841196027895
1499,5.3033E+11,169911,0.8513689589130514,0,0.5279693446132617
1500,5.3033E+11,215909,0.8041957979471966,0.058103975,0.5355776546627571
1501,5.3033E+11,83264,0.9123711246147307,0,0.5819581894174016
1502,5.3033E+11,94068,0.7649647819985494,0.079940784,0.6095166117105997
1503,5.3033E+11,134497,0.8021126704076572,0.021074099108945622,0.5374659363932838
1504,5.3033E+11,82941,0.865135448,0.10171198337506554,0.387557075
1505,5.3033E+11,120744,0.8263472971422425,0.058927,0.6905393396061951
1506,5.3033E+11,168897,0.7398889711349012,0.076520601,0.39796464703821827
1507,5.3033E+11,83458,0.759305205,0,0.7034883669804625
1508,5.3033E+11,215990,0.7852389547172477,0.044759207,0.5366906449079585
1509,5.3033E+11,88808,0.7244515745080172,0.043612335,0.4632824028423736
1510,5.3033E+11,0,0.6515641785160283,0.023391813,0.5237226229587352
1511,5.3033E+11,213750,0.9071499458433468,0.012838802,0.4703247454069163
1512,5.3033E+11,85923,0.5439672746015616,0.067119796,0.5956521695967234
1513,5.3033E+11,143603,0.648752393,0.01826484,0.5388978886637125
1514,5.3033E+11,116119,0.8639798379851406,0.026998961298037787,0.589589584
1515,5.3033E+11,0,0.7090367357593175,0,0.5288808616526998
1516,5.3033E+11,50206,0.5467836204017191,0.035958904,0.5945945902513178
1517,5.3033E+11,101397,0.669507569,0.015600623903271264,0.5840957031379613
1518,5.3033E+11,0,0.8083441876356691,0,0.6279761858037486
1519,5.3033E+11,96250,0.7833037230612458,0.012859303987448533,0.6628259511047547
1520,5.3033E+11,186888,0.6960711586651508,0.056271186,0.6357466015403725
1521,5.3033E+11,78681,0.767793587,0.039972899,0.6844262238981457
1522,5.3033E+11,170369,0.7843749938720703,0.032821229,0.7630769172071007
1523,5.3033E+11,133375,0.8511301570449715,0.048332198,0.5502832822217898
1524,5.3033E+11,237500,0.7881481364718795,0.024456521406840744,0.4941634193174765
1525,5.3033E+11,131064,0.6852825184935446,0,0.6443298927556064
1526,5.3033E+11,97543,0.8500931019544404,0.077039274,0.4388816616457629
1527,5.3033E+11,136233,0.8894269500449803,0.054355919,0.7071129657802443
1528,5.3033E+11,118318,0.8089068760412399,0.007007708,0.6067278250353039
1529,5.3033E+11,0,0.5883116844914825,0.1911493534655848,0.6975116586507647
1530,5.3033E+11,0,0.6614906729582194,0.035665294,0.41639343920988986
1531,5.3033E+11,123011,0.5975869368517606,0.075233022,0.5548549775860342
1532,5.3033E+11,94509,0.8388941769409516,0.07089241,0.686037121
1533,5.3033E+11,129571,0.7289423639712327,0,0.39976061998946366
1534,5.3033E+11,45924,0.6325166967425758,0,0.7184813702114515
1535,5.3033E+11,146250,0.7682789564873008,0.014309764,0.36514285505632654
1536,5.3033E+11,106632,0.76725663,0.035958904,0.7217054207619735
1537,5.3033E+11,168558,0.6136585305984533,0.023364485762948733,0.6306306249492737
1538,5.3033E+11,104674,0.7602230412618677,0.010443864138869764,0.5592705124675493
1539,5.3033E+11,0,0.8666100181256583,0.028059235946537524,0.693430651
1540,5.3033E+11,118201,0.7801539710850816,0.057564575220925646,0.40972221937692904
1541,5.3033E+11,107159,0.7283276400796749,0.013302486909760053,0.6699846809342674
1542,5.3033E+11,94327,0.7935843738243767,0.009026435,0.7203445942985779
1543,5.3033E+11,108224,0.935965838,0.038190954,0.7304860034573932
1544,5.3033E+11,117246,0.5599999941052632,0.11151870791255533,0.4263803637384421
1545,5.3033E+11,105219,0.5533391105521326,0.016934801,0.7324052534230066
1546,5.3033E+11,0,0.58866736,0.034759358,0.6766809679779616
1547,5.3033E+11,56893,0.46536584911838197,0.2331174816547874,0.7462154875670928
1548,5.3033E+11,161676,0.8583899043803114,0.041006523,0.37875939493647187
1549,5.3033E+11,117027,0.7484874611193824,0.066215199,0.7508463050044258
1550,5.3033E+11,160102,0.8054173532038842,0.026357406292264594,0.7582216762593077
1551,5.3033E+11,129107,0.9792477175194849,0.016766466865072254,0.5988428100400887
1552,5.3033E+11,0,0.6754478327139323,0.051087984,0.7004328943685464
1553,5.3033E+11,171250,0.8139763699411775,0.04284412,0.7146643046407747
1554,5.3033E+11,163571,0.9006276056419706,0.002710027,0.8023076861360947
1555,5.3033E+11,250001,0.8164463903605523,0.008403361,0.806680154
1556,5.3033E+11,181380,0.9999999917898195,0,0.3692982423745768
1557,5.3033E+11,76711,0.8020231155923185,0.000693481,0.768083514
1558,5.3033E+11,215670,0.8700823342169961,0,0.8632040902472269
1559,5.3033E+11,196429,0.9790874431645681,0,0.29626749380818435
1560,5.3033E+11,110222,0.7619783557806927,0.010956902768758927,0.7187499945217226
1561,5.3033E+11,82933,0.7519623174885218,0.016632016516756644,0.7498032985853399
1562,5.3033E+11,84554,0.7101024786222185,0.021650879274007048,0.6046728915451132
1563,5.30531E+11,126689,0.5104821749425349,0.02,0.8646362024988478
1564,5.30531E+11,144219,0.5626423626122737,0.023662551196887333,0.8129272789749703
1565,5.30531E+11,157679,0.4914089290789355,0.092222221,0.8857913589407252
1566,5.30531E+11,136058,0.6129827394167401,0.013036809715975387,0.8338960105746387
1567,5.30531E+11,86250,0.16972111418548913,0.021276595588579635,0.817643181
1568,5.30531E+11,83427,0.32071269130609475,0.063607924,0.8328358146803297
1569,5.30531E+11,96713,0.3868670855469376,0,0.8417629996982442
1570,5.30351E+11,124715,0.3063271581301917,0.010370370293552813,0.8704819211560096
1571,5.30351E+11,87632,0.3502252212812475,0.067209775,0.8646048050542625
1572,5.30351E+11,90662,0.32819194234625587,0.009471192,0.8180112519198797
1573,5.30531E+11,73784,0.2795801500040062,0.014492753491913465,0.8217821719590086
1574,5.3046E+11,69174,0.1127214152540835,0,0.8697749056306285
1575,5.30351E+11,86406,0.15894868386797642,0.031678985937919894,0.8479657327054552
1576,5.30351E+11,98194,0.26387315669452827,0.048103607325591054,0.7557603628589834
1577,5.3033E+11,250001,0.9064327397033847,0.033414832653505845,0.7318590136015272
1578,5.3033E+11,216983,0.6989361627772749,0.017745302528754673,0.6395014320277908
1579,5.3033E+11,140357,0.5655339760070067,0.098601398,0.5415549561557979
1580,5.3033E+11,176466,0.6785275990364712,0.022604951,0.5052473725243826
1581,5.3033E+11,116250,0.7437499941894532,0.031994047,0.514209113
1582,5.3033E+11,181563,0.7017663,0.043640897,0.5141242911447135
1583,5.3033E+11,226731,0.7262313777063989,0.030602171,0.5433287445438189
1584,5.3033E+11,156154,0.6495003793274375,0.015710382406349848,0.43985637079679013
1585,5.3033E+11,94556,0.6234042508978422,0.013815789,0.5303030270890726
1586,5.3033E+11,166458,0.5371329832717359,0.012997562851360172,0.5238095194335044
1587,5.3033E+11,222768,0.8531468412147295,0.005662514,0.3412295525029354
1588,5.3033E+11,80513,0.550512437,0.075933075,0.45505617612314464
1589,5.3033E+11,221250,0.8566275847012842,0.086429112,0.6323907414370775
1590,5.3033E+11,243173,0.7482419022750788,0.026960783983323727,0.456683165
1591,5.3033E+11,250001,0.8914404917386171,0.010933557519482275,0.33986927902632635
1592,5.3033E+11,113032,0.8012519436423796,0,0.43174602831947595
1593,5.3033E+11,167014,0.6908249753984196,0,0.5078124973551432
1594,5.3033E+11,218661,0.8286384911687129,0,0.5992601689318116
1595,5.3033E+11,250001,0.9028806510050975,0.078728236,0.47680563431118245
1596,5.3033E+11,111290,0.4512499971796875,0,0.45891203438129613
1597,5.3033E+11,172679,0.6366343958552911,0.023222061,0.5854523915703584
1598,5.3033E+11,170000,0.7283236910020383,0,0.3708690307780353
1599,5.3033E+11,131458,0.6187006641244647,0.016051364,0.2904135324698612
1600,5.3033E+11,235750,0.9765342784019084,0,0.5238095193553612
1601,5.3033E+11,198750,0.7886382557340162,0.022988505570969306,0.4939759006386994
1602,5.3033E+11,230852,0.8737744990959008,0.014541386861953167,0.44777112143864856
1603,5.3033E+11,250001,0.5793103403884265,0.03752606,0.39315687286535267
1604,5.3033E+11,187500,0.7160826530450795,0.021770681990053106,0.43367751839811347
1605,5.3033E+11,100833,0.5454545353347953,0.1403225783818939,0.2943420197435345
1606,5.3033E+11,144034,0.7129455843063266,0.087222647,0.4430379711784971
1607,5.3033E+11,115269,0.7520435916073325,0.009920635,0.5223367667678307
1608,5.3033E+11,159107,0.7423728750646367,0.027529762,0.41900776796767625
1609,5.3033E+11,106319,0.7048345966306031,0.11224489681382759,0.35117967013448576
1610,5.3033E+11,168100,0.770059871,0,0.3915662603425752
1611,5.3033E+11,128387,0.8268907424051977,0.048991354,0.3895410844232542
1612,5.3033E+11,172344,0.7955849854499558,0.028126352106766107,0.46737554148199345
1613,5.3033E+11,108056,0.6301564632979166,0.043301758548014095,0.6078610547727509
1614,5.3033E+11,205800,0.7640449390509055,0.011869436131338658,0.533850126
1615,5.3033E+11,131750,0.7217021215174287,0.030976430767835482,0.498054471
1616,5.3033E+11,164766,0.6891891833683346,0.014749262428102785,0.15898959763009216
1617,5.3033E+11,165402,0.7865090348643322,0.052529182538721256,0.3032568056419818
1618,5.3033E+11,177417,0.797368411,0.013377926272263922,0.6942857076734694
1619,5.3033E+11,164750,0.7811158714472546,0.010570824412570567,0.45943562205083227
1620,5.3033E+11,134961,0.5693641563645072,0.030795551490200586,0.4950071291368964
1621,5.3033E+11,250001,0.597260269,0.028380634,0.6968011078108407
1622,5.3033E+11,167888,0.73804573,0,0.4870129834991848
1623,5.3033E+11,191948,0.8544775959985523,0.084772369,0.6348936116179267
1624,5.3033E+11,94362,0.5809731257736157,0.055078683440066646,0.3529741843267442
1625,5.3033E+11,47969,0.25082508,0.016513761316387512,0.3278008279324195
1626,5.3033E+11,211964,0.6613272235546085,0.016077170245689495,0.39531582402188914
1627,5.3033E+11,92407,0.8384188568764296,0.071891191,0.4845360783115457
1628,5.3033E+11,147174,0.6557376992602442,0.015561015433570717,0.3808777399617732
1629,5.3033E+11,158105,0.7653975321086365,0.007309941,0.5116666638240741
1630,5.3033E+11,225360,0.8669482485010744,0,0.39152892157511443
1631,5.3033E+11,250001,0.8526569945331282,0.031822565,0.5134706773892973
1632,5.3033E+11,147557,0.893042566,0.030272451763143776,0.37334689345527067
1633,5.3033E+11,208875,0.855409496,0.021922428145679358,0.6540697626884465
1634,5.3033E+11,87039,0.7344781937321243,0,0.18867924358778757
1635,5.3033E+11,130505,0.8886597846529919,0.017463235,0.35283363480042385
1636,5.3033E+11,168162,0.8697571679929569,0.011568123,0.3895410865019152
1637,5.3033E+11,192063,0.8135990525955563,0,0.390550237
1638,5.3033E+11,64514,0.6777308347753118,0.028161236730197478,0.31337517955878713
1639,5.3033E+11,206375,0.6401273817396245,0.039019963,0.6041811804586678
1640,5.3033E+11,97884,0.8860887007450736,0.020270270074611293,0.15149253618289152
1641,5.3033E+11,250001,0.9000868731530246,0.025641025428941065,0.35503560348405083
1642,5.3033E+11,184630,0.7514188336955865,0.031620553,0.5952732600053674
1643,5.3033E+11,77500,0.883802801,0.018181817906336092,0.3566686761818426
1644,5.3033E+11,163583,0.6829590398552307,0,0.6329743112429634
1645,5.3033E+11,180192,0.6903602659166479,0.016542597050929718,0.5828075663816438
1646,5.3033E+11,145875,0.6465598461519328,0.056770234,0.36762778385443057
1647,5.3033E+11,0,0,0,0.16901406070224495
1648,5.3033E+11,146026,0.6895652113950851,0.015037594,0.4609053466330223
1649,5.3033E+11,250001,0.9089088998107218,0.002764977,0.6208935570243524
1650,5.3033E+11,250001,0.8135731740509143,0.025547445,0.5913430898068549
1651,5.3033E+11,250001,0.7350993307937622,0.009046053,0.6090032115176642
1652,5.3033E+11,172917,0.6348837135478638,0.061742005934487254,0.42866449232140397
1653,5.3033E+11,250001,0.7334542091255285,0,0.4493882066218676
1654,5.3033E+11,250001,0.7499999927884616,0.008294931,0.5816849774235533
1655,5.3033E+11,250001,0.8486096720019601,0,0.5491100820757411
1656,5.3033E+11,181563,0.6598329486724909,0.037588652,0.5940233192855443
1657,5.3033E+11,250001,0.668534074,0,0.6585735913613536
1658,5.3033E+11,239083,0.817988663,0.036311238983796894,0.5040247646809612
1659,5.3033E+11,155781,0.8778625902650464,0,0.3237082050470709
1660,5.3033E+11,229977,0.7807986339779216,0.011914218,0.6392588266400763
1661,5.3033E+11,249250,0.9203675203619063,0.010738254889419398,0.5930485112740875
1662,5.3033E+11,176173,0.6613545764035492,0.014492753523169402,0.5261538429159763
1663,5.3033E+11,219881,0.751286443,0,0.7021554493654119
1664,5.3033E+11,98203,0.7419700134692718,0.023963133419694624,0.34473093977168756
1665,5.3033E+11,179336,0.8551787272669228,0.048148147791495205,0.5600505653599838
1666,5.3033E+11,195611,0.8385269062427273,0.1151079129162334,0.5593654014362057
1667,5.3033E+11,175135,0.6988188907596566,0.012733446411430845,0.5909685825198391
1668,5.3033E+11,119844,0.7512742023315576,0.032021958,0.37217513861458235
1669,5.3033E+11,195556,0.7946096580426611,0.030716723287399973,0.5512727232634711
1670,5.3033E+11,99375,0.6138845505937243,0,0.2800829856149171
1671,5.3033E+11,203456,0.7401746644085736,0.012556053699048846,0.5945454509421488
1672,5.3033E+11,126027,0.7130434726241622,0.025819957949616484,0.19753809966273095
1673,5.3033E+11,250001,0.5746691817139019,0.023140496,0.7542372828090588
1674,5.3033E+11,231149,0.8338054689914498,0.019295302,0.6260317420569413
1675,5.3033E+11,0,0,0,0
1676,5.3033E+11,140692,0.7306629733333844,0,0.205955333
1677,5.3033E+11,143095,0.7142857075725028,0.00703606,0.6923714702125086
1678,5.3033E+11,131569,0.7305976741249093,0.012279355239605869,0.7289473620267776
1679,5.3033E+11,118323,0.9816993335725578,0.002262443,0.670623139
1680,5.3033E+11,191750,0.8157453868028025,0.012562813965135563,0.810688984
1681,5.3033E+11,161797,0.8833151484916559,0.14438502519374305,0.828894801
1682,5.3033E+11,133750,0.7453488285424555,0,0.7785046656214517
1683,5.3033E+11,77163,0.7934093689048243,0.1490066208718916,0.5330477323558891
1684,5.3033E+11,236250,0.8097660141427669,0.007722008,0.7579155622828789
1685,5.3033E+11,169063,0.865689855,0.011387163443197066,0.7674418543108111
1686,5.3033E+11,125048,0.6096605664535174,0.028117359069469938,0.7888675548093325
1687,5.3033E+11,239408,0.8793388357079436,0.14044213172664413,0.8346984301213818
1688,5.3033E+11,192000,0.8620296366929346,0.011956521609168243,0.783203117
1689,5.3033E+11,250001,0.8843537329022961,0.02378774,0.7859237459831501
1690,5.3033E+11,171319,0.9130434731053446,0.026164312,0.7460831942405014
1691,5.3033E+11,137283,0.7922465129995376,0.082493125,0.8308042425583897
1692,5.3033E+11,159038,0.7784090845908354,0.043201133,0.7845052032258776
1693,5.3033E+11,148621,0.7505376290284042,0.025249169267447382,0.6630103554965853
1694,5.3033E+11,134537,0.7744360844027363,0.068965517,0.7640055968907171
1695,5.3033E+11,132784,0.9632701307669416,0.043668122,0.7272727213163578
1696,5.3033E+11,129659,0.7859424857352837,0.040989946,0.7592954940685226
1697,5.3033E+11,218125,0.8218347170444676,0.041726618,0.8507670791438837
1698,5.3033E+11,162906,0.6806282663121442,0,0.729535031
1699,5.3033E+11,75823,0.5545927161647078,0.062953995,0.6869772957767186
1700,5.3033E+11,222813,0.9502109624454771,0,0.8039793603243968
1701,5.3033E+11,179688,0.8283582,0,0.7747092966954267
1702,5.3033E+11,91023,0.7827586116924298,0.019791666460503475,0.7585454490287604
1703,5.3033E+11,189602,0.7798165048186181,0.009590235,0.801795058
1704,5.3033E+11,198634,0.7965586963911063,0.054279749100349696,0.7144876274594514
1705,5.3033E+11,161004,0.7246278706046829,0.016238159565371044,0.707105715
1706,5.3033E+11,222566,0.833333319,0.020700636613047187,0.8254545394512397
1707,5.3033E+11,250001,0.8325493806909748,0,0.751366115
1708,5.3033E+11,127794,0.9027522770137197,0.09357798,0.7834158318884179
1709,5.3033E+11,136811,0.8609865393633495,0.016769637980850502,0.7430610567560583
1710,5.3033E+11,126591,0.8391061358759091,0.061224489,0.6857463447166516
1711,5.3033E+11,150761,0.8266998273076299,0.028571428377065115,0.786959812
1712,5.3033E+11,156211,0.8932238101311724,0,0.7707244154538879
1713,5.3033E+11,69479,0.6020495251746412,0.02482679,0.705551646
1714,5.3033E+11,117935,0.8402203779594088,0.033970276,0.7022630784847024
1715,5.3033E+11,35875,0.7761193450657204,0.047002724,0.43597751133055895
1716,5.3033E+11,108693,0.9371069064514855,0.050505049994898486,0.6775738174176072
1717,5.3033E+11,232708,0.731034458,0.027295285,0.6808712056735682
1718,5.3033E+11,205865,0.7601895662541274,0.014769765293051561,0.766497455
1719,5.3033E+11,193317,0.6978361615314053,0,0.7985888338769158
1720,5.3033E+11,207620,0.8044609605616285,0,0.6528925570781927
1721,5.3033E+11,109263,0.7606961511189547,0.026440677786842864,0.7330631109840006
1722,5.3033E+11,158542,0.6495726356928925,0.063139931,0.6349466723958436
1723,5.3033E+11,138553,0.7159353266058277,0.030269057956624913,0.7284615328579882
1724,5.3033E+11,142667,0.7824335150488838,0.015228426,0.7343629286921781
1725,5.3033E+11,138854,0.6601356393358279,0.025035765200030292,0.7374999945772059
1726,5.3033E+11,127670,0.7848509203476961,0,0.6542991716472369
1727,5.3033E+11,250001,0.946414492,0,0.8399412566817823
1728,5.3033E+11,112182,0.7755741046391013,0.032200357,0.7702020137188382
1729,5.3033E+11,175086,0.7926208550557143,0.012077294540129293,0.7814909958741132
1730,5.3033E+11,0,0,0.043707001037203555,0.5060663237906003
1731,5.3033E+11,123211,0.8874083884916163,0.00859423,0.7420474219661803
1732,5.3033E+11,127841,0.9089552103141014,0.11160058573273736,0.6848290525125101
1733,5.3033E+11,102750,0.7744629979181027,0,0.7284709953561425
1734,5.3033E+11,125000,0.8096234224934789,0.013661202061373388,0.721701509
1735,5.3033E+11,42618,0.8371335368545026,0.024839743390707186,0.32306411054900824
1736,5.3033E+11,19375,0.7716534825469699,0.090026954,0.4143814721853658
1737,5.3033E+11,0,0,0.04259377,0.46058980986278925
1738,5.3033E+11,189417,0.7927369283194249,0.072987208,0.6846846795444094
1739,5.3033E+11,46111,0.47161571022673127,0.069423928,0.35855545693417495
1740,5.3033E+11,100167,0.7608069054638775,0,0.7702951958459853
1741,5.3033E+11,236250,0.8034744755323076,0.020019066,0.7665454489705785
1742,5.3033E+11,19549,0.48223349029864243,0.036596522995457244,0.42245199097155106
1743,5.3033E+11,30625,0.7816091654555876,0.022682446,0.30633572628128203
1744,5.3033E+11,205028,0.8307209901140911,0.060945272873815015,0.7573794041945328
1745,5.3033E+11,180893,0.7993579390099684,0.025095057,0.8019578252864622
1746,5.3033E+11,119848,0.8285714229348883,0.072202166,0.7871186387313991
1747,5.3033E+11,144489,0.8330804122446068,0,0.7438913959828833
1748,5.3033E+11,250001,0.9306930577884522,0.095828635,0.8134135785605023
1749,5.3033E+11,67377,0.8042488497079082,0.018099547,0.3192526375365342
1750,5.3033E+11,107106,0.7798705074757475,0.025783619687646007,0.6860534083913744
1751,5.3033E+11,0,0.7883958954676236,0.039501039090425794,0.701492532
1752,5.3033E+11,131719,0.7368866265914837,0.088502269,0.7371721736763274
1753,5.3033E+11,93939,0.7648725140238667,0.012630015,0.7408163214910455
1754,5.3033E+11,38806,0.4590163683597613,0.03580832,0.676632567
1755,5.3033E+11,47694,0.2857142486085391,0.096439168,0.6666666573295986
1756,5.3033E+11,0,0.7096771904267127,0.086080585,0.6581196510884653
1757,5.3033E+11,114583,0.7086156756184349,0.027230047,0.7836468828969111
1758,5.3033E+11,179127,0.763421285,0,0.8031203506454655
1759,5.3033E+11,170550,0.8809182083082037,0.016089108711768458,0.6593886405293569
1760,5.3033E+11,155163,0.7433116359847315,0.009779951,0.7198443523747521
1761,5.3033E+11,80388,0.8502462970419085,0.18560915629101263,0.7520593018776005
1762,5.3033E+11,100656,0.8180790868013663,0.084555651,0.7098255214892055
1763,5.3033E+11,130795,0.7105864378477804,0,0.8068264284181087
1764,5.3033E+11,119646,0.8904109507725028,0.018229166508427375,0.6713520704728777
1765,5.3033E+11,116167,0.5980991133869714,0.015604681,0.7671140888113148
1766,5.3033E+11,101250,0.7440719481269669,0.041577060633856196,0.709534363
1767,5.3033E+11,250001,0.8414959853829387,0.010391686567612418,0.6788183489703435
1768,5.3033E+11,164044,0.8735919790539177,0.037757436638930934,0.61396574
1769,5.3033E+11,162153,0.798471817,0.014517506,0.6513233564365745
1770,5.3033E+11,250001,0.7539682454198612,0.023589743347797506,0.7238017812851196
1771,5.3033E+11,250001,0.8266068635783728,0.048332198,0.6794612748857827
1772,5.3033E+11,220192,0.7310774645496219,0.004003203,0.6433848177072881
1773,5.3033E+11,117201,0.7556071093920564,0.022455089652282264,0.46218487071299114
1774,5.3033E+11,180114,0.7221823350884254,0.018607857,0.7580853767264852
1775,5.3033E+11,169141,0.7233333252962965,0.035363457,0.6329330992029751
1776,5.3033E+11,118333,0.741266367,0.031277926,0.684138865
1777,5.3033E+11,250001,0.8446601850629969,0.010948905009590284,0.4242910624703528
1778,5.3033E+11,187456,0.5525362268792009,0,0.8316195319304658
1779,5.3033E+11,250001,0.8665480349951242,0.012288786,0.5527696760771448
1780,5.3033E+11,144886,0.5955882304282007,0.027439024,0.8014760088451955
1781,5.3033E+11,183750,0.6401734011535636,0.009324009,0.8153053655974587
1782,5.3033E+11,90179,0.27539266727337525,0.059259258710562424,0.7293172632183352
1783,5.3033E+11,174722,0.5634854725021953,0.007336757,0.8148842975929688
1784,5.3033E+11,212159,0.5883408018982887,0.013008129975543658,0.7431318630279405
1785,5.3033E+11,134732,0.557114223,0,0.8608458331456628
1786,5.3033E+11,126250,0.5058099760368423,0.011865523982428978,0.8529241409790148
1787,5.3033E+11,187292,0.8731788050556992,0.005793103,0.275862068
1788,5.3033E+11,119779,0.8598879034436517,0.018939393795913684,0.29848693054685743
1789,5.3033E+11,134007,0.7719155781500359,0.012019231,0.48014888039609877
1790,5.3033E+11,241250,0.6810442601470572,0.027055150602964095,0.7422480572206198
1791,5.3033E+11,143750,0.7724097743165904,0,0.1717171708042681
1792,5.3033E+11,217361,0.5203821622905594,0.069025522,0.5477815668499342
1793,5.3033E+11,225114,0.8050365491061207,0.052471482,0.5415070208077457
1794,5.3033E+11,183602,0.9230132373922746,0.024979855,0.12963811209510712
1795,5.3033E+11,199250,0.7464065631785775,0,0.5440126840284482
1796,5.3033E+11,80000,0.5251141512548391,0.023364485825337213,0.4875804945373482
1797,5.3033E+11,105197,0.628965509,0.026905829294777698,0.4301801769505993
1798,5.3033E+11,148529,0.6254152771975475,0.000776398,0.5438472380208823
1799,5.3033E+11,94306,0.6679960053041276,0.011090572910438329,0.4318975502689459
1800,5.3033E+11,217244,0.7317448060588408,0.022487701879917766,0.6950596212659874
1801,5.3033E+11,250001,0.5630341820188656,0.036764706,0.4790502759842858
1802,5.3033E+11,107813,0.6526117013680824,0.035280509,0.4680089464518615
1803,5.3033E+11,152315,0.7744982198996668,0.018749999804687504,0.576819402
1804,5.3033E+11,126691,0.7297297256208912,0.008506114,0.49496080349965954
1805,5.3033E+11,137643,0.8274445323441062,0.019669827819916306,0.4581212380466393
1806,5.3033E+11,250001,0.7898009852014803,0.041909196,0.4672897159868402
1807,5.3033E+11,209500,0.8720292424860215,0,0.7507022419192259
1808,5.3033E+11,114375,0.9594813458755049,0,0.6272058777411332
1809,5.3033E+11,181111,0.6380530916986452,0.060655737,0.5975975940084228
1810,5.3033E+11,156886,0.618326114,0.049168975,0.6742957706907525
1811,5.3033E+11,159500,0.5894308895168221,0.011600927984524919,0.7836684900446771
1812,5.3033E+11,99375,0.7066666588148149,0.028708133696572883,0.6878980843036229
1813,5.3033E+11,145156,0.6319862370422508,0.011111111033950618,0.6096065375083979
1814,5.3033E+11,178355,0.8291708208874045,0.076790336,0.5536723129085228
1815,5.3033E+11,142808,0.6391534323899107,0,0.6666666618357489
1816,5.3033E+11,159000,0.6502808943098252,0.033377836893338876,0.5994949464671973
1817,5.3033E+11,106652,0.5656433666515783,0.031491713,0.3135215437666095
1818,5.3033E+11,112793,0.7911111023209878,0.032586558,0.5399879702947206
1819,5.3033E+11,200625,0.7233796212571804,0.040039062,0.6706428053635335
1820,5.3033E+11,0,0.49929774930268433,0.007746933,0.5131348481428205
1821,5.3033E+11,69973,0.5356017609602913,0.1035661939249331,0.49140708651231424
1822,5.3033E+11,121410,0.6684782556795167,0.073001888,0.36006051255642707
1823,5.3033E+11,231136,0.9085794591520432,0.017275747,0.292074363
1824,5.3033E+11,181298,0.6298174378314662,0.055,0.637759705
1825,5.3033E+11,250001,0.901982369,0.10251256178379335,0.2626774834549823
1826,5.3033E+11,168901,0.847355764,0,0.43957968219743326
1827,5.3033E+11,115000,0.6706431500485314,0,0.7145413838275553
1828,5.3033E+11,109345,0.7450980338046621,0.020780856292311987,0.5589269984216051
1829,5.3033E+11,123264,0.819028604,0.046242774,0.7565864790573512
1830,5.3033E+11,157396,0.7044776049305711,0.009734513,0.6406052923038759
1831,5.3033E+11,133750,0.7568667267867067,0,0.5642570243356291
1832,5.3033E+11,213750,0.8216783121016514,0.040173724,0.6651435987914909
1833,5.3033E+11,225588,0.908931691,0,0.7632757468760349
1834,5.3033E+11,191232,0.8860464910221747,0,0.742983741
1835,5.3033E+11,250001,0.8152573454480023,0.020942408194219823,0.6649892116104298
1836,5.3033E+11,216975,0.7758318671118051,0.035044824,0.584214231
1837,5.3033E+11,110806,0.7872928104300846,0.10232558060212728,0.3972035194344717
1838,5.3033E+11,208208,0.9291865939790757,0.049125728,0.3785507224431842
1839,5.3033E+11,206528,0.8049362993237555,0.041696113,0.5305744253824928
1840,5.3033E+11,223031,0.8284714070684283,0.051136363345816116,0.40603014871341636
1841,5.3033E+11,211926,0.7952755835933895,0,0.5970241748479592
1842,5.3033E+11,95813,0.7039020604139092,0.032258064,0.4304857603413494
1843,5.3033E+11,250001,0.8718749931884766,0.018817204174615562,0.4446130467024807
1844,5.3033E+11,153750,0.7719626096078261,0.020332717002470267,0.665490884
1845,5.3033E+11,220863,0.7758985146166419,0,0.5513033801924383
1846,5.3033E+11,168375,0.6754385890851032,0.099150141,0.5204645988912356
1847,5.3033E+11,148594,0.7701149351521558,0.10215946759003765,0.49999999704491727
1848,5.3033E+11,131647,0.49381135085867967,0.034469551763808684,0.5763239852946885
1849,5.3033E+11,118750,0.7513430487233841,0.030949105701863096,0.7374727628677954
1850,5.3033E+11,108042,0.5653817039653688,0.030634573080710627,0.601168345
1851,5.3033E+11,98594,0.5959104128927906,0.019571295250966493,0.6882758573222355
1852,5.3033E+11,192222,0.9211927484431017,0.050332383187726655,0.6595451367364222
1853,5.3033E+11,125011,0.7080900691568802,0.084425036,0.7462568893123964
1854,5.3033E+11,122151,0.780999992,0.025402201,0.6842465706558454
1855,5.3033E+11,112813,0.5486466675300171,0.00685401,0.5914307529347302
1856,5.3033E+11,0,0.4725568879175785,0,0.5967623208479594
1857,5.3033E+11,175425,0.617866,0.024078254145385596,0.7308998240161305
1858,5.3033E+11,186944,0.660065999,0.010172939876165413,0.7637130737239404
1859,5.3033E+11,102083,0.6263414573039858,0.015067406700496378,0.7454938662905994
1860,5.3033E+11,49779,0.43136160473570534,0.07024586,0.630303026
1861,5.3033E+11,74620,0.6479099574291004,0,0.5721518939058912
1862,5.3033E+11,0,0.5881188002352713,0,0.6486220408600193
1863,5.3033E+11,230469,0.7037036960380861,0.03560529,0.6742081397118541
1864,5.3033E+11,172813,0.7714285632653062,0.006161972,0.6642388880973132
1865,5.3033E+11,110891,0.5951661571483771,0.042318307,0.6062091453741083
1866,5.3033E+11,148750,0.6274256104306235,0.027227722603788845,0.5776081388192866
1867,5.3033E+11,42083,0.38414633365556233,0.017107309398095856,0.6382202725148047
1868,5.3033E+11,43036,0.6995708004383949,0.012303485903598867,0.38676996193820046
1869,5.3033E+11,0,0.5041597295826977,0.010063559268731148,0.21771977872445208
1870,5.3033E+11,42917,0.6310077421549187,0,0.44127242706955605
1871,5.3033E+11,114022,0.6298632951644239,0,0.7401263764602972
1872,5.3033E+11,0,0.7090767982228332,0.005331302,0.7733118908897758
1873,5.3033E+11,250001,0.7888372019643051,0.035303146,0.7432814657476559
1874,5.3033E+11,125234,0.9364326286865975,0,0.7446808459527738
1875,5.3033E+11,51550,0.5921908765251437,0.079014443,0.5241691803310485
1876,5.3033E+11,44609,0.554846932,0.06480648,0.6095764216429427
1877,5.3033E+11,168259,0.8151146988513536,0.019024970047265517,0.8041594384388264
1878,5.3033E+11,37123,0.7301136156217723,0.026717557047957582,0.5864661614048793
1879,5.3033E+11,80964,0.5425531722498875,0.11261730852328146,0.6372132486218076
1880,5.3033E+11,40944,0.8194207696861879,0.012116892287121223,0.47030878487483146
1881,5.3033E+11,100583,0.8043795503010285,0.028894471998813166,0.7819287508086121
1882,5.3033E+11,58653,0.7362318733879439,0.053554939,0.44995322310614383
1883,5.3033E+11,139911,0.8318122446960594,0.022277227447064018,0.6069538880804695
1884,5.3033E+11,203977,0.8781785873555377,0.034733893,0.7553793841711247
1885,5.3033E+11,71417,0.7452006850750317,0.020895522,0.6608623494124184
1886,5.3033E+11,101932,0.7482435509573355,0.018259935,0.8171577052239367
1887,5.3033E+11,150236,0.8321838984806449,0.1132075462411194,0.7194950861185478
1888,5.3033E+11,127847,0.8314176085935324,0.022883294932685413,0.6249999949269481
1889,5.3033E+11,196875,0.8834412499219126,0.11918367249645982,0.7950257221695908
1890,5.3033E+11,134063,0.7232558055435372,0.10807974702959343,0.8139114650956507
1891,5.3033E+11,200809,0.8697017200180399,0,0.7492997146407583
1892,5.3033E+11,172125,0.8112927071130356,0,0.7391963552752361
1893,5.3033E+11,185000,0.901529628,0.036682615,0.7609351375495088
1894,5.3033E+11,234844,0.7734282233282536,0.010964912160472455,0.7320610631140377
1895,5.3033E+11,147000,0.8220424588266688,0.032549728,0.7538461480473373
1896,5.3033E+11,204391,0.9138606036502693,0.017176998,0.7564267303571547
1897,5.3033E+11,159067,0.7295918292898793,0,0.7352697034417452
1898,5.3033E+11,157017,0.8544303689312612,0.035460992548520844,0.750748497
1899,5.3033E+11,153138,0.8388489087935409,0.12805755211427983,0.6887850402917286
1900,5.3033E+11,204663,0.8415178508815636,0.010245901569358597,0.7317633501909055
1901,5.3033E+11,155729,0.7614379002022016,0,0.7832699545316545
1902,5.3033E+11,164926,0.8761206122565558,0.025892232149109642,0.7077114383848792
1903,5.3033E+11,129009,0.740422199,0.025679758114201222,0.8278097923068459
1904,5.3033E+11,138684,0.8685300117129399,0.018554687,0.670464499
1905,5.3033E+11,161004,0.6049601363599634,0.017108639716778104,0.7723970897554656
1906,5.3033E+11,124200,0.7862453458527384,0.023175965466300727,0.7118773891810162
1907,5.3033E+11,203967,0.7930283138014345,0.010101010008255189,0.7787903829429131
1908,5.3033E+11,111250,0.6083244332089175,0.021126760350837423,0.6513833940602103
1909,5.3033E+11,137083,0.7928388645417025,0.025433525717531495,0.7809364483199294
1910,5.3033E+11,162849,0.7088186297103276,0,0.8186702429907976
1911,5.3033E+11,0,0.9509888138350059,0,0.7589413393494897
1912,5.3033E+11,132408,0.8303393130704659,0.085343227,0.7825040065609631
1913,5.3033E+11,117969,0.7502517547809491,0.018590997861144834,0.7957446740787687
1914,5.3033E+11,127639,0.8733705691492498,0.026315789,0.6801169550870354
1915,5.3033E+11,201701,0.8498435782080962,0.008341056,0.8217979250453625
1916,5.3033E+11,127422,0.8637168065157805,0,0.8142948256905245
1917,5.3033E+11,216667,0.5460288759383676,0.06158833,0.7996857753363255
1918,5.3033E+11,121316,0.6410714228475766,0.032838154551695434,0.8384491069550398
1919,5.3033E+11,130766,0.7773972536181742,0,0.7468706484918592
1920,5.3033E+11,236490,0.825970538,0,0.820276492
1921,5.3033E+11,173382,0.709703942,0.013239875286293806,0.8112764227777884
1922,5.3033E+11,228036,0.8643616944648786,0,0.7931516366656071
1923,5.3033E+11,118720,0.7358620638906065,0.009247028,0.7787162118315528
1924,5.3033E+11,185446,0.8444778298686865,0,0.7874285669289797
1925,5.3033E+11,177922,0.7157894661495846,0.085492227,0.8145639219765968
1926,5.3033E+11,170714,0.722908083,0,0.8264802563611822
1927,5.3033E+11,250001,0.7798507365690207,0.015240328,0.7446808438618874
1928,5.3033E+11,111379,0.8726382024308034,0.029574861185613917,0.6039603927174896
1929,5.3033E+11,189000,0.8573021086142463,0.009635974,0.7193277250476662
1930,5.3033E+11,151875,0.8182427845858968,0.017164653,0.7560664064108148
1931,5.3033E+11,158393,0.8557575653847568,0,0.6641148261807194
1932,5.3033E+11,127500,0.8547368331080334,0.051082250639980516,0.6573033661706225
1933,5.3033E+11,211161,0.9238805901202941,0.011441647531798355,0.7055645558856588
1934,5.3033E+11,71161,0.841106713,0.071580439,0.6779411714857267
1935,5.3033E+11,90950,0.8420056684767676,0,0.6518624595138792
1936,5.3033E+11,204952,0.8361075437118113,0.018115942,0.7674796685570758
1937,5.3033E+11,227566,0.7689530616520482,0.042776432,0.7631399265314681
1938,5.3033E+11,164296,0.670241282,0.028202114992937045,0.8474240366748743
1939,5.3033E+11,99247,0.7253269830519978,0,0.8325423672370009
1940,5.3033E+11,159677,0.9236430457806528,0.014059753830757875,0.8082618799044281
1941,5.3033E+11,141061,0.7052441165891129,0.045996592,0.6932084268547516
1942,5.3033E+11,250001,0.856364868,0.024183006,0.7265577693493178
1943,5.3033E+11,111742,0.6429308499181543,0.018060836330220188,0.7705179221472676
1944,5.3033E+11,201667,0.7748344285338363,0.012141280219191168,0.7738606984190826
1945,5.3033E+11,250001,0.7808586692230889,0,0.7548690345542711
1946,5.3033E+11,162989,0.7812499918619793,0,0.7079924436249689
1947,5.3033E+11,206038,0.7352941073488221,0,0.7593840157903368
1948,5.3033E+11,140000,0.7694973936785321,0,0.7714831268524308
1949,5.3033E+11,215354,0.8293269164316753,0.011329305050382892,0.7501656676596046
1950,5.3033E+11,139063,0.8492509283778004,0.008279669,0.7142857080255416
1951,5.3033E+11,110694,0.8844847011949638,0,0.7264890225196785
1952,5.3033E+11,120958,0.7186948790238546,0.018612521,0.7842445574118486
1953,5.3033E+11,131719,0.7304075158787093,0,0.7617845053721843
1954,5.3033E+11,86213,0.8046940418718018,0,0.6384615346836595
1955,5.3033E+11,93333,0.5964912238842721,0.034754098132760015,0.6435926736636575
1956,5.3033E+11,91731,0.639405199,0.052316890490905155,0.5982853606963542
1957,5.3033E+11,161518,0.7917260942692427,0.018202503,0.7360275087185941
1958,5.3033E+11,161042,0.7797872257469445,0.008849557,0.7012711814881979
1959,5.3033E+11,153906,0.7631831182820411,0.028770705939226628,0.6950532204442503
1960,5.3033E+11,143668,0.631060601,0,0.5962551164642766
1961,5.3033E+11,123929,0.5864978853460094,0.030719482370901517,0.6286549670838891
1962,5.3033E+11,195900,0.730956234,0.013052936816149842,0.7223602439604954
1963,5.3033E+11,152375,0.6107023370521583,0.007532957,0.7005813902574027
1964,5.3033E+11,81250,0.6061643783718803,0.011942675064150676,0.7059701439852974
1965,5.3033E+11,211563,0.8134810635874324,0.084153983,0.7697937407199352
1966,5.3033E+11,189037,0.7445855060150448,0.001412429,0.7445613982837797
1967,5.3033E+11,191667,0.7786811131103784,0.043956044,0.8520709996148594
1968,5.3033E+11,116875,0.783039639,0,0.7643229116906061
1969,5.3033E+11,204550,0.8023255736208762,0.036496350068967155,0.7332155412260112
1970,5.3033E+11,189271,0.7384615324820929,0.019259259116598083,0.6821026240168797
1971,5.3033E+11,152442,0.7425837249513519,0.020754717,0.8333333268733851
1972,5.3033E+11,250001,0.7987533321571386,0.020504732,0.7820069150034124
1973,5.3033E+11,228958,0.7060439495783521,0.010833333243055557,0.8200143929444609
1974,5.3033E+11,88780,0.5786801971707595,0.023215820952572477,0.7001545540946326
1975,5.3033E+11,215781,0.8495652100037808,0.012135922231910014,0.8617385293515502
1976,5.3033E+11,126029,0.6502564035871138,0.086547506,0.7794502566789905
1977,5.3033E+11,124167,0.596247956,0.033082707,0.6871794821452053
1978,5.3033E+11,122958,0.7025931871750958,0.012789768083215284,0.6617647016511209
1979,5.3033E+11,130208,0.7213930276478306,0.065777777,0.712837832
1980,5.3033E+11,110515,0.6539179043477807,0.10360360267023781,0.5873146574356288
1981,5.3033E+11,82875,0.3901515121958219,0.025275437,0.5257009315087563
1982,5.3033E+11,182101,0.8152039504622748,0.028808864106322083,0.7442748044257328
1983,5.3033E+11,128833,0.5816993409738623,0.074733095,0.6778350457230666
1984,5.3033E+11,94813,0.4525267959224595,0.036560595554769156,0.6507105411315591
1985,5.3033E+11,87135,0.6160714224596089,0.09090909,0.6982484020840095
1986,5.3033E+11,75463,0.8308739973794098,0,0.6050069456883596
1987,5.3033E+11,85278,0.6401248974229126,0.015555555,0.5844298213572926
1988,5.3033E+11,175313,0.7763465951247471,0,0.7246376756320544
1989,5.3033E+11,161667,0.70445859,0.022326674238229444,0.6846673029443847
1990,5.3033E+11,83056,0.5186522231128026,0.091351351,0.5048418301817829
1991,5.3033E+11,103657,0.5548302799630512,0.09090909,0.5420315188963966
1992,5.3033E+11,46296,0.5652709324798588,0.039215686077346976,0.43995021505942616
1993,5.3033E+11,0,0.5737298565832731,0.040650406090951156,0.5350593254038908
1994,5.3033E+11,164271,0.8333333218549129,0.044871794,0.7567276560093902
1995,5.3033E+11,106250,0.8191304205368622,0.03902439,0.6445623285184586
1996,5.3033E+11,148125,0.7402912561465109,0.018209408056074294,0.699192952
1997,5.3033E+11,135375,0.7326203143260221,0.053599999571200006,0.6071428528061225
1998,5.3033E+11,118607,0.8005136917764238,0.012480499122617011,0.7206284103782212
1999,5.3033E+11,69135,0.6408227746705257,0.035340313673556105,0.5548717891808022
2000,5.3033E+11,31637,0.3863636336195765,0.011772853104066115,0.5260273936573466
2001,5.3033E+11,70685,0.5391476656179617,0.047016274,0.48421807400130507
2002,5.3033E+11,122292,0.6550802051459866,0.024822694742048526,0.6959165882196647
2003,5.3033E+11,64867,0.4497206662037182,0.048821548,0.4725190803624498
2004,5.3033E+11,106250,0.8031578862825486,0.018849206162210256,0.6800348676544475
2005,5.3033E+11,119844,0.6104023492600359,0.022381378,0.6868131814221885
2006,5.3033E+11,149375,0.8441988856994599,0.016112789364423067,0.6796714532534466
2007,5.3033E+11,136792,0.7471979981668991,0.005555555,0.7005695630547636
2008,5.3033E+11,186458,0.6677889936275085,0,0.5994087169297212
2009,5.3033E+11,117218,0.5585813770830819,0.054786273,0.6165594805742807
2010,5.3033E+11,108705,0.4589257467699388,0.031963470076381506,0.5867346896010591
2011,5.3033E+11,72644,0.5016111653962281,0.089034676,0.4459064294889881
2012,5.3033E+11,86671,0.5897666015281274,0.030346821,0.4900616827274731
2013,5.3033E+11,67574,0.20502091764266503,0.032653061,0.5254237245728514
2014,5.3033E+11,117530,0.44835965433341857,0,0.5933379556326305
2015,5.3033E+11,133828,0.6260623170343502,0.000907441,0.7890173334391394
2016,5.3033E+11,153324,0.5550295792304192,0.096673596,0.5679806873050629
2017,5.3033E+11,32786,0.4263736232500101,0,0.4985285432694023
2018,5.3033E+11,85214,0.3358153362932589,0.018947368288088642,0.6309778684441266
2019,5.3033E+11,84291,0.5470763077594023,0,0.5707356461541176
2020,5.3033E+11,111500,0.5542965009037157,0.019607842970095116,0.558252423
2021,5.3033E+11,91270,0.4189364434569621,0.082352941,0.5591322564091514
2022,5.3033E+11,108693,0.5308498191984887,0,0.5553784816304503
2023,5.3033E+11,41104,0.18980477017565325,0,0.3182150671674099
2024,5.3033E+11,31300,0.405100828,0.11239193018794277,0.6416449044279053
2025,5.3033E+11,182885,0.7556935765652617,0,0.7198555904703567
2026,5.3033E+11,97708,0.685626436,0.012829650656951885,0.5765606562040009
2027,5.3033E+11,65909,0.48024315622853947,0.028695651924385637,0.5391776529156117
2028,5.3033E+11,62841,0.45021185963758625,0.012711864272120081,0.3561151047111951
2029,5.3033E+11,145625,0.6981651312094942,0.066964285,0.630721485
2030,5.3033E+11,139500,0.6605800143868956,0.043386242927129705,0.6255474406894348
2031,5.3033E+11,85563,0.6119873768770712,0.011843079112930577,0.6465629011247542
2032,5.3033E+11,44109,0.4856293311632376,0.032913843,0.5497797308389452
2033,5.3033E+11,118667,0.6578680136257055,0,0.6301169544582094
2034,5.3033E+11,101354,0.6911468743345385,0.05055147,0.533226577
2035,5.3033E+11,113375,0.6383537597342053,0.029368575408453924,0.6179310302211654
2036,5.3033E+11,49000,0.4129496343460484,0.084928229,0.34263232945184313
2037,5.3033E+11,51278,0.5631443226398928,0.037715516834962104,0.43194887902908063
2038,5.3033E+11,108942,0.6582914506704377,0.050170068,0.6350710840277622
2039,5.3033E+11,184063,0.5864592810022023,0.044093178,0.6322525543323161
2040,5.3033E+11,131250,0.5478502004459057,0.034838709,0.6254480230694621
2041,5.3033E+11,103462,0.4871987915120573,0.038841807635297966,0.5170067995237675
2042,5.3033E+11,89447,0.5969581692304357,0.033783783498447774,0.6059001467027221
2043,5.3033E+11,69000,0.495769877,0.025326797178702638,0.4997137922168644
2044,5.3033E+11,128417,0.43283581502258056,0.026819923029119758,0.5995914136916097
2045,5.3033E+11,101959,0.6861924638340833,0.049090908793388434,0.6249999964326485
2046,5.3033E+11,81719,0.49275361769505444,0.025399811614300927,0.6958299207209327
2047,5.3033E+11,83077,0.5501089264694017,0.007881773,0.6346300485535465
2048,5.3033E+11,153218,0.686779656,0,0.9048672499641058
2049,5.3033E+11,185368,0.6692160547876095,0.050086355353312996,0.7609001352960609
2050,5.3033E+11,250001,0.9599406456977697,0.008577555,0.30697674275824766
2051,5.3033E+11,250001,0.8686440604352198,0.031680441,0.3712678478093126
2052,5.3033E+11,225976,0.7985611446957542,0.011470985077793623,0.5276435827823748
2053,5.3033E+11,101094,0.7808090236988803,0.03133393,0.8539658943367985
2054,5.3033E+11,214904,0.8061946831310205,0.090034364,0.6951310809353477
2055,5.3033E+11,179336,0.6839565659353852,0.016,0.7349636435230427
2056,5.3033E+11,223077,0.9063443971851299,0.039215686,0.6573236830260065
2057,5.3033E+11,85971,0.5696202451530205,0.031172069,0.5824675286852758
2058,5.3033E+11,112857,0.52959501,0.033333333,0.4415841555010947
2059,5.3033E+11,118232,0.4293721924958275,0.010869565109984535,0.6460716960635263
2060,5.3033E+11,127983,0.6141235735923888,0.1016216205230095,0.5888554172525947
2061,5.3033E+11,155469,0.7275179790690829,0.004966887,0.4568434003893749
2062,5.3033E+11,173750,0.6805807560745848,0.023890784779088868,0.5916159527274107
2063,5.3033E+11,171250,0.5518575808679754,0.020502645367045998,0.7149122762223542
2064,5.3033E+11,108152,0.5674217846017068,0.017163504813337806,0.6390916412076915
2065,5.3033E+11,115756,0.41455437109931015,0.04647785,0.7180675002113336
2066,5.3033E+11,171576,0.7700934507467903,0.030690537,0.7773183651664598
2067,5.3033E+11,206146,0.5334302248047933,0,0.7015177006617395
2068,5.3033E+11,105625,0.45547073405029065,0.023293172503669298,0.7165149498276011
2069,5.3033E+11,135089,0.3057503463429124,0.062844542,0.5759162253410451
2070,5.3033E+11,113529,0.6371951154756594,0.083408884,0.6786248080820269
2071,5.3033E+11,147368,0.6092774254301746,0.088282503,0.7082644569564921
2072,5.3033E+11,130909,0.6120959268811687,0.050485436403054015,0.7337615936205454
2073,5.3033E+11,148226,0.6489746604466266,0.02092511,0.7078907381798882
2074,5.3033E+11,168262,0.45170454117704034,0.042464612,0.7353324593524612
2075,5.3033E+11,74393,0.6261879553728833,0.044619422,0.6398252144829887
2076,5.3033E+11,123958,0.6282383338311097,0.090389015,0.6932907292868152
2077,5.3033E+11,250001,0.7448609341612946,0,0.720547939
2078,5.3033E+11,250001,0.7990195947872616,0.024011299,0.7242339765623587
2079,5.3033E+11,216184,0.7492537201603923,0.048746517,0.7349726709018882
2080,5.3033E+11,158947,0.6456758971815626,0.045489591013958434,0.7992587967927189
2081,5.3033E+11,189211,0.6685303460980004,0.011444921234299563,0.8090169016342085
2082,5.3033E+11,206806,0.6562193863249816,0.014717906666247697,0.8010471151763933
2083,5.3033E+11,108640,0.6346643983234307,0.019290123382368348,0.7377358455767177
2084,5.3033E+11,196302,0.6387860796536929,0.018893387186954203,0.8309248494875372
2085,5.3033E+11,242708,0.8411854039423602,0.011045655294214616,0.8007380024554859
2086,5.3033E+11,182813,0.4779874153712275,0.039766081406244665,0.7836045763495806
2087,5.3033E+11,212344,0.6586483315160558,0.006986028,0.6899852673786063
2088,5.3033E+11,209327,0.6830357081871812,0.016627078253150608,0.6741693425821579
2089,5.3033E+11,137197,0.3840653689063803,0,0.5853423280101994
2090,5.3033E+11,160045,0.5219012066924399,0.025683512628968414,0.5861635183260157
2091,5.3033E+11,165600,0.7169274486705018,0.014093959636953292,0.49370552548601243
2092,5.3033E+11,223018,0.8894582658165574,0.031690141,0.6229253079723791
2093,5.3033E+11,217159,0.6725417377315238,0.017485429,0.6775067704775964
2094,5.3033E+11,131538,0.645962725,0,0.8181034412232462
2095,5.3033E+11,130046,0.6338624271548949,0,0.7033519513779221
2096,5.3033E+11,142520,0.577176294,0.070281124,0.6944444409371493
2097,5.3033E+11,104803,0.5639913170933697,0.036548223,0.716547896
2098,5.3033E+11,197500,0.8601036180300143,0.025291829,0.6567524062962026
2099,5.3033E+11,151250,0.4984025519296921,0.055806938,0.6758208914876365
2100,5.3033E+11,100417,0.6057891067829835,0,0.5797712186648332
2101,5.3033E+11,126944,0.655991729,0.022388059492648698,0.5974842729717971
2102,5.3033E+11,80767,0.5086661604471276,0.014035087620806403,0.7412755671403396
2103,5.3033E+11,77434,0.5211365175250414,0,0.7048929627681296
2104,5.3033E+11,69792,0.5537634358981771,0,0.688544887
2105,5.3033E+11,71607,0.5482865986678442,0.061116031345296445,0.6867313871408972
2106,5.3033E+11,143194,0.5516840818619735,0.014177694,0.5972359269769405
2107,5.3033E+11,63444,0.3917727679552129,0.03915881,0.6673095403345272
2108,5.3033E+11,63500,0.6726093948735057,0.049732210790113154,0.6866801176252264
2109,5.3033E+11,114918,0.510657189,0.029952348,0.5634469643612977
2110,5.3033E+11,51815,0.380678181,0,0.5312314067148637
2111,5.3033E+11,101346,0.760330571,0.018234164892186516,0.7065015436129936
2112,5.3033E+11,163672,0.638318664,0.012027491305605745,0.6572514901833162
2113,5.3033E+11,133235,0.7178611977490194,0.013745704,0.5909393698138616
2114,5.3033E+11,143188,0.7633587669716219,0.065155806,0.7254901885914325
2115,5.3033E+11,159327,0.5967741871314604,0.030228757922967666,0.7090139098063284
2116,5.3033E+11,146352,0.6198630066225684,0,0.7359073302246538
2117,5.3033E+11,89875,0.40357142496811227,0.035993739937451176,0.640481241
2118,5.3033E+11,126467,0.5561719794995008,0.058259081,0.6623853170496311
2119,5.3033E+11,160341,0.544523242,0.010533245486943742,0.7362012927256388
2120,5.3033E+11,124398,0.4225512480347238,0.012154695998290652,0.5762347847084124
2121,5.3033E+11,179432,0.7621145307302685,0.014237855827153636,0.5679314530726349
2122,5.3033E+11,235430,0.6684782548145086,0.041171812817325314,0.5793191998759204
2123,5.3033E+11,111515,0.5033161348318634,0.029943855,0.6816252232769847
2124,5.3033E+11,116648,0.7138508262731991,0.012195122,0.7147813968439876
2125,5.3033E+11,214167,0.6854684446895942,0.012195122,0.584075721
2126,5.30611E+11,248438,0.711318788,0.038610038,0.7282282227610494
2127,5.3033E+11,156719,0.5547652837159989,0.027334851624887795,0.8650306689500296
2128,5.3033E+11,164211,0.44841591837192596,0,0.6922257684120033
2129,5.3033E+11,170508,0.5733005686052369,0.021323529,0.7888446170242196
2130,5.3033E+11,204886,0.6341463355145748,0.015899581,0.7749003945473089
2131,5.3033E+11,116761,0.5545602560703562,0.016393442515452838,0.7839318272432634
2132,5.3033E+11,114712,0.4282460087899088,0.043390514193839415,0.8370750427384539
2133,5.30611E+11,132361,0.39981096030424423,0.033953112,0.8378582138924721
2134,5.30611E+11,106651,0.22408536243772315,0.021924482071565384,0.5833333274051491
2135,5.30611E+11,76250,0.32894736448627554,0.011846001857393861,0.7128252721856387
2136,5.30611E+11,81778,0.1522801290530934,0.023627518946299383,0.6908462827239708
2137,5.3033E+11,169018,0.5020746835884369,0,0.8254887702716237
2138,5.3033E+11,223000,0.657288997,0,0.8174659927167789
2139,5.3033E+11,175234,0.4487394920273992,0.018813313901495557,0.7772842590273842
2140,5.3033E+11,158380,0.600356291,0.057742781849119254,0.7039674430113558
2141,5.3033E+11,141139,0.7339246065489682,0.005028736,0.8164435894426795
2142,5.3033E+11,240221,0.7757009255175126,0.062370061721724934,0.7834101330914409
2143,5.30611E+11,161339,0.42568250327924667,0.031760435283480624,0.817647053
2144,5.30611E+11,101389,0.31902717712407475,0.032637075291944186,0.8194297695941947
2145,5.30611E+11,191000,0.5646408777387748,0,0.7840112146983786
2146,5.30611E+11,176000,0.5282051227876398,0.004340278,0.8403722201834487
2147,5.3033E+11,140882,0.6654545394049588,0.005728314,0.803367403
2148,5.3033E+11,212708,0.8170914481477403,0,0.8065630350802359
2149,5.3033E+11,151477,0.643382345,0.009367681,0.6992481144590801
2150,5.3033E+11,214063,0.746787598,0.022618231510498757,0.8101822702062711
2151,5.3033E+11,124063,0.7033985509433723,0.053398058,0.7980072391484851
2152,5.3033E+11,144970,0.7230098067283555,0.013592232877745311,0.731836191
2153,5.3033E+11,163393,0.55395683,0.012288786,0.7155003223315872
2154,5.3033E+11,93750,0.6255879527225969,0,0.798436136
2155,5.3033E+11,150000,0.6886395415338072,0.011984021145352582,0.7796296224108369
2156,5.30611E+11,209148,0.655015188,0.028875379500374172,0.7926739868668573
2157,5.3033E+11,113438,0.7450643712870011,0.008928571,0.5791701898461458
2158,5.3033E+11,125729,0.5529953866083375,0.008576329,0.6613300451888544
2159,5.3033E+11,217726,0.5094527312492265,0.016915422717259477,0.5114155204436939
2160,5.3033E+11,83021,0.4930777370279261,0.02892562,0.6160483121997558
2161,5.3033E+11,185978,0.679421763,0.013127413026043143,0.7621558244747755
2162,5.3033E+11,185357,0.6735822866724442,0.030229745704597997,0.649572645
2163,5.3033E+11,153438,0.47435897001502775,0,0.5841194922632116
2164,5.3033E+11,126012,0.524953786,0,0.5982367720514057
2165,5.3033E+11,86835,0.5314091635703806,0.018927444645682613,0.543209873
2166,5.3033E+11,178636,0.6332882187647061,0,0.7550239162198669
2167,5.3033E+11,91923,0.3350694386272667,0,0.521448994
2168,5.3033E+11,143269,0.5469222951874643,0.027105518,0.7438391650853491
2169,5.3033E+11,123333,0.5119284243347075,0.009734513,0.6096385493201723
2170,5.3033E+11,148036,0.5879077121089283,0.007829181,0.6339155703499595
2171,5.3033E+11,139286,0.6237720960336729,0.027586207,0.7861471793407171
2172,5.3033E+11,77837,0.3686396638770544,0,0.49692221322371455
2173,5.3033E+11,192120,0.739451469,0.01511335,0.7515923498490232
2174,5.3033E+11,70962,0.4499504415267548,0.078483244,0.49278498922954556
2175,5.3033E+11,110500,0.529914525,0.047439759,0.7019099542843796
2176,5.3033E+11,158404,0.8202994871830368,0.033070866,0.7518656646281188
2177,5.3033E+11,147813,0.5483303945811882,0.020280811,0.6431181407659179
2178,5.3033E+11,146703,0.6036484145331938,0.014727540283835931,0.5799999917142858
2179,5.3033E+11,123750,0.6883988428724943,0.046369203,0.6565370978336601
2180,5.3033E+11,127240,0.6920762217444713,0.030414746,0.7395672276694959
2181,5.3033E+11,39073,0.40820130094872975,0,0.7033121867278915
2182,5.3033E+11,135625,0.351453851,0,0.5882352897923876
2183,5.3033E+11,129844,0.5119647322924136,0.039677976,0.5801282
2184,5.3033E+11,153313,0.7125628069089165,0.030275229,0.7154362368091528
2185,5.3033E+11,110682,0.4821002329104984,0,0.639000801
2186,5.3033E+11,0,0.4576271115928026,0.016176470350346025,0.573873869
2187,5.3033E+11,90357,0.2801724107740042,0.037383177,0.6238937997885504
2188,5.3033E+11,186019,0.5984513208135916,0.025641025378040767,0.7896060285867056
2189,5.3033E+11,183594,0.6779463164767058,0.026804123,0.7456279749950082
2190,5.3033E+11,64240,0.40348100946613125,0.1238214951362571,0.5129701652855372
2191,5.3033E+11,137545,0.5145929260431195,0,0.6762536823285127
2192,5.3033E+11,90197,0.3218562850160458,0.092088197,0.5892626093838124
2193,5.3033E+11,58819,0.38906152648190473,0.047006155,0.5531205309522604
2194,5.3033E+11,101250,0.4027187731289824,0.019409937737500483,0.6456140305570945
2195,5.3033E+11,99129,0.5783730101351884,0.030973451053332293,0.5003021117806519
2196,5.30611E+11,86776,0.3613636336260331,0.012793176881356241,0.6285914461906696
2197,5.30611E+11,120938,0.6174358911032216,0.030421982037075742,0.7046046854508715
2198,5.30611E+11,127850,0.47776365339563337,0.032474804,0.6580357084103955
2199,5.30611E+11,70439,0.5749673979795645,0.013192612021173158,0.7127937274778614
2200,5.30611E+11,96705,0.475238919,0.020245842,0.6739926690549988
2201,5.30611E+11,112917,0.4868624382777246,0.035122597514098096,0.5941780788003534
2202,5.30611E+11,102361,0.4086538396049064,0,0.6458684599842457
2203,5.30611E+11,153611,0.29557521862322816,0.090673574,0.7788663346475414
2204,5.30611E+11,135000,0.31106161610199246,0.060439560070576555,0.6149068280544733
2205,5.30611E+11,93125,0.4937673095999494,0.003140703,0.6572554126247182
2206,5.30611E+11,74104,0.4761484056877349,0.041916167,0.7183702593397409
2207,5.30611E+11,86111,0.4758389229809468,0.023168441,0.6398980201408667
2208,5.30611E+11,88317,0.6777142779689797,0,0.7066246001054842
2209,5.30611E+11,108875,0.31321838780442157,0.042266187,0.6428571375177978
2210,5.30611E+11,130333,0.4005006207697044,0.025700934279194693,0.6599650291961099
2211,5.30611E+11,64923,0.2503410624124075,0,0.5312320886462345
2212,5.30611E+11,108844,0.41467065557881244,0.031430403903589456,0.672109728
2213,5.30611E+11,171086,0.48966941642903494,0.008395522,0.7708495653090447
2214,5.30611E+11,121681,0.39062499491373703,0.014067995,0.5926439931114227
2215,5.30611E+11,117250,0.4245366246731101,0.057559478,0.7657045775407082
2216,5.30611E+11,139000,0.6119791586981881,0.002249719,0.7479674720735013
2217,5.30611E+11,141250,0.3176328464054004,0.012387387247889783,0.6140865692290054
2218,5.30611E+11,86434,0.48376962844220284,0.081632652,0.5669036808862077
2219,5.30611E+11,97784,0.3355025283043924,0.054022313,0.45941883537365313
2220,5.30611E+11,138542,0.3593350337680942,0,0.6669716315922083
2221,5.30611E+11,110694,0.5125348118031363,0,0.7169287630256359
2222,5.30611E+11,94615,0.4657293456438546,0.11505922068477817,0.605863188
2223,5.30611E+11,135682,0.4872813951726439,0.069625095,0.7746766455093489
2224,5.30611E+11,56932,0.3966421784192846,0.007352941,0.5780265879774207
2225,5.30611E+11,117270,0.37215908738485715,0.013567438040164102,0.6979374537728712
2226,5.30611E+11,70259,0.41147938228391767,0.037830121,0.6139283258017016
2227,5.30611E+11,140909,0.4505283338085655,0.020477815524933315,0.6655450830044073
2228,5.30611E+11,118182,0.6651542589368942,0.062394603,0.5799475715599766
2229,5.30611E+11,94663,0.49403121676739015,0.028156221360978916,0.5316725940806221
2230,5.30611E+11,147018,0.6649873999581243,0,0.7768656658442861
2231,5.30611E+11,125385,0.47131508851442994,0.064308681,0.534499997
2232,5.30611E+11,137083,0.49367088161237904,0.03085443,0.8056994766470241
2233,5.30611E+11,64300,0.4806131606797731,0.004219409,0.7762589872211584
2234,5.30611E+11,211429,0.7591499320053137,0.020735155318236047,0.6027928580078133
2235,5.30611E+11,217793,0.8146021262132721,0.037558685,0.3315705958140106
2236,5.30611E+11,131809,0.6690140777765183,0.013852813732876073,0.5317177438936725
2237,5.30611E+11,124432,0.41932366744614813,0.018867924366484354,0.7814521870492295
2238,5.30611E+11,143571,0.4626300807698195,0.023478261,0.8087591181842401
2239,5.30611E+11,201216,0.8140703459147858,0.013743455,0.27946873115955323
2240,5.30611E+11,135938,0.5893089884053587,0.04,0.7359881951623289
2241,5.30611E+11,250001,0.7859892164281046,0.037086986,0.2870264047817084
2242,5.30611E+11,108409,0.33668341426563303,0,0.7095687283721784
2243,5.30611E+11,149205,0.5130434693383744,0.013953488155759874,0.6739130373739761
2244,5.30611E+11,156797,0.3487348696508815,0.013651877,0.7292993572508013
2245,5.30611E+11,163125,0.573844413,0.036344755593512405,0.6970284192698423
2246,5.30611E+11,168558,0.5447761126271627,0,0.7364280036473013
2247,5.30611E+11,169444,0.5063592964518339,0,0.8444580474926023
2248,5.30611E+11,185714,0.546191239,0,0.7903634759901651
2249,5.30611E+11,185577,0.41219962650462455,0.006299213,0.8233190212924247
2250,5.30611E+11,198587,0.41607564683943543,0.013513513,0.85428342
2251,5.30611E+11,205224,0.3319559182926182,0,0.7847866346494746
2252,5.30611E+11,155938,0.5560224011761569,0.034813925,0.8443060423104445
2253,5.30611E+11,71689,0.044674768,0.001737318,0.6176470568701864
2254,5.30611E+11,116711,0.3698630080690562,0.012738853340906327,0.8179705591171916
2255,5.30611E+11,172783,0.4104683139053951,0.009840098,0.8565140769673056
2256,5.30611E+11,179205,0.43749999378551147,0.01659751,0.7431192598572205
2257,5.30611E+11,99583,0.6072041114304965,0.011398176205181031,0.4917763117452606
2258,5.30611E+11,208167,0.5637329244026333,0.013755980778971407,0.5034744124859482
2259,5.30611E+11,232716,0.6588235197231835,0.019206146,0.44039530302411795
2260,5.30611E+11,99107,0.5768405963056427,0.054735547,0.5110047822439963
2261,5.30611E+11,173229,0.8087649294984738,0.044548651,0.4083239549119915
2262,5.30611E+11,112596,0.4354407797378381,0.046140939,0.6811342553175102
2263,5.30611E+11,158869,0.5662042803757342,0.013259668,0.6294416198010035
2264,5.30611E+11,102500,0.4041548592619938,0,0.5939794376359806
2265,5.30611E+11,71750,0.50301984,0.034509202,0.5490454210069426
2266,5.30611E+11,188986,0.5727091576423391,0,0.6860229528290145
2267,5.30611E+11,124922,0.47319587141035185,0.019503545926387006,0.5997078115434054
2268,5.30611E+11,209205,0.8111887998435133,0,0.30791788555309985
2269,5.30611E+11,155237,0.6463560257305134,0,0.4362644823703853
2270,5.30611E+11,154375,0.70223978,0.071359691,0.3954961267030533
2271,5.30611E+11,134886,0.38655461720822787,0,0.6698181769467769
2272,5.30611E+11,187176,0.470266037,0,0.5958441527488616
2273,5.30611E+11,120602,0.48210525808310256,0.041121494942789764,0.6655347991041188
2274,5.30611E+11,231429,0.8763537827043882,0.024369748,0.2268803931758299
2275,5.30611E+11,160625,0.5177514741839105,0.021367521184892983,0.5010555911255764
2276,5.30611E+11,178636,0.6957055129361287,0.007909604,0.39594594327063554
2277,5.30611E+11,115156,0.2229465420737087,0.026373626083806306,0.7541696827108798
2278,5.30611E+11,104574,0.4925074875873378,0.017543859502557563,0.7103494575917375
2279,5.30611E+11,222500,0.6700182754111675,0.007949126,0.7939163437724993
2280,5.30611E+11,181458,0.3982777136891527,0.011566771697510287,0.8811320671591315
2281,5.30611E+11,119444,0.6936708772953054,0.021825396608875034,0.7799467543926641
2282,5.30611E+11,142829,0.4195583530038115,0,0.8277212151313922
2283,5.30611E+11,192986,0.6017369652389954,0.017421602585114954,0.7393431115349888
2284,5.30611E+11,98839,0.28082191396134365,0.07082833,0.7048387039932362
2285,5.30611E+11,151190,0.39832868526004617,0,0.7754763813133688
2286,5.30611E+11,111250,0.57594291,0.030534350886053004,0.7786195220654922
2287,5.30611E+11,97548,0.43058823191695506,0.047945205,0.4177153900400997
2288,5.3061E+11,162112,0.5108225034513347,0.040150564,0.49052312
2289,5.30611E+11,109926,0.4521367482723355,0.082949308,0.4523099817264532
2290,5.30611E+11,119559,0.5942720692807629,0.021939953557275363,0.5124633393514418
2291,5.30611E+11,110991,0.3443008185158541,0.049595141,0.5073700503695109
2292,5.30611E+11,109297,0.531531525,0.083535108,0.6607692256863906
2293,5.30611E+11,123796,0.675279925,0.025811823265513546,0.7334175569588278
2294,5.30611E+11,136719,0.4868035119237022,0,0.6687797094391466
2295,5.30611E+11,178417,0.6772151827297976,0.030499075503705404,0.6523500757508097
2296,5.3061E+11,163172,0.39938318890221136,0,0.43623360884246953
2297,5.30611E+11,57670,0.2115127147053184,0.034682081,0.5191570848074261
2298,5.30611E+11,114482,0.24512099730584702,0.015862944,0.8590078272910716
2299,5.30611E+11,78268,0.1141942357076389,0.011948529301943664,0.6992481137288711
2300,5.30611E+11,141633,0.4397011692667965,0.038260869232514184,0.8290196013410227
2301,5.30611E+11,99320,0.35969387296308836,0.074675324,0.716306771
2302,5.30611E+11,69611,0.19690860082722714,0,0.7226613918138248
2303,5.30611E+11,88646,0.2649140519220015,0,0.8398895732236744
2304,5.30611E+11,98438,0.2485549109002417,0.027182866,0.7990115277374435
2305,5.30611E+11,111196,0.35499999746428573,0.032776349403750966,0.7577565587246029
2306,5.30611E+11,137500,0.47670588010961934,0.048228766,0.7114624474683248
2307,5.3061E+11,142171,0.3375609723164783,0,0.4269141506559504
2308,5.3061E+11,92227,0.456293702,0.028404952451529845,0.6913946536246688
2309,5.30611E+11,169145,0.47183979384430796,0.042430086,0.71193771
2310,5.30611E+11,224118,0.6630695364140343,0.036363636015658986,0.40640569105761076
2311,5.3061E+11,84351,0.31834532087818956,0.052597819,0.40603851948964853
2312,5.30611E+11,166838,0.571558792,0.018225039475237407,0.5114693086703701
2313,5.3061E+11,145806,0.6115411638878173,0.014150943300869655,0.39298245338257926
2314,5.30611E+11,161500,0.5308529897381762,0,0.6861313812965825
2315,5.30611E+11,136983,0.46749225282519735,0.020166073307638515,0.7148047164867873
2316,5.3061E+11,148538,0.5653040821006572,0.019642856967474493,0.5690036858376112
2317,5.30611E+11,143153,0.5203021669470995,0.037068965,0.6585832759503301
2318,5.3061E+11,131625,0.49955946696423376,0.027027027,0.5876840669893615
2319,5.30611E+11,185938,0.43649193108375073,0,0.6486153806239053
2320,5.30611E+11,143688,0.3242999067362249,0,0.5203106301056712
2321,5.30611E+11,158654,0.5753623105019955,0.018571428306122455,0.708581132
2322,5.30611E+11,84583,0.5721693986847934,0.031932773,0.6296296258067418
2323,5.3061E+11,62917,0.19347496059578936,0.053820597649032575,0.45858895353842827
2324,5.3061E+11,103646,0.15055248410839112,0.020304568270246598,0.48361252379014913
2325,5.3061E+11,42143,0.4009323962595292,0,0.5568573359279302
2326,5.3061E+11,90363,0.6365979326752755,0.17026849921238704,0.5929941568557618
2327,5.30611E+11,130486,0.46477584204230704,0.006666667,0.5315265457327072
2328,5.30611E+11,158229,0.5312232632059601,0.032191781,0.5440689162089535
2329,5.30611E+11,153456,0.45689654515953243,0.019505851501874494,0.6528331951090727
2330,5.30611E+11,206563,0.799999991,0.027085590172420477,0.31882280613842545
2331,5.30611E+11,111528,0.5430847172839629,0.053424657168324265,0.6889632060938916
2332,5.30611E+11,220114,0.6242118458485265,0.043715847,0.5973353027584359
2333,5.30611E+11,145806,0.4486442033800805,0,0.646341459
2334,5.30611E+11,153371,0.533861668,0.028629856655556535,0.6231249961054688
2335,5.30611E+11,113999,0.3470744634697545,0.077838827,0.383454442
2336,5.30611E+11,155625,0.38036224613572694,0.016157989082962395,0.6755395634853268
2337,5.30611E+11,69115,0.24042271809217017,0.13576158790550125,0.4429429396175455
2338,5.30611E+11,113833,0.5380116906626541,0.005429864,0.8405572690359344
2339,5.30611E+11,56300,0.3425692652069362,0.024054982542325517,0.539184949
2340,5.30611E+11,63173,0.5490196011149558,0.1007927508403992,0.3921755706480173
2341,5.30611E+11,90893,0.5364758637881497,0.043478260449485405,0.6729508141561409
2342,5.30611E+11,107396,0.3665551814946142,0.085970149,0.4604758214852201
2343,5.30611E+11,105625,0.7323628137473369,0.037601625634129825,0.8044822194398592
2344,5.30611E+11,47188,0.18937644123121894,0.022172948756397463,0.4301242202630107
2345,5.30611E+11,131534,0.5230431563786163,0.004129387,0.5959525429452021
2346,5.30611E+11,57286,0.29906541776574375,0.028421839727585343,0.526576017
2347,5.30611E+11,35994,0.40277777378196655,0.029387069442593877,0.5091549259918667
2348,5.30611E+11,140227,0.41528544737306217,0.000783085,0.7114845871943549
2349,5.30611E+11,127394,0.3603504889337296,0.08730873,0.5671342647486021
2350,5.30611E+11,213875,0.6485549057970531,0.013374485459110233,0.8302034363833847
2351,5.30611E+11,53080,0.29257142522775514,0,0.42230768905917165
2352,5.30611E+11,36298,0.16300129260671867,0.027054108080891242,0.5151327948416752
2353,5.30611E+11,106094,0.6115023402405829,0,0.7761193971931388
2354,5.30611E+11,40893,0.18381240405588198,0.021678321526725025,0.389740171
2355,5.30611E+11,190185,0.5628366197231901,0.00918197,0.8446601873409371
2356,5.30611E+11,98134,0.605042012,0,0.5446361549539673
2357,5.30611E+11,192063,0.46356032898972127,0,0.617736998
2358,5.30611E+11,193988,0.5173852501059075,0.016839378,0.5067567536440003
2359,5.30611E+11,134635,0.6033519496894605,0.024853801,0.5060975584039759
2360,5.30611E+11,159120,0.4814509440935619,0.035364936,0.5406266567146752
2361,5.30611E+11,109226,0.5574783614650388,0.044759825,0.5784716468490415
2362,5.30611E+11,196875,0.5359565734605621,0,0.5808823468394712
2363,5.30611E+11,91039,0.24170918213195675,0.027936145792838395,0.46242037922025236
2364,5.30611E+11,188851,0.7600170470587508,0.016084739,0.2690710942681082
2365,5.30611E+11,137462,0.5843253939269574,0,0.4437564476586355
2366,5.30611E+11,126563,0.45238094604508483,0.038847117307680236,0.7187499939294765
2367,5.30611E+11,91603,0.3283582048711666,0,0.528089884
2368,5.30611E+11,70127,0.29131355623608524,0.014014013873733595,0.6602870760742657
2369,5.30611E+11,110191,0.3362255940981519,0.009638554,0.6247556962556632
2370,5.30611E+11,65724,0.2691511359301125,0,0.5955590753722516
2371,5.30611E+11,148750,0.5039936061981342,0.059541984,0.8052287529070016
2372,5.30611E+11,118523,0.24913093569952566,0.085460598,0.5553618085844655
2373,5.30611E+11,72547,0.42808798284189525,0.018506278793745678,0.4292237410256945
2374,5.30611E+11,50662,0.17896799360569568,0.064209938,0.48486682515213786
2375,5.30611E+11,167188,0.592836941,0.021702838,0.8111308418523929
2376,5.30611E+11,101178,0.36833191898110146,0.011854360610886024,0.519756835
2377,5.30611E+11,96711,0.30769230426207017,0,0.679197989
2378,5.30611E+11,98824,0.42510822142763444,0,0.695999995
2379,5.30611E+11,91667,0.26275115716575614,0.017118402160353766,0.6058009188806796
2380,5.30611E+11,125242,0.3815073785430662,0.011612021778606409,0.7708184998518256
2381,5.30611E+11,70994,0.4899497425885711,0.014925372948689392,0.5026256526434685
2382,5.30611E+11,0,0.24927536051249738,0.058449809,0.5076400650388225
2383,5.30611E+11,129464,0.5456171637635571,0.029051987323364108,0.657303365
2384,5.30611E+11,87296,0.3205128170885383,0.06174089,0.5803722455129252
2385,5.30611E+11,142813,0.47836537886580077,0,0.4721030002394592
2386,5.30611E+11,75313,0.3109668087231832,0.006654567,0.34739336328249587
2387,5.30611E+11,137361,0.38975500679560127,0.039537126,0.6621519889981039
2388,5.30611E+11,165949,0.31611410704615184,0.016070124060846427,0.51707609
2389,5.30611E+11,100313,0.42514474420889375,0.077519379,0.48407201880836553
2390,5.30611E+11,93867,0.5877729206308042,0.017843866038335567,0.41616602721919155
2391,5.30611E+11,85577,0.5131086046234344,0.048442906,0.33007117144064796
2392,5.30611E+11,134119,0.4142455443838281,0.031966643,0.5440612985129403
2393,5.30611E+11,247375,0.7891832142474259,0,0.35732814294858534
2394,5.30611E+11,125769,0.5116931664013735,0.10502283025096781,0.7145804627607947
2395,5.30611E+11,69054,0.3476649344131584,0.068376068,0.5435356164674432
2396,5.30611E+11,100000,0.5480378816233034,0.090038313,0.5083388892038767
2397,5.30611E+11,161875,0.5708041908146487,0,0.7982689693856926
2398,5.30611E+11,133588,0.6183644100665078,0.014989293201399431,0.4454935584077806
2399,5.30611E+11,124167,0.41562499675292974,0.057845264,0.4628493492648306
2400,5.30611E+11,144659,0.40533562473893614,0.020801233,0.6115771760773727
2401,5.30611E+11,161875,0.6033934188399426,0.031894934,0.7486486435902119
2402,5.30611E+11,71229,0.45363907822892247,0,0.5638036775226768
2403,5.30611E+11,75875,0.2422680381151026,0.045077105040603735,0.510657189
2404,5.30611E+11,105474,0.4111328084850312,0.054468084642824814,0.5618644020180983
2405,5.30611E+11,66250,0.27311643601783875,0.014180024573489368,0.3907766966579084
2406,5.30611E+11,164861,0.4499054735367586,0.050819671298038174,0.5225303247614357
2407,5.30611E+11,204125,0.7988047649640485,0.067028984,0.38081394979831446
2408,5.30611E+11,140125,0.4709609242770758,0.044358726669636195,0.6780913932923965
2409,5.30611E+11,152920,0.6458752471772284,0.004816376,0.6662810834801557
2410,5.30611E+11,209167,0.731707309,0.040314651,0.4239631303843078
2411,5.30611E+11,109716,0.39999999500000005,0,0.40605643216754006
2412,5.3061E+11,131705,0.34534883319361825,0,0.6381766336312206
2413,5.30611E+11,194375,0.6211180047066086,0,0.5396590026711712
2414,5.3061E+11,115313,0.404850742,0.076714801,0.5527295251071369
2415,5.30611E+11,65298,0.45526056582831304,0.022084805458614794,0.7050520007054086
2416,5.3061E+11,119596,0.6990014165620341,0.049278846,0.491930274
2417,5.30611E+11,149167,0.6873563139384332,0.033513513151205265,0.8001519696037085
2418,5.30611E+11,204375,0.7205707405401814,0.00845666,0.7970450948907847
2419,5.30611E+11,106500,0.575478923,0.060888252,0.8221373983042947
2420,5.30611E+11,96304,0.6001780890456092,0.018473895433944617,0.8601036205765832
2421,5.30611E+11,55268,0.5699208368084322,0,0.8565799774895195
2422,5.30611E+11,113611,0.609080835,0.009966777,0.8562548496017495
2423,5.30611E+11,99423,0.7218045044943185,0.006151142,0.8528015113694064
2424,5.30611E+11,68000,0.4938474118634339,0.043027888,0.8797909331028665
2425,5.30611E+11,144177,0.7381864528967248,0.07370737,0.820419318
2426,5.30611E+11,0,0.37366892184250805,0,0.744247781
2427,5.30611E+11,159565,0.5531914803078317,0.025780189609495394,0.7521040493335575
2428,5.30611E+11,102563,0.3622950760279496,0.028831562536698597,0.7044710937353207
2429,5.30611E+11,133641,0.5073839608925743,0.021701388700508778,0.780154481
2430,5.30611E+11,113425,0.26660914351502035,0.039937352858752134,0.6770334874239754
2431,5.30611E+11,176989,0.453815255,0.023354564507913327,0.6802721030589107
2432,5.3061E+11,205462,0.4703872383782775,0.00610998,0.5574098761187591
2433,5.30611E+11,125603,0.3673673636900164,0.009514748,0.8263772885945134
2434,5.30611E+11,51000,0.40033360800388984,0.113997113,0.8070175377039089
2435,5.30611E+11,148269,0.3518138237384406,0,0.837209298
2436,5.3061E+11,64856,0.1751479269213263,0,0.5094936668552716
2437,5.3061E+11,47469,0.13274336087399174,0.044247787,0.34952229021080977
2438,5.3061E+11,80099,0.3450980358323722,0.046772684,0.586018234
2439,5.3061E+11,69554,0.3285094042799609,0.032841823,0.5236907704554077
2440,5.3061E+11,49676,0.42751842401704815,0,0.45488899171049124
2441,5.3061E+11,54821,0.2052586920673563,0.091428571,0.49480369229328125
2442,5.3061E+11,119097,0.3905789951856821,0.013711151611415433,0.6294314339168466
2443,5.3061E+11,128690,0.3312011348173338,0,0.49870297990464996
2444,5.3061E+11,59484,0.39162303254844993,0.009930486,0.4782025454178233
2445,5.3061E+11,104079,0.39999999402985087,0,0.743119259
2446,5.3061E+11,131049,0.3957597126530069,0,0.7274352035081751
2447,5.3061E+11,79338,0.16679904553773595,0.008953168,0.4406573314628282
2448,5.3061E+11,0,0.19015659742554142,0.1351888654553791,0.48615548196935315
2449,5.3061E+11,148750,0.44132652498308006,0.033613444974628516,0.8193202073406064
2450,5.3061E+11,76364,0.23067632710944247,0.06873977,0.4207573612867818
2451,5.3061E+11,151850,0.5427184413328306,0.022888713315795475,0.7185754139764287
2452,5.3061E+11,59485,0.21244131206054798,0,0.47609358862617707
2453,5.3061E+11,166393,0.31612902934443293,0,0.5866900140882078
2454,5.3061E+11,98022,0.24381368090383057,0.15949512243548408,0.6157303336194925
2455,5.3061E+11,78677,0.14651001972004132,0,0.6195883561420273
2456,5.3061E+11,61812,0.2056672741712315,0.018348623723721782,0.546035802
2457,5.3061E+11,55613,0.16346153688979292,0.020346646417885108,0.7169669615843322
2458,5.3061E+11,62601,0.16571969540038167,0.069109075,0.5228586414983781
2459,5.3061E+11,68667,0.11136890886676967,0.062370062,0.38333333113026824
2460,5.3061E+11,58970,0.095372992,0.042845593833099486,0.46682053971828885
2461,5.3061E+11,188586,0.6450150959967509,0.02503477,0.6844827546868807
2462,5.3061E+11,78571,0.1712259354485721,0.033762058,0.7040498387535059
2463,5.3061E+11,118438,0.3646209353373562,0,0.7400156559121719
2464,5.3061E+11,128405,0.47950088271834435,0.036671368,0.6453703643947188
2465,5.3061E+11,116635,0.21299921524667803,0.090707964,0.7140672728282319
2466,5.3061E+11,83250,0.22485768287611307,0.099732858,0.46364883083917124
2467,5.3061E+11,102576,0.21367521063140726,0.055330633531300494,0.4074074046639232
2468,5.3061E+11,95455,0.19696969448270588,0,0.5570370329108368
2469,5.3061E+11,84875,0.252604163,0.062816615,0.5438346361807938
2470,5.3061E+11,145139,0.5082781372801634,0.095238094,0.7549260990772648
2471,5.3061E+11,42670,0.31932772662005987,0.020262216683406237,0.4800569766377708
2472,5.3061E+11,86750,0.14054053864134408,0.063073394,0.5080536878654115
2473,5.3061E+11,63382,0.27831235915386854,0.027853261,0.5131832764425512
2474,5.3061E+11,158167,0.42328041581516024,0.045714285,0.6152362525049542
2475,5.3061E+11,80417,0.35976330935191353,0.028121484,0.643022354
2476,5.30611E+11,46974,0.18570009746077362,0.076068375,0.7534340607593815
2477,5.30611E+11,119139,0.34498834096750186,0,0.8212454152289713
2478,5.30611E+11,89875,0.3526148941948107,0.046425939,0.8146487233583802
2479,5.30611E+11,202594,0.5972972919162406,0.016129032121145737,0.9308283438870338
2480,5.30611E+11,127235,0.3256578911660319,0.01552795,0.8238596433413359
2481,5.30611E+11,110417,0.37040815948563105,0.001872659,0.8524011239237209
2482,5.30611E+11,53203,0.21751412224562974,0.024680850853779992,0.8503936947001167
2483,5.30611E+11,154167,0.47033897806844305,0.034516765,0.8828382765442386
2484,5.30611E+11,151111,0.5408804974750472,0.015579357199811517,0.8569157324569496
2485,5.30611E+11,99063,0.27038183415498623,0.030645161043184186,0.7356002724802202
2486,5.30611E+11,103264,0.371024731,0.029106028803471636,0.7680865397695298
2487,5.30611E+11,135608,0.39150401387481043,0.075187969,0.8848022145398875
2488,5.30611E+11,165547,0.6272365742819426,0.013628619986127598,0.8682505337058997
2489,5.30611E+11,122000,0.3362541036554863,0.043564356004313305,0.8595041257738233
2490,5.30611E+11,199861,0.41433891606760787,0.075019334,0.8398236529035734
2491,5.30611E+11,165526,0.26797385401982143,0.031667839,0.7904869717412969
2492,5.30611E+11,196979,0.5984042500141468,0,0.8650075349546943
2493,5.30611E+11,196406,0.28753540669213307,0,0.8311582313934892
2494,5.30611E+11,175433,0.26253185843218474,0.037230568012863695,0.8574593732831657
2495,5.30611E+11,128438,0.37521814681310517,0,0.8831168749247044
2496,5.30611E+11,148068,0.40740740160388317,0.009296149,0.8739066991697763
2497,5.30611E+11,131075,0.13786213648489373,0.007431874,0.7270676637062582
2498,5.30611E+11,148813,0.4143258368774461,0.02108768,0.850863416
2499,5.30611E+11,108250,0.2668565976556828,0.004295533,0.83549783
2500,5.30611E+11,145923,0.295587008,0.072886297,0.779305349
2501,5.30611E+11,139327,0.38499999518750005,0,0.8001165454538663
2502,5.30611E+11,118949,0.2671941554035657,0.022624434261174015,0.7513611569790614
2503,5.30611E+11,134417,0.27057496876465653,0.018828451685894858,0.8906624031072434
2504,5.30611E+11,121898,0.430303027,0.019470404832785008,0.7804637356661878
2505,5.30611E+11,130987,0.5433403690625715,0.014311269869208052,0.6312217146966689
2506,5.30611E+11,92583,0.270042192,0.099285146,0.7054361523044491
2507,5.30611E+11,114359,0.16831683049280885,0.021739130295785614,0.7183023834572818
2508,5.30611E+11,127614,0.3905146277445547,0.054125998,0.7135493320062641
2509,5.30611E+11,85603,0.1204238909400396,0.051495016,0.7372721512427898
2510,5.30611E+11,112838,0.5873786336483175,0.030681818,0.7446494409988972
2511,5.30611E+11,85625,0.17161716030018845,0.061016949,0.6915760838243836
2512,5.30611E+11,137000,0.4312499961495536,0.034768212,0.8061440635267794
2513,5.30611E+11,116824,0.18193548152341316,0.061674008,0.7210776488028713
2514,5.30611E+11,101439,0.3254847622888867,0.018160515417923167,0.7704262843231514
2515,5.30611E+11,117750,0.35057470976539645,0.055555555,0.7914991338799591
2516,5.3061E+11,97375,0.18418201317245925,0.017137096601440558,0.7664543470173082
2517,5.3061E+11,98875,0.5644028036955175,0.023939064,0.7855762988694379
2518,5.3061E+11,64897,0.31736909120453966,0.032117583,0.787020644
2519,5.3061E+11,66232,0.076923076,0,0.6467065790813583
2520,5.3061E+11,18623,0.18211920228279468,0.020270269996347703,0.7040082147583945
2521,5.3061E+11,0,0.064406777,0,0.5879396689477553
2522,5.3061E+11,51250,0.13999999866666668,0.075925925,0.5915208573921881
2523,5.3061E+11,38036,0.06137184,0.042938931,0.48580785495842954
2524,5.3061E+11,147813,0.6501547920520662,0.011304348,0.8525640964917087
2525,5.3061E+11,0,0.29893237902255554,0.021534320033185464,0.5722891523170998
2526,5.3008E+11,72585,0.32250839504469886,0.001046025,0.8944618506325825
2527,5.3008E+11,98906,0.23910482639452502,0.006430868,0.7921967702103752
2528,5.30611E+11,83958,0.3493095016303046,0.02970297,0.45658773250402107
2529,5.30611E+11,140795,0.5246478827055644,0.039714058,0.6676810671474068
2530,5.30611E+11,115268,0.41907823773763947,0.066270178,0.4210526283672568
2531,5.30611E+11,74244,0.41831425380689774,0,0.4650265293534658
2532,5.30611E+11,86364,0.2550185854645458,0.020942408239905706,0.5204977999963558
2533,5.30611E+11,142632,0.7227586107205709,0.049006621867461964,0.5525902625385379
2534,5.30611E+11,129375,0.43062200544859325,0.008628128,0.7077175639760462
2535,5.3061E+11,70588,0.3350622371881511,0.031222122825850823,0.45381525800659134
2536,5.3061E+11,136019,0.3804573778208082,0.005291005,0.6092017704589703
2537,5.3061E+11,118714,0.2797131118881853,0,0.6461251106804379
2538,5.3061E+11,72311,0.5628019255700251,0,0.4703583031247016
2539,5.3061E+11,114219,0.3808680214272097,0.056790123,0.7493489534547594
2540,5.3061E+11,152105,0.5391444669964127,0.046528274541673055,0.754716977
2541,5.3061E+11,92917,0.2892086310128876,0.012499999917763158,0.4959075565916824
2542,5.3061E+11,46438,0.3212616784899337,0.029787233725667727,0.484984022
2543,5.3061E+11,172695,0.4894433734218486,0.030405405148602998,0.7030100287424078
2544,5.3061E+11,225903,0.5863930822203771,0.022556390765447454,0.5409395936849691
2545,5.3061E+11,100819,0.21844660017438025,0.12545322606632903,0.4353423028944277
2546,5.3061E+11,187917,0.6607869652539082,0.021064301318577592,0.5615671589406048
2547,5.3061E+11,173000,0.6512345612012905,0,0.6189393892504592
2548,5.3061E+11,128964,0.15116278874466682,0,0.5495495450487343
2549,5.3061E+11,78507,0.3193832563944575,0.012345678903477259,0.5624558887617792
2550,5.3061E+11,0,0.2353231364808923,0.075233645,0.5053102263537718
2551,5.3061E+11,61284,0.24915540330105235,0.031862744837722674,0.49999999702380954
2552,5.3061E+11,88684,0.28301886307000235,0.047489822964859936,0.5979729662390432
2553,5.3061E+11,85526,0.30780452000142583,0,0.5189710577558131
2554,5.3061E+11,58313,0.29821073262215975,0,0.4794007460711564
2555,5.3061E+11,138397,0.32398956764022446,0.031059345,0.5575109958673099
2556,5.3061E+11,97604,0.3079754563438594,0.032608695329953606,0.6284007921141288
2557,5.3061E+11,81371,0.21815407919028162,0.11955770477154316,0.4877717358167681
2558,5.3061E+11,86818,0.49968253650995215,0.007588076,0.49975037194333316
2559,5.3061E+11,101250,0.5338680879334395,0.066569129,0.6163793065493886
2560,5.3061E+11,70417,0.5442477815901794,0.028124999707031254,0.5125329781495186
2561,5.3061E+11,249219,0.713184266,0.010128291626412616,0.6774969875000182
2562,5.3061E+11,126825,0.3876600653357385,0,0.48626925327348125
2563,5.3061E+11,111806,0.6246418278448728,0.029918404080522175,0.6886898057744132
2564,5.3061E+11,107386,0.518787872,0,0.7150647531352096
2565,5.3061E+11,110341,0.5242130687141275,0.014145810509838841,0.6986547022542179
2566,5.3061E+11,237757,0.4531013581459807,0,0.7272727217167859
2567,5.3061E+11,181354,0.49147441834027666,0.020164986066315435,0.708887329
2568,5.3061E+11,166250,0.44688026604654074,0.022376543037218033,0.6676792183008553
2569,5.3061E+11,56219,0.1656534929231992,0.033467202,0.43209876229412664
2570,5.3061E+11,68571,0.29137323687171446,0.071467244,0.46189917665944213
2571,5.3061E+11,111667,0.3075684330504278,0.032012195,0.5848930442186294
2572,5.3061E+11,70620,0.3248045463766557,0.007284079,0.42726784526426276
2573,5.3061E+11,38281,0.13636363481404962,0.1663405071786643,0.4202702674306063
2574,5.3061E+11,65729,0.2534696840506232,0.004360465,0.44223753367556734
2575,5.3061E+11,50243,0.11904761747291512,0,0.46344925150142474
2576,5.3061E+11,39378,0.16851168304413675,0.1773220726499147,0.28689883675871614
2577,5.3061E+11,79880,0.27017936916839275,0.01417004,0.712525662
2578,5.3061E+11,84194,0.2620221932057818,0.052350944971638655,0.5876902674540684
2579,5.3061E+11,72650,0.22058823297701435,0.019361084033290572,0.6022196226505864
2580,5.3061E+11,93606,0.2045220945064533,0.066012488,0.5064420167845192
2581,5.3061E+11,92215,0.1991869878214027,0,0.5698689914856696
2582,5.3061E+11,59950,0.3491228039550631,0.035426730793665616,0.5808306672151395
2583,5.3061E+11,94808,0.23745173515973228,0,0.6450980349993592
2584,5.3061E+11,115573,0.34399999082666693,0.086572437,0.6394904377134977
2585,5.3061E+11,101711,0.34225351871652454,0.016166281661857497,0.606767791
2586,5.3061E+11,99813,0.4816247535626233,0.018018017870450303,0.7036797888723061
2587,5.3061E+11,74750,0.3501005965774528,0.011320754503381991,0.7839415943950132
2588,5.3061E+11,134040,0.2963917487578383,0.035365853,0.6398104222084603
2589,5.3061E+11,96337,0.19345524356635954,0.058484349,0.615074795
2590,5.3061E+11,98500,0.33442265430912144,0.007626311,0.7015926177569772
2591,5.3061E+11,73333,0.31058822798615937,0.13541666431568292,0.6101243285068888
2592,5.3061E+11,69583,0.23985239557377128,0,0.6587499958828126
2593,5.3061E+11,87301,0.4969387704394003,0,0.6006578907851454
2594,5.3061E+11,126477,0.3550955385740801,0.066423357,0.6537330943343146
2595,5.3061E+11,58500,0.23722275566805442,0.018324607169942345,0.7150455872716901
2596,5.3061E+11,115250,0.4595323699682341,0.010195411977948921,0.6564885454421848
2597,5.3061E+11,103187,0.3989455149477547,0.008071025,0.7511190622102143
2598,5.3061E+11,79125,0.26614699035471057,0.022577610323823046,0.6914749614920503
2599,5.3061E+11,117461,0.3617886142094653,0.016831683001666504,0.6408759077308328
2600,5.3061E+11,69087,0.42439023976204643,0.059512194541344446,0.6776315748945481
2601,5.3061E+11,126806,0.4254295503406904,0.046658259478825605,0.7406976701122229
2602,5.3061E+11,114271,0.5294888528245236,0.024691357719859783,0.7897897838604371
2603,5.3061E+11,113220,0.38151136917453143,0.022609818975388767,0.7072997823720781
2604,5.3061E+11,48750,0.1386025184581613,0.046121592807949766,0.7639612750263495
2605,5.3061E+11,29737,0.076741439,0.022975929726740375,0.7047618991685564
2606,5.3061E+11,73106,0.22926829108523838,0.064120054,0.6708945215561114
2607,5.3061E+11,68597,0.2790484878403615,0.020210896131714447,0.7337278044486238
2608,5.3061E+11,134107,0.5152514384562948,0.007806401,0.7765957383257305
2609,5.3061E+11,12902,0.048840048243711257,0.006772009,0.7687187892060102
2610,5.3061E+11,78564,0.35101009657815535,0.00998004,0.7250257391861407
2611,5.3061E+11,56705,0.36456558152358465,0.068253967,0.7072310343277687
2612,5.3061E+11,92772,0.19787644596644358,0.003673095,0.7566807260430329
2613,5.30611E+11,107396,0.3526422728390013,0.015151515,0.7887895955419204
2614,5.3061E+11,74083,0.35449402668451274,0.012422360189095268,0.6691176435445502
2615,5.3061E+11,107740,0.3102766767759222,0.077526132,0.7171874943969727
2616,5.3061E+11,50294,0.3294629850585924,0.061452513,0.7144927484457048
2617,5.3061E+11,113125,0.23098591223963505,0.016602809494216993,0.6843033449355966
2618,5.30611E+11,81339,0.47741935098855365,0.004329004,0.7208008858687381
2619,5.30611E+11,139803,0.311890835,0.044510385,0.7830253197602648
2620,5.30611E+11,137000,0.17674418330629174,0.043352601,0.626315785
2621,5.30611E+11,120529,0.28630705097191855,0.064946619,0.8633288168922272
2622,5.30611E+11,92358,0.4658314297741295,0.024999999739583337,0.7963326732394717
2623,5.30611E+11,113354,0.15717092183525616,0.019950124522442856,0.6605981751586595
2624,5.30611E+11,103615,0.33853658206305776,0.006589786,0.7678958729725534
2625,5.30611E+11,123142,0.4263193939251584,0,0.7059483686534884
2626,5.30611E+11,151518,0.22535211069232297,0.012093726,0.830629456
2627,5.30611E+11,104742,0.4161979705714514,0,0.8426270084099937
2628,5.30611E+11,119250,0.39983779075557346,0.037091988,0.8787061935397157
2629,5.30611E+11,92202,0.3696120649826286,0.02790279,0.8287869946094777
2630,5.30611E+11,152232,0.4963265265605998,0.057101024,0.8305785066764566
2631,5.30611E+11,137150,0.19685039197856175,0.028104575,0.6546577423846746
2632,5.30611E+11,143350,0.4134134092751411,0.023041474,0.6965285515311951
2633,5.30611E+11,105119,0.5123966871570704,0.031668696,0.8171641730062376
2634,5.30611E+11,123266,0.2969215462073332,0,0.648748154
2635,5.30611E+11,136218,0.2378542486047141,0.079216354,0.6766513004865492
2636,5.30611E+11,112909,0.20066889464323667,0.004035512,0.7801916883054845
2637,5.30611E+11,105875,0.2900280878509264,0.015863331202786265,0.6511270458446361
2638,5.3061E+11,108333,0.37162682828352483,0.032147742598168653,0.6874999943462171
2639,5.30619E+11,71324,0.3184584146200972,0.022770398,0.6836890191791996
2640,5.30611E+11,52941,0.12684031566432258,0.094717668,0.6311844030645847
2641,5.30611E+11,59444,0.082943924,0.030851064,0.6749999954391892
2642,5.30611E+11,72750,0.22672413597651608,0.027088035913558798,0.6609414716225097
2643,5.30619E+11,109583,0.14534883551919958,0.04825462,0.49524563791405996
2644,5.30619E+11,90750,0.12683438022186186,0.041360294,0.5241134714601882
2645,5.30611E+11,56142,0.16166439180310785,0.016402715,0.6362135352987698
2646,5.30611E+11,64355,0.2570093417911318,0.12738853340906328,0.6361573325555421
2647,5.30611E+11,88704,0.3355805218308575,0.034370947,0.7529722539433801
2648,5.30611E+11,101629,0.12458581759717816,0,0.6370320813032615
2649,5.30611E+11,130089,0.33333333025546324,0.012692050683419834,0.7175472882090849
2650,5.30611E+11,129542,0.3011204439618986,0.023051591404483082,0.6360398815096875
2651,5.30611E+11,50161,0.10363247752529404,0.017857143,0.6989966508428318
2652,5.30611E+11,120265,0.2989227980348043,0.005507474,0.8776077824922964
2653,5.30611E+11,115865,0.2973421877517909,0.058553386,0.7382154820015532
2654,5.30611E+11,96912,0.28402366527782646,0,0.8683273944098987
2655,5.30611E+11,82056,0.2082965559726694,0.012648221,0.6878118268865872
2656,5.30611E+11,88359,0.11081441774613594,0,0.7323358210113399
2657,5.30611E+11,160583,0.34057255340007353,0.014234875,0.7167584522678329
2658,5.30611E+11,127012,0.20384293898209743,0.032283464312728626,0.7009345739802604
2659,5.30611E+11,116685,0.2921779118698013,0.013879250424155097,0.5795396389793369
2660,5.30611E+11,93388,0.2189707344200733,0.029610828852700263,0.7659279725351249
2661,5.30611E+11,124531,0.2623274135865147,0.023628692,0.6763848347202271
2662,5.30611E+11,86597,0.17424975629961514,0.019283746,0.682513657
2663,5.30611E+11,119567,0.1774622876888883,0.014832162,0.7474429524198037
2664,5.30611E+11,116522,0.16110304555728527,0,0.6851032397853744
2665,5.30611E+11,136875,0.24501196931355174,0.002056203,0.6261980797327046
2666,5.30611E+11,118086,0.14652014517838696,0.089230769,0.7326158879750341
2667,5.30611E+11,107946,0.26128265412630275,0.06966292,0.6837944609976723
2668,5.30611E+11,59750,0.20706574870396716,0.020530367660133723,0.6584867030778002
2669,5.30619E+11,98438,0.22249999721875005,0.035005833897248144,0.6237024167499791
2670,5.30611E+11,95655,0.13192283676463698,0.007315701,0.7520858119661156
2671,5.30611E+11,104554,0.2994604289616868,0,0.7613636301837368
2672,5.30611E+11,64638,0.23900118621877306,0.11387900254556048,0.580013972
2673,5.30611E+11,88534,0.341614903,0.013456686,0.6934116066965975
2674,5.30611E+11,89258,0.25114155060014043,0.009836066,0.6453651640072671
2675,5.30611E+11,90917,0.38863108597875773,0,0.7015742594005868
2676,5.30611E+11,100333,0.042682926,0,0.744696964
2677,5.30611E+11,86129,0.40086206320600487,0,0.6746900023727935
2678,5.30611E+11,111750,0.2547017718715649,0.007936508,0.8335564442947057
2679,5.30611E+11,95763,0.14511627771984859,0.031111111,0.6329690288436336
2680,5.30611E+11,118571,0.2448805439856609,0.049808429,0.8436426068519897
2681,5.30611E+11,77656,0.096960925,0.054966887,0.8231707261302796
2682,5.30611E+11,163887,0.2551662151377699,0.019327730930019067,0.6116504814779904
2683,5.30611E+11,78226,0.3698296806988672,0.058461538011834326,0.8537666111243234
2684,5.30611E+11,165250,0.25125627888184643,0,0.8833223409141573
2685,5.30611E+11,113207,0.334951454,0.030718954047588537,0.7961538423261834
2686,5.30611E+11,113277,0.13945577994122824,0,0.76492194
2687,5.30611E+11,143469,0.1785392229166887,0,0.7541782677285636
2688,5.30619E+11,122500,0.2487100077532507,0.015977443458858615,0.6946107732439314
2689,5.30611E+11,97667,0.3601756901877644,0.051103367583003864,0.7528868302318181
2690,5.30611E+11,142966,0.11410256263971073,0,0.592288756
2691,5.30611E+11,101250,0.2550335536237107,0.021126760315413613,0.7832233667933708
2692,5.30611E+11,109181,0.3054726337763917,0.035381750136110335,0.6324921085765607
2693,5.30611E+11,70625,0.1302564089204471,0.022417154,0.8559639845764142
2694,5.30611E+11,63125,0.058457711,0.030577576097649196,0.7346132087260688
2695,5.30611E+11,78096,0.087012986,0,0.6753731301282766
2696,5.30611E+11,81765,0.19756621190002713,0,0.8679669852365568
2697,5.30611E+11,102750,0.1195551425435112,0.056233061949640506,0.6167693007258678
2698,5.30611E+11,115208,0.2663378512165493,0.052023120785859876,0.7941176403855661
2699,5.30611E+11,147077,0.20933014103672082,0.048192770600474194,0.7704035805344971
2700,5.30611E+11,127375,0.3009188338367624,0.001946788,0.8101356116335788
2701,5.30611E+11,153662,0.31249999644886367,0.012779552579557481,0.7943262348752858
2702,5.30611E+11,115870,0.2583681981342239,0.025706940653753722,0.8385213953403282
2703,5.30611E+11,0,0.23684210198279637,0.054634146,0.8141414059177636
2704,5.30611E+11,106313,0.20186335090274302,0.001148106,0.8041811790649396
2705,5.30611E+11,82019,0.1883886233603244,0,0.819011401
2706,5.30611E+11,95125,0.17642752433069162,0.049930652,0.8293785263876919
2707,5.30611E+11,0,0.18755401739365585,0.026069518542316053,0.7576489472008942
2708,5.30611E+11,109000,0.2846715302493474,0.017298187666407023,0.8263386336733818
2709,5.30611E+11,79250,0.11647429048820263,0.018787361,0.7417654760094501
2710,5.30611E+11,65208,0.10649627149631234,0.052777777289094656,0.8494018237199027
2711,5.30611E+11,79861,0.3585699226228189,0.045757864,0.8197256641428762
2712,5.30611E+11,79558,0.2530459207774515,0.021164020977389585,0.832289486
2713,5.30611E+11,118929,0.40533332252444476,0.022113022,0.8563402820518436
2714,5.30611E+11,105603,0.21249999810267858,0.008025682,0.8912881541974077
2715,5.3061E+11,67527,0.5092783452651717,0.043518518115569275,0.7565649343040104
2716,5.3061E+11,125781,0.3814432945997332,0.074561403,0.7665110022247431
2717,5.3061E+11,159286,0.5988857883111812,0,0.7733516430401673
2718,5.30619E+11,58977,0.11099365633199094,0.071235347,0.3003901150819889
2719,5.30619E+11,118884,0.14135020947942817,0.024015369606000293,0.6808659170330592
2720,5.30619E+11,115417,0.34594594220598984,0.042857142,0.8069599421736051
2721,5.30611E+11,100703,0.3340060511200197,0,0.8491988609877582
2722,5.30611E+11,121071,0.34489281,0.04375,0.8500660445834476
2723,5.30611E+11,82574,0.1915772073362741,0.027346636900616134,0.8456464324165803
2724,5.30611E+11,155769,0.21645445429525512,0.00779896,0.8537048710974993
2725,5.30611E+11,90489,0.28674540494261547,0.004557292,0.8830146182057671
2726,5.30611E+11,106471,0.18189884488111052,0.018010291440735064,0.8384458020555842
2727,5.30611E+11,139286,0.2688727997014188,0.001771479,0.8601532484659651
2728,5.30611E+11,0,0.4611443171550443,0.073294629,0.8155080159391176
2729,5.30611E+11,61284,0.15627292621956768,0.019434628860809017,0.8452380899421172
2730,5.30611E+11,97702,0.15934065824628668,0.012820512738330047,0.8275139607017181
2731,5.30611E+11,96781,0.3077731060107867,0.074799643,0.8253011986046597
2732,5.30611E+11,87845,0.34607437659014073,0,0.870553931
2733,5.30611E+11,118090,0.25324675050598755,0.062753036,0.8820354596604822
2734,5.303E+11,73125,0.2846251552144199,0,0.8836772900217891
2735,5.303E+11,145982,0.4521319352201775,0,0.892267013
2736,5.30611E+11,71907,0.17187499755859378,0.021951219244497326,0.7584471548637876
2737,5.3058E+11,128313,0.31588132083976755,0,0.8057851156427158
2738,5.30611E+11,82431,0.23723041728455826,0,0.8588328007978486
2739,5.30611E+11,0,0.090132826,0.012057877716576546,0.8321108326641334
2740,5.3058E+11,116042,0.3108233088730499,0,0.8699421902460824
2741,5.30611E+11,75805,0.088888888,0.074999999,0.7856586065030506
2742,5.30611E+11,61250,0.18383518079369904,0.005060089,0.7408595205846086
2743,5.30611E+11,85577,0.2779097365169459,0.014344262197102034,0.7565055715210312
2744,5.30611E+11,65430,0.2075757544306704,0,0.6641452294694007
2745,5.30611E+11,98281,0.33690986883469337,0.014833127,0.8512763548763799
2746,5.30611E+11,128472,0.30599646996475777,0.036144578,0.7905817130715694
2747,5.30611E+11,113759,0.20823798468163246,0.000692042,0.8760789095186258
2748,5.30611E+11,113611,0.19930875346418486,0.057803468,0.8389458210911727
2749,5.30611E+11,126987,0.15564598010533082,0,0.9062893024761679
2750,5.30611E+11,129500,0.20206185358699122,0.020715630690059977,0.8529607395012593
2751,5.30611E+11,153093,0.3651488584487841,0.019011407,0.8966216155633675
2752,5.30611E+11,101506,0.2976669324403304,0.02567865,0.8713826310522017
2753,5.30611E+11,106445,0.31526271630306324,0.020188425166968876,0.8328690749800204
2754,5.30611E+11,56509,0.076923076,0,0.7578710587865738
2755,5.30611E+11,83854,0.2617627550579009,0,0.8251789926898628
2756,5.30611E+11,81458,0.26242544470750057,0.026688907200259324,0.8545081908845069
2757,5.30611E+11,0,0.095875138,0,0.8690036846924742
2758,5.30611E+11,86750,0.044273339323644474,0.021097046235467966,0.8559644615738295
2759,5.3058E+11,87969,0.5419187507180747,0.021110242211804204,0.848552332
2760,5.30611E+11,83214,0.18096723586634578,0.018944519364756166,0.7977332101331019
2761,5.30611E+11,92596,0.21865889000331498,0.008149959,0.8920634863995969
2762,5.30611E+11,117647,0.070477682,0.033163265,0.8723404181077411
2763,5.30611E+11,84402,0.26074766111450787,0,0.842889048
2764,5.3058E+11,111908,0.3529040381761109,0.008408408,0.8400531642000302