,GEOID,r_income,r_pbb,r_upr,r_wr
0,4.83217E+11,0,0.34563757809332923,0,0.7232645335528656
1,4.84817E+11,63313,0.25259791964350187,0.015593220233266303,0.6952054746903735
2,4.84817E+11,61569,0.09100101,0.053540587,0.43207762310457976
3,4.80397E+11,85074,0.40680271555370456,0.036848792416152576,0.8315018213491842
4,4.81677E+11,79094,0.5116115375678287,0.061928219127880234,0.8752310455154247
5,4.81677E+11,114083,0.5740305489187394,0.052449567421039955,0.883495141
6,4.80397E+11,102669,0.130227,0.017057569,0.7153431984162638
7,4.81677E+11,110729,0.22098975920657202,0.07173913,0.8039687263742109
8,4.81677E+11,112054,0.5013673609720386,0.00779896,0.879571803
9,4.81677E+11,0,0.22727272296831966,0,0.37072394295366795
10,4.81677E+11,103403,0.29937747425366457,0.044340115,0.8800639611936889
11,4.81677E+11,91303,0.33775632885698037,0.012633624755747088,0.7758112037182064
12,4.81677E+11,54950,0.22798552197846175,0.1317567552730095,0.6156351691264631
13,4.81677E+11,126875,0.4163265249479384,0.014598539968387591,0.7541966336427263
14,4.81677E+11,56140,0.40404592452681287,0.051948051688571174,0.7309507705262929
15,4.81677E+11,71250,0.21891891300219155,0.1223021553404759,0.7522321260662472
16,4.81677E+11,92833,0.45297503929030636,0.010256410081087007,0.9128571298163267
17,4.81677E+11,110691,0.5369369272623977,0.020689654815695607,0.7270992297032517
18,4.81677E+11,36033,0.24940616984783445,0,0.4288659749601446
19,4.81677E+11,80833,0.3254310274691589,0.013461538202662727,0.7852697013976172
20,4.81677E+11,111364,0.5064935021082814,0,0.6710268105230425
21,4.81677E+11,48269,0.32180850778538556,0.040218131968519893,0.6281373802632934
22,4.81677E+11,33882,0.27354709144742395,0.046345811,0.5266084151977092
23,4.81677E+11,51967,0.4196816147658232,0.007821229,0.48185483385226985
24,4.81677E+11,82000,0.4636363552066117,0.024911032,0.7492063373141852
25,4.81677E+11,90577,0.11456102661069564,0.032454361,0.4462474599772063
26,4.81677E+11,71250,0.5178571274447283,0.052884614113350624,0.7615658227479392
27,4.81677E+11,74500,0.2788844565959272,0.057823128,0.4237472720724698
28,4.81677E+11,40000,0.24549548996631781,0.027484143182153423,0.5837742401450752
29,4.81677E+11,0,0.17557251238272856,0.11486486098429524,0.5804597589950238
30,4.81677E+11,70625,0.40119760278843514,0.017791970721751958,0.4959128048504332
31,4.81677E+11,0,0.1449086142962322,0,0.5211558253750689
32,4.81677E+11,48910,0.2958937162331677,0.052475247005195576,0.43795620082760583
33,4.81677E+11,0,0.14847161247878576,0.004731861,0.4601503690202952
34,4.81677E+11,67443,0.2898089079678692,0.023738871699143276,0.5155279396371028
35,4.81677E+11,55750,0.20028208462225552,0,0.395118227
36,4.81677E+11,101250,0.2169167773954055,0.12435897276462855,0.44273127265714457
37,4.81677E+11,46396,0.1975944983231186,0.022889842304866348,0.4427207584400864
38,4.81677E+11,60307,0.38596490260739597,0.005905512,0.46354165861906843
39,4.81677E+11,49375,0.16216215777940116,0.088122604,0.2954186367232443
40,4.81677E+11,100043,0.6123287587352225,0.10243277717755728,0.6481835502085703
41,4.81677E+11,44531,0.20030120180269276,0.009722222,0.22299168820642876
42,4.81677E+11,118571,0.447019853,0.11894272865764915,0.5955882243458047
43,4.81677E+11,63750,0.2942942854566281,0.027027026,0.3807189480274682
44,4.81677E+11,38482,0.090019568,0.1094527345032714,0.32680722399386714
45,4.81677E+11,53382,0.28959275362912323,0,0.41867469248983896
46,4.81677E+11,95000,0.4639580542076271,0.049596309,0.6705336349126029
47,4.81677E+11,32917,0.1562913886583922,0.091334894,0.36342228914111235
48,4.81677E+11,34327,0.13658536252230824,0.033175354664091126,0.37148216939057843
49,4.81677E+11,0,0.045532157,0.005791506,0.6396832351971701
50,4.81677E+11,47105,0.33196720631214743,0.15789473416137972,0.5419545849757692
51,4.81677E+11,39750,0.13725489989057466,0.05853051,0.3357664192729146
52,4.81677E+11,20595,0.1424580992322337,0.064732142,0.19561068608964366
53,4.81677E+11,96111,0.22772276776786599,0.2384473153706596,0.5857988050138303
54,4.81677E+11,33575,0.28748280209789817,0.062256809,0.4943181747966168
55,4.81677E+11,75521,0.4095528413663329,0.02411714,0.5338904314402003
56,4.81677E+11,47375,0.5166889116596941,0.004301075,0.6771653489986981
57,4.81677E+11,69119,0.44413407200930066,0,0.7265415452206228
58,4.81677E+11,0,0.5223214052535087,0.091254749,0.6597938008289939
59,4.81677E+11,0,0.35382308315107824,0.01734104,0.5620094103295227
60,4.81677E+11,64063,0.6012658100998775,0,0.5286195226866496
61,4.81677E+11,0,0.42358077677771233,0.015948963063014944,0.5183150088220695
62,4.81677E+11,69792,0.43918917929754103,0.025210083503989844,0.7969151568519903
63,4.80397E+11,131406,0.19672130878796026,0.045121951,0.7426160259217719
64,4.81677E+11,0,0.2203023734308599,0.024365482,0.8318213479984554
65,4.81677E+11,59036,0.10669455843735234,0.018766755780606492,0.15999999762962966
66,4.81677E+11,89491,0.13953488169280695,0,0.6278911521912167
67,4.81677E+11,99063,0.261749346,0.014732965,0.7298946160294253
68,4.81677E+11,34700,0,0.15567765282641663,0.2961980521998404
69,4.81677E+11,74821,0.18313953222180912,0.009628611,0.8564102476265616
70,4.81677E+11,52134,0.16941391786250992,0.090212765,0.4260761046408228
71,4.81677E+11,126065,0.056756755,0,0.8350668523764212
72,4.81677E+11,44598,0.18256949524741176,0.027559054937276544,0.43027637920680667
73,4.81677E+11,46964,0.583153335,0.015337423077646887,0.5083240787089448
74,4.81677E+11,45886,0.3213858981913274,0.035850496,0.4672131112726296
75,4.81677E+11,0,0.5301062511203513,0.020657276801340125,0.7232142776426979
76,4.81677E+11,23854,0.5795454216167374,0.014492753518168453,0.5798089961826877
77,4.81677E+11,30863,0.020547944736348293,0.02071563,0.33695651441398883
78,4.81677E+11,82802,0,0,0.5328719661721804
79,4.81677E+11,0,0.17464788240428503,0,0.3963599555474221
80,4.81677E+11,0,0.049792529054251904,0.3145779970696165,0.2019773982771554
81,4.81677E+11,16973,0.086315788,0.13193116382540795,0.28070174946137283
82,4.81677E+11,54778,0.055059523,0,0.3877550987435791
83,4.81677E+11,94018,0.21932114691626506,0.02838605,0.4825355725579847
84,4.81677E+11,66544,0.064008394,0.2186411130780391,0.798555371
85,4.81677E+11,29725,0.099765257,0,0.4935849019352083
86,4.81677E+11,0,0.099009899,0.019345237807362532,0.8703124864013674
87,4.81677E+11,105632,0.15340908872998454,0,0.8214285647611318
88,4.81677E+11,56518,0.2051630420844902,0.035776110584096306,0.39927732430317375
89,4.81677E+11,0,0.25806450856115815,0.077333331,0.8787401436418876
90,4.81677E+11,29500,0.2151639300171326,0.064272211,0.3816183778060102
91,4.80397E+11,87981,0.13467048517664063,0.043209876,0.5186046451325041
92,4.81677E+11,49398,0.18793211698345622,0.041237113,0.30397967566486306
93,4.81677E+11,49531,0.1976225825018933,0.1536614627411589,0.24999999801587303
94,4.81677E+11,27868,0.1371237435263588,0.080357142,0.19381255510634618
95,4.81677E+11,92800,0.25946475111140743,0.023268853312955275,0.49009635843121957
96,4.81677E+11,91460,0.15184678314847083,0.020952380752834468,0.8111510742736746
97,4.81677E+11,0,0.11237373595487707,0,0.8388473763196652
98,4.81677E+11,133750,0.35856079,0.00204499,0.7171974430930262
99,4.81677E+11,54118,0.12626261988572626,0.043859647,0.1010719739498932
100,4.80397E+11,71737,0.11187214526733527,0,0.5237903204685874
101,4.81677E+11,93750,0.2623574044731025,0,0.836524288
102,4.81677E+11,0,0.14006179052459536,0.12525049974698899,0.8434278296170887
103,4.81677E+11,83380,0.3383177506856495,0,0.40462427277891017
104,4.81677E+11,0,0.1272084760703719,0.052631578,0.13283581891289822
105,4.81677E+11,114474,0.3093126368663379,0.002166847,0.18323863549602917
106,4.81677E+11,45905,0.036144578,0.23193472923152997,0.3214285684850864
107,4.81677E+11,50000,0.17760843975610527,0.04840271,0.3404351752473473
108,4.81677E+11,42178,0.046169989,0.077099236,0.48968104759423986
109,4.81677E+11,74219,0.065989847,0.07412687,0.8320209900960543
110,4.81677E+11,34032,0.072337042,0.12660798831003392,0.16069428801402974
111,4.81677E+11,0,0.11336981928561518,0.065660377,0.5560975555502677
112,4.81677E+11,37431,0.2283894428717976,0,0.40048250663158924
113,4.80397E+11,84583,0.37175791971530375,0.014435695348612922,0.8221343765199687
114,4.80397E+11,58900,0.11709018377134936,0.04465383,0.7062672151988043
115,4.81677E+11,90668,0.16861979056888157,0.055051421324552804,0.8145376760313325
116,4.80397E+11,113750,0.2710743756847211,0,0.704044113
117,4.81677E+11,47423,0.22577319354872996,0.027504911,0.2589285688598356
118,4.81677E+11,55714,0.10332625546124377,0.03749192,0.4975698633197457
119,4.81677E+11,76042,0.069444442,0,0.5556792811171573
120,4.80397E+11,39770,0.2134900976887989,0.032128514,0.6042114284305482
121,4.81677E+11,57389,0.22512234543030432,0.027479091666916467,0.5514315954249036
122,4.80397E+11,73454,0.2674094633033576,0.12072071854557265,0.7054393246406752
123,4.81677E+11,0,0.052419354134148465,0.012290502655972037,0.39657853501882945
124,4.81677E+11,79946,0.1904761878846777,0,0.4203389783012545
125,4.81677E+11,62621,0.274193543,0,0.42086752144352263
126,4.81677E+11,0,0.17408906177777078,0,0.7945026074017983
127,4.81677E+11,60833,0.2172236475935264,0.1356275289916242,0.5284441361998345
128,4.81677E+11,49589,0.067039105,0.032444959067845204,0.6456352580325389
129,4.81677E+11,66000,0.13793102972651622,0.1666666614255767,0.5967391239484878
130,4.81677E+11,81091,0.093908628,0.069565217,0.5978494559371026
131,4.81677E+11,141926,0.3872752393687743,0.012276785645776866,0.6978810615319134
132,4.81677E+11,0,0,0,0.6132075389055588
133,4.81677E+11,126761,0.093228655,0.004512635,0.7061105654111488
134,4.81677E+11,90955,0.17709720254928626,0.11509900918874376,0.8420025953055749
135,4.81677E+11,64093,0.43405275519153025,0.016112266028522525,0.4569672119442438
136,4.81677E+11,108925,0.3101045242142069,0,0.8517350068166666
137,4.81677E+11,86724,0.5061867209652787,0.035714285,0.5797413751455361
138,4.81677E+11,115434,0.22279792168917303,0.005514706,0.8241562908675615
139,4.80397E+11,80089,0.13541666196469926,0.083116881,0.6799999902857145
140,4.80397E+11,64211,0.06542056,0,0.6766275274639538
141,4.81677E+11,83801,0.29094827272685053,0.022052587,0.7040816275212709
142,4.81677E+11,103512,0.48127978052661746,0.024929885,0.5757201634244441
143,4.81677E+11,0,0.43760683012637897,0.014681892093280717,0.8796046641544955
144,4.80397E+11,59028,0.12661195631170039,0,0.6615678713043225
145,4.81677E+11,73551,0.14292878564228292,0.042720863,0.4356270786036233
146,4.81677E+11,95789,0.25033377670004153,0,0.4772049404465064
147,4.81677E+11,46291,0.088596491,0.110972568,0.40982923611066535
148,4.80397E+11,80789,0.19736841239612227,0,0.630368088
149,4.81677E+11,121836,0.41719744780045176,0.001702128,0.5813953452790983
150,4.80397E+11,54798,0.2840059748280123,0.049531458506941656,0.534843202
151,4.81677E+11,72477,0.4446165728534735,0.026571613567261093,0.5402761764080772
152,4.81677E+11,118854,0.34379670637075177,0,0.5887096731033016
153,4.81677E+11,84567,0.2923588015584817,0.033272837064290156,0.612295485
154,4.81677E+11,94457,0.5791805029991085,0.032473734,0.6108108075091307
155,4.81677E+11,85420,0.43934760000665035,0.016556291253673087,0.6157662590090063
156,4.81677E+11,139850,0.4084645629088134,0.009812667,0.7549715855470768
157,4.81677E+11,94340,0.2802690562012776,0.061391541,0.6889375646827077
158,4.81677E+11,0,0.22629968726912272,0.051948051,0.629179325
159,4.81677E+11,111118,0.24274972886412752,0,0.5606980230599543
160,4.81677E+11,92833,0.17262830213641833,0.045219637658661015,0.6419047557913833
161,4.81677E+11,75172,0.24187725195167417,0.1374819082853559,0.7258726824859068
162,4.81677E+11,83805,0.3767482484549978,0.001586043,0.5452039661234621
163,4.80397E+11,72348,0.1066822965218957,0,0.6303531132204875
164,4.81677E+11,95357,0.22960372692769548,0.012061403376519701,0.5925039825159172
165,4.81677E+11,185000,0.2903225572320518,0.080645155,0.8565400482472554
166,4.81677E+11,75958,0.26734348109401895,0.015432098527282431,0.683393062
167,4.81677E+11,27112,0.1884422063205476,0.2268244531198333,0.3300220714125599
168,4.81677E+11,121617,0.41555183599036927,0.010217983581621366,0.573438872
169,4.81677E+11,0,0.012514220562978151,0,0.3850828708006471
170,4.81677E+11,132734,0.5055555461934158,0,0.6531531457978249
171,4.81677E+11,101015,0.12353471484639572,0.034965034720524237,0.4231660198983319
172,4.81677E+11,0,0.20070011434422272,0.088006902,0.3640699494112087
173,4.81677E+11,147961,0.5485148460543084,0.085344827,0.6419753051960532
174,4.81677E+11,67007,0.22745901406291993,0.029107980947342904,0.5712270763665227
175,4.81677E+11,0,0.6263157729916903,0.07808564,0.5776698935652121
176,4.81677E+11,144375,0.32523616295227853,0.025270757818643106,0.7003389783027866
177,4.81677E+11,0,0.664772721,0,0.7583834844507009
178,4.81677E+11,73528,0.27303182122224756,0,0.12182203260781746
179,4.81677E+11,72593,0.1588502257273054,0.016166281661857497,0.3881769310120838
180,4.81677E+11,167531,0.39399399162766374,0.026983270226749755,0.6667873934560398
181,4.81677E+11,161347,0.5017064789339423,0.004873294,0.6420731668166271
182,4.81677E+11,58324,0.6072507369410653,0,0.6002728431067825
183,4.81677E+11,94417,0.12258952999187976,0.033368091,0.656565649
184,4.81677E+11,64786,0.1284246564347204,0.10541516169375335,0.5095238068279164
185,4.81677E+11,198778,0.4730434741474481,0,0.6200993891767014
186,4.81677E+11,124837,0.31401383811406713,0.035217034928607414,0.6804644084782211
187,4.81677E+11,149457,0.5379844877831863,0,0.7717569723172663
188,4.81677E+11,137500,0.6356275271476339,0.024491490143248276,0.8048780458060678
189,4.81677E+11,249985,0.7617021195563605,0.016792611110053642,0.5618448578422971
190,4.81677E+11,126859,0.6410998460043438,0,0.6749844000312888
191,4.81677E+11,170625,0.4339019143507259,0.007497657,0.6462882055752451
192,4.81677E+11,126892,0.21047331107277634,0.10063391362413698,0.6505928802324673
193,4.81677E+11,80559,0.081739129,0.030955585047704105,0.37181995722289674
194,4.81677E+11,63011,0.015138023017470855,0,0.6874473404595843
195,4.81677E+11,141121,0.548200511,0.033317001306629096,0.7761301961080281
196,4.81677E+11,211731,0.680346817,0.00753012,0.6509635954390834
197,4.81677E+11,128572,0.5278514542188201,0.025702811,0.6788432233442759
198,4.81677E+11,152670,0.3584305370261873,0.009211873,0.6402835165960808
199,4.81677E+11,84103,0.19117646883109862,0.037779490842101075,0.5006849280775005
200,4.81677E+11,70417,0.24561403221504058,0,0.6546080908302491
201,4.81677E+11,97314,0.7109826486852219,0.022497187598456835,0.6977611875208845
202,4.81677E+11,118860,0.36088153938584444,0.015597920142132408,0.668784023
203,4.81677E+11,80417,0.7210796822483332,0,0.5653206583691134
204,4.81677E+11,71068,0.051282050405435035,0.040983606,0.7571189152911405
205,4.81677E+11,123938,0.17507886159181607,0.018808777232928137,0.441831678
206,4.81677E+11,144976,0.5579399111698503,0.043435822,0.7025956854263278
207,4.81677E+11,27307,0.23488602344017817,0.020253164386049245,0.5672131120973625
208,4.81677E+11,65625,0.2918502170501078,0.03911205,0.685383975
209,4.81677E+11,0,0,0.14838708720083307,0.48461537715976344
210,4.81677E+11,71336,0.36823104028463827,0,0.7250725970467319
211,4.81677E+11,108924,0.28138527529469104,0.037181995,0.6716259227244854
212,4.81677E+11,126990,0.4319105647163561,0.047488584,0.6038461499753452
213,4.81677E+11,83681,0.24406779454179836,0,0.5472882091112137
214,4.81677E+11,215859,0.6661596907516374,0.056899934225638105,0.793352597
215,4.81677E+11,93750,0.3798657667132112,0,0.6937728886903085
216,4.81677E+11,155139,0.27616130537947264,0,0.5430601983985777
217,4.81677E+11,201422,0.6345732972147342,0.074396135,0.5470198639270207
218,4.81677E+11,0,0.6261260979222478,0,0.6163934325181405
219,4.81677E+11,91241,0.4663967573571113,0,0.7255304536240216
220,4.81677E+11,148049,0.5848017556739895,0.010628019220985321,0.7288888807901236
221,4.81677E+11,170815,0.3993506428676844,0.011848341,0.629629624
222,4.81677E+11,140833,0.5100725180493754,0,0.6733226783280937
223,4.81677E+11,206042,0.5587975193740272,0,0.7789001078625134
224,4.81677E+11,78527,0.7964601705835868,0,0.6799027497576763
225,4.81677E+11,100457,0.2768959411208471,0,0.6755765163753852
226,4.81677E+11,22552,0.39378237321807325,0,0.6580310710354645
227,4.81677E+11,246429,0.7438162412753314,0.044067796,0.6558752918959797
228,4.81677E+11,136625,0.509533893,0,0.6436132629243948
229,4.81677E+11,72721,0.022304832506460665,0.035976505,0.41673782735492887
230,4.81677E+11,94375,0.528884457,0.014059753830757875,0.6642983955213286
231,4.81677E+11,250001,0.7429021964841925,0.006476684,0.6868044460508391
232,4.81677E+11,177045,0.7144934526684756,0.031627132619113055,0.7983320667235326
233,4.81677E+11,115455,0.3406813558981692,0.036630036,0.7615298002077638
234,4.81677E+11,166250,0.5836606395627602,0.073186119,0.8397766286951175
235,4.81677E+11,238758,0.978645059,0,0.6699629130410203
236,4.81677E+11,0,0.21264367205046922,0.12307692037193582,0.5740740684788103
237,4.80397E+11,96549,0.34412265171852385,0,0.6535694485137274
238,4.81677E+11,0,0.6218678673834199,0,0.5370370293869369
239,4.81677E+11,30718,0.15736766584595616,0.022871664,0.5355691002482815
240,4.81677E+11,126806,0.14323962324980424,0.12081339568405029,0.704277281
241,4.81677E+11,90878,0.19895833126085072,0.090099009,0.7191413173600956
242,4.82014E+11,0,0.9999998412698664,0.26744182936722916,0.7089201545107908
243,4.81677E+11,0,0.058139534,0.093333331,0.4994617814912618
244,4.81677E+11,250001,0.594086016,0.034591194750998776,0.7182539646912006
245,4.82014E+11,200602,0.6462882025514388,0.046783625,0.6128686294216159
246,4.81677E+11,174653,0.3286875687725021,0.016611295,0.6159169496892998
247,4.82014E+11,141909,0.3543441206454053,0.011651469039252944,0.4492568983046416
248,4.81677E+11,228629,0.8108651748316866,0.05030181,0.7206654928137873
249,4.81677E+11,164271,0.5188762026437559,0.043250327,0.7586206834267596
250,4.81677E+11,110446,0.27992459679618664,0.039562289,0.4094827550906659
251,4.81677E+11,192008,0.7256385929457086,0.009097271,0.6940836890758753
252,4.81677E+11,0,0.12149532426412794,0,0.6620847575935309
253,4.81677E+11,41538,0.31619937202181664,0.07191316,0.4974576229029015
254,4.81677E+11,56617,0.12426900403115491,0.070796459,0.5259259210562415
255,4.81677E+11,89821,0.39874999750781254,0.013229103949313868,0.8101982964579872
256,4.81677E+11,121799,0.5174563526501702,0.039840637,0.8415775344814336
257,4.81677E+11,216902,0.70668316,0.058044806,0.7399804424244336
258,4.82014E+11,135069,0.47218628413851044,0.017795353347526677,0.5292181026401802
259,4.81677E+11,100262,0.7499999954379563,0,0.723887369
260,4.81677E+11,156981,0.4597780828032033,0.15210139991927019,0.6584615344094675
261,4.81677E+11,115240,0.3904619912002684,0,0.7313540859424035
262,4.81677E+11,170037,0.1938895394372557,0.1009743126574463,0.6757352891490053
263,4.81677E+11,100083,0.5077950889132498,0.023166023,0.7309136329047105
264,4.81677E+11,71760,0.6273291535820401,0.099378876,0.5857294932297179
265,4.81677E+11,153250,0.37704917751826245,0.033816425,0.7305725934019807
266,4.81677E+11,106083,0.519396541,0.002155172,0.752475242
267,4.81677E+11,136563,0.4326750409993264,0,0.6974080729511267
268,4.82013E+11,42230,0.147058822,0.012035010809244958,0.2644183760292357
269,4.82014E+11,64125,0.3050359668340149,0.046432616,0.6371237404922764
270,4.82014E+11,63529,0.42553190792910134,0.061097256,0.6258680501226732
271,4.81677E+11,112250,0.46694214232862064,0,0.6986444139870238
272,4.82014E+11,46641,0.2968421021385042,0.013422819,0.38954869050238566
273,4.82014E+11,40444,0.21843686937000262,0,0.40045766132199473
274,4.81677E+11,112917,0.29850745897378783,0.034870641,0.708591668
275,4.81677E+11,86333,0.5201923026904587,0.037660256,0.8275229307185142
276,4.82014E+11,96052,0.24744608118676412,0.029822926096710847,0.6146603859135146
277,4.81677E+11,59425,0.568791937,0,0.7623089853597795
278,4.81677E+11,97431,0.23456789860193156,0.046025104,0.7486085273783996
279,4.82014E+11,55225,0.10664819796886153,0.081051478,0.5118110185845373
280,4.81677E+11,149338,0.623809516,0.042105262665435524,0.771179033
281,4.82014E+11,105833,0.3665198205592967,0.019370459892086685,0.6934768797119893
282,4.82013E+11,90726,0.5297504764571307,0,0.539962237
283,4.81677E+11,51266,0.35942027943709337,0.060869563453056136,0.8010948758924293
284,4.81677E+11,81354,0.28496240387246313,0.023284313582816706,0.6469565179886578
285,4.82014E+11,73103,0.31650245915637365,0.065270935,0.5848179660354922
286,4.81677E+11,127467,0.5971830929841964,0,0.8444444379736059
287,4.82014E+11,90083,0.3597285040744457,0.021681997229421834,0.5004460280979214
288,4.81677E+11,0,0.6251830069519325,0,0.7093397688458956
289,4.80397E+11,104375,0.23257698352854958,0.049290515,0.6638225218212599
290,4.81677E+11,51842,0.3752860326021503,0.025078369512878222,0.6859838182481965
291,4.81677E+11,142331,0.572289151,0.012919896529544388,0.7422544446786128
292,4.81677E+11,86840,0.17874395919391353,0.011415525,0.6990068701374571
293,4.80397E+11,149688,0.49642573076707125,0.026222537,0.6299911240905451
294,4.82014E+11,167083,0.4897045614171481,0,0.546099286
295,4.82014E+11,89619,0.33513189247522845,0.033889188,0.493930513
296,4.82013E+11,62547,0.3425814192692229,0.18114602420382603,0.6451803628315768
297,4.81677E+11,137708,0.6878680719921311,0,0.8214739464963536
298,4.81677E+11,39716,0.3309455539979147,0.056050955,0.7597560882956574
299,4.81677E+11,60969,0.336528218,0,0.6767594052638347
300,4.82013E+11,67331,0.18266253728589368,0.020134228052790415,0.41756756474616513
301,4.81677E+11,88664,0.5396096378919675,0,0.6416573276410154
302,4.82014E+11,120508,0.14908256538801457,0.033259423,0.7282463088588178
303,4.80397E+11,137315,0.5284348237119536,0.00877193,0.5643418439865332
304,4.80397E+11,124729,0.49019607458669745,0.015032211775002063,0.592920351
305,4.80397E+11,203750,0.6449864440380628,0.029806259092352766,0.6512027454112099
306,4.80397E+11,104024,0.3413333302992593,0,0.7723132898696422
307,4.80397E+11,0,0.085365853,0,0.2861072862983867
308,4.80397E+11,250001,0.7929155205324862,0,0.4056437365923355
309,4.80397E+11,0,0.23493234643379649,0.020161290119341833,0.4011494229818999
310,4.80397E+11,141473,0.579733546,0.12788331028533476,0.46319018227304376
311,4.80397E+11,125833,0.071668532,0,0.33391915348049955
312,4.80397E+11,129388,0.45010182841036833,0.029729729461894328,0.4846382532971345
313,4.81577E+11,228891,0.8937959948076131,0.038321168,0.10624999926215278
314,4.81577E+11,47614,0.094026548,0.038752363,0.22948073509647626
315,4.81577E+11,125337,0.5149911725751116,0.031932773,0.6041500350826015
316,4.81577E+11,43275,0.12380952273757989,0.013470173101538339,0.36696501071210325
317,4.81577E+11,177724,0.6057624693902849,0.016291327185954347,0.6738660870741572
318,4.81577E+11,197038,0.6824196532852584,0.003162055,0.6631330938566956
319,4.81577E+11,117589,0.1298026985482586,0.07709251,0.44564434524374125
320,4.81577E+11,78696,0.14837398223197173,0.060487038016598285,0.4190268669642203
321,4.81577E+11,77911,0.5340061407020353,0.00257732,0.3394216123609692
322,4.81577E+11,182250,0.7536704607884102,0,0.6742479774449892
323,4.80397E+11,173750,0.706114391,0,0.22723173928209314
324,4.80397E+11,71583,0.3734123592429098,0,0.31273712567622153
325,4.80397E+11,190887,0.8609437707783948,0.017551755096526754,0.4659851939866577
326,4.80397E+11,243750,0.6770833254967208,0,0.41966101410399315
327,4.80397E+11,134298,0.6549851892646338,0.045202558,0.22544642773271417
328,4.80397E+11,108235,0.559952035,0.005732152,0.3861468254411164
329,4.80397E+11,226941,0.7361867646989357,0.017487047,0.27592371706839264
330,4.80397E+11,74432,0.1394052018697918,0.025373134,0.35766422835526673
331,4.80397E+11,85673,0.3167040340991926,0,0.58099623
332,4.80397E+11,153750,0.13953488236884803,0.020746887794631637,0.5526595715284065
333,4.81577E+11,138646,0.38317756798692926,0.024163568660949958,0.2652173904806913
334,4.81577E+11,135545,0.4320113283851889,0.043689320152700536,0.2518518504167986
335,4.81577E+11,33845,0.2485875682807197,0.061538461,0.2702821857571332
336,4.81577E+11,75198,0.11213047795993397,0,0.3644514748710365
337,4.81577E+11,52500,0.11504424575142928,0,0.3219557165871244
338,4.81577E+11,250001,0.8680202898812134,0.031172069,0.13238593767848963
339,4.81577E+11,48951,0.093406592,0,0.43200962435613943
340,4.81577E+11,47113,0.007774538,0.064984709,0.31714956681950224
341,4.81577E+11,56416,0.17786187154340707,0.12248468834221621,0.4444444411077745
342,4.81577E+11,142684,0.6714875986812149,0.020636792,0.14631043163924662
343,4.81577E+11,58325,0.019450800692782603,0,0.16742374972469987
344,4.81577E+11,186686,0.8346774126235693,0.041111111,0.14303329164392398
345,4.81577E+11,128036,0.5455316726653515,0.013587604,0.13788235261674742
346,4.81577E+11,88977,0.9243390982284494,0.1914285700612245,0.29727843477126004
347,4.81577E+11,141210,0.5841645867077163,0.022171034,0.19910461781549338
348,4.81577E+11,108341,0.4451564250088336,0.045105566,0.14868728840996284
349,4.81577E+11,147285,0.25986078810945246,0.045977011,0.069506726
350,4.81577E+11,119452,0.6422087697261062,0.026819923200383632,0.36756237827465266
351,4.81577E+11,117074,0.6241299231539452,0.045120671,0.3403441660908594
352,4.81577E+11,129393,0.6620234555570128,0.018094089,0.1985539477277311
353,4.81577E+11,119914,0.5314533564918291,0.015166835033702376,0.6963835097024095
354,4.81577E+11,176567,0.6721595778650514,0,0.5012391542674154
355,4.81577E+11,207813,0.6955245730335688,0.05164034,0.683873547
356,4.81577E+11,170657,0.7403462017738739,0.020801815,0.6422764202776754
357,4.81577E+11,188973,0.7867187438537598,0.034564958,0.44029850511567964
358,4.81577E+11,208886,0.7320185529928243,0,0.264957263
359,4.81577E+11,30473,0,0.003656307,0.19387027659393957
360,4.81577E+11,0,0.20977010891465206,0,0.20183486007070114
361,4.81577E+11,0,0.007936508,0.006410256,0.2857142818270166
362,4.81577E+11,50719,0.063553826,0.003660024,0.2903811239093415
363,4.80397E+11,71650,0.3042328015499753,0,0.22599784128372255
364,4.80397E+11,36116,0.5077820912882862,0,0.21268656617217085
365,4.80397E+11,136964,0.2985274391094051,0.066808059,0.4845282982299751
366,4.80397E+11,81337,0.2502951579085292,0.006268081,0.503286769
367,4.80397E+11,85702,0.2660550431594797,0.10312499919433595,0.4914021131521024
368,4.80397E+11,0,0.3887499951406251,0.00605013,0.5126811547764388
369,4.80397E+11,153484,0.5588784994497337,0,0.22233502425210647
370,4.80397E+11,250001,0.6682692275563978,0.019581056377135444,0.2650049187766319
371,4.80397E+11,74317,0.6245259086659177,0,0.1928345616815882
372,4.80397E+11,112054,0.6018912501092611,0.020801815,0.27383701658252385
373,4.81577E+11,195417,0.6872770429574668,0,0.084345047
374,4.81577E+11,191275,0.761097653,0.024517087,0.26850983941654244
375,4.81577E+11,136821,0.7416158480059768,0.076197387,0.19953143225485578
376,4.81577E+11,66152,0.13502398810812893,0.069063927,0.11133603182522252
377,4.81577E+11,0,0.5805920957139458,0,0.4830659493487883
378,4.81577E+11,143480,0.8296795812870222,0.045531197,0.33373639257876186
379,4.81577E+11,134479,0.5267309331574853,0.040396341,0.2555187623867618
380,4.81577E+11,86589,0.33056477856204686,0.017751479027344984,0.4922480572456584
381,4.81577E+11,0,0.39314368786911974,0,0.6279728163761449
382,4.81577E+11,157109,0.9587628618875552,0,0.5555555472138807
383,4.80397E+11,128198,0.527753299,0,0.5906593366026145
384,4.80397E+11,119375,0.5022522465962584,0.017951425364821274,0.33374232992334424
385,4.80397E+11,111000,0.7252690890555147,0,0.3653366572152847
386,4.80397E+11,84650,0.18477330894120353,0,0.6506024052837858
387,4.80397E+11,36739,0.11217641311432011,0.042808219,0.7041062716895378
388,4.80397E+11,124000,0.7480451716069055,0.019607842989382784,0.24852874491385807
389,4.80397E+11,65625,0.17125983914842838,0.035143769,0.523867803
390,4.80397E+11,0,0.7023977383469835,0,0.23597175683399568
391,4.80397E+11,221305,0.5619047512018143,0,0.6024096294817827
392,4.80397E+11,143864,0.5301866023031109,0.003917728,0.27364297552522115
393,4.81577E+11,106726,0.5603968914564413,0,0.32255166120829093
394,4.81577E+11,250001,0.6777108331670055,0,0.089483394
395,4.81577E+11,97101,0.6251225079628838,0.023993020177413088,0.49184866119371173
396,4.81577E+11,250001,0.9125095862432112,0,0.5877934217108599
397,4.81577E+11,45673,0.13444815963579826,0.016453382,0.3925346153369379
398,4.81577E+11,43636,0.2704545393078514,0.072727271,0.521212113
399,4.81577E+11,80686,0.15028646914814248,0.032626427273138546,0.49453909788318434
400,4.81577E+11,250001,0.8282828189867248,0.009625668,0.5199999968955225
401,4.81577E+11,180982,0.8818565276813428,0.017838404849544545,0.44655041359704006
402,4.81577E+11,52241,0.1406504053605658,0.03769968,0.23094045503093794
403,4.82013E+11,68237,0.4643874577722584,0,0.6345475836128369
404,4.80397E+11,96354,0.3725815347010418,0.010113268567502958,0.5866209237280405
405,4.81677E+11,135179,0.34309623072075074,0.083758937,0.8003597074318962
406,4.81677E+11,207054,0.731759641,0,0.7695067195559936
407,4.82013E+11,78750,0.4638505242579161,0.019771863,0.7174202079958762
408,4.80397E+11,128194,0.3487603248138789,0.041666666,0.6585365786734088
409,4.82013E+11,39290,0.1947236156441757,0,0.6124137888799049
410,4.82013E+11,120096,0.509727622,0,0.7040882498112379
411,4.82014E+11,126667,0.5239766020587532,0,0.5481171515354624
412,4.82014E+11,75857,0.20318020842437795,0,0.5705705648591535
413,4.82014E+11,107296,0.5042253485617934,0.021710526172957066,0.5773896138894244
414,4.82013E+11,73295,0.45771669706430557,0,0.5570804706358049
415,4.81677E+11,111691,0.5044483940885375,0.027977617682033433,0.8432835768452513
416,4.82013E+11,36839,0.5329268227691851,0.011578947246537397,0.2947976850212169
417,4.82013E+11,51580,0.23846153679397528,0.033921302347888045,0.5618811846418243
418,4.81677E+11,104491,0.5625680025835909,0,0.807783014
419,4.82013E+11,114524,0.2626488075695773,0.031609195,0.5410231634120504
420,4.80397E+11,137292,0.3895196472531035,0.043568464428987104,0.6181061362221325
421,4.81677E+11,70475,0.5154950830272481,0.087307409,0.7598173446592024
422,4.82013E+11,60862,0.3863829754350385,0.060939794,0.4317111437377753
423,4.81677E+11,238077,0.529761889,0,0.7391975194568284
424,4.81677E+11,105268,0.2518518481207134,0,0.8267857
425,4.81677E+11,245658,0.61594792,0.022058823394247407,0.8007518759363162
426,4.82013E+11,65583,0.6782246785267035,0.014569536,0.7535211179164188
427,4.80397E+11,101944,0.5184049000244647,0.009845288,0.7335164767992997
428,4.82013E+11,82841,0.31289910400447574,0.023796646707427548,0.526992285
429,4.80397E+11,91528,0.3027121583314772,0.016211603957238873,0.757512224
430,4.82013E+11,46250,0.16246953564200214,0.023610053133205994,0.440844006
431,4.82013E+11,65031,0.3445121924960961,0.068017366,0.5403573595788209
432,4.82013E+11,65797,0.3075842653429176,0.018258427,0.6580698780526633
433,4.82013E+11,84219,0.5538461488339715,0.037893384,0.6119565184132798
434,4.82013E+11,56570,0.39116718831580244,0,0.45167652414520193
435,4.82013E+11,68839,0.44663133651301035,0.070665083,0.4866817133784121
436,4.82014E+11,56563,0.32485464880192844,0.055939660239222755,0.5569017717139689
437,4.82013E+11,43914,0.34417807629832065,0,0.41313558884390267
438,4.82013E+11,50875,0.1784615357159764,0,0.4597815247290812
439,4.82013E+11,26545,0.333333307,0,0.2998921218997614
440,4.82013E+11,186012,0.3823529378689192,0.013406939957358519,0.7057793303807395
441,4.82013E+11,70337,0.23214285483985264,0.13774597372320238,0.39060773264857607
442,4.82013E+11,67841,0.20737326950030796,0.022351798,0.4175365300883452
443,4.82013E+11,70635,0.5842332550298784,0.048755186,0.7327642762129726
444,4.82014E+11,80192,0.3163213728331411,0.008289703,0.5178173700155256
445,4.82014E+11,128795,0.446275068,0,0.5926966264386861
446,4.82013E+11,50742,0.3929393676673878,0.027009646,0.48512071597349404
447,4.82013E+11,113150,0.5907335793294676,0.072249588,0.6649006534450245
448,4.82014E+11,129434,0.3440613000455073,0,0.1214057502446109
449,4.82013E+11,45706,0.36820651673632454,0,0.4186234783917127
450,4.82013E+11,86064,0.37171286160829525,0.057756883,0.554001116
451,4.82014E+11,168633,0.5705596083918912,0.026968716,0.3695067253527452
452,4.82013E+11,163821,0.3691842877994907,0.008130081,0.7737276425465774
453,4.82013E+11,106786,0.3405851437315443,0.00536193,0.7461773662274345
454,4.82013E+11,53438,0.4224598898207801,0.032407407,0.7029360926716403
455,4.82013E+11,0,0.10596026314635326,0.022499999718750004,0.6221945059576746
456,4.82013E+11,95036,0.5007153004189514,0,0.7033333274722223
457,4.82013E+11,77825,0.4192606963106936,0.057189542,0.6157894682825485
458,4.82013E+11,97885,0.44827585909631396,0.07885514,0.7611802638949734
459,4.82013E+11,96198,0.6168478093247878,0,0.7141659621612242
460,4.82013E+11,48222,0.35477940524302565,0,0.44730391608696185
461,4.82013E+11,142644,0.27580644938865767,0,0.6371379843514652
462,4.82013E+11,47490,0.3609625620192171,0.017223911,0.7499999951044387
463,4.82013E+11,111696,0.6666666574458278,0.025821595941061082,0.8101265743901989
464,4.82013E+11,26949,0.15789473268698073,0,0.5018726497776658
465,4.82014E+11,0,0.18782383176394002,0,0.22324628661932266
466,4.82013E+11,87375,0.437926324,0.060931898913597383,0.7628968178284046
467,4.82014E+11,92258,0.12952898433397658,0.039938555760840586,0.30428638575465666
468,4.82013E+11,140122,0.5273631788322072,0.045768566098717045,0.7196141432822242
469,4.82013E+11,58099,0.49999998697916703,0.023769099766229207,0.4138755931354594
470,4.82013E+11,133021,0.5135313497456677,0.031130877,0.6207276702275211
471,4.82014E+11,94167,0.339035765,0.040892193,0.4050203500337832
472,4.82014E+11,175018,0.31863727135633996,0.029748283525947494,0.1876731288942304
473,4.82013E+11,172741,0.6197576829472723,0.013793103342581584,0.797902092
474,4.82013E+11,160357,0.7660332450589876,0.034594594,0.7450229651989053
475,4.82014E+11,0,0.079842931,0.11531531427643861,0.21511110919901236
476,4.82014E+11,139125,0.2583025814372535,0,0.3219415536307996
477,4.82013E+11,119803,0.6911906999884734,0,0.6359676376106557
478,4.82014E+11,124747,0.13411764600692042,0.14170791991517376,0.4250155542936182
479,4.82014E+11,111260,0.4802809266327341,0.005198488,0.29284578603228684
480,4.82013E+11,101742,0.5057158382922382,0.017608897045371188,0.7583305258891601
481,4.82014E+11,128646,0.37770382381278017,0.040051679,0.4788251333413584
482,4.82014E+11,70580,0.37191650501027984,0,0.31749801807206635
483,4.82013E+11,47022,0.20608439444470664,0.016380016245863913,0.2533262360121009
484,4.82013E+11,170625,0.5271041331875597,0.073652694,0.7246049628686005
485,4.82013E+11,147168,0.5728476783255121,0.064573459,0.5984251940786234
486,4.82014E+11,0,0.26141885071507437,0.045650301,0.43308167170156714
487,4.82014E+11,90342,0.239473682,0.021172638264066464,0.34660421275094294
488,4.82014E+11,107520,0.11278195276725653,0.098765431,0.25542168366961826
489,4.82013E+11,150139,0.5425776723672171,0,0.7569007227268729
490,4.82013E+11,216563,0.8054020822258927,0.021824286391582057,0.6400343615118799
491,4.82013E+11,136919,0.6053921543897379,0.087211432,0.745670626
492,4.82014E+11,46419,0.24075923835405358,0.049633848,0.324810605
493,4.82013E+11,125750,0.601587298,0,0.6975888814973891
494,4.82014E+11,44071,0.027104136753893462,0.031161472911266443,0.2478184980461671
495,4.82014E+11,86250,0.3008645515800314,0.052920618807186126,0.35245525308648346
496,4.82014E+11,93867,0.266308001,0.009928296,0.4077631036103917
497,4.82014E+11,84557,0.09796999,0,0.322236179
498,4.82013E+11,203235,0.8202979439450844,0.022149302525436402,0.6730037980164525
499,4.82014E+11,28622,0.22466959362689015,0,0.2536873131397511
500,4.82014E+11,0,0.1683168289056629,0.10771276452509622,0.3151825732531546
501,4.82014E+11,64729,0.1347607044410535,0.008776742,0.3487414171682315
502,4.82013E+11,97476,0.16042345146234974,0.080707148,0.4001272239177658
503,4.80397E+11,148314,0.34651898185887686,0,0.38780296803906983
504,4.80397E+11,0,0.078730904,0,0.5019960029740917
505,4.80397E+11,132292,0.6755952179882376,0,0.3407999945472001
506,4.80397E+11,114063,0.7718309828095332,0.008050402,0.24229646369673544
507,4.80397E+11,0,0.044444444078646554,0,0.37126865440753326
508,4.80397E+11,0,0.3320158037151027,0,0.1240808812124919
509,4.80397E+11,77639,0.3918338080814197,0,0.3727506410764754
510,4.80397E+11,190351,0.5922527972247421,0,0.4382124923018126
511,4.81577E+11,136653,0.5611257646338983,0,0.18752865571972188
512,4.80397E+11,60921,0.331510592,0,0.7280966712379405
513,4.81577E+11,165556,0.7347242866264957,0.075692307,0.2402183792528736
514,4.81577E+11,81875,0.6179463402595158,0.018565400687211808,0.4791356149095707
515,4.81577E+11,175925,0.6215277723825714,0.011219147260888952,0.18271954587951109
516,4.81577E+11,0,0.2062499935546877,0,0.35548172166973885
517,4.81577E+11,58043,0.086496027,0.060281312,0.25849639280642234
518,4.81577E+11,138780,0.7793650731796423,0.063075832,0.41637220013915077
519,4.81577E+11,84676,0.45056496856945644,0,0.48963585159867873
520,4.81577E+11,151087,0.6471873257936247,0.006397638,0.37656033156532476
521,4.81577E+11,228438,0.778935182,0.006997667,0.13358674956940877
522,4.81577E+11,137250,0.6265639978194033,0.017376194,0.5189873392454365
523,4.81577E+11,213669,0.7181145959508818,0,0.4182808691387357
524,4.81577E+11,107500,0.49069373527331867,0.053938963,0.17156862651651075
525,4.81577E+11,92167,0.34052757385458543,0,0.26566832908669813
526,4.81577E+11,120767,0.33435114248586917,0.056307911,0.45907858829767706
527,4.81577E+11,76923,0.49006621867461964,0.027203482,0.4894784950642407
528,4.81577E+11,107662,0.5478065180224239,0,0.35720600922010604
529,4.81577E+11,68224,0.25095785280358973,0.026419336557507944,0.20051413778655972
530,4.81577E+11,71989,0.24318657771097324,0.1543307062310125,0.063380281
531,4.81577E+11,65385,0.10565391144686516,0.031076067,0.078228476
532,4.81577E+11,73484,0.41493383350724167,0,0.040047114
533,4.80397E+11,143890,0.511744125,0.004873726,0.38480391968233374
534,4.80397E+11,0,0.603686608,0,0.49293285348175175
535,4.80397E+11,178706,0.47550200421283534,0.055112399890410446,0.46821191742906015
536,4.80397E+11,135976,0.26444444150617286,0.062344139132633924,0.494669506
537,4.80397E+11,62832,0.7187817185910486,0,0.17724174002495155
538,4.80397E+11,0,0.3704775660602202,0.033875339,0.25364431302008517
539,4.80397E+11,250001,0.7043010626469344,0.21028037055638052,0.44916539530856764
540,4.80397E+11,0,0.4900989977698268,0,0.4900662143473242
541,4.80397E+11,194891,0.5025466807717033,0.015299026212809094,0.44932935581721795
542,4.80397E+11,118724,0.5241379189853352,0,0.49408672149688937
543,4.81577E+11,181367,0.8027734853193608,0.031722054,0.32020997095179377
544,4.81577E+11,93348,0.5461254545372023,0.007366482,0.46872984868646134
545,4.81577E+11,72558,0.4180478744374241,0.024115755,0.3686920662338613
546,4.81577E+11,141313,0.6617800977824073,0.039735098961824984,0.2404607614077699
547,4.81577E+11,0,0.070707067,0.16181229249798407,0.2599704540624748
548,4.81577E+11,138576,0.5157592975427135,0,0.2730015041779562
549,4.81577E+11,112200,0.6516782732635955,0.045379989,0.40514469267273906
550,4.81577E+11,180487,0.6003936948780149,0.12197159463682879,0.31733524127983354
551,4.81577E+11,45850,0.16249999709821433,0.013658536,0.21037463825378502
552,4.81577E+11,51750,0.4763572651701269,0.048756704,0.33897637661820323
553,4.81577E+11,88194,0.2433212978821567,0.061455847,0.044082125337668324
554,4.81577E+11,121771,0.1453124988647461,0.11176857257219873,0.053549939509326475
555,4.81577E+11,54082,0.12414837150531134,0.011757021,0.056254136
556,4.81577E+11,56141,0.16677235151063824,0.03894081,0.11305278133718694
557,4.81577E+11,119575,0.6597581981022608,0.011389521553610315,0.29641283639765365
558,4.81577E+11,95901,0.39065308333940635,0.018238665876817793,0.094736842
559,4.81577E+11,56957,0.19519300658999997,0.081508515,0.043219880911832084
560,4.81577E+11,53583,0.1647634570573943,0.075577763,0.083119548
561,4.81577E+11,112500,0.6081504654533663,0.021122112,0.38048016502880916
562,4.81577E+11,45644,0.1820020204044285,0.022388059534417467,0.10473186053796933
563,4.81577E+11,106981,0.3945766441916068,0.10929224790904069,0.37942523790326843
564,4.81577E+11,106976,0.660433068,0.070597071,0.2770507491954971
565,4.81577E+11,133261,0.45236855568782636,0.11506981167515737,0.4987548897233906
566,4.81577E+11,175000,0.6119402893740256,0,0.4534792771424607
567,4.81577E+11,121955,0.8497913710028416,0.029885057299511165,0.33747228231719606
568,4.81577E+11,67944,0.10844976641084653,0,0.29138166761795864
569,4.81577E+11,81780,0.5922233241054504,0.079760717,0.4510204050950993
570,4.81577E+11,77969,0.6136539905845307,0.036630036361684715,0.22471264238670896
571,4.81577E+11,232719,0.6673412581144921,0.027625474425083354,0.12050599181007658
572,4.81577E+11,149557,0.7387304473839446,0.062450903,0.421199998
573,4.81577E+11,53710,0.331835685,0.019379845,0.27958993345950633
574,4.81577E+11,83155,0.4055265092940515,0.018618618506795085,0.216935835
575,4.81577E+11,145169,0.6036474127437848,0.008695652,0.3048721644723967
576,4.81577E+11,0,0.26196808162276486,0.1780821897479202,0.2434593005562551
577,4.81577E+11,68158,0.051671730952227025,0.018691588348327376,0.1674008795823711
578,4.81577E+11,123917,0.6983640010392229,0.013146363,0.464625847
579,4.81577E+11,85241,0.11986588332048714,0.024740622,0.089297886
580,4.82013E+11,54784,0.1514264802382847,0.007677543,0.15750915698465148
581,4.81577E+11,52903,0.086021505,0.014557670691166457,0.12159494622347039
582,4.81577E+11,80569,0.063169164,0.033138401,0.2022577591509148
583,4.80397E+11,122578,0.21951219025471863,0.056862743983083455,0.5929203408645942
584,4.82013E+11,78236,0.11950549286393554,0.17864271278799687,0.1615472118228259
585,4.80397E+11,88208,0.46851850984224985,0,0.5403669675195691
586,4.80397E+11,83056,0.1267387924769893,0,0.5574817467383052
587,4.82014E+11,0,0.34197886318944415,0,0.23225806315391165
588,4.82013E+11,74087,0.4689760164865778,0.070241455,0.13568718956613016
589,4.82013E+11,87182,0.10688705175268842,0.036144578,0.1990125324762152
590,4.82013E+11,77422,0.29794825782383355,0.11192052906012895,0.057713053
591,4.82013E+11,55538,0.20216215997662532,0.063882063,0.40733944767275476
592,4.82013E+11,122982,0.46856663479826793,0.12993197190522468,0.084117032
593,4.81577E+11,85950,0.074105621,0.048319327392721795,0.059202059
594,4.81577E+11,81389,0.296018463,0.029516539289992167,0.040464593329094814
595,4.81577E+11,0,0.096543503,0.02,0.16197666326714713
596,4.81577E+11,0,0.264619879,0.042579074907797144,0.11538461447892767
597,4.81577E+11,100806,0.076923075,0,0.20062942407057888
598,4.82013E+11,75410,0.1434643980503252,0,0.11177525336655557
599,4.81577E+11,49253,0.11199999925333334,0.064312736,0.077627388
600,4.82013E+11,54549,0.10655090681490997,0,0.1646505365278862
601,4.81577E+11,60469,0.014669926291688845,0,0.13085937372207643
602,4.81577E+11,114629,0.41349480611163664,0.011292346,0.17918781634930042
603,4.81677E+11,81579,0.20342537503171834,0.004285277,0.621798874
604,4.8168E+11,0,0,0,0
605,4.81677E+11,63049,0.1126388148459079,0,0.9013627456108843
606,4.81677E+11,83190,0.061306532047170535,0,0.7080123212017541
607,4.80717E+11,114000,0.2949002151906826,0.047524751534163336,0.767793587
608,4.80717E+11,47282,0.11932554968449352,0.0249066,0.6615384561818749
609,4.80717E+11,149667,0.3878555777469607,0.012820512761810838,0.8134263260094754
610,4.80717E+11,77586,0.085051546,0.031674208,0.6666666622222223
611,4.80717E+11,90940,0.047546012,0.022144522015474812,0.534939757
612,4.80717E+11,94798,0.2748284569345307,0.065859421,0.7834686637862406
613,4.82013E+11,117104,0.7283687891605051,0.022179974510900036,0.6862348143409169
614,4.82014E+11,85625,0.2124600605038329,0.1612446936174725,0.3523997346982266
615,4.82013E+11,145083,0.6088946984375756,0.020228215662716723,0.5878378351899196
616,4.82013E+11,106525,0.32427535938156377,0.052910053,0.7942857078017493
617,4.82013E+11,169288,0.6755218152227532,0.036444444,0.6679347789786153
618,4.82013E+11,75071,0.15544554301539068,0.044105174,0.38145896463293333
619,4.82013E+11,113482,0.5741543748989213,0.031936128,0.5513513483710738
620,4.82013E+11,68823,0.15785440492065592,0.051667756,0.2555728343412502
621,4.82013E+11,71358,0.17145899710906287,0.035120148,0.32669113619983675
622,4.82013E+11,59063,0.12533571955831943,0.025457438142741144,0.3101886769042364
623,4.82013E+11,67434,0.2946963203819661,0.036383285,0.2377713831081052
624,4.82013E+11,65313,0.298611108,0.07735849,0.32116788
625,4.82013E+11,48092,0.16323023774518491,0,0.2335957984812266
626,4.82013E+11,67750,0.22366522043773132,0.001412429,0.2543706271471099
627,4.82013E+11,0,0,0,0
628,4.82013E+11,48372,0.23734439637058594,0.012658227753847895,0.28801843152063117
629,4.82013E+11,65250,0.15650172432103884,0.053702196,0.23081201206444932
630,4.82013E+11,193611,0.7139753749893166,0.045866022656209884,0.6396577723218029
631,4.82013E+11,46408,0.040339702474595174,0,0.2537545300168072
632,4.82013E+11,86357,0.24326530413660977,0.037662337,0.22755281589985554
633,4.82013E+11,31646,0.13348164478885824,0.052539404,0.090623363
634,4.82013E+11,87534,0.1637107765094763,0.029260780137264988,0.31156155922251083
635,4.82013E+11,195308,0.7051588633236799,0.029886431470751845,0.5123665698714747
636,4.82013E+11,109583,0.16342412133416107,0.042201834,0.7378190169626564
637,4.82013E+11,148162,0.3546284178014548,0.017758046,0.7103499574806407
638,4.82013E+11,0,0.22770123112616947,0.15873015763471252,0.21046643793818864
639,4.82013E+11,77955,0.48562783293776224,0,0.16694490725128042
640,4.82013E+11,0,0.058047492637895874,0.016693163619291226,0.35267856827965566
641,4.82013E+11,56731,0.067430025,0.14227642131832904,0.2505896211639763
642,4.82013E+11,45000,0.3442906514828607,0.015748031,0.3824289372745139
643,4.82013E+11,61369,0.27696078261666185,0.031059345,0.7479849503063678
644,4.82013E+11,100431,0.249275355,0.16761363160188547,0.15039577638000295
645,4.82013E+11,90966,0.11610486673960924,0,0.3861154416059638
646,4.82013E+11,60400,0.020874751,0,0.2667203846356133
647,4.82013E+11,43830,0.06814921,0.058758923,0.2698753748608707
648,4.82013E+11,66571,0.1429990055312909,0.2863436105327652,0.1637529127986427
649,4.82013E+11,70917,0.22389936825283815,0.04658385,0.5389254356418561
650,4.82013E+11,104628,0.3863636336195765,0.021706209,0.5247129279844587
651,4.82013E+11,77440,0.2266260139570527,0,0.42999999761111113
652,4.82013E+11,53984,0.091234345,0,0.15300546239063575
653,4.82013E+11,40565,0,0,0.26276462935535955
654,4.82013E+11,44000,0.028527371,0.079487179,0.2586956502993069
655,4.82013E+11,136080,0.3636363612918352,0.037219485,0.7510613633691186
656,4.82013E+11,26432,0.061728394,0.064742589,0.15563839653420813
657,4.82013E+11,93438,0.062054208,0.03220339,0.3149459548455238
658,4.82013E+11,86012,0.20584329075905325,0,0.6308900468508722
659,4.82013E+11,136308,0.514356025,0.061983470647496756,0.6829602527046128
660,4.82013E+11,0,0.24599999508000012,0,0.5305039740892664
661,4.82013E+11,83611,0.3037037016585609,0.072910119,0.4923005110018641
662,4.82013E+11,83438,0.376116975,0.027861445573332488,0.6054253982514368
663,4.82013E+11,0,0.3209876486598298,0.074355082,0.19119957993085604
664,4.80717E+11,0,0,0,0
665,4.82013E+11,63827,0.032182103358068266,0.067457838,0.3509513723522655
666,4.82013E+11,0,0.035555555,0.077075098,0.4676579890880447
667,4.82013E+11,63785,0.040178571,0.055009823,0.30136986084088063
668,4.82013E+11,95391,0.28829536301417624,0.044889502452420564,0.6653543274342799
669,4.82013E+11,88846,0.24718256856805945,0.003134796,0.5498104083081337
670,4.82013E+11,22088,0.10157067956470493,0.083199999,0.26571428419591836
671,4.82013E+11,53715,0.2038759674118142,0.02568306,0.5073078712526738
672,4.82013E+11,117617,0.060461416,0.005445882,0.2521963811256001
673,4.82013E+11,37571,0.063102541,0.12801204722882495,0.26041189812168464
674,4.82013E+11,79519,0.28686635614209266,0.070312499,0.5274509752210689
675,4.82013E+11,0,0.043784206,0.021593447,0.2831561260036031
676,4.82013E+11,66190,0.22015404223264415,0.087352625,0.2660897768194171
677,4.82013E+11,36234,0.10483870873800441,0.025216138146857796,0.17534076719119723
678,4.82013E+11,0,0.45925925075445834,0.043283581,0.6762728081049683
679,4.82013E+11,54913,0.1677725102580805,0.02771855,0.5727673617818778
680,4.82013E+11,128558,0.2828618952697621,0.046313799,0.6078252929580287
681,4.82013E+11,38221,0.16100872782726744,0.00990099,0.5352585591990695
682,4.82013E+11,74243,0.11902113327006526,0.014213197825246724,0.6617724139393162
683,4.82013E+11,58214,0.021159874442320734,0.087526205,0.33649288922331283
684,4.82013E+11,70243,0.2106715711989736,0.033707865,0.41825902039448676
685,4.82013E+11,48782,0.026378896249906567,0.038031319059702036,0.3933253826778858
686,4.82013E+11,59346,0.303507514,0.051881414,0.6158743607136062
687,4.82013E+11,0,0.24446679957511672,0.066381156,0.5319556045466681
688,4.82013E+11,51620,0.16811414287770382,0.044162436324048544,0.5889201100404652
689,4.82013E+11,53090,0.25885558230441985,0.079734218,0.5287749257619663
690,4.82013E+11,0,0.1155555548218695,0.041761234,0.3466608069127381
691,4.82013E+11,60580,0.1053180385264021,0.066849816,0.4574976100406035
692,4.82013E+11,38663,0.12376237419534036,0,0.42949756540115425
693,4.82013E+11,94314,0.1324965114017223,0.09015421,0.629422713
694,4.82013E+11,130294,0.35563636104991736,0.031622912,0.6062703558376613
695,4.82013E+11,97388,0.16591928065112915,0.028301887,0.32467532186428294
696,4.82013E+11,78197,0.080756012,0.15766423127497473,0.39687194137955095
697,4.82013E+11,130735,0.20614828116569492,0.027985075,0.681352067
698,4.82013E+11,47375,0.058103974646728215,0,0.5358024625209573
699,4.82013E+11,51038,0.077669902,0.038323353,0.32761577763622834
700,4.82013E+11,44265,0.13698629868911352,0.031746031,0.2740740715363512
701,4.82013E+11,103413,0.14118792462329188,0.008563273,0.6711111068500882
702,4.82013E+11,32440,0.183499286,0.032214765,0.4979044384081774
703,4.81577E+11,62841,0.41881532809187927,0.032663316,0.4258886624688889
704,4.81577E+11,112967,0.3188786670219944,0,0.4460204874021001
705,4.81577E+11,94010,0.5062499947265625,0.024485797997200805,0.4204973593029589
706,4.81577E+11,125431,0.707746471,0.023890784711140107,0.5152963621864592
707,4.81577E+11,0,0.5243902367968802,0.022203245,0.12521891308915137
708,4.81577E+11,135186,0.3968253931202111,0,0.7475795245672232
709,4.81577E+11,87443,0.29495669742762765,0.009478673,0.6820164775471813
710,4.81577E+11,94397,0.621973918,0.022346368,0.38863975502780634
711,4.81577E+11,129000,0.6415465226635222,0.014425851041974316,0.6072106233054524
712,4.81577E+11,149375,0.7102076093849151,0.011160714,0.6392708646009886
713,4.81577E+11,111932,0.13961407333014672,0.05986261,0.088207984
714,4.81577E+11,103750,0.2706065276733044,0.11047835865058818,0.033240996922982484
715,4.81577E+11,66979,0.4043812883103535,0.031929662,0.14232209684523559
716,4.81577E+11,58281,0.20835894155894935,0.032524522,0.080244399
717,4.81577E+11,60472,0.083601285,0.023255813745475726,0.097771023
718,4.81577E+11,78036,0.19983277424888984,0.021577882524761414,0.072972973
719,4.82013E+11,46856,0.033670033,0.061909758,0.23258606792399492
720,4.81577E+11,48886,0.19015659742554142,0.044827586,0.071985602
721,4.82013E+11,34083,0.21245420856310973,0.13101160645088547,0.14690721460171116
722,4.82013E+11,35337,0.18280632230428537,0.032067510277911306,0.078700812
723,4.82013E+11,87375,0.16978776423353456,0.030420087,0.1683428064348806
724,4.82013E+11,98029,0.223618089,0.058823529065743944,0.1552305953024151
725,4.82013E+11,121830,0.5989096557660705,0.060112847,0.090240811
726,4.82013E+11,79050,0.17065390658876178,0.13899082505050078,0.17559808528421966
727,4.82013E+11,21836,0.022119815,0,0.20937309671714488
728,4.82013E+11,123288,0.084765177,0.062157221,0.1672828080657781
729,4.82013E+11,47456,0.21663244241975133,0.15926088799269295,0.11279737443479337
730,4.82013E+11,105298,0.19806243059136244,0.015399422373441557,0.22479784245391998
731,4.82013E+11,90893,0,0,0.16276894217601054
732,4.82013E+11,0,0.2577030788263018,0.031275059893544024,0.14913252067503682
733,4.81577E+11,50394,0.1465968575422823,0.062150056,0.1503970100401821
734,4.81577E+11,100610,0.30545774378998464,0.047987615727650035,0.23003194741193644
735,4.81577E+11,0,0.24263431121950935,0.098786827,0.1066666653737374
736,4.81577E+11,66193,0.4588563394859646,0.019680196559899183,0.19382627283685375
737,4.81577E+11,79864,0.5299109014428897,0.012523020211701583,0.10280054609699266
738,4.81577E+11,72181,0.1311475394479211,0.007744434,0.23813786716080693
739,4.81577E+11,57661,0.21265377669021288,0.05581761,0.042780748408908206
740,4.82013E+11,61293,0.24999999858276645,0,0.092433167
741,4.81577E+11,93669,0.31822473731610257,0.041763341,0.1562499988902699
742,4.81577E+11,96544,0.5248041729782057,0.021168501,0.6291161142165447
743,4.82013E+11,61450,0.14152202842775682,0.030242934902117328,0.18529956706207668
744,4.82013E+11,0,0.16279069497025425,0,0.2671927816550983
745,4.82013E+11,65219,0.1987179468981873,0,0.099534342
746,4.82013E+11,50143,0.018981881,0.031620553,0.1745485797545264
747,4.82013E+11,69181,0.26694045037504904,0.058998512350032166,0.071201974
748,4.82013E+11,66477,0.47581759338637675,0.028517110157729616,0.14420062645698145
749,4.82013E+11,82018,0.09312977,0.027339003479106904,0.24784017144794723
750,4.82013E+11,58536,0.13675889219953447,0.16726232904029786,0.026225279336950645
751,4.82013E+11,71727,0.1777777738271606,0,0.2052117241562245
752,4.82013E+11,47516,0.1878238329804156,0.15549738138483046,0.10955914400017833
753,4.81577E+11,114539,0.42970401464215635,0.060209424,0.7479147324007658
754,4.81577E+11,137750,0.609318991,0,0.5654008404737744
755,4.81577E+11,159741,0.3582230589960013,0.052486187482830196,0.718838522
756,4.81577E+11,237420,0.7732142719068881,0,0.8208640587896306
757,4.81577E+11,41914,0.5409090827134988,0,0.13289581515261842
758,4.81577E+11,126563,0.6097972869966675,0.072890025,0.7620232109284975
759,4.81577E+11,76171,0.15616045621546626,0.035487959,0.40199749810240326
760,4.81577E+11,193266,0.6467688902148473,0.031939878,0.3005366715544305
761,4.81577E+11,250001,0.6299212527567913,0,0.14814814648543045
762,4.81577E+11,184583,0.6629629568244171,0,0.8340461861929326
763,4.82013E+11,65511,0.065975494,0.023952095603489345,0.11477987361226481
764,4.81577E+11,76159,0.38041001989058454,0.074289876,0.14841628892119324
765,4.82013E+11,47143,0.20424402912143197,0,0.13389441366568927
766,4.82013E+11,50651,0.039823008,0.11122244377532622,0.14018691511716924
767,4.82013E+11,49267,0.2984234217431114,0.002840909,0.1524943302012793
768,4.82013E+11,82083,0.2503113293859112,0,0.11278195382723728
769,4.82013E+11,58333,0,0,0.18156618030792668
770,4.82013E+11,60987,0.014925372886809738,0,0.13812949540914032
771,4.81577E+11,102375,0.38109755710266713,0.009017132,0.3068432648503071
772,4.82013E+11,65500,0.028368793823248337,0.010895883645328286,0.1263157886426593
773,4.82013E+11,73696,0.5217243702589125,0.063949843,0.12856768753975467
774,4.82013E+11,23835,0.069841268,0,0.004219409
775,4.82013E+11,52692,0.345185183,0.019448946436592597,0.14422018295699016
776,4.82013E+11,66639,0.24467558075940773,0.018382353,0.033168982
777,4.82013E+11,20923,0,0.0779896,0.017130621
778,4.82013E+11,64923,0.23952568980612104,0.055590256,0.087598425
779,4.82013E+11,68873,0.17283950261647116,0.11791383086265499,0.025125627888184645
780,4.82013E+11,57656,0.065480427,0.032664756,0.23245613921804997
781,4.82013E+11,58994,0.095870205,0.1550279307956993,0.031657355
782,4.82013E+11,97300,0.10441766998381748,0.13624268155272656,0.10170977596795362
783,4.81577E+11,117228,0.5234374954562717,0.012176560029097717,0.6899742895117004
784,4.81577E+11,0,0.0208628,0,0.3876531984219101
785,4.81577E+11,0,0.5636942639255142,0.009068924,0.538620686
786,4.81577E+11,96964,0.643023248,0,0.4273504232920188
787,4.81577E+11,138673,0.6651190644524202,0.035020986,0.11680126
788,4.81577E+11,198950,0.6686241554645624,0.010810810727329647,0.7732193688135649
789,4.81577E+11,78304,0.5648535505768457,0.040418118,0.21373134200757407
790,4.81577E+11,86786,0.34806629559537255,0.016862545,0.15431783262995488
791,4.81577E+11,106441,0.409824044,0.008797654,0.6405201315414424
792,4.81577E+11,120163,0.4371002085596993,0.058823528895315814,0.39341494135325056
793,4.82013E+11,87539,0.22828783552635645,0.10874704234640563,0.077264653
794,4.81577E+11,71154,0.6018808745983235,0.058340180532702623,0.20126926472679388
795,4.82013E+11,77981,0.1323792478689371,0.008362027,0.12186506491746708
796,4.82013E+11,71781,0.14143567774388288,0.02748538,0.0767841
797,4.82013E+11,52383,0.23712341849248378,0.002795899,0.075548334
798,4.82014E+11,44614,0.084887459,0.14610221917345267,0.1971428557346939
799,4.82014E+11,135652,0.3849372331250037,0,0.09245742
800,4.82013E+11,44727,0.3351435195101356,0.037090909,0.084266666
801,4.82014E+11,80592,0.3248780456109459,0.063414634,0.1567034233505315
802,4.82013E+11,92685,0.13920584144588843,0.027583670365635634,0.13237221436272514
803,4.82013E+11,75947,0.2182410352364484,0.054487178,0.048780487
804,4.82013E+11,53484,0.2211858746090215,0.039355992609684004,0.03151101
805,4.82013E+11,46858,0.075779036,0.023028209,0.10284868626397081
806,4.82013E+11,37928,0.13316790625998423,0.10243902376561571,0.061377245
807,4.82013E+11,73059,0.077593722,0.044338335304649826,0.1794290884484409
808,4.82013E+11,45938,0.073033706,0.06862745,0.06035889
809,4.82013E+11,34483,0.2551834090082391,0,0.013262599
810,4.82013E+11,34148,0.059659090344137404,0.098580441,0.099682539
811,4.82013E+11,66493,0.16526610412792572,0.075934579,0.21942445885306144
812,4.82013E+11,83030,0.096054887,0.20166666330555563,0.033670033292143284
813,4.82014E+11,37212,0.17677642827750062,0.091079226,0.079646017
814,4.82014E+11,11471,0,0,0.062632696
815,4.82013E+11,69917,0.5397260200037531,0.025469168559394524,0.063713592
816,4.82014E+11,96991,0.3349729447369752,0.032728706495549265,0.13072378090574674
817,4.81577E+11,16299,0.10526315537647954,0,0.20127795312803032
818,4.82014E+11,94919,0.11617311984682521,0.026827632281504813,0.328595315
819,4.82014E+11,111269,0.4961139832109588,0.077720206,0.1461538450295858
820,4.82013E+11,69712,0.10900900851797743,0.10133630251916739,0.13209109676152753
821,4.82013E+11,65699,0.12567204216618252,0.065146579,0.1598723851121149
822,4.82014E+11,35556,0.031413611743099173,0,0.088129496
823,4.81577E+11,110375,0.7791342865800857,0.006024096,0.6227897798114619
824,4.81577E+11,0,0.5077262581075882,0.030852994,0.6625550602418057
825,4.81577E+11,128125,0.4654471497413908,0.09547325,0.22350993254133592
826,4.81577E+11,136197,0.5022830973777307,0.026156941386751092,0.2461033613937378
827,4.81577E+11,128087,0.47612958125292076,0.057328386,0.36034889994485025
828,4.81577E+11,94815,0.3141304313681475,0.099252934,0.6474820077339979
829,4.81577E+11,101422,0.5557903611335995,0.014219830844658604,0.2736842094974278
830,4.81577E+11,113099,0.3816234476796874,0.018035120939558037,0.4622548996948289
831,4.81577E+11,117156,0.3542510097553913,0.071661237,0.2745744081571971
832,4.81577E+11,131667,0.21331609429013515,0.024705882207612457,0.23845507776276173
833,4.82014E+11,31250,0.592232981,0.022471909,0.076252722
834,4.82014E+11,54583,0.14053426085326062,0,0.077124182
835,4.82014E+11,10804,0.054388132825857444,0.15427927754190005,0.063967136
836,4.82014E+11,83505,0.4355971794942113,0,0.16423840842068332
837,4.82014E+11,36512,0.21481481216278012,0,0.08245243
838,4.82014E+11,11415,0,0,0.11764698961941787
839,4.82014E+11,82727,0.24999999599358982,0.037470726,0.10318791859741679
840,4.82014E+11,41797,0.4733387984139557,0.057339449,0.08008817
841,4.82014E+11,64327,0.4611259929993032,0.023965141090084074,0.33903742952901145
842,4.81577E+11,76250,0.5317324094042468,0.032061068,0.2798722026845227
843,4.82014E+11,22065,0.060402684,0.055614973,0.031753786
844,4.82014E+11,71563,0.40979954543876296,0,0.3541666625675155
845,4.82014E+11,75893,0.23716632321783201,0.073252407,0.3415719211983593
846,4.82014E+11,64077,0.13035381629093282,0.1433476382545267,0.076716016
847,4.82014E+11,46824,0.024060150014133082,0.1344537796294989,0.16236412933176542
848,4.82014E+11,76818,0.4160895023117235,0.029711751531211743,0.06387921
849,4.82014E+11,98775,0.41012329389926483,0.018878718427467286,0.3413533817476021
850,4.82014E+11,45893,0.22564934881778126,0.021559924,0.11735807796201923
851,4.82014E+11,72813,0.3743131842423545,0.031078610413902436,0.21494102134145468
852,4.81577E+11,61875,0.4980158680752394,0.008814887,0.474585633
853,4.82013E+11,85324,0.041017227,0.027993779,0.12388663867298269
854,4.82013E+11,54044,0.2564655144777423,0.13771016703194422,0.034585569
855,4.82013E+11,0,0.049360145,0.11239669235707947,0.068563092
856,4.82013E+11,50242,0.3038922110195777,0.093833779,0.24002750866556047
857,4.8202E+11,0,0,0,0.24999987500006252
858,4.82013E+11,0,0.099611901,0.059838895,0.073619631
859,4.82013E+11,45442,0.14106582924696104,0.058596761,0.046894803
860,4.82013E+11,33972,0.018030512926067783,0.029239765796883376,0.082560296
861,4.82013E+11,61667,0.086797065,0.11229314288069571,0.060460652
862,4.82013E+11,68462,0.49443882459838817,0.031479967,0.14668587853981013
863,4.81577E+11,96032,0.7466666590085471,0.041220115,0.18579881546864607
864,4.81577E+11,71923,0.28785811339893436,0,0.3840830423246848
865,4.81577E+11,194718,0.2863514693456604,0.003826531,0.7507348574324817
866,4.81577E+11,237881,0.6121054324370145,0.017302939,0.6362245998771584
867,4.81577E+11,55909,0.4571663902093641,0.055203938,0.5129206715356951
868,4.81577E+11,182527,0.4218989247940358,0.021921341,0.20417633292241105
869,4.81577E+11,74625,0.6125150347471116,0.057203389,0.15501043760432967
870,4.81577E+11,76974,0.41088580137795305,0.035964036,0.5470925426118547
871,4.81577E+11,117083,0.2573170716017252,0,0.21057230139549016
872,4.81577E+11,64610,0.21107266314260287,0.016616314,0.12172131097655199
873,4.82013E+11,46869,0.49956521521928166,0.10393756614424417,0.11691259887660764
874,4.82013E+11,58674,0.088465844,0.039920159,0.037394451
875,4.82013E+11,19271,0.049202127,0.30742459040110687,0.015195791845728862
876,4.82013E+11,19068,0.027419354396462026,0.090342678,0.010882708
877,4.82013E+11,37434,0.023681377570706378,0.12623985458755768,0.046425255
878,4.82013E+11,29627,0.06521739,0.071045575,0.030350194316340902
879,4.82013E+11,55042,0.06631016,0.1147859911013036,0.061129567700135765
880,4.82013E+11,95092,0.26441351625831494,0.019163762899270357,0.39419475286334504
881,4.82013E+11,85741,0.20740740356652956,0.058727568,0.3382507867412984
882,4.82013E+11,25688,0.074257422,0,0.083601285
883,4.82014E+11,71981,0.6002344595517648,0.068893527,0.31684587586490415
884,4.82014E+11,32687,0.021398002700442207,0.012605041941146207,0.13970912234592717
885,4.82015E+11,67292,0.086660174,0,0.2008086239837694
886,4.81577E+11,101579,0.6019677942578909,0.028396008991588572,0.5333960439003195
887,4.82014E+11,103636,0.7358024600518215,0.056390977,0.6436403438197331
888,4.82014E+11,40509,0.011100832459751781,0.10269864990480772,0.08645096
889,4.82014E+11,43482,0.46448086797157284,0.10250817772619218,0.36135857259822624
890,4.82014E+11,50833,0.3704245919410748,0.075739644,0.22214764951578758
891,4.82014E+11,61250,0.4636591420594093,0.011325028184314518,0.46109271141479546
892,4.82014E+11,25438,0.19220778971158714,0.2040598268797027,0.10704606973546023
893,4.82014E+11,46525,0.13893653397138478,0.07760989,0.18232385548625554
894,4.82014E+11,58300,0.4859437702214481,0.013487475785284433,0.5245327041526553
895,4.82015E+11,56875,0.10664993592660056,0,0.15340179619125932
896,4.82014E+11,53333,0.35749999106250024,0.14823529062975788,0.3249211322300617
897,4.82014E+11,44750,0.16923076402366882,0,0.048843186405059476
898,4.82014E+11,64356,0.1663366303695717,0.017307691974852078,0.19070904412336132
899,4.82015E+11,33732,0.20995474923117874,0.13886733794517195,0.10463733588206102
900,4.82015E+11,0,0.09214092,0.11462450479620055,0.1297468340744005
901,4.82014E+11,71304,0.4826616637051391,0.011265164547095629,0.11538461437600862
902,4.82014E+11,114688,0.6618407377265695,0.015717092183525617,0.7069980333093654
903,4.82014E+11,0,0.24583332821180567,0.081939798,0.091542288
904,4.82014E+11,38158,0.073660713,0.093693692,0.16852145995991322
905,4.82014E+11,42946,0.06153846,0.022222221913580253,0.066510172
906,4.82014E+11,191250,0.7491039292275282,0,0.7424714356960391
907,4.82014E+11,100077,0.4037328054643143,0.013698630019703511,0.5257731913593369
908,4.82014E+11,250001,0.73054754,0,0.6664206592884084
909,4.82014E+11,29602,0.11509900847649743,0.04342723,0.076146788
910,4.82014E+11,71823,0.5319148849113767,0,0.5160427761493513
911,4.82014E+11,82257,0.37619698527774303,0,0.289448206
912,4.82014E+11,28931,0.22783082908825608,0.013398294599289956,0.11697806566224155
913,4.82015E+11,49676,0.32445520188310895,0.000848896,0.14518593914831412
914,4.81577E+11,0,0.3562753000376994,0.009661836,0.1503759391429702
915,4.82015E+11,41976,0.021604937938195404,0.084291187,0.10354609855641066
916,4.81577E+11,165188,0.3602865897631188,0.020723103965065676,0.14768976836761646
917,4.82015E+11,0,0.1000827121581248,0.022918258037293675,0.14183006443248325
918,4.81577E+11,71875,0.6783919427539713,0.20305676412539816,0.079569892
919,4.82015E+11,38080,0.1814404407002709,0.039455781776111816,0.17083333190972225
920,4.81577E+11,160068,0.5339116677136304,0,0.088302752
921,4.81577E+11,67525,0.10443037809445604,0.025537634,0.055378061178082416
922,4.82015E+11,56667,0.20505991737603307,0.088268155,0.1397246295781508
923,4.82014E+11,47788,0.10681818060433886,0,0.2138919503093057
924,4.82014E+11,102167,0.6652977344425284,0.074829931,0.25778421247078775
925,4.82014E+11,31579,0.030645160796045796,0.048611110435956804,0.2090715789576784
926,4.82014E+11,37632,0.15306121668055017,0,0.11095890258960407
927,4.82015E+11,79449,0.15696022615795294,0.045333333,0.12450851845998899
928,4.82014E+11,0,0.18113206863652573,0,0.085232067
929,4.82014E+11,0,0.20927723614587665,0.063079777,0.33680555360644937
930,4.82014E+11,28284,0.10843373393481248,0.086460032,0.12170385313249592
931,4.82014E+11,0,0.2861538373491127,0,0.5179723454564761
932,4.82014E+11,31932,0.062176164192327354,0,0.3144654038606069
933,4.82013E+11,33701,0.099700149,0.042244224,0.10324039108334294
934,4.82013E+11,34916,0.16706021152857017,0.021234567796372505,0.20298372421797592
935,4.82013E+11,28629,0.020053476,0.073529411,0.10702199616318951
936,4.82013E+11,40776,0.058771929309018166,0.0317139,0.2985877585838079
937,4.82013E+11,62269,0.150259065,0,0.24376508251194626
938,4.82013E+11,73924,0.16080401808035152,0.016317016126841305,0.23276835895176995
939,4.82013E+11,57500,0.2219040785833638,0.008050604,0.2374220364348356
940,4.82013E+11,34840,0.4247311770869466,0.099883855,0.048945147266285675
941,4.82013E+11,50042,0.4120805313814694,0.14173228206956415,0.082342953
942,4.82013E+11,38636,0.21621621037253486,0.14578587367230356,0.078475336
943,4.82015E+11,50071,0.23328876849405905,0.14291882494421923,0.16179337168891472
944,4.82014E+11,34018,0.17174514759708734,0.040650406,0.073717948
945,4.82014E+11,39167,0.2315789460854352,0.007532122,0.18284200005683338
946,4.82014E+11,39870,0.078838173,0,0.22496025258378177
947,4.82014E+11,39710,0.23222748448297814,0.044534413,0.11249999882812502
948,4.82014E+11,33947,0.27454387250613493,0.010980392070742024,0.287343833
949,4.82014E+11,0,0.3290043242567919,0.041847041243188436,0.34328357924308806
950,4.82015E+11,27813,0.22996515412351737,0,0.152359294
951,4.82015E+11,90542,0.20515021283132864,0.03085554,0.15016146313153142
952,4.82014E+11,176827,0.8335220743655485,0.007874016,0.6131756704968271
953,4.82013E+11,91189,0.095170453,0.055555555,0.26486486281957633
954,4.82013E+11,51096,0,0.055133079,0.10396716755152416
955,4.82013E+11,43977,0.082410823,0.074999999,0.10589812261462385
956,4.82013E+11,0,0.069277106,0.093749998,0.10389610254680387
957,4.82013E+11,0,0.9352616951065883,0.016645326291353058,0.2640218842131069
958,4.82013E+11,54303,0.5555555491918036,0,0.26419213685379767
959,4.82013E+11,41935,0.064631956,0.085850555,0.267022693
960,4.82013E+11,0,0.056637167,0,0.029154518667108664
961,4.82013E+11,61188,0.219707054,0.028735631853613428,0.2737715362235384
962,4.82013E+11,42500,0.024475524,0.039641943,0.23925027299613813
963,4.82014E+11,58947,0.10505050292827267,0.026521060428688605,0.216542216
964,4.82015E+11,28194,0.15261044023483494,0.047696038,0.12447940710560199
965,4.82014E+11,215922,0.8978622221156506,0,0.6293558539666753
966,4.82014E+11,0,0.6370280068571498,0.042502951,0.6791208716580124
967,4.82014E+11,27415,0.052356020028690754,0.025260029,0.2081174420715247
968,4.82014E+11,106338,0.48695651568998116,0.045128205,0.44795917910245736
969,4.82014E+11,65759,0,0,0.10763888702015821
970,4.82014E+11,37262,0.089552237,0.030660376996929518,0.264942527
971,4.82014E+11,239500,0.8395061598841642,0,0.6444981784220293
972,4.82014E+11,75383,0.16573033475097845,0.019450800692782603,0.2933151392453596
973,4.82015E+11,44235,0.15080033571356077,0,0.11064718116640007
974,4.81577E+11,68684,0.4795454436466945,0.061837455,0.21914357498620005
975,4.81577E+11,0,0.4830053580857718,0.17531305589779864,0.12735042626196216
976,4.82015E+11,50537,0.1998031476397328,0.009855453,0.12979189414133682
977,4.81577E+11,0,0.23574561145015777,0.032967033,0.1577581725077417
978,4.81577E+11,55446,0.27137176668616536,0.03798393,0.12990320871164948
979,4.82015E+11,61023,0.17093275413912035,0.027397260180146366,0.11167315131644687
980,4.81577E+11,71950,0.3204807194768116,0,0.14703525582117283
981,4.82015E+11,96528,0.2950819646671099,0.014105419,0.084840055
982,4.82015E+11,58380,0.3126506005262012,0.087579617,0.092428198
983,4.82014E+11,206528,0.7738515764337177,0,0.6507176955655778
984,4.82014E+11,250001,0.78253967,0.016925247,0.6022913158381127
985,4.82014E+11,32917,0.026134800190718017,0.033586132,0.19267139366033456
986,4.82015E+11,45843,0.094052558,0.042093902,0.15861618695420243
987,4.82014E+11,0,0.6083530290909926,0.065116279,0.4972040983354888
988,4.82014E+11,53191,0.27124563130098217,0.052386495,0.23857301985187837
989,4.82014E+11,75769,0.7091028976972105,0.004708652,0.3931515510897175
990,4.82015E+11,53478,0,0,0.084185207
991,4.82014E+11,51308,0.1710296669194619,0.047505938,0.20673711884585788
992,4.82014E+11,65063,0.334010149,0,0.5845665900151523
993,4.82013E+11,0,0.43037973905280763,0,0.15909090751886457
994,4.82013E+11,70074,0.8337988710363287,0.046540879917724785,0.22433862196467066
995,4.82013E+11,16438,0.12462005700242988,0,0.06091954
996,4.82014E+11,98103,0.7139737913321639,0.1066790342608624,0.2626984106135047
997,4.82013E+11,64602,0.6746626636082259,0.015688949,0.3969780192515246
998,4.82013E+11,40516,0.05542725,0.14822134094424227,0.12960436385260077
999,4.82013E+11,66117,0.10526315695572563,0.009153318,0.23839907054292883
1000,4.82013E+11,107836,0.266547401,0.093548386,0.048309178
1001,4.82013E+11,15132,0.1297935064957668,0,0.033962264
1002,4.82013E+11,49978,0.7743190561048112,0.011111110998877667,0.18941503914463734
1003,4.83217E+11,45524,0.13429751927378597,0,0.66626936
1004,4.80397E+11,77813,0.2891791017800457,0.016129032113539138,0.6871165597333568
1005,4.80397E+11,74057,0.1175925915037723,0.038461538,0.659942357
1006,4.83217E+11,78958,0.19694244427210034,0.006716418,0.6828499326428126
1007,4.80397E+11,81756,0.090700343,0,0.7713390699190362
1008,4.80397E+11,77188,0.092561982,0,0.7131011490364653
1009,4.80397E+11,75880,0.11627906435911328,0,0.7737556386028136
1010,4.80397E+11,103512,0.15624999556107969,0,0.5771513267484967
1011,4.80397E+11,53983,0.1237113380805612,0.015424164326167554,0.3944543792982614
1012,4.80397E+11,58274,0,0,0.38156209498640087
1013,4.80397E+11,39840,0.032163742,0.007714561,0.3196948660215335
1014,4.80397E+11,41176,0,0.067278287,0.4397736423623796
1015,4.80397E+11,0,0.14037626424925811,0,0.4234496082999069
1016,4.80397E+11,63384,0.13684210238227154,0.056872037016239545,0.4582781396254551
1017,4.80397E+11,38924,0,0,0.33793102982164097
1018,4.80397E+11,57348,0.047578589,0,0.3047711752213128
1019,4.80397E+11,0,0.12795275338675682,0.018549747,0.6914498055582429
1020,4.80397E+11,26935,0.059595958993980215,0.10439560357617265,0.3601036246107278
1021,4.80397E+11,70250,0.251562496,0.012499999804687504,0.8267622362393998
1022,4.80397E+11,72813,0.063701922,0.014690451052566096,0.5945767156443339
1023,4.80397E+11,63438,0.11380145002902059,0.029239766,0.8172588694203238
1024,4.80397E+11,75275,0.13957306831571317,0,0.8031784742887718
1025,4.80397E+11,79597,0.29764705532179936,0.086866597,0.7179902697083447
1026,4.80397E+11,0,0.049740162956643186,0,0.22949117103332117
1027,4.80397E+11,83580,0.24339300834018324,0.065319865,0.6473408864544861
1028,4.80397E+11,82500,0.3618461516194083,0.004744333,0.6389797232211257
1029,4.80397E+11,74833,0.16164921360177217,0.054099275,0.5721085170294692
1030,4.80397E+11,41250,0.06158833,0.027888445844774956,0.3551587266353301
1031,4.80397E+11,50302,0.032608695,0.012413792932223547,0.4369747853258951
1032,4.80397E+11,42727,0.019230768768491138,0.061702126346763274,0.6744966329782445
1033,4.80397E+11,60577,0.064356435,0,0.5396946523687431
1034,4.80397E+11,63971,0.045627375,0.20152090488513671,0.3817951911277473
1035,4.80397E+11,0,0,0.017621145115695375,0.4410441004406472
1036,4.80397E+11,66136,0.004092769,0.054245282,0.3666352463088101
1037,4.80397E+11,82375,0.19999999740259744,0.024844720188264346,0.6661184155746841
1038,4.80397E+11,53982,0.049353701,0.20126353608967928,0.47678916366741625
1039,4.80397E+11,0,0.13407821104210232,0.15261756741244395,0.6494638026175349
1040,4.80397E+11,75917,0.23024522847077347,0.024137931,0.7892813545763538
1041,4.80397E+11,67929,0.1314553970038279,0.10749999865625003,0.6032702185604972
1042,4.80397E+11,33345,0,0,0.6080246819749278
1043,4.80397E+11,76389,0.11477272596849175,0.024224805966813895,0.5967885762998343
1044,4.80397E+11,0,0.09204368,0.009049774,0.7333333264475744
1045,4.80397E+11,52321,0.31823329197923794,0.071117561,0.5617161679094642
1046,4.80397E+11,132386,0.4832495771922146,0.014914772621343945,0.761275623
1047,4.80397E+11,70811,0.3233665523436705,0.061497326,0.659447344
1048,4.80397E+11,169243,0.46180860201137575,0.032125206,0.7695048066636807
1049,4.80397E+11,0,0.013344453600129662,0,0.2997198851566771
1050,4.80397E+11,85619,0.29032257884415275,0.094230769,0.46661906295387695
1051,4.80397E+11,42551,0.12859303890176946,0,0.38114753577667304
1052,4.80397E+11,143560,0.35387962034895126,0,0.6035215506768576
1053,4.80397E+11,100335,0.3112480691641284,0.059895833,0.7011927137401588
1054,4.80397E+11,124432,0.49700597810367314,0,0.7209302245744161
1055,4.80397E+11,141474,0.3434482734934602,0.03772418,0.7694790190434346
1056,4.80397E+11,123125,0.3362126223507467,0.033387183,0.7487157502195386
1057,4.80397E+11,72321,0.19595536822904205,0.040221216489586646,0.5353319034889426
1058,4.80397E+11,84676,0.3077742246243427,0.079854809,0.642590282
1059,4.80397E+11,73396,0.063643013,0.027709359435287195,0.7174076811046897
1060,4.80397E+11,116186,0.307860255,0.046181171471027155,0.742105253
1061,4.80397E+11,77652,0.159090905,0,0.6501111886574412
1062,4.80397E+11,87692,0.13291139100304442,0.057248383589580946,0.6729166619936343
1063,4.80397E+11,39531,0.12509534610911255,0,0.7647058744612397
1064,4.80397E+11,56632,0.039184953,0.026986506544329037,0.7555555504676394
1065,4.80397E+11,34313,0.10576922931635674,0.044474392931611956,0.664768099
1066,4.80397E+11,42258,0.065395094,0.050064184209702385,0.7369007721638711
1067,4.80397E+11,0,0.036446468,0.026548671979011684,0.5999999882352943
1068,4.80397E+11,87679,0.3082524197026112,0,0.7848970161911096
1069,4.80397E+11,32365,0.20668058239373088,0.038175046199487465,0.6852367640303847
1070,4.80397E+11,68472,0.1379731362884843,0.012850467139597347,0.6220362578658559
1071,4.80397E+11,109740,0.17619328122455344,0.00740349,0.5369411739438061
1072,4.80397E+11,51875,0.073710072,0,0.5062499947265625
1073,4.80397E+11,94570,0.29370628343684324,0,0.4701601096046564
1074,4.80397E+11,128103,0.15588234835640152,0,0.515243897
1075,4.80397E+11,54803,0.090909089,0,0.616438351
1076,4.80397E+11,107970,0.13698630011884658,0.00969163,0.6484801196533116
1077,4.80397E+11,62833,0.059625212,0.045454545,0.6885775787868795
1078,4.80397E+11,101473,0.2275862037574317,0.015757575566574842,0.6153846093157337
1079,4.80397E+11,39714,0.1492027317858459,0,0.5663507064269296
1080,4.80397E+11,78008,0.28931363779918645,0.002352941,0.6268801522228037
1081,4.80397E+11,131944,0.3548081461164938,0.056013179,0.7954256637211957
1082,4.80397E+11,142742,0.061915887127150855,0.061616160993776155,0.6120481878550347
1083,4.80397E+11,66188,0.15121950850684127,0,0.3832487261009045
1084,4.80397E+11,84344,0.4061904742562358,0,0.5316636832498616
1085,4.80397E+11,0,0.17145790378379977,0.016666666503267976,0.6776632255830706
1086,4.80397E+11,55298,0.091692789,0.039975015,0.5643010728417157
1087,4.80397E+11,0,0.029802513,0,0.3926615531617659
1088,4.80397E+11,95543,0.2510018205792283,0.10151615,0.5125613614999671
1089,4.80397E+11,96250,0.091233435,0,0.3692870187594624
1090,4.80397E+11,50000,0.11020408050812162,0.05250205,0.5707450405280585
1091,4.80397E+11,72102,0.1896969685472911,0.021241829949663237,0.6700167466777401
1092,4.80397E+11,0,0.1710097692017953,0,0.5949953605653813
1093,4.80397E+11,102467,0.1323681475453139,0.036720751,0.796270713
1094,4.80397E+11,92053,0.30468749886648994,0.01812596,0.5962171028116072
1095,4.80397E+11,84167,0.28368793923846897,0.018427518,0.7135193056489345
1096,4.80397E+11,86942,0.12872975167323314,0.001371742,0.7477827009546414
1097,4.80397E+11,98077,0.023550724,0.011704462240640364,0.7475083006810079
1098,4.80397E+11,63929,0.10552763553950666,0.008298755,0.7632450204760759
1099,4.80397E+11,93068,0.20714940326695963,0.011440107633108654,0.4918763089835526
1100,4.80397E+11,110170,0.3395721834338989,0,0.5143266401958935
1101,4.80397E+11,92898,0.13767482457309954,0.025694444355227622,0.7367930368651552
1102,4.80397E+11,107872,0.3205374218706829,0,0.786228152
1103,4.80397E+11,89087,0.1520467823554989,0.014945652072380081,0.7665662612120168
1104,4.80397E+11,0,0.20700636613047188,0.095302012,0.7849872673665742
1105,4.80397E+11,0,0.13677811134413037,0.036939313,0.6663201593937613
1106,4.81577E+11,84600,0.2563718102492982,0.039711191,0.6565242793649837
1107,4.81577E+11,84787,0.43057850883819415,0.087301587,0.6884970584026151
1108,4.81577E+11,145216,0.37009543616017565,0.006566604,0.7916394461682597
1109,4.81577E+11,67295,0.2613065312043186,0.055800293,0.6433231811947664
1110,4.80397E+11,61148,0.21921308012665774,0.016386555,0.6730769208830608
1111,4.80397E+11,57456,0.21470301745519463,0.054150021952285736,0.5899248758730672
1112,4.80397E+11,75938,0.37288134961218056,0,0.7861271585418825
1113,4.80397E+11,86413,0.15571955604635015,0.010611735,0.6710301612348881
1114,4.80397E+11,100271,0.34738616614863127,0,0.7478902874695118
1115,4.80397E+11,0,0.050283860095021414,0.026025236387813594,0.7228618361606757
1116,4.80397E+11,69531,0.13522537336852467,0.05050505,0.6381638106375894
1117,4.80397E+11,61108,0.24804687257766728,0,0.6441302972087873
1118,4.80397E+11,48083,0.080065358,0.034674063,0.6954954829640454
1119,4.80397E+11,73750,0.16842104908587266,0.068143099,0.5066344932854705
1120,4.80397E+11,206118,0.041402825,0,0.2586681328636867
1121,4.80397E+11,98375,0.34685887106805685,0.027011576351276868,0.2796559547489476
1122,4.81577E+11,70895,0.18632958627032223,0,0.14363636311404956
1123,4.81577E+11,123896,0.5074324290038349,0.029288702753803332,0.3795359882240572
1124,4.81577E+11,167463,0.6099484361239053,0.013171225903821615,0.46094276016676305
1125,4.81577E+11,167768,0.7353293383819187,0.070175438,0.4187771797933559
1126,4.81577E+11,90985,0.18534482598840668,0.061719833136478275,0.149979566
1127,4.81577E+11,209115,0.6563752980899146,0.061848739287903395,0.6311503202200531
1128,4.81577E+11,186819,0.839310339,0,0.6205962017574783
1129,4.80397E+11,183000,0.5675392610728873,0.009584664,0.16447908053946234
1130,4.80397E+11,135368,0.4902461669989639,0.021200671659948215,0.48705402551059324
1131,4.80397E+11,49688,0.29556649955106895,0.044081632293211166,0.5887629811673135
1132,4.80397E+11,97500,0.16530426734510204,0.074328974,0.6495287005181773
1133,4.80397E+11,123158,0.4047942089335404,0,0.5639830484576989
1134,4.80397E+11,106703,0.1828615135205699,0.043503821,0.5820895498254993
1135,4.80397E+11,99856,0.3031761279771306,0.07991038,0.692307689
1136,4.80397E+11,68194,0.093394077,0.040600667,0.6222651182608422
1137,4.80397E+11,77618,0.15446224079562654,0.041589648,0.35725806163501567
1138,4.80397E+11,87955,0.11023621613243244,0.00389105,0.4291666621961806
1139,4.80397E+11,145361,0.6165113100331384,0.10668924549797422,0.2341296912346096
1140,4.81577E+11,92944,0.34591519986600205,0.033290653,0.6571096448775294
1141,4.81577E+11,69443,0.6409861275732964,0.002267574,0.5267653728544113
1142,4.81577E+11,155275,0.5164769307475227,0.1422547086245299,0.3376524381665334
1143,4.81577E+11,48750,0.053719008,0.026666666370370375,0.3859981042005856
1144,4.81577E+11,115125,0.20383692923359156,0.006344558,0.3074712631056188
1145,4.81577E+11,105185,0.1771172631224867,0.091413646,0.31830906965758937
1146,4.81577E+11,75978,0.053102625,0,0.28271811961947096
1147,4.81577E+11,73989,0.3409390068409872,0.017350825148748094,0.37771067697581473
1148,4.81577E+11,116667,0.4466546031346365,0.037398373,0.594291533
1149,4.81577E+11,163477,0.5823063367466851,0.00572363,0.43251135556049425
1150,4.80397E+11,122766,0.33949476173907955,0.000811688,0.5771284052342557
1151,4.80397E+11,150096,0.5130260486771807,0.023809523680684397,0.25490195984128017
1152,4.80397E+11,69407,0.3788300782892747,0,0.2541690612181193
1153,4.80397E+11,47766,0.079010374,0.03746594,0.3857629992081713
1154,4.80397E+11,143493,0.5766745985152172,0.029822334930766702,0.4212877781306497
1155,4.80397E+11,96144,0.3774684351652041,0.091617933,0.21918837620443793
1156,4.80397E+11,182850,0.7264330325280276,0.025688073327161012,0.16215184982009975
1157,4.80397E+11,0,0.34239129504371485,0,0.2734646565847934
1158,4.80397E+11,76842,0.13377192835776394,0,0.5301257020800793
1159,4.80397E+11,141791,0.5372860602855375,0.038167939,0.2920536620637066
1160,4.81577E+11,138441,0.5060240936143259,0.003012048,0.5133598606403647
1161,4.81577E+11,200951,0.5885135095370709,0.020228215662716723,0.5735049810070391
1162,4.81577E+11,77756,0.004608295,0,0.169438201
1163,4.81577E+11,225029,0.7691597343567892,0.08045977,0.46156847264311945
1164,4.81577E+11,73902,0.18488745881625157,0.026593499,0.097912167
1165,4.81577E+11,86101,0.3282532200673714,0.030549897855907355,0.19794721262502044
1166,4.81577E+11,105010,0.3563922910998924,0.035976016,0.068334937
1167,4.81577E+11,87006,0.39783001088914993,0,0.057279235593326545
1168,4.81577E+11,185368,0.6886864032749703,0.036673215,0.33540694486569755
1169,4.81577E+11,193571,0.62412587,0.013062409225629368,0.3640457209419961
1170,4.81577E+11,96974,0.5302738120699043,0,0.2823091237157947
1171,4.81577E+11,164097,0.6549586754305831,0,0.19144602812332787
1172,4.81577E+11,76902,0.020385050731766132,0.006548788,0.16862169964353593
1173,4.81577E+11,144303,0.437093914,0.021171171075805535,0.061826252
1174,4.81577E+11,90577,0.072049689,0,0.1080701746802093
1175,4.81577E+11,98731,0.22707034526206282,0,0.089546351
1176,4.81577E+11,95217,0.5244379251004989,0.030545454434380163,0.22095531518966002
1177,4.81577E+11,133594,0.46295503013723754,0.085756349,0.2351795150704717
1178,4.81577E+11,186578,0.8203167623139445,0.014778325,0.16413570221603974
1179,4.81577E+11,93319,0.49509176058432874,0.078445229,0.066763425
1180,4.81577E+11,104924,0.47635134933973244,0.011289147810309002,0.27066245971399855
1181,4.81577E+11,91964,0.5241825595225389,0.08461754,0.3950742226886834
1182,4.81577E+11,97895,0.5263895351406374,0.016545601,0.2796549235095078
1183,4.81577E+11,69364,0.14940828181348695,0,0.5187969846797447
1184,4.81577E+11,83265,0.2840095397611089,0,0.11736526805550578
1185,4.81577E+11,228125,0.8573974968146391,0.007738607,0.10336763281867337
1186,4.81577E+11,58125,0.074733095,0,0.4787798376738738
1187,4.81577E+11,125541,0.29380259912928386,0.085777125,0.42161253963262857
1188,4.81577E+11,55078,0.1298917557877456,0.025301204666860214,0.4125745735999331
1189,4.81577E+11,80429,0,0.038343557694117215,0.2685483849310614
1190,4.80397E+11,155642,0.36351165482151365,0.084841628,0.6736318340932156
1191,4.80397E+11,132500,0.6081871300571117,0.021556886,0.3136265309530406
1192,4.80397E+11,165602,0.7062374198106143,0.019358742,0.5345358533456407
1193,4.80397E+11,144868,0.6686798906930121,0.053025153,0.4837230605973266
1194,4.80397E+11,85865,0.14531754418388004,0.22455089652282265,0.36420612559745036
1195,4.80397E+11,167917,0.5026608587195894,0.016220956,0.32979368831980066
1196,4.80397E+11,134545,0.5848648585420015,0,0.6217494040839291
1197,4.80397E+11,133493,0.2640294363934734,0.007961783,0.509259257
1198,4.80397E+11,163105,0.402542364,0,0.40909090362177936
1199,4.80397E+11,115496,0.5904109508162884,0.024096385219593237,0.505714278
1200,4.82013E+11,42018,0.043103448,0.007827789,0.10030394984340502
1201,4.82013E+11,38364,0.020352781270654256,0.037449392,0.28277886220372933
1202,4.82013E+11,77577,0.13422818701860278,0.011204481729946881,0.18946796856966358
1203,4.82013E+11,29638,0.051757812,0.073387694,0.16599999889333333
1204,4.82013E+11,38281,0.15755626756340407,0.046954314,0.046625766585117995
1205,4.82013E+11,0,0.17696628964934988,0.093622794,0.18492550232317703
1206,4.82013E+11,31193,0.1372548992695118,0.085106382,0.070731706
1207,4.82013E+11,58023,0.18481847879837496,0.071523178,0.027135678119239417
1208,4.82013E+11,25139,0.17420814085501946,0.10447761052269186,0.082612116
1209,4.82013E+11,33893,0.10149942212803435,0.077220076,0.060471976
1210,4.82014E+11,116071,0.7504620933371148,0,0.7474972108176061
1211,4.82014E+11,39554,0.21082089355577524,0.092430858,0.087509349
1212,4.82014E+11,124121,0.5409835967033954,0.021276595,0.7159709553904632
1213,4.82014E+11,0,0.19734344976577894,0,0.136226033
1214,4.82015E+11,35982,0.10760517712293546,0.1620029443151477,0.16658176175964462
1215,4.82014E+11,66181,0.2761290286951093,0.062624254,0.23771498625482196
1216,4.82014E+11,27112,0.25976561992645275,0.1179856098131567,0.099290779
1217,4.82014E+11,87708,0.25183973628912726,0,0.17209588093364547
1218,4.82014E+11,15070,0.1936148280781171,0.059869036,0.14166666548611112
1219,4.82014E+11,95600,0.6172917951856847,0.036997885639546056,0.551557698
1220,4.82014E+11,52226,0.2344961217587585,0.13368579959451812,0.21205357024523677
1221,4.82014E+11,112000,0.5969645767796867,0.032544378,0.6347124053005812
1222,4.82014E+11,99625,0.48464618845599217,0.009269988,0.6827515330312984
1223,4.82014E+11,77333,0.32515337090845225,0.027182866,0.2838669933259422
1224,4.82015E+11,98106,0.159068384,0.045118631,0.15592077473274008
1225,4.82014E+11,70885,0.45775400579942244,0.058766859,0.38876233569656543
1226,4.82015E+11,65670,0.3532219486104547,0.25897920115351225,0.1594202884110481
1227,4.82014E+11,127321,0.7387387165543929,0.093567249,0.7058010952237418
1228,4.82014E+11,51923,0.4999999950298211,0.007604563,0.38869004732505336
1229,4.82015E+11,48177,0.25546218058046755,0.072378138,0.047750229
1230,4.81577E+11,109435,0.5603448222189193,0.034082107,0.21058145515672366
1231,4.81577E+11,139658,0.661492121,0.066703216,0.17086405987078884
1232,4.81577E+11,76829,0.4362637314696293,0.012750455257281829,0.21145833223198784
1233,4.81577E+11,87721,0.27414851884897534,0.076127819,0.20307570897840807
1234,4.81577E+11,83667,0.4981617601271897,0.029163469,0.15547263584905077
1235,4.81577E+11,161420,0.45305770496935655,0,0.679374386
1236,4.81577E+11,160381,0.7617152928306131,0.00396668,0.4496658752971204
1237,4.81577E+11,65700,0.22350040900985696,0,0.2961038945656941
1238,4.81577E+11,41582,0.260048719,0.058563535588046764,0.180327868
1239,4.81577E+11,88484,0.3824289372745139,0.059093517,0.114090131
1240,4.82013E+11,70556,0.2578475307416196,0.10465116177663603,0.035892323
1241,4.82013E+11,0,0.015544041316545413,0.25689222896684066,0.051632498
1242,4.82013E+11,73308,0.21936589357869843,0.1655580179929193,0.049109552
1243,4.82013E+11,47981,0.093533486,0.059523809,0.083987915
1244,4.82013E+11,22697,0.18715083276114994,0.084282458,0.14964028561668655
1245,4.82013E+11,51551,0.28484846758494137,0,0.2571976942687361
1246,4.82013E+11,73386,0.6222723829109391,0.013598673255062442,0.22982635263933823
1247,4.82013E+11,0,0.083815028,0,0.43238730857773533
1248,4.82013E+11,30046,0.052162849209124056,0,0.12367491020406467
1249,4.82013E+11,74886,0.32881355653547834,0,0.14910979117871076
1250,4.82014E+11,32375,0.11976911804084968,0.076821191,0.17568517093685754
1251,4.82015E+11,33479,0.18819938770906014,0.057115198,0.1791443834300857
1252,4.82014E+11,34034,0,0.23504272499817414,0.11438278466157661
1253,4.82015E+11,46250,0.2081218247700276,0.047008547,0.068965517
1254,4.82014E+11,44557,0.14684167229826356,0.048882681222886304,0.13527272628892564
1255,4.82014E+11,174531,0.7792338631125619,0.040489641803299045,0.7125890694026777
1256,4.82014E+11,35192,0.3076922974015954,0.2038961012481026,0.11208053616053332
1257,4.82014E+11,33019,0.039999999,0.083197389,0.066820276
1258,4.82014E+11,38150,0.3713450238107453,0.030701754,0.094064949
1259,4.82014E+11,33714,0.3224967469278495,0.020094562528991947,0.10044052819189193
1260,4.82014E+11,181319,0.6766109704461698,0.11381215343853975,0.7105263091115949
1261,4.82014E+11,36827,0.10388739876751073,0.012089809947669488,0.14278403202259962
1262,4.82014E+11,147188,0.796899212,0.014104372156496868,0.7994652335163527
1263,4.82014E+11,28017,0.10039525612335766,0.089532587,0.071933204
1264,4.82014E+11,157436,0.7896174755516738,0.054626532278411015,0.7542997450331727
1265,4.82014E+11,139167,0.6399999934358975,0.039729501,0.7095959536229297
1266,4.82015E+11,32563,0.28581362805414723,0.08032596,0.13450794957237666
1267,4.82014E+11,88000,0.5177514741839105,0.048151332,0.3710644649845243
1268,4.82014E+11,0,0,0,0.099507388
1269,4.82015E+11,33882,0.23955431621418208,0.035300050250630106,0.075875486
1270,4.82015E+11,0,0.24591381689514252,0.032471106,0.1970674475245311
1271,4.82015E+11,61250,0.1937022882280316,0.039965247,0.17265468975721213
1272,4.81577E+11,95179,0.40338163926423803,0.06588498,0.2698591534092442
1273,4.81577E+11,113175,0.47092260397497765,0.072304439,0.19408811992725009
1274,4.81577E+11,112719,0.28342930080979334,0.080427708,0.20177711883829277
1275,4.81577E+11,77886,0.39930705760369395,0.031311154,0.3367324310868268
1276,4.81577E+11,44013,0.28363046771774336,0.097051596,0.11551312594027147
1277,4.82015E+11,49032,0.10623945947521535,0.075524475,0.15972944766009653
1278,4.81577E+11,80764,0.34575313377052247,0.014148857753649437,0.080424367
1279,4.81577E+11,90288,0.525594282,0.065115063,0.2675969371849877
1280,4.82015E+11,37917,0.23159144618062416,0.014656144141418893,0.12107367149586709
1281,4.82015E+11,31912,0.2337748328889084,0.096736596,0.064891847
1282,4.82014E+11,71875,0.5144312350218062,0.1357088693274536,0.35570071047683666
1283,4.82015E+11,57539,0.3013530098234562,0.046046046,0.10168134426195881
1284,4.82014E+11,0,0,0.21643286356279695,0.079181494
1285,4.82014E+11,46968,0.18433619690223307,0.039282664053948216,0.078457446
1286,4.82014E+11,90141,0.5807560087563917,0.008928571,0.5616338398130282
1287,4.82014E+11,46420,0.050552922,0.17581186813200597,0.07784986
1288,4.82014E+11,36405,0.2382716019966469,0.013793103289734446,0.070132013
1289,4.82015E+11,0,0.23444974954785888,0,0.054404144
1290,4.82013E+11,35208,0.12355953826146263,0.09125683,0.051246051066177425
1291,4.82013E+11,0,0.19261822153842884,0.073152337,0.04336895
1292,4.82013E+11,41667,0,0.14390601950142423,0.13251729572901919
1293,4.82013E+11,33164,0.11591591521972423,0.097181729,0.039560439
1294,4.82013E+11,60284,0.6246893071691026,0,0.15195791845728862
1295,4.82013E+11,38352,0.028629856265238115,0.031879194095986677,0.084550345
1296,4.82013E+11,35451,0.14961495985022047,0.011433597085016737,0.31591448743518713
1297,4.82013E+11,44868,0.17587476817794873,0.02003643,0.043655413
1298,4.82014E+11,32188,0.35783364878464896,0.023569023,0.27454909269440697
1299,4.82013E+11,0,0.2832243947009936,0.012048192563714415,0.25959078951929937
1300,4.82014E+11,0,0.1687041523544217,0.1263616530204433,0.10231424966730512
1301,4.82014E+11,47607,0.1606334823457751,0.051231527,0.17791410921667275
1302,4.82015E+11,50210,0.2651315772030817,0.047979798,0.12241277278289313
1303,4.82014E+11,118375,0.7483660049197604,0.030993619,0.6074543964515908
1304,4.82015E+11,0,0.24509803521081644,0,0.10889487811916508
1305,4.82014E+11,185919,0.8443243151964939,0.009249743,0.5711159674932608
1306,4.82014E+11,41150,0.17481580592889615,0.047875523,0.24824081216481306
1307,4.82014E+11,36300,0.013888888713524132,0.065880039,0.11642411521388654
1308,4.82014E+11,65417,0.5335413333300885,0,0.5344827547810147
1309,4.82014E+11,35086,0.079234971,0.022388059283804867,0.20214189823103215
1310,4.82014E+11,0,0.8414096842166547,0.019543973782215198,0.5623145358878744
1311,4.82013E+11,42156,0.03776824,0.016260162481447432,0.095131505
1312,4.82013E+11,40395,0.7326343285369027,0,0.2652631551024931
1313,4.82013E+11,24611,0.17139737804151334,0.013972055748781879,0.1628205117767916
1314,4.82013E+11,37404,0.40813809607721213,0.077201447,0.063520871
1315,4.82013E+11,29939,0.10557184441138287,0.16422286908437336,0.046321525
1316,4.82013E+11,78444,0.7972304570006878,0,0.23698629812347538
1317,4.82013E+11,76056,0.8607242219954844,0,0.25100401354413643
1318,4.82013E+11,58060,0.037240537013183535,0.011797752742709255,0.2894135556381814
1319,4.82013E+11,46579,0.044885945,0.12204007211876094,0.18960899737756295
1320,4.82014E+11,24622,0.027522935,0.03654485,0.15377932099236039
1321,4.82014E+11,58654,0.053054662,0.025723472,0.18865740522387264
1322,4.82014E+11,46507,0.29469122107593476,0.045643153,0.38278288910242075
1323,4.82015E+11,29903,0.1391752559384632,0.117202267,0.086375778
1324,4.82015E+11,25351,0.18935516694621118,0.030237580775827354,0.092105263
1325,4.82014E+11,37102,0.087951806,0.063071297,0.1769524840144594
1326,4.82014E+11,121602,0.77303369,0.076152303,0.48064515612209513
1327,4.82014E+11,98042,0.75709778,0,0.5630810018183134
1328,4.82014E+11,248750,0.7970204767502749,0,0.5277382608268971
1329,4.82015E+11,66288,0.076865671,0.018890200596870126,0.16716529481239603
1330,4.82015E+11,72948,0.3333333308023286,0.019417475610330852,0.087877183
1331,4.81577E+11,99853,0.21504772478917616,0.022502250123752246,0.12876171618765803
1332,4.81577E+11,62934,0.37151702402975206,0.11951848564472498,0.092507645
1333,4.81577E+11,128549,0.6426346225130516,0.022768487,0.18566450924423963
1334,4.81577E+11,88857,0.4923651153974716,0.05563563,0.28659003758214546
1335,4.81577E+11,107008,0.3368263462969271,0.012506948269852838,0.45732783855995335
1336,4.82015E+11,0,0.16407354789146325,0.070804195,0.10910517967735338
1337,4.81577E+11,158393,0.6903958258815652,0.019345859402441393,0.3683454954320547
1338,4.81577E+11,95484,0.2847571141581723,0,0.1970853560230024
1339,4.82015E+11,54732,0.17047308180690798,0.09503546,0.13299663243688284
1340,4.82013E+11,76250,0.22606382678106615,0.031115879494464812,0.28014184066026193
1341,4.82013E+11,18841,0.15359476873211164,0.082825821,0.045967742
1342,4.82013E+11,31477,0.090545938,0.045272968771331974,0.047619047
1343,4.82013E+11,38281,0.033296337033336995,0.029965753,0.084186575
1344,4.82013E+11,44955,0.2726293074070118,0.050108932,0.1356107646417105
1345,4.82013E+11,55469,0.9817275584430638,0,0.15306122275440792
1346,4.82014E+11,180781,0.8696969565197431,0,0.6765327624045163
1347,4.82013E+11,34245,0.046791443224713326,0,0.17499999781250003
1348,4.82014E+11,0,0.6636636536987439,0,0.46420823791531196
1349,4.82013E+11,62604,0.37249282600307093,0,0.08094645
1350,4.82013E+11,75172,0.77583586,0,0.30612244708644126
1351,4.82013E+11,45074,0,0,0.28397070558201215
1352,4.82013E+11,57691,0.38822354901972506,0.076660987,0.23513870230992467
1353,4.82013E+11,38328,0.9999999773755662,0.064453124,0.31416549348996503
1354,4.82013E+11,0,0.064406779,0.11614401723409969,0.16504854208690736
1355,4.82013E+11,28839,0.13962263887504456,0.055240792,0.22286262994368272
1356,4.82013E+11,35208,0.3436055417009932,0.054393305,0.028199565854668485
1357,4.82013E+11,26103,0.26680671708389253,0,0.006125574
1358,4.82013E+11,0,0.24693041955074463,0.29021372002009316,0.07061197
1359,4.82013E+11,41950,0,0.13402061658290698,0.19070208547720982
1360,4.81577E+11,106509,0.49441785889618933,0.023374726,0.11852067525183262
1361,4.81577E+11,53632,0.076744185,0.059633027067025786,0.20216836605759972
1362,4.82015E+11,70096,0.20295767362081757,0,0.190008539
1363,4.82015E+11,48772,0.3161156992136808,0.032457496,0.071065989
1364,4.81577E+11,63300,0.019999999789473685,0.028301887,0.1970853560230024
1365,4.81577E+11,43352,0.25314861301543695,0.046441495,0.2124145773780491
1366,4.82015E+11,42083,0.21443089212976738,0.11433172210682993,0.077244258
1367,4.82015E+11,80625,0.2667740189652495,0.014807959,0.076425394
1368,4.82015E+11,21824,0.3432657905645662,0.021948608019547067,0.079061148
1369,4.81577E+11,77125,0.601959037,0.02155806,0.15356131528302916
1370,4.82015E+11,84348,0.25772097839339203,0.015416238358601037,0.14233087695133664
1371,4.81577E+11,150473,0.5462897487894718,0,0.2740186905644161
1372,4.82015E+11,59097,0.17440912653293295,0.074523396,0.2307692297548605
1373,4.81577E+11,107327,0.3509700160891974,0.051140544,0.14180929037567525
1374,4.81577E+11,0,0.679886679,0,0.2722852501122964
1375,4.81577E+11,72500,0.074340527,0,0.21007806806190157
1376,4.81577E+11,105905,0.5787781313261856,0.004828585,0.24032674015336739
1377,4.81577E+11,117316,0.7408163189712621,0,0.18311776594201656
1378,4.82015E+11,84775,0.22107437864273843,0.046169457,0.057155322612760365
1379,4.82015E+11,44677,0.314199394,0.068902159,0.054136485
1380,4.82014E+11,0,0.0369515,0,0.19354838412368075
1381,4.82014E+11,231510,0.7899543306853486,0,0.6445523158330512
1382,4.82014E+11,89890,0.45682210313625127,0.006912442,0.2752880904270929
1383,4.82015E+11,51213,0.17943924898244396,0,0.17147192456036534
1384,4.82014E+11,33333,0.1319681441186787,0.13278388156791318,0.15336013697093545
1385,4.82014E+11,103750,0.2941176355247986,0.17263843085868305,0.1859903359179911
1386,4.82014E+11,69076,0.15892857000956634,0.089615931,0.17696777508205086
1387,4.82014E+11,44231,0.19083969283549912,0.030728122707226968,0.20191082673942148
1388,4.82014E+11,62375,0.14963744133396545,0.009351621,0.2572839493467459
1389,4.82014E+11,250001,0.7115384543366553,0.020696143,0.6938053056412666
1390,4.82013E+11,35069,0.2401656264976061,0.18749999720982147,0.21428571262200535
1391,4.82014E+11,67528,0.7797537566364312,0,0.41513592641340247
1392,4.82013E+11,65586,0.8351351238495254,0.03539823,0.3475177269755043
1393,4.82013E+11,40081,0.9066147742332714,0.016141429545415607,0.376051778
1394,4.82014E+11,176563,0.7614503671478938,0,0.738396617
1395,4.82013E+11,38319,0.10131108341703118,0.138132294,0.079259259
1396,4.82013E+11,41770,0.16794871579552928,0.0374269,0.10086956434026466
1397,4.82013E+11,36563,0.049804687,0.07569386,0.19718309732917352
1398,4.82014E+11,59931,0.575719642,0.027663934,0.34540389651435566
1399,4.82014E+11,56860,0.8316373651097376,0.018348623700178285,0.4151857801681278
1400,4.82014E+11,250001,0.8840830373349219,0.068386322,0.5943458212074568
1401,4.82014E+11,195149,0.7445454477768596,0,0.6721623292824203
1402,4.82015E+11,0,0.11924342007201134,0.008679479,0.15015014902289678
1403,4.82014E+11,63939,0.21937984326062138,0.031417112089457806,0.3219866053460569
1404,4.82014E+11,250001,0.818635594,0.036682615,0.7209533195535917
1405,4.82014E+11,0,0.8210331951838894,0.015437392531091039,0.508970722
1406,4.82014E+11,228304,0.9555189377634354,0.037219100862225414,0.6949069505636291
1407,4.82014E+11,40897,0.138039215,0.053472648718668414,0.096104841
1408,4.82014E+11,43589,0.10541516169375335,0.090268885,0.12213740386296298
1409,4.82014E+11,40563,0.18501170526904673,0,0.1989683109877059
1410,4.82013E+11,34301,0.19612068754180295,0.020202019997959394,0.049475261997936566
1411,4.82014E+11,82286,0.7794561855039659,0.005852843,0.4698412668581507
1412,4.82013E+11,63692,0.7816826327829326,0.016079159,0.31086657282760266
1413,4.82013E+11,84188,0.028169013904167647,0.064206269,0.2423398317440119
1414,4.82013E+11,31250,0.1283124110416679,0.046336206397239156,0.1982248506048458
1415,4.82014E+11,250001,0.8434004379932837,0.021803765888961685,0.6813768695377151
1416,4.82013E+11,0,0.010752688043576009,0.028347995812825065,0.19624706648751317
1417,4.82013E+11,56761,0.7079365004451165,0.1374449327097363,0.41829185999803725
1418,4.82013E+11,35814,0,0.047565118374120974,0.17935702047921304
1419,4.82013E+11,0,0.14137930912604044,0,0.089132134
1420,4.82014E+11,77132,0.063706563,0.081366964,0.34061433214597725
1421,4.82015E+11,0,0.2136953929906093,0.11991657852016081,0.1380915427611207
1422,4.82015E+11,53182,0.1310526308891967,0.055698371655105515,0.16335630254010416
1423,4.82014E+11,87708,0.25469168730099406,0.026853473,0.3280825620419198
1424,4.82014E+11,32048,0,0.14503816683176973,0.1715846985159306
1425,4.82014E+11,0,0.4468085046966954,0.070154577,0.2577002040159127
1426,4.82014E+11,43581,0.2731229567668884,0.027482269259908963,0.2144592939583275
1427,4.82014E+11,24828,0.067441859,0.15631691314096546,0.15794669143191814
1428,4.82014E+11,43422,0.10458452572228473,0.080628271,0.11856474166486161
1429,4.82014E+11,52727,0.32782608410586017,0.027272727066115703,0.29236498887420864
1430,4.81577E+11,125394,0.548932379,0.091254752,0.3689991848291327
1431,4.81577E+11,0,0.2355371881360563,0.11194029781131656,0.2168004927930791
1432,4.81577E+11,57331,0.40230547318555926,0.012979989113142298,0.2698063368406411
1433,4.82015E+11,34362,0.074971164,0,0.1492322449652963
1434,4.82015E+11,54622,0.13421210225157518,0.009523809,0.13450292341477474
1435,4.81577E+11,137841,0.6316614321056202,0.01993865,0.31904470104687876
1436,4.82015E+11,54420,0.24396929690806307,0.021946565,0.08456486
1437,4.82015E+11,49643,0.12067156221750722,0.065642458,0.16821946082702144
1438,4.82015E+11,29695,0.11306901449237865,0.11229314288069571,0.094801222
1439,4.81577E+11,70469,0.2957474207748233,0.11663807840206655,0.13020030766486784
1440,4.82013E+11,41540,0.24734981895141664,0.048780487,0.1355252595386908
1441,4.82014E+11,181111,0.8990227866608667,0,0.6535874366189749
1442,4.82013E+11,26319,0.14401622571991657,0.10158201414169847,0.17989417894235885
1443,4.82013E+11,29773,0.3905908053545864,0.093378607,0.076834199
1444,4.82014E+11,61098,0.746166944,0.026129943,0.4670781860968574
1445,4.82014E+11,58952,0.7869643887328643,0.043599776,0.5391079473877961
1446,4.82013E+11,52554,0.18433179440350547,0.03626943,0.068058076
1447,4.82013E+11,47219,0.1649365609580558,0.10023309945428828,0.20877659435653861
1448,4.82013E+11,70300,0.5752380842811794,0,0.09408602
1449,4.82013E+11,56444,0.12542372668773344,0.053030302360728504,0.18357487774899456
1450,4.82015E+11,48389,0.15784008143468245,0.17281272470851247,0.13429752
1451,4.81577E+11,220087,0.800478844,0.022405660245249644,0.4159779591406173
1452,4.82015E+11,86083,0.22204125829510718,0.08063209,0.22463099527384225
1453,4.81577E+11,0,0.2503477034050925,0.013377926346834301,0.37209302162311086
1454,4.81577E+11,132208,0.4611801206430115,0,0.21901443395214318
1455,4.81577E+11,136508,0.84237132,0.009230769,0.3368257650879869
1456,4.82015E+11,34665,0.1433486222093048,0.1354062172978313,0.083333333
1457,4.82015E+11,0,0.11830985748859356,0,0.099282295
1458,4.82015E+11,73361,0.3226703710337918,0.057692307039679785,0.24709784274683338
1459,4.82015E+11,57554,0.13999999903448276,0.045682731,0.074680307
1460,4.82014E+11,74635,0.8179775097083706,0,0.4859550493545639
1461,4.82013E+11,30846,0,0,0.16438356
1462,4.82013E+11,66250,0.1482381512972278,0.004197272,0.25307125151676135
1463,4.82013E+11,58463,0.23536035770990588,0.043290043,0.1966357297178902
1464,4.82013E+11,73646,0.5130970645131423,0.017241379062623866,0.10526315715604802
1465,4.82013E+11,69804,0.5599078298010152,0.013258897325478735,0.10062111738744647
1466,4.82013E+11,63790,0.1068322968095367,0.048019207,0.26055408799106805
1467,4.82013E+11,132853,0.6096892083209396,0,0.5264986922111321
1468,4.82014E+11,180221,0.9016018203478053,0.084521384,0.5653436537720847
1469,4.82013E+11,89304,0.077097505,0.1168599454338988,0.2231543611680405
1470,4.82014E+11,250001,0.8187499926897323,0.017474186,0.6268958512290402
1471,4.82014E+11,72295,0.14934288949411123,0.034849951,0.28537170035674103
1472,4.82014E+11,157873,0.8552763733138053,0,0.625410727
1473,4.82014E+11,50362,0.11382113512679852,0,0.1910828001135949
1474,4.82015E+11,54258,0.26296295322359436,0.1484018230958488,0.068456375
1475,4.82014E+11,30905,0.1375921342114955,0,0.1756440260463229
1476,4.82014E+11,44875,0.06148282,0.085642316,0.092320966
1477,4.82014E+11,42432,0.099683543,0,0.15090908999449038
1478,4.82014E+11,29604,0.1290322563995838,0.090694934,0.17427701541646107
1479,4.82014E+11,46080,0,0.050653594,0.23839496271915844
1480,4.82015E+11,92404,0.17401391909496614,0.19181034276066442,0.1601123580513824
1481,4.82015E+11,76625,0.2183098560801429,0.014884979500879844,0.2885788989661822
1482,4.81577E+11,124936,0.5328467120873072,0.045414069,0.4174545439365289
1483,4.81577E+11,144360,0.5887323916021953,0.015825491805707904,0.43152769193083473
1484,4.81577E+11,116875,0.5107594904382311,0.018491484,0.3947872733047632
1485,4.81577E+11,96130,0.5966633935339765,0,0.42297650007839716
1486,4.82015E+11,103750,0.31543623631818396,0.024549917765140462,0.051233396
1487,4.82015E+11,59583,0.2084063035119305,0.037002775036989934,0.11759619490879292
1488,4.82015E+11,28620,0.32547528269600545,0.023288309160278017,0.11326860795603313
1489,4.82015E+11,31505,0.22203532193410158,0.032539221193845315,0.13793103369005152
1490,4.82014E+11,43409,0.10407239583546617,0.08064516,0.13918918730825422
1491,4.82015E+11,72981,0.44555278100122375,0.069832402,0.1677215181027346
1492,4.82014E+11,29778,0.089447235,0,0.03192446
1493,4.82014E+11,0,0.15923566371860945,0,0.17084826558126326
1494,4.82014E+11,68295,0.20576131475554205,0.093346573,0.20952380786092217
1495,4.82014E+11,67717,0.15760869393903593,0.034126163039026235,0.1825396815048771
1496,4.82015E+11,42772,0.10347376124557457,0.016201117,0.12499999941914497
1497,4.82014E+11,60676,0.018095237922902498,0,0.11496913491536162
1498,4.82014E+11,30015,0.093398876,0.083380925,0.098130841
1499,4.82014E+11,151033,0.6939843008371028,0.007686395,0.6122994611477309
1500,4.82013E+11,0,0.5460636424444951,0.03313253,0.2242677805500604
1501,4.82014E+11,149688,0.9335863200458004,0.035523978,0.5439932272081791
1502,4.82013E+11,38690,0.099447512,0.056756756,0.18440905126228793
1503,4.82013E+11,143693,0.6548431015710354,0.016169154,0.14453583848959062
1504,4.82014E+11,233482,0.8540816239379426,0.056621004,0.7468793290785067
1505,4.82014E+11,250001,0.9083969326962301,0.028315945926737023,0.7632398694451724
1506,4.82013E+11,62232,0.048022598,0,0.18563685385315917
1507,4.82013E+11,94931,0.9211563610886155,0.029867256,0.5095985993926824
1508,4.82014E+11,250001,0.8171745039172507,0.014379085,0.7488151587790033
1509,4.82013E+11,75579,0.075089391,0,0.22151276904954437
1510,4.82014E+11,238472,0.9290187794465681,0.1215805458806429,0.6894223504169367
1511,4.82014E+11,187019,0.9053461796201037,0.033987915,0.6910081706212089
1512,4.82014E+11,52674,0.2869565134215504,0.015841583844721112,0.16292682767876265
1513,4.82014E+11,66106,0.3892068651741058,0.011196641,0.24746008528693697
1514,4.82014E+11,48462,0.078411404,0.02994012,0.18609513755308343
1515,4.82014E+11,35263,0.1385767738360759,0,0.10048622203425897
1516,4.82014E+11,59476,0.3223223207090975,0.039247096,0.1357653247996791
1517,4.82014E+11,29375,0.034620506,0.030805687,0.10218978
1518,4.82014E+11,52212,0.16443252757432952,0.090520313,0.29289215506806277
1519,4.82014E+11,42383,0.18749999825093286,0.056195965012997375,0.12038834893015364
1520,4.82015E+11,63333,0.20491345502560884,0.014896684214816509,0.14106019703027764
1521,4.82014E+11,26715,0.0234375,0.020242914706573353,0.15442846211636288
1522,4.82014E+11,58147,0.15473032577603602,0,0.20689655023781214
1523,4.82014E+11,39029,0.053664921,0.017274472,0.19346517460477064
1524,4.82014E+11,70076,0.3323740959370634,0.10909090767414406,0.36782901723476924
1525,4.82014E+11,41515,0.048859934,0.21428571145124722,0.057366361703176515
1526,4.82014E+11,175526,0.8526477294501326,0.014603616031963727,0.6008502569633903
1527,4.82014E+11,250001,0.8526100219794266,0.021409455652011994,0.6962551962811706
1528,4.82014E+11,30152,0.21110393666169183,0.064115822,0.30492957531739734
1529,4.82014E+11,31087,0.098557691,0.008781559,0.14261314993498592
1530,4.82014E+11,250001,0.9327433463231266,0.030882352,0.7297570776340377
1531,4.82013E+11,11871,0.070422534,0.032407407,0.051948051
1532,4.82014E+11,159304,0.8977832401750833,0.00201005,0.5958904058571027
1533,4.82013E+11,69861,0.7631055025673159,0.044307692035029586,0.5082048706702891
1534,4.82013E+11,82500,0.5910064113274859,0.023444544423403567,0.285356695
1535,4.82013E+11,47083,0.19672130686835348,0.061224489,0.30528586509939737
1536,4.82013E+11,0,0.7609170222607312,0.024691358,0.12278106327246949
1537,4.82013E+11,157250,0.4175257516739303,0.018921475696107137,0.36472760681104516
1538,4.82013E+11,58277,0.12851782243416676,0.030030029804579358,0.28669154050564966
1539,4.82013E+11,32929,0.5383304848666016,0.052859618,0.091133004
1540,4.82014E+11,39193,0.059273421428806476,0,0.17053364071306681
1541,4.82014E+11,34500,0.052631578,0.007352941,0.14099782927334242
1542,4.82014E+11,52396,0.21132075072979717,0.066037735,0.17218542856307475
1543,4.82014E+11,34691,0.11827007839126144,0.009545199,0.1006289303307744
1544,4.82014E+11,57826,0.2897959144245454,0,0.079999999
1545,4.82015E+11,44891,0.23330283409603994,0,0.13392250078910606
1546,4.82015E+11,64153,0.27455356530014363,0,0.13645906132638866
1547,4.82014E+11,31538,0.018461538319526627,0.042525773,0.1650671774467871
1548,4.82015E+11,53875,0.13396226162335356,0,0.11802973868002102
1549,4.82014E+11,55399,0.1379310324148271,0.046783625,0.19919028178793294
1550,4.82015E+11,29242,0.098360655,0.072149344,0.1321279550343256
1551,4.81577E+11,250001,0.9129129101714326,0.023840373091888124,0.4946327669643142
1552,4.81577E+11,195935,0.6861042141060533,0.016674177482315557,0.4315318958491186
1553,4.81577E+11,194191,0.7324324274835647,0.050732806929352836,0.373411836
1554,4.82015E+11,76591,0.332321695,0.022779043,0.11861969720618479
1555,4.81577E+11,108203,0.6666666629255519,0.012981199583790511,0.4080732686293308
1556,4.82015E+11,80500,0.036247334,0,0.31019829588954256
1557,4.82015E+11,50657,0.18301886619793523,0,0.1760242783205651
1558,4.82015E+11,80703,0.2718160361331602,0.017621145,0.2483266382307454
1559,4.82015E+11,72375,0.3553770064562608,0.069725596,0.2783375303176426
1560,4.82014E+11,33789,0.12109374763488774,0.040883977,0.18206896426159336
1561,4.82014E+11,37044,0.040298507,0,0.071551724
1562,4.82014E+11,39868,0.1255605353013333,0.014109347193838674,0.23843058110230805
1563,4.82014E+11,250001,0.9657039536876543,0.026402639828339278,0.7201257786150338
1564,4.82014E+11,35294,0.24415584098498908,0,0.088871096
1565,4.82014E+11,31307,0.075388025,0,0.152671754
1566,4.82014E+11,46129,0.11631663786241296,0.080272108,0.1565789453081718
1567,4.82014E+11,54779,0.1707317038469166,0.017361111,0.2237569029867831
1568,4.82014E+11,33279,0.046153845,0.052919707,0.080485115
1569,4.82014E+11,33646,0.105480868,0.019607842983467898,0.1603718758839519
1570,4.81577E+11,189755,0.7448275776456601,0.025616698,0.454719385
1571,4.82015E+11,0,0.095348836,0.029654035999554892,0.06862745
1572,4.82015E+11,30638,0.3347732109120257,0,0.033333333
1573,4.81577E+11,127639,0.8026706112363411,0,0.5823863581213413
1574,4.82015E+11,36600,0.1551383383879611,0.011814346,0.18131868021172967
1575,4.82015E+11,22420,0.619909474,0.43891400728895896,0.046852122300847406
1576,4.81577E+11,223807,0.9551820460733321,0,0.5313111494000866
1577,4.82015E+11,44770,0.25361619813291997,0.021616541150220478,0.09602888
1578,4.82015E+11,33636,0.3002577280894623,0.037825059,0.11990211973978696
1579,4.81577E+11,245163,0.8169398683896212,0,0.5834411308739827
1580,4.82014E+11,41198,0.035426731,0,0.084441873
1581,4.82014E+11,31115,0.08924485,0.019398641906899692,0.13305237728445288
1582,4.82014E+11,70313,0.2309368166564617,0.043898155892026725,0.1884646613447225
1583,4.82014E+11,155278,0.7411167418640008,0.012779552579557481,0.5674381439150986
1584,4.82014E+11,38322,0.016744186,0.048484848,0.25899843302818126
1585,4.82014E+11,28795,0.055722891146664975,0.05500618,0.127069133
1586,4.82014E+11,37782,0.18581080871834676,0.017101710017086318,0.11473183900385717
1587,4.82014E+11,40280,0.070151306,0.048831168577500424,0.14384449181924625
1588,4.82014E+11,149000,0.8182973212414572,0.020606060356290177,0.5667600320563956
1589,4.82014E+11,33148,0.019685038595077222,0.03253796,0.1370106737186713
1590,4.82013E+11,100714,0.5603015004987248,0.088910133,0.13333333214814816
1591,4.82013E+11,47244,0.30597889441994264,0.08108108,0.19031141649006442
1592,4.8202E+11,0,0.4100719129444667,0.032684284,0.3478413466204235
1593,4.82014E+11,250001,0.9415448753492185,0.052215189,0.769568392
1594,4.82013E+11,45338,0.089910089,0.098072086,0.23803363364790664
1595,4.82013E+11,47566,0.04113924,0.050420167361062085,0.2777340654780955
1596,4.82013E+11,92262,0.38335703852519887,0.020475561291442793,0.33681072858017524
1597,4.82013E+11,33958,0.037537537,0.036848792416152576,0.3570843541598333
1598,4.82013E+11,81086,0.7657657571422776,0.005107252,0.4495317330954034
1599,4.82013E+11,90029,0.13583814832603833,0.054499366,0.21592774863770323
1600,4.81577E+11,149152,0.6742634759629601,0,0.3739324159898536
1601,4.82015E+11,68287,0.26152482,0.010122921,0.2425421519993854
1602,4.82015E+11,38542,0.3132911293262301,0,0.17975830544171745
1603,4.82015E+11,74510,0.20183486070196113,0.0199071,0.26486860121114386
1604,4.81577E+11,181165,0.7434599093378911,0.18327183159119415,0.5401534499224887
1605,4.81577E+11,250001,0.834701045,0.034285714,0.28444444286419757
1606,4.81577E+11,248750,0.8785549509719066,0.063069376,0.4593103416599287
1607,4.82015E+11,34722,0.13051823165991877,0.2732142808354593,0.22191011028174054
1608,4.81577E+11,197660,0.6726762793562648,0,0.3519053867229819
1609,4.81577E+11,208162,0.517799336,0,0.6579710049569419
1610,4.82013E+11,38021,0.26989247,0.022556390765447454,0.30573951266148175
1611,4.82014E+11,250001,0.9791394917973991,0.017199016987727064,0.6937869771169602
1612,4.82014E+11,148194,0.9009100010019211,0.007993605,0.7410196944320991
1613,4.82013E+11,0,0.39999999245283036,0.089005234,0.15945611669399115
1614,4.82013E+11,73379,0.5778337502376134,0.3052724842477958,0.4124926316293893
1615,4.82013E+11,70773,0.059386973,0.063909774,0.35819935460965047
1616,4.82014E+11,250001,0.9403669509090149,0,0.8603603474420368
1617,4.82013E+11,0,0.25584794947590717,0.13919821774610905,0.31318923618617284
1618,4.82014E+11,201607,0.9100345863315816,0.071117561,0.85255647
1619,4.82013E+11,59330,0.7333333211111114,0.080867849,0.35535116759739827
1620,4.82014E+11,250001,0.8862068863654381,0,0.788805964
1621,4.82014E+11,250001,0.882418803,0.012115563726788781,0.687734664
1622,4.82014E+11,31590,0.24109588820916997,0.086462881,0.19501278647690035
1623,4.82014E+11,41406,0.114478114,0.020516214291752388,0.11366245629355651
1624,4.82014E+11,96639,0.8836930349677095,0,0.4497237519367541
1625,4.82014E+11,32163,0.07280832,0.063660477,0.18289085437822505
1626,4.82014E+11,44515,0.1894484389754384,0.04154002,0.19679300004674927
1627,4.82014E+11,41653,0.068807339,0.047406081865777445,0.14362336028829942
1628,4.82015E+11,0,0.4343597984706678,0.06372549,0.13591495720641641
1629,4.82015E+11,53841,0.5566037683339268,0.11277532940286053,0.2078754559718365
1630,4.8202E+11,0,0.587786215,0.067819149,0.40602505890155943
1631,4.82013E+11,114837,0.5497967423801144,0.010869565109984535,0.2035623383770695
1632,4.82013E+11,66321,0.8035426666381428,0,0.6259050633475055
1633,4.82014E+11,250001,0.8907849753345992,0.003034901,0.7986406049393322
1634,4.82014E+11,250001,0.944444435,0.047993019,0.749999995
1635,4.82013E+11,38934,0.32690762789632427,0.020596590762808304,0.28706998643493487
1636,4.82013E+11,85486,0.9765258063141502,0.081805359,0.6863406292354026
1637,4.82013E+11,13980,0.063186811,0.037634407590472915,0.026539278
1638,4.82013E+11,120250,0.6459770040692299,0.066091953,0.2005758138140517
1639,4.82013E+11,242546,0.9391955010365248,0.001706485,0.5463150740614261
1640,4.82014E+11,70625,0.5558194642323168,0.035120147225135914,0.38590603595183404
1641,4.82014E+11,39983,0.18852458707336744,0,0.19358288563012957
1642,4.82015E+11,0,0.6148949674417888,0,0.4438622737879406
1643,4.82014E+11,48469,0.254065035,0.1153184145384094,0.2807017513080948
1644,4.82014E+11,40817,0.29548563207269996,0.088657104,0.2935153550225785
1645,4.82014E+11,53115,0.48266666237629635,0.015873016,0.2109938911105281
1646,4.82014E+11,0,0.3824451350713929,0.1696658075878431,0.19449715185486574
1647,4.82014E+11,29359,0.20277481106963915,0,0.12094064814176206
1648,4.82014E+11,68923,0.5867823725848974,0.05640423,0.44309927146198896
1649,4.82014E+11,31837,0.15181932055433725,0.006593407,0.13448275707491084
1650,4.82015E+11,102500,0.5892075809955878,0.032730405,0.3245927678800446
1651,4.82015E+11,46867,0.21446078168552965,0.055036344,0.10656753341655803
1652,4.82015E+11,0,0.5618686797743854,0,0.1665678709747014
1653,4.82015E+11,68514,0.2275494655437636,0.061743341030609314,0.10175267720665687
1654,4.82015E+11,0,0.36237623044799544,0,0.25880923136319284
1655,4.81577E+11,109138,0.6280423247193528,0.033762058,0.5670498066186149
1656,4.81577E+11,206160,0.8623853123100376,0,0.5794824372482327
1657,4.81577E+11,166250,0.7202531599983978,0.011898859633619932,0.4528096005106121
1658,4.81577E+11,100306,0.5573089654708557,0,0.6839729088759687
1659,4.82015E+11,97891,0.4344547538604713,0.003317536,0.24776386293486644
1660,4.82014E+11,44688,0.18635170114562466,0.048832271,0.13758723691338748
1661,4.82014E+11,43155,0.3414012695362896,0.1041916155186633,0.288461537
1662,4.82015E+11,46151,0.3678678623443264,0.14204545252776346,0.17178502714217825
1663,4.82014E+11,29761,0.081445192,0.038791159049205416,0.12221144460615205
1664,4.82014E+11,156500,0.8469601617962254,0,0.5554365262161943
1665,4.82014E+11,37315,0.30331753075327755,0.1401069503731877,0.27159394237227125
1666,4.82014E+11,49604,0.44463086875309676,0.090604026,0.28851063584246267
1667,4.82014E+11,31659,0.298433633,0.2749999982371795,0.14495798217816538
1668,4.82014E+11,25352,0.10877626565171489,0.1265678434826928,0.077603143
1669,4.82014E+11,24306,0.076404493,0.15039999759360004,0.078085642
1670,4.82013E+11,167599,0.8300492508614624,0.005644403,0.4753593380353251
1671,4.82014E+11,87750,0.8643215993535518,0.013761467784698259,0.5935251755861498
1672,4.82014E+11,130753,0.8317580287853936,0.03809995,0.7049180294851614
1673,4.82013E+11,0,0.685445977,0,0.3671328628539294
1674,4.82013E+11,22604,0.41304346030245825,0,0.054572270581529934
1675,4.82013E+11,80048,0.18028845937153296,0.041942604,0.3611302525077171
1676,4.82013E+11,42741,0.04117647,0.087281794,0.3511843424182869
1677,4.82013E+11,73500,0.2874299416538836,0.049933421771415305,0.3112813348796564
1678,4.82014E+11,56395,0.648619951,0,0.5940594020194099
1679,4.82014E+11,220962,0.8114663637104039,0.046169989,0.6556717565915385
1680,4.82014E+11,28830,0.18851435470019534,0.076487251,0.2020579962389336
1681,4.82014E+11,24877,0.5224111202100291,0.1233671970483716,0.20541760490499317
1682,4.82014E+11,72054,0.478468888,0.055023922,0.5066828614011804
1683,4.82014E+11,0,0.8355048723859142,0,0.8064516020638226
1684,4.82014E+11,42750,0.12617449495067792,0.019161676417225434,0.28571428381585195
1685,4.82014E+11,72679,0.4404609446833486,0.042857143,0.49440933157798084
1686,4.82014E+11,51024,0.1883316255032587,0.061447810930573984,0.24361948814605866
1687,4.82014E+11,27719,0.3208128059063251,0.17747077482746665,0.25212636541843036
1688,4.82014E+11,58611,0.8059105366940054,0.011053795,0.48791540416982326
1689,4.82015E+11,65733,0.4697564770639711,0.075917859,0.30567418971522764
1690,4.82013E+11,0,0.41927082787407777,0.031835206,0.34778121416118457
1691,4.82014E+11,250001,0.9104220421152279,0.009587021,0.7847469651835569
1692,4.82013E+11,58750,0.37562188587534967,0.033293698,0.16401468587497325
1693,4.82013E+11,0,0.07832898,0.033942558,0.077946767
1694,4.82013E+11,17766,0.059360727883071784,0,0.1720554252649489
1695,4.82013E+11,47887,0.085190038,0.051759834,0.22819885714589358
1696,4.82013E+11,63633,0.7113163890148223,0,0.38555956400318003
1697,4.82014E+11,0,0.9510869306769857,0,0.7573964385000527
1698,4.82013E+11,42212,0.069005847,0.099000907,0.2896094304376608
1699,4.82013E+11,48105,0.11068210925763051,0,0.28895705344198125
1700,4.82015E+11,53750,0.20496498914726297,0.053622361,0.2089235112682471
1701,4.81577E+11,0,0.9007220054021299,0.048907388,0.5461309483174781
1702,4.81577E+11,146683,0.7430441868124215,0.034220532,0.30323054257652826
1703,4.81577E+11,223393,0.7221742819484531,0.03180212,0.6253968225605586
1704,4.82015E+11,29606,0.39562157626566397,0.026993864865068315,0.16462976157706857
1705,4.82015E+11,31549,0.26722337925654094,0.090989398,0.2136824306276822
1706,4.82015E+11,126411,0.3479020918198935,0.027662517,0.14184397019408337
1707,4.81577E+11,100455,0.7212608113642719,0.015857760615772414,0.4700038193733136
1708,4.81577E+11,0,0.7184615274082842,0,0.6025640974139821
1709,4.82015E+11,0,0.16565040482062598,0.04347826,0.16050420033189747
1710,4.82014E+11,0,0.330033,0.095283926,0.15680165984629638
1711,4.82014E+11,0,0.47101447568788135,0,0.44137930019817706
1712,4.82014E+11,61012,0.696509853,0,0.4025356513068835
1713,4.82014E+11,24357,0.027989821170742467,0.093749998,0.13785557685217556
1714,4.82015E+11,44388,0.19938176043754435,0.051983584,0.19290865268684704
1715,4.82015E+11,0,0.49999999287749297,0.1431767321792312,0.2419127954723939
1716,4.82015E+11,61729,0.33191488655500245,0.017751479,0.1727053119238489
1717,4.82014E+11,93826,0.6124899870897519,0,0.7128099099916332
1718,4.82014E+11,40313,0.082706765,0.12173912831758038,0.13849765149845344
1719,4.82015E+11,70208,0.5011853935458255,0.061206517,0.4095796656423281
1720,4.81577E+11,209075,0.7741228027734496,0.03821656,0.3777913723530395
1721,4.82015E+11,40493,0.5694164951749396,0.053930005427825556,0.14294187341078368
1722,4.82015E+11,0,0.7211981400645591,0.023722627,0.2695530688609907
1723,4.82015E+11,0,0.5879120771444675,0.014059753707209953,0.30572160285464045
1724,4.82015E+11,52042,0.5794978958264039,0,0.1306584348697692
1725,4.82015E+11,83233,0.32154695777296183,0,0.32725199170750296
1726,4.82015E+11,27333,0.15798922658896566,0.2186186173055939,0.15135453385539144
1727,4.82015E+11,52051,0.26030368481232447,0,0.3167013145065744
1728,4.82015E+11,57109,0.4921316095546265,0.047619047091704905,0.23268920907657642
1729,4.82015E+11,0,0.5589353399644358,0.28378377419649414,0.098901097
1730,4.82014E+11,38000,0.5600814549881578,0,0.5199999930666668
1731,4.82014E+11,0,0.7703984673548678,0.11015490343967464,0.7622027439023437
1732,4.82015E+11,81448,0.6601371140045337,0.16745282887222618,0.10097232534800056
1733,4.82014E+11,54912,0.3759999982305882,0.12264957212542917,0.24178297955072947
1734,4.82014E+11,0,0.1843971500427553,0.10043667683682633,0.12121211787294442
1735,4.82014E+11,0,0.42944784749143744,0,0.6269230708949705
1736,4.82015E+11,25880,0.2654745493057146,0.15374840973636075,0.18732590398798118
1737,4.82015E+11,40267,0.1860465080223545,0,0.18181818019769894
1738,4.82014E+11,39500,0.16546761399513568,0,0.21030640375617823
1739,4.82014E+11,85403,0.6732025923790003,0.088235291,0.21858863651310437
1740,4.82014E+11,104643,0.784743196,0.007161458,0.5774248407406418
1741,4.82014E+11,102237,0.8733965372370522,0.021442495022210063,0.6661638981087789
1742,4.82013E+11,41719,0.040562914,0,0.25426621015775763
1743,4.82014E+11,100057,0.7945326208595007,0.17936117789220984,0.6513583399006576
1744,4.82013E+11,37333,0.5462633354757414,0.024347825663516075,0.1685971664273209
1745,4.82013E+11,41659,0.1068447394516738,0.12218649321243581,0.23556941910188114
1746,4.82013E+11,53659,0.1517671486119096,0.084337348,0.049518568782413085
1747,4.82013E+11,23589,0.095652171,0.1913696024133283,0.2858141140054919
1748,4.82013E+11,50375,0.15086206571417962,0.023706896040799657,0.052770447852632615
1749,4.82014E+11,85063,0.7465277725935572,0.018364928801155634,0.6091228027429979
1750,4.82014E+11,53504,0.5692761199827182,0.06602641,0.24681583391801776
1751,4.82014E+11,49545,0.596590898,0.057657656618780966,0.31055900299628364
1752,4.82014E+11,121480,0.8337930976979786,0.016696481713199273,0.437093914
1753,4.82014E+11,119342,0.6631355861955976,0.070974576,0.5932835765551905
1754,4.82014E+11,46964,0.14193548203954218,0.075588599,0.2841429854798993
1755,4.82014E+11,0,0.31317128144052414,0.062711046,0.26397248381783106
1756,4.82014E+11,37625,0.3844221008939171,0.12755101823892825,0.2318244138295691
1757,4.82015E+11,49821,0.5265049368687786,0.032952252636501325,0.2362869185849846
1758,4.82015E+11,65927,0.1384976493310411,0.003952569,0.1109693863396762
1759,4.82014E+11,53081,0.4242021220185888,0,0.14252061080658882
1760,4.82014E+11,91761,0.6503759276245127,0.069510267,0.5326530557892546
1761,4.82014E+11,0,0.096958174,0.046737213,0.14605543554311903
1762,4.82014E+11,129375,0.9051428467983675,0.059978189,0.49110595134488827
1763,4.82014E+11,119412,0.6317957114349612,0,0.6055995093998813
1764,4.82014E+11,122527,0.7594095884914421,0,0.5593869688935864
1765,4.82014E+11,59573,0.6271676209946876,0.095674966,0.3319268589039823
1766,4.82014E+11,157292,0.7843137188038046,0,0.8279069703263026
1767,4.82014E+11,50742,0.36711280719777434,0.032520324938859146,0.32192575219300607
1768,4.82014E+11,52917,0.5560165898199642,0.027479091666916467,0.30454545177685954
1769,4.82014E+11,25439,0.1289099513847398,0.022116903458792234,0.1319444434263546
1770,4.82014E+11,101967,0.8882882802856912,0.035601266,0.6617100330749068
1771,4.82013E+11,59250,0.35020407877384424,0.091844813,0.4400288985547045
1772,4.82013E+11,42976,0.065454544,0,0.32310838115431106
1773,4.82014E+11,64340,0.6126984078357269,0.059508408,0.5397008024182923
1774,4.82014E+11,46368,0.9999999386503104,0,0.6969695913682437
1775,4.82013E+11,59667,0.3891050507956216,0.024604569,0.41289022746334114
1776,4.82013E+11,40880,0.23536299490207266,0.073170731,0.066972476
1777,4.82013E+11,21149,0.048979591,0.14513556387343599,0.32899022444093134
1778,4.82014E+11,121014,0.8905228685414799,0.031862744837722674,0.658309034
1779,4.82014E+11,62188,0.4888888824981846,0.18967586807111803,0.5577841398492441
1780,4.82014E+11,78404,0.7650684879104899,0.032311978,0.59483994
1781,4.82015E+11,54375,0.5657370405231665,0.032075471,0.20478325553388257
1782,4.82014E+11,98977,0.6075085255118484,0.032908705,0.533070862
1783,4.82014E+11,101380,0.7205970106233014,0.020441989,0.664766245
1784,4.82015E+11,46071,0.18083461853424082,0.025949953420297003,0.11633281882640356
1785,4.82015E+11,85673,0.4378029008432488,0,0.37040714627202437
1786,4.82014E+11,66810,0.6088560810718809,0.07497467,0.3090452235423348
1787,4.82014E+11,60250,0.6703910520895104,0.09668874,0.3996333602233423
1788,4.82015E+11,0,0.31167108339958777,0.025821595941061082,0.17952313913712287
1789,4.82014E+11,66202,0.5735492500195782,0.023337223,0.2109862645320067
1790,4.82014E+11,116528,0.8091787374462259,0,0.6858262528685418
1791,4.82014E+11,64948,0.6505101874869851,0.029515938,0.6447058747681662
1792,4.82013E+11,28365,0.133898303,0,0.4136291535082543
1793,4.82013E+11,29240,0.46507352513719186,0,0.334878328
1794,4.82014E+11,146649,0.9538461405056484,0,0.5862831793552746
1795,4.82013E+11,133786,0.6442542708526373,0.021556885969378613,0.400999996
1796,4.82013E+11,46448,0.015624999694824225,0.028006589324438398,0.23600972948893273
1797,4.82013E+11,60389,0.002252252,0.026104417,0.34310018579300394
1798,4.82012E+11,36250,0.045255474,0.11369508897034769,0.19244288055849842
1799,4.82013E+11,113456,0.7420020563260882,0.09680542,0.28560605844237835
1800,4.82014E+11,41172,0.4074074023776864,0.13028168861171727,0.27596438896177655
1801,4.82014E+11,40678,0.2859350805883295,0.1180637530334858,0.2734530910833025
1802,4.82014E+11,32144,0.7804053966170563,0.026192703,0.36460905049704484
1803,4.82015E+11,31804,0.2248939147822643,0,0.17664092493589842
1804,4.82014E+11,59531,0.33062879989220284,0,0.36863378845081823
1805,4.82014E+11,39219,0.2414698131040707,0,0.24803591191878888
1806,4.82014E+11,75734,0.7025723359715059,0.11111110969206757,0.447537468
1807,4.82014E+11,68625,0.3195067228754852,0.020703933533085576,0.636809808
1808,4.82014E+11,119399,0.7964601628945104,0.097810218,0.47410357936117425
1809,4.82015E+11,29574,0.2269129227727461,0,0.11005692390783826
1810,4.81577E+11,142841,0.6068181680268598,0,0.5589482564974703
1811,4.81577E+11,171010,0.6428571353295418,0,0.5024201306638904
1812,4.81577E+11,166299,0.9260542985207724,0.009019166,0.6721153781527368
1813,4.81577E+11,109115,0.7342192630048234,0.066358024,0.7101063792015618
1814,4.82015E+11,38871,0.49318181444559234,0.19314205603119625,0.23564593160498845
1815,4.81577E+11,120991,0.7870228977594546,0.035739313,0.360712386
1816,4.81577E+11,102356,0.6780021181933887,0.004651163,0.5882352897376375
1817,4.82015E+11,190630,0.38656986594247067,0.046367851,0.4740973237975303
1818,4.82015E+11,202083,0.7206896502021404,0.018971848109107417,0.5074850280408494
1819,4.82015E+11,35406,0.5187265869033091,0.039861351,0.424981519
1820,4.82013E+11,46654,0.050209204,0,0.2420382146334537
1821,4.82014E+11,147688,0.7955482209765192,0.007109005,0.7955438952091233
1822,4.82013E+11,33194,0.043233081894115004,0,0.2089761541518071
1823,4.82014E+11,67432,0.9107856070467962,0.015021459066293359,0.7107569664481517
1824,4.82014E+11,89940,0.781973194,0.044468546155438764,0.6262083713618865
1825,4.82014E+11,71566,0.7793263556408089,0.020427112,0.713886293
1826,4.82013E+11,0,0.4655737628594465,0.067213114,0.4711907750167635
1827,4.82014E+11,71667,0.9251207506009481,0,0.596986806
1828,4.82014E+11,151683,0.9005934584481683,0.053108808,0.7054545390413224
1829,4.82013E+11,125827,0.6631944367685829,0.13311330986674028,0.3462578868687296
1830,4.82014E+11,74625,0.7404169418936318,0.015384615,0.24287222680637685
1831,4.82014E+11,54806,0.4007633511304704,0.010291595020727358,0.33296213437681366
1832,4.82014E+11,48179,0.5075862033959573,0.041666666,0.5130656436388423
1833,4.82014E+11,57078,0.728813544,0.16436251667645904,0.29999999659090915
1834,4.82014E+11,75329,0.5219638197935933,0.014858840900008611,0.5037338730228522
1835,4.82014E+11,0,0.2784552788931854,0.024739583011203346,0.32512314737072007
1836,4.82015E+11,68336,0.6200716790316158,0.10213078543621759,0.5632440434282437
1837,4.82014E+11,146691,0.6634241116065348,0,0.6310160343447054
1838,4.82014E+11,63631,0.448931106,0.029227557,0.38038792693547496
1839,4.82015E+11,126000,0.7080924804328578,0.042826552,0.6025179819992926
1840,4.82014E+11,95850,0.7655236258987616,0,0.6402289399817749
1841,4.82014E+11,110641,0.7132867008166661,0,0.7261503846672236
1842,4.82013E+11,39028,0.18227847639801326,0.095465392,0.3394039678906628
1843,4.82014E+11,95568,0.7835276910821597,0.043193716994805516,0.6638198706225166
1844,4.82013E+11,49135,0.1472972953067933,0.030112923085157804,0.33105801482836156
1845,4.82013E+11,0,0.15332197353795615,0,0.3018080646605837
1846,4.82013E+11,36202,0.047872339788931656,0.016069221062185154,0.29142856809795925
1847,4.82013E+11,40917,0.062196306489831814,0.086655112,0.20912124466562157
1848,4.82013E+11,160127,0.8071030584463575,0.027322404184956257,0.4721115506499897
1849,4.82014E+11,0,0.91977076,0,0.7274939084246483
1850,4.82014E+11,85729,0.7494373537176493,0.032640949312752604,0.6857601676351169
1851,4.82015E+11,127841,0.5582255031587292,0.010887772103117487,0.608046719
1852,4.82015E+11,0,0.15763546409764867,0.088388213,0.11077843979705271
1853,4.82014E+11,86250,0.5410052838491365,0,0.5456081034999316
1854,4.82015E+11,46909,0.4343661947359651,0.044783983,0.23784722015757623
1855,4.82014E+11,75994,0.6433566396074788,0.057390362,0.4510769203010651
1856,4.82014E+11,102321,0.8298396989528996,0.004928806,0.7154761876369992
1857,4.82014E+11,58988,0.4684354943418528,0.2119205280470155,0.3177623972447382
1858,4.82014E+11,83438,0.8847480960334845,0.032032615,0.6180522535959513
1859,4.82014E+11,121636,0.5606060511682484,0.080991734,0.5674460380625357
1860,4.82013E+11,63963,0.064372918,0.086666666,0.27520161012901606
1861,4.82013E+11,94085,0.7964519066624473,0,0.4284253534925833
1862,4.82012E+11,25035,0.15112539949959167,0.036641221,0.088353413
1863,4.82014E+11,101522,0.8122253263594673,0.005796301,0.569686409
1864,4.82014E+11,165735,0.5899632730726649,0.039643210707203065,0.6350043919524679
1865,4.82014E+11,250001,0.9039450959872196,0.051798560405776115,0.8255959745847431
1866,4.82014E+11,250001,0.9156908450657882,0.11479028444171559,0.8503401244851684
1867,4.82014E+11,214172,0.8962739083960332,0.047619047,0.7701923002866126
1868,4.82014E+11,172805,0.7891036768171587,0,0.6565464833344736
1869,4.82014E+11,187396,0.8528735436121025,0,0.690860206
1870,4.82015E+11,95365,0.59418604,0.031413612236506676,0.3517673868200263
1871,4.82015E+11,65192,0.5475708474313217,0.073785518,0.30308146769488614
1872,4.82015E+11,72137,0.5132743324979769,0.054545454,0.481774262
1873,4.82015E+11,81073,0.5141727059052558,0,0.21611341557360506
1874,4.81577E+11,174434,0.8247126420982517,0.047002724715594815,0.3399827470994363
1875,4.81577E+11,78530,0.6572237929309547,0.1321443042880247,0.3145968207339705
1876,4.82015E+11,208963,0.7363112338882476,0.064415259,0.4081632631140534
1877,4.82015E+11,49979,0.6133625343552844,0.022022021801581363,0.21922841261954432
1878,4.82015E+11,135514,0.6729876134946299,0.13416422238209594,0.5130340314517232
1879,4.82015E+11,132019,0.6824104178956807,0.038273615,0.689803436
1880,4.82014E+11,177448,0.7767857065795069,0,0.832528174
1881,4.82014E+11,78919,0.554257092,0,0.548256281
1882,4.82014E+11,133750,0.9342313713610827,0.037177541,0.6525951511931132
1883,4.82015E+11,37593,0.137681157,0,0.23580246622466092
1884,4.82015E+11,39643,0.1176470566608997,0.21751824499973366,0.089579524
1885,4.82014E+11,118011,0.7342256073761835,0,0.5124333879890463
1886,4.82014E+11,92756,0.7212276122605165,0.057716436,0.551443371
1887,4.82015E+11,46728,0.1434599125852339,0.084507041,0.14844648851039716
1888,4.82014E+11,194674,0.5675821186452229,0.060999039,0.7119514439217952
1889,4.82014E+11,68542,0.7524850819832497,0.050695824545767154,0.6336805500548564
1890,4.82013E+11,56623,0.13594040715194775,0.013157894520429368,0.33982683737498676
1891,4.82013E+11,51051,0.2581775670773649,0.066530194,0.32644627829383244
1892,4.82013E+11,150260,0.779935267,0,0.5551118166524616
1893,4.82014E+11,142604,0.8065152931242321,0.009556907,0.7069988053736797
1894,4.82014E+11,0,0.878571418,0.029612756,0.6640624935150147
1895,4.82014E+11,93451,0.820590456,0.020163831,0.6222355013614136
1896,4.82013E+11,41042,0.12577639556247833,0.058748402825690896,0.242807822
1897,4.82014E+11,127409,0.7346809808295579,0.001863354,0.6924398585770913
1898,4.82014E+11,148750,0.7373626292597514,0.007319305,0.7210424640826018
1899,4.82014E+11,136250,0.7251131139693087,0.038974359,0.5859232121944862
1900,4.80898E+11,101719,0.3843137204664873,0,0.6237491619496387
1901,4.81577E+11,65313,0.12880258816309004,0.002245929,0.5574200285400104
1902,4.81577E+11,43031,0.19869942052962847,0,0.5426695818701549
1903,4.81577E+11,44625,0.086497888,0,0.1622023785386551
1904,4.81577E+11,113676,0.079800498,0,0.5920514284508975
1905,4.84817E+11,57073,0.3493761109681274,0,0.8509984595442988
1906,4.81577E+11,38906,0.096065873,0.002890173,0.5159051445002595
1907,4.84817E+11,59940,0.22122301760390256,0,0.8665619958153533
1908,4.84817E+11,71354,0.090047392,0.097393689,0.7063081622925733
1909,4.81577E+11,71662,0.12156862676992367,0.080792683,0.42057488441465013
1910,4.81577E+11,63547,0.1253101721425537,0.013377926272263922,0.607207202
1911,4.81577E+11,176154,0.5991575970545538,0.019686163,0.788095235
1912,4.81577E+11,137426,0.5275339143852043,0,0.7795813721504427
1913,4.80158E+11,38651,0.052795030509368214,0.1806049805995998,0.6127898762277592
1914,4.81577E+11,200231,0.5709473660170636,0.038504672753253553,0.8250728832905506
1915,4.80158E+11,56500,0.15141955597130038,0,0.6436119054408078
1916,4.81577E+11,128125,0.3545751576049811,0.014925372931813122,0.6709183587893067
1917,4.81577E+11,170482,0.7099428563314939,0.028688524564035953,0.5398635148636289
1918,4.81577E+11,127141,0.5741710291912482,0.031537649,0.5144713521943538
1919,4.80158E+11,97972,0.1931527838878243,0.021321962,0.706949804
1920,4.80158E+11,70208,0.11664899133988345,0.023520485,0.5066518818921736
1921,4.80158E+11,100319,0.15121951096569503,0.012927757,0.6882255332651283
1922,4.80898E+11,63321,0.2863514693456604,0.001713796,0.883704729
1923,4.81577E+11,165299,0.6046137306619435,0.046218487,0.7317927145245353
1924,4.84737E+11,60060,0.089163236,0,0.4361233416134605
1925,4.84737E+11,47548,0.10848126161419289,0.10980875934726243,0.2668161423012729
1926,4.81577E+11,162126,0.6769703824616113,0.030724315263833846,0.5638232767545915
1927,4.84737E+11,77773,0.4083769562237879,0,0.37076922506508886
1928,4.80158E+11,50655,0.17185821512504604,0.014792899262397444,0.38924730973522953
1929,4.84737E+11,142388,0.4964618240289352,0.010668444723006426,0.6737134565429893
1930,4.80158E+11,59167,0.15007012412243867,0.011984021145352582,0.6092232935773872
1931,4.84737E+11,75634,0.080424885,0.035583941,0.18694222551929437
1932,4.84737E+11,72209,0.556135763,0.010638297769455534,0.45648854613367523
1933,4.80158E+11,49971,0.15241635574411633,0.039054471,0.6105442142259399
1934,4.80158E+11,96938,0.20787929415021547,0.009833585,0.6901694868463085
1935,4.80158E+11,84408,0.28801610988906234,0.011111111008230454,0.7275047815730391
1936,4.80898E+11,87367,0.4178743910884736,0,0.8756370960689389
1937,4.80158E+11,94718,0.4183417032871645,0,0.7052689313651541
1938,4.80158E+11,97733,0.4041272536188542,0.008972267,0.8327402075961551
1939,4.80158E+11,61797,0.2747068653709643,0,0.6235455125013997
1940,4.80158E+11,51442,0.29864253123400425,0.012214984,0.6560717142944441
1941,4.80158E+11,50259,0.21165048132717512,0,0.7275097688721022
1942,4.80158E+11,117717,0.3568627404331668,0.015568862088995664,0.831560276
1943,4.80158E+11,50379,0.064846416,0.069458631,0.4728867585894198
1944,4.84737E+11,103659,0.39374999648437503,0.025974025805363468,0.46414852455730776
1945,4.84737E+11,92917,0.094457454,0,0.40487421065350465
1946,4.84737E+11,76696,0.1691068801675924,0.006269592,0.43419219904529177
1947,4.82015E+11,108052,0.2296587911439712,0.06586169,0.43353174388129095
1948,4.84737E+11,71156,0.10937499810112851,0.020249221,0.5133451911624094
1949,4.84737E+11,46739,0.32197309128275253,0.17850287793664185,0.6113610764265406
1950,4.82015E+11,103646,0.22560975334622252,0.005347594,0.302180682
1951,4.84737E+11,36499,0.15378900331508913,0.012437810883393977,0.5243962517279632
1952,4.84737E+11,36654,0.14501891459634986,0.030701754,0.38380450223380685
1953,4.815E+11,61875,0.2664359815495505,0,0.8837579477108607
1954,4.815E+11,98810,0.3016759720358292,0.095317724,0.9071146065787627
1955,4.82013E+11,19952,0.012376237,0,0.30524505326530477
1956,4.82013E+11,141964,0.18874171560457897,0,0.5664018096889692
1957,4.82013E+11,36577,0.026249999671875007,0.017790262005709157,0.2954545435893021
1958,4.82013E+11,61406,0.10782240900821978,0.095446584,0.33208955017357245
1959,4.82013E+11,47344,0.1840873606226621,0.039125431,0.3127899250312132
1960,4.82013E+11,45906,0.11891117308150183,0.1427015234999834,0.2389057736236731
1961,4.82013E+11,42784,0.053117782,0.11026033521806532,0.29040196644461064
1962,4.82013E+11,42443,0.11505376220372299,0.055459272,0.5063649186254249
1963,4.82013E+11,36613,0.024390243052604774,0.096354164,0.47450424257076146
1964,4.82013E+11,92305,0.125799571,0,0.6474291642452344
1965,4.82013E+11,88095,0.2546628389192049,0.026458207898627736,0.2862571229496066
1966,4.82013E+11,45486,0.15959252700182466,0.10493827030940407,0.21247683624165017
1967,4.82013E+11,58788,0.15932913712098246,0.091059601,0.24977618397693657
1968,4.82013E+11,47802,0.059893047487774895,0.032423207914477746,0.070953436
1969,4.82013E+11,34390,0.19607842841510667,0.039084842,0.21152856298750097
1970,4.82013E+11,31477,0.11776446988259012,0.054092526,0.066964285
1971,4.82013E+11,0,0.2731958734722075,0.077242524,0.13374485527909025
1972,4.82013E+11,93750,0.1834625299294247,0.043577981151628656,0.12885462413155702
1973,4.82013E+11,29545,0.11928251014096404,0.008702532,0.2705601890908213
1974,4.82013E+11,28750,0.2800925861089679,0.10468319415036922,0.090104585
1975,4.82013E+11,38045,0.089591567,0.043298969,0.3109346346308208
1976,4.82013E+11,67969,0.14431239266288293,0.014925373017082695,0.6659619403385346
1977,4.82013E+11,46500,0.3599999712000023,0,0.369791647
1978,4.82013E+11,90324,0.005738881,0.00122399,0.39793281139621695
1979,4.82013E+11,71958,0.14295580011770856,0.029262802311407977,0.6499471982579346
1980,4.82013E+11,65816,0.022004889796211166,0.11688311608418923,0.3694751355699231
1981,4.82013E+11,53438,0.19209039276708487,0.084241823,0.4273789625632779
1982,4.82013E+11,111415,0.21020521236713693,0.010692464304009856,0.6810865168306958
1983,4.82013E+11,55714,0.27495621475519955,0.06129722,0.48837209
1984,4.82013E+11,32574,0.2230769209319527,0.050200803,0.3001765726887783
1985,4.82013E+11,47083,0.15473887664662594,0.031759656,0.5948136110490891
1986,4.82013E+11,56186,0.078534031,0,0.49601366460128893
1987,4.82013E+11,50403,0.14540816202884216,0.073373676,0.39413845177292345
1988,4.82013E+11,126540,0.2930513582518284,0.004869565,0.6554852882719678
1989,4.82013E+11,38175,0.23260869312381857,0.034639926758068124,0.4344457661832791
1990,4.82013E+11,0,0.15079364840010082,0.045020463233008685,0.36525821253278673
1991,4.82013E+11,79345,0.23809523656309373,0.020057306508156746,0.7257417773627033
1992,4.82013E+11,118798,0.077759197,0.0095518,0.29309488180280735
1993,4.82013E+11,55938,0.21307505881295352,0.014824798,0.3281371759303416
1994,4.82013E+11,70625,0.23122529415785284,0.028260869360428483,0.40783033925097606
1995,4.82013E+11,46389,0.052688171,0.1709061989594102,0.35317860390334405
1996,4.82013E+11,69247,0.094222833,0.031346035455771144,0.5351736396474904
1997,4.82013E+11,60375,0.11676082752579259,0.040372670494001006,0.25231338524174346
1998,4.82013E+11,0,0.10185185050460516,0.15731572984251121,0.3293413145479785
1999,4.82013E+11,75347,0.31947483239086616,0.091854419,0.3510423648215039
2000,4.82013E+11,69107,0.1120448171425433,0.004424779,0.39498018320132017
2001,4.82013E+11,63173,0.22496262911089215,0.043478261,0.6456356705615005
2002,4.82013E+11,88271,0.072090627,0.048085484879025066,0.4062015482883641
2003,4.82013E+11,26161,0.066293183,0.012578616239185839,0.416352876
2004,4.82013E+11,39071,0.066255777,0.035869565,0.31231453774247375
2005,4.82013E+11,0,0.081218272,0,0.3155603882964049
2006,4.82013E+11,102542,0.13698630019703512,0.007407407,0.6261520701258522
2007,4.82013E+11,89286,0.050513698,0.020917135793104297,0.6565349494184275
2008,4.82013E+11,0,0.042735042,0.2036503342588825,0.32142856937864434
2009,4.82013E+11,86171,0.10924369594896785,0.10869565078394308,0.3450862689790978
2010,4.82013E+11,57853,0.24498415791991388,0.061295971442241935,0.226447218
2011,4.82013E+11,53708,0.076559546,0.039747064,0.34366352881204465
2012,4.82013E+11,71563,0.057734204,0,0.34722221992577895
2013,4.82013E+11,46800,0.036585365407495546,0.15581853889725308,0.35941130627876605
2014,4.82013E+11,88987,0.068479355,0.081005586,0.6379821911128918
2015,4.82013E+11,80361,0.073366214,0.020635806,0.45370370195330356
2016,4.82013E+11,64617,0.23646723309875736,0.18518518254721963,0.683393062
2017,4.82013E+11,77161,0.2788365067318304,0,0.7189631601707833
2018,4.82013E+11,109195,0.23042393900037936,0.040404040233989726,0.7186311756711822
2019,4.82013E+11,119941,0.5233881130000752,0,0.6663999973343999
2020,4.82013E+11,0,0.019762845589422325,0.058553386,0.3738074555610802
2021,4.82013E+11,108403,0.291887123,0.007915567,0.7496012719319444
2022,4.82013E+11,94145,0.053797468,0.1428571409135083,0.284722219
2023,4.82013E+11,57670,0.08449074,0.039082413,0.31226765567087245
2024,4.82013E+11,60563,0.001818182,0,0.2616541340267963
2025,4.82013E+11,70430,0.074866309,0.004280822,0.24318969666572712
2026,4.82013E+11,34125,0.011505273139930267,0.033361847,0.335115863
2027,4.82013E+11,143988,0.23890339113703146,0.006444683,0.7470775730761021
2028,4.82013E+11,0,0.06509299,0.022727272587670315,0.3456464357147333
2029,4.82013E+11,76563,0.1329479749573992,0.074120602,0.3601123575274587
2030,4.82013E+11,60000,0.058385092,0.09412861,0.4381778710182367
2031,4.82013E+11,78902,0.047238371749721134,0.052243043,0.21174004081897255
2032,4.82013E+11,66393,0.038397328240445276,0.21576354467228034,0.38537794061104125
2033,4.82013E+11,38924,0.010944700397783984,0.1262398551567184,0.43898487883917453
2034,4.82013E+11,96696,0.069230768,0,0.45717131018753676
2035,4.82013E+11,52602,0.04121475,0.22165820267921824,0.3283996269343235
2036,4.82013E+11,0,0.075528699,0.051334701204626264,0.4074074018188285
2037,4.82013E+11,46750,0.2672810936736823,0.10943395813456763,0.32944227847675384
2038,4.82013E+11,44137,0.058666666,0.11292613556160415,0.3772378492503974
2039,4.82013E+11,93618,0.2929216845412524,0.032216495,0.7036559109520175
2040,4.82013E+11,120313,0.10827067506359887,0.008035714,0.4142228708634687
2041,4.82013E+11,40951,0.080697927,0,0.25989753022870266
2042,4.82013E+11,137188,0.20977443451297417,0.029850746,0.7599999964651162
2043,4.82013E+11,70839,0.08037825,0,0.39515042480848483
2044,4.82013E+11,70500,0.005128205,0.012093726,0.2878862173227748
2045,4.82013E+11,101420,0.046380885,0.041248606,0.32452081741889743
2046,4.82013E+11,43090,0.081352833,0.1368735965828452,0.3660212344408418
2047,4.82013E+11,76445,0.1646746326072426,0.073446327,0.3545683121997627
2048,4.82013E+11,57064,0.03032258,0.011195928696203925,0.28217602705804495
2049,4.82013E+11,71184,0.048022598,0.11874999851562502,0.3030063267167221
2050,4.82013E+11,57944,0,0.097254003,0.3624678616649375
2051,4.82013E+11,73750,0.1422287369174672,0.026932084,0.5088339186654847
2052,4.82013E+11,41855,0.049411764,0.073426572,0.3909626693453656
2053,4.82013E+11,55994,0.069256756,0.059379216,0.4391575628770861
2054,4.82013E+11,68680,0.039832285,0.1592623624537941,0.36825644747258446
2055,4.82013E+11,23389,0,0,0.3298291678077639
2056,4.82013E+11,93185,0.2177914077025858,0.014416775695717227,0.38249118459170867
2057,4.82013E+11,108321,0.1795827110314254,0.035465116,0.7459639090884904
2058,4.82013E+11,59595,0.2362204710101728,0.034465281,0.5280065876111755
2059,4.82013E+11,57234,0.019777502845766345,0.061436672,0.3477898219533793
2060,4.82013E+11,75139,0,0.12928348708281173,0.39419475286334504
2061,4.82013E+11,53993,0.11421911288788913,0.10986964515950051,0.41616602721919155
2062,4.82013E+11,57778,0.22432432129291457,0.06515301,0.6765140274998964
2063,4.82013E+11,0,0.26955602252054944,0.08372978,0.6239067009919337
2064,4.82013E+11,67852,0.16901408280669938,0.047619047,0.46650276295941756
2065,4.82013E+11,47921,0.036405886627375005,0.11942675095845674,0.2424375263374067
2066,4.82013E+11,54651,0.011658030937072138,0.053169734,0.32405566439336153
2067,4.82013E+11,52250,0,0.027522935,0.3546824523429362
2068,4.82013E+11,99792,0.11852231852990087,0.013364779821679324,0.3390280928662563
2069,4.82013E+11,63082,0,0.097543859,0.3874841947693793
2070,4.82013E+11,34074,0.093808629,0.053237409,0.2855980448690151
2071,4.82013E+11,57532,0.084841628,0.031180400543648103,0.37981858979797517
2072,4.82013E+11,18382,0,0.061224489,0.4354609867310498
2073,4.82013E+11,34094,0.088709676,0,0.3549180298777211
2074,4.82013E+11,0,0,0,0.4999993750007813
2075,4.82013E+11,0,0.9999900000999989,0,0.090909008
2076,4.82013E+11,51875,0.12647554592789972,0.024357239,0.3222958033679485
2077,4.82013E+11,45235,0.054101220696313776,0,0.3067484624938839
2078,4.82013E+11,0,0.21690767278189463,0.063479623,0.35071942130648004
2079,4.82013E+11,54805,0.10950080338968111,0.10459183540061434,0.41219962650462455
2080,4.82013E+11,43719,0.056228373216017535,0.043909348130953624,0.2629291600915725
2081,4.82013E+11,0,0,0,0
2082,4.82013E+11,66333,0.16086956288594836,0.034346103,0.32885905672417165
2083,4.82013E+11,41813,0.020253164044223695,0.12018140317048973,0.280126847
2084,4.82013E+11,54000,0.142857142,0.10216256448797491,0.3669172913938983
2085,4.82013E+11,49306,0.13214837610395383,0.055994257,0.48350515214688067
2086,4.82013E+11,55227,0.10140405458027997,0.12035851318362979,0.31785995029221126
2087,4.82013E+11,49412,0.078389829,0.059999999,0.23169107547681658
2088,4.82012E+11,50329,0.047794116768490505,0.004602992,0.29232642940117887
2089,4.82013E+11,63846,0.063999999,0.019197208,0.3369713483153387
2090,4.82013E+11,65708,0.026731469906057476,0.020293122657349238,0.2852291996160509
2091,4.82012E+11,85197,0.028792912194984362,0.19924098482693564,0.31202691074830186
2092,4.82012E+11,0,0.13360323751413727,0.00661157,0.2862467376584169
2093,4.82013E+11,50313,0.24089635629415168,0.048740861,0.34743693777512663
2094,4.82012E+11,41404,0.06643151,0.018325903822060903,0.31350482189105777
2095,4.82013E+11,75543,0.1333955211436985,0.056939501,0.5283171478291493
2096,4.82012E+11,48938,0.093103447,0.11531365207275229,0.3506139130244617
2097,4.82013E+11,51760,0.040425531,0.084473048,0.29982363139433493
2098,4.82013E+11,65457,0.15380047414607795,0.10477178368894303,0.33856208929044385
2099,4.82013E+11,0,0.10652173681474486,0.071553227,0.3198051922093734
2100,4.82013E+11,30650,0.098393573,0.076308784,0.4374217744842192
2101,4.82012E+11,100469,0.009285051,0.061638868,0.2299516885995006
2102,4.82012E+11,33750,0.1446808495246718,0.19965427658034335,0.26589147080704284
2103,4.82013E+11,44885,0.15901360409002038,0,0.5296276846899439
2104,4.82013E+11,66563,0.091988128,0.05542725,0.41399082094047224
2105,4.82013E+11,83476,0.24257425142142944,0.023856858,0.314232899
2106,4.82013E+11,42379,0.061360874475328835,0.078993055,0.2648015606219858
2107,4.82013E+11,54130,0.17338709327848603,0.11545292867756787,0.47082494654040946
2108,4.82013E+11,62948,0.2050708411254971,0.055410691,0.394610776
2109,4.82013E+11,50693,0.13629629427709195,0,0.37914364379044446
2110,4.82013E+11,32350,0.089147285,0.0929432,0.5563689523225629
2111,4.82013E+11,0,0.26782273087046765,0,0.30222757193120064
2112,4.82013E+11,54375,0.18181818032908945,0.029249012,0.42083524359414753
2113,4.82012E+11,78257,0.06930693,0.004651163,0.2997811799793152
2114,4.82013E+11,49907,0.18466353533127125,0,0.4326743736192675
2115,4.81677E+11,0,0,0,0.8333332175926086
2116,4.81677E+11,67813,0.18972331640863013,0,0.8396946351222739
2117,4.80717E+11,46250,0.079532163,0,0.5124131031537924
2118,4.80717E+11,113833,0.2525252508247458,0.006432459,0.7928464918565835
2119,4.80717E+11,0,0.22162161962503046,0.082319255,0.5111876046403465
2120,4.80717E+11,61188,0.1184041168802559,0.056684491372358384,0.5655951297515628
2121,4.80717E+11,80404,0.2483829204607643,0.095959595,0.6434010111459327
2122,4.80717E+11,63551,0.023809523563048413,0.056188306331144224,0.660781837
2123,4.80717E+11,95486,0.031969309054100906,0.049411764124567485,0.5521653488960103
2124,4.82917E+11,61600,0.10668789639032013,0.051893407406824583,0.7903391491229276
2125,4.82012E+11,68514,0.031185030968918705,0,0.3228720859587632
2126,4.82012E+11,60114,0.1536555123462762,0.024976873,0.27742836982929164
2127,4.82013E+11,90234,0.19528907839276624,0.059563448,0.5126686393133641
2128,4.82012E+11,65947,0.11005290888832901,0.061946902106664585,0.2858036254796521
2129,4.82012E+11,60239,0.012513034280364606,0.08680851,0.2817182803110975
2130,4.82013E+11,75962,0.21333333017283956,0,0.5174215982802997
2131,4.82013E+11,103081,0.10914245138807618,0.029643073020913048,0.635216672
2132,4.82013E+11,0,0.14529914374680403,0.062015503,0.5237020276621367
2133,4.82013E+11,76157,0.038277512,0.008396947,0.3455637068341314
2134,4.82013E+11,39236,0.046811397,0,0.3963914685817853
2135,4.82012E+11,43621,0.084745762,0.12700841524859668,0.3124999972873264
2136,4.82013E+11,68135,0.16511430850876962,0.077250177,0.5296824641984239
2137,4.82013E+11,63468,0.036945811897886406,0.095948825,0.30618556385375706
2138,4.82013E+11,86571,0.21008402919991537,0.12701252008922148,0.47633587422644375
2139,4.82012E+11,65750,0.062499999112215925,0.083557951,0.22523961541405957
2140,4.82012E+11,45978,0.01618123,0.008760951,0.23227752464345758
2141,4.82012E+11,44286,0.056074765,0.082386362,0.23802505351492223
2142,4.82013E+11,84974,0.075824175,0.050874403,0.2881253749962304
2143,4.82012E+11,41181,0.034055727,0.009744214,0.17171052518611496
2144,4.82012E+11,30048,0.20396039200078434,0,0.27842227055194585
2145,4.82013E+11,62864,0.22454832169616196,0.024581005531662557,0.40095415805651496
2146,4.82012E+11,53179,0.078947367,0,0.28263472884649865
2147,4.82013E+11,0,0.046498278,0.165608206,0.3593298650529759
2148,4.82012E+11,50333,0.19889064818628646,0.033489617994041404,0.37220843441558044
2149,4.82012E+11,36858,0,0.2234636746668338,0.24625850005090477
2150,4.82012E+11,30654,0.040774719,0.1771472379053126,0.17763794686525677
2151,4.82013E+11,113720,0.3157894719882413,0.051802945,0.6808408949792599
2152,4.82013E+11,76808,0.18732782111118704,0.097087378,0.5158172186659296
2153,4.82013E+11,94868,0.19475357555839765,0.090204369,0.5966219543138502
2154,4.82013E+11,0,0,0.046474358,0.35982905675359783
2155,4.82015E+11,250001,0.8358208872057623,0,0.7928709017684445
2156,4.82015E+11,160489,0.7317719808582767,0.011073253785889038,0.6848989271308009
2157,4.82014E+11,203173,0.6891385638738097,0.058823528,0.6614481344281005
2158,4.82015E+11,141875,0.7694805132347361,0.026236881362542118,0.6766247343992414
2159,4.82015E+11,159554,0.7005545157013953,0,0.775652167
2160,4.82014E+11,63109,0.5300751813273787,0.022432113076362302,0.7448979533367508
2161,4.82014E+11,201406,0.7468085026935266,0.033206830804489273,0.7216494792220215
2162,4.82014E+11,113949,0.848936166,0.030950305008935024,0.5153583598204081
2163,4.82014E+11,0,0.6210705129900551,0.00877193,0.6153846112322227
2164,4.82014E+11,82147,0.6636970972862238,0,0.6575931184986167
2165,4.82012E+11,37083,0.089041094,0.023084994511175294,0.26742531625284044
2166,4.82012E+11,47321,0.055632823,0.16765052930754984,0.2986822818544489
2167,4.82012E+11,54293,0.10067113958830685,0,0.3167346912919617
2168,4.82012E+11,51809,0.10692375015842463,0.067783701,0.22367601106743917
2169,4.82012E+11,51935,0.1286089221967333,0.051977401,0.23164335461850216
2170,4.82015E+11,114375,0.8008007927847769,0,0.734989643
2171,4.82012E+11,70788,0.10643015403070782,0.10849539295296425,0.10634648279291181
2172,4.82015E+11,193804,0.8462033407580223,0.03432228,0.5591397816060945
2173,4.82012E+11,25721,0.10725551712127707,0,0.25449871138176466
2174,4.82015E+11,202239,0.8665835357444917,0.05731441,0.5782634342689696
2175,4.82015E+11,118527,0.497084541,0.09090909,0.7187499946521578
2176,4.82015E+11,204125,0.8891402513769174,0,0.6456361656610288
2177,4.82015E+11,79879,0.5843828641765383,0.027805362186639898,0.586183307
2178,4.82015E+11,34864,0.3192352241064008,0,0.3863636338547816
2179,4.82015E+11,103259,0.25369127176253325,0.038823528955017304,0.6150306701301329
2180,4.82015E+11,92083,0.36490008371068566,0.036153845875739644,0.6360808676201095
2181,4.82015E+11,195833,0.736381316,0.017636684147824655,0.7287753513991334
2182,4.82015E+11,194740,0.7931623886429494,0.036334913,0.4788948561822914
2183,4.82015E+11,116196,0.7303988895405931,0,0.4038231731920768
2184,4.82015E+11,47177,0.667506289,0,0.5835222933974128
2185,4.82015E+11,104821,0.7747677958609304,0.010197144730134979,0.7226027347766936
2186,4.82015E+11,175243,0.8159819875296456,0,0.7109533432507437
2187,4.82015E+11,194700,0.9103703636268862,0.00723589,0.5919003084532695
2188,4.82012E+11,58421,0.11942257061125236,0.10468920278419626,0.21586263110496623
2189,4.82012E+11,47582,0.016129032041276452,0,0.3471933435842688
2190,4.82012E+11,82798,0.25333332770370387,0,0.15606936235757962
2191,4.82012E+11,0,0.060465113466738905,0.031249999248798097,0.14097496520454592
2192,4.82015E+11,177386,0.8388501669089707,0,0.6917562674426074
2193,4.82012E+11,49485,0.0375,0.072510822,0.2915512445183432
2194,4.82012E+11,46629,0.10746513447526551,0.07658321,0.29428044008966386
2195,4.82012E+11,70144,0.1912408731205712,0.035335689,0.31306990643563903
2196,4.82015E+11,133015,0.8622641346742617,0,0.8472385329349174
2197,4.82012E+11,37083,0.030720338657623532,0.004638219,0.26290322368626434
2198,4.82012E+11,29115,0,0,0.2950285224529053
2199,4.82012E+11,0,0.10518053292636945,0.16971080540554942,0.097306689
2200,4.82012E+11,41268,0.078014184,0.037666174,0.2035815259020663
2201,4.82012E+11,60663,0.11103767276247407,0.027164686,0.29731051199359165
2202,4.82015E+11,195461,0.8550724499988334,0,0.7761341146337859
2203,4.82015E+11,62347,0.6922279721012645,0.023969319,0.7261184962145194
2204,4.82015E+11,250001,0.786967409,0.020050125,0.773831768
2205,4.82014E+11,69281,0.4168126021573975,0.016455695994231696,0.454545449
2206,4.82015E+11,80729,0.670995661,0.028187919,0.4291666607060186
2207,4.82015E+11,0,0.32092555009129226,0.023138833,0.2627163069600613
2208,4.82015E+11,55826,0.2764456942673386,0,0.19980694787831133
2209,4.82015E+11,122917,0.7801724025837299,0.007032349,0.7057026404714599
2210,4.82015E+11,250001,0.8262411201021078,0,0.7772548958646674
2211,4.82015E+11,202813,0.8940886589397948,0.020320855,0.7584158365781133
2212,4.82015E+11,42797,0.067999999,0.004910988,0.2776606940060027
2213,4.82015E+11,225417,0.7926267159350735,0.031420765,0.7561274417141245
2214,4.82015E+11,45700,0.19053254212387524,0.092979126,0.25160256208651793
2215,4.82015E+11,123284,0.8025238717512828,0.010081915532193082,0.6501166256244031
2216,4.82015E+11,117083,0.6965408695512442,0,0.6397228563542395
2217,4.82015E+11,151364,0.7752136685879174,0.015384615253122947,0.6935028199611383
2218,4.82015E+11,126625,0.88003748,0.007659574,0.713286708
2219,4.82012E+11,0,0.025157232,0.049635036,0.11466942030300185
2220,4.82012E+11,40723,0.035971223,0.036519871,0.11497890234715769
2221,4.82012E+11,29563,0.021108178862581033,0.041975308,0.17066666439111114
2222,4.82012E+11,54659,0.20129869694158667,0.049557521246769536,0.266514803
2223,4.82015E+11,124045,0.6272727220886553,0.006477733,0.7557327940604907
2224,4.82012E+11,20188,0.15107913451684699,0.063719115,0.15328947267572715
2225,4.82015E+11,56797,0.10387596738176795,0.14593908444239742,0.30057803294463564
2226,4.82015E+11,107140,0.4407988524850378,0.021398002547817367,0.5611510733694648
2227,4.82015E+11,80609,0.41170634512196086,0.099820143,0.24540682253670065
2228,4.82015E+11,69982,0.1721469986045068,0,0.2708779414252897
2229,4.82015E+11,68304,0.26907630161879115,0.062740076,0.6756302464232753
2230,4.82015E+11,69811,0.191011234,0.015636105077213185,0.28379005906274934
2231,4.82015E+11,49540,0.422073982,0.11129296174962923,0.280143254
2232,4.82015E+11,29836,0.17710582962088736,0.037367993197660494,0.23473541224738526
2233,4.82015E+11,127969,0.34926576346309884,0.064194373,0.4258970345525833
2234,4.82015E+11,64835,0.4690949201484828,0.037614679,0.5044215161959413
2235,4.82015E+11,173208,0.8909090774104685,0,0.8236607081572864
2236,4.82015E+11,55549,0.4728476758563222,0.015384615,0.6618444786451675
2237,4.82015E+11,56719,0.22499999531250012,0.004950495,0.46023329310463107
2238,4.82015E+11,113929,0.5611111007201648,0.013201319914169639,0.6298342454442784
2239,4.82015E+11,247222,0.8604982145160269,0.014543339,0.7546583804058485
2240,4.82015E+11,0,0.31410255906886925,0.025710419,0.29659318340086993
2241,4.82015E+11,74773,0.5596153738535505,0.026923076405325454,0.4369501423563036
2242,4.82015E+11,140388,0.655795502,0,0.5069230749733727
2243,4.82015E+11,86923,0.40181517820284507,0.007968127,0.5265251954474457
2244,4.82015E+11,52663,0.340189871,0.029891304144760163,0.39462365379234593
2245,4.82015E+11,0,0.1054091524908578,0,0.3330258271861086
2246,4.82015E+11,31898,0.36258064048283045,0.017055655143126975,0.228604249
2247,4.82015E+11,46949,0.7512520742695814,0,0.22641509239781224
2248,4.82015E+11,85370,0.23446105244326473,0.10336906505842983,0.3541189911091591
2249,4.82015E+11,83729,0.35294117399901137,0.044914134,0.3719059382926613
2250,4.82015E+11,59446,0.12749003899409006,0.028461959340657036,0.3291404594908781
2251,4.82015E+11,66484,0.20707329468440136,0.088345864,0.631933641
2252,4.82015E+11,98438,0.2829076565244075,0,0.6318944768357977
2253,4.82015E+11,107008,0.4836601262029867,0.013470681,0.2681744735154848
2254,4.82015E+11,63622,0.32842104917451526,0.094373865,0.3339002248645112
2255,4.8245E+11,101750,0.12238493595831658,0.064700285,0.7814508651841059
2256,4.8245E+11,0,0.11743119050584971,0,0.7507418323368761
2257,4.82015E+11,250001,0.7455356976442925,0.11228813321423448,0.5947521779190644
2258,4.82015E+11,230500,0.7934782464949593,0.046594981,0.7242841916830944
2259,4.82012E+11,27457,0.036088474550774456,0,0.096296296
2260,4.82015E+11,0,0.4772727174117207,0,0.5667752381457629
2261,4.82015E+11,168720,0.6386768366580555,0.054827175,0.7728055010946171
2262,4.82015E+11,234471,0.8329312374370854,0,0.7740259689998313
2263,4.82012E+11,34702,0.096045197,0.042137718,0.32409381432769147
2264,4.82012E+11,0,0.1967833472395142,0.065741417,0.26176808116091804
2265,4.82015E+11,208523,0.8458528885301027,0.021909233005405062,0.7042746972370378
2266,4.82015E+11,173864,0.693910245,0.014880952159509641,0.7398843869538861
2267,4.82015E+11,138229,0.530318597,0.039553752134343284,0.7537688379081336
2268,4.82015E+11,179375,0.8497695774214785,0.00975976,0.7102869089553051
2269,4.82012E+11,66979,0.17953019983615603,0.056826567846298394,0.3367852303611651
2270,4.82015E+11,125662,0.6515013589490323,0,0.7612752662420275
2271,4.82015E+11,123266,0.7488937970255111,0.011011010900790682,0.7775831805815834
2272,4.82012E+11,28185,0.056402438594493606,0.036352040584489535,0.10339584336849547
2273,4.82015E+11,69167,0.6132075327073695,0.095076399,0.6473684096952911
2274,4.82012E+11,25670,0.1355932184238246,0.088832486,0.13142857048979592
2275,4.82012E+11,31551,0.031055899978138717,0,0.15934627007817906
2276,4.82015E+11,167813,0.6605960155530461,0.022831049880805938,0.46947835217005157
2277,4.82015E+11,85208,0.5278776930946251,0,0.6898079712717284
2278,4.82015E+11,58611,0.23850931380733773,0.064327485,0.286038589
2279,4.82015E+11,86442,0.486257918,0.079086115,0.6849314974666918
2280,4.82015E+11,42976,0.13179190599084503,0.10256410162487087,0.23833865662403414
2281,4.82015E+11,73750,0.28518858983267165,0.007283321,0.3609251347478689
2282,4.82015E+11,51825,0.38404726168320147,0,0.6275787119698294
2283,4.82015E+11,60625,0.4092953492556571,0.031209363,0.4750712216875269
2284,4.82015E+11,225500,0.7324777815155205,0.010309278253896175,0.5935762779890286
2285,4.82015E+11,95593,0.5041036695287098,0.011029411719651095,0.39404656529900806
2286,4.82015E+11,96431,0.5386847143260666,0.011617515535142847,0.5108853373665796
2287,4.82015E+11,76602,0.3458244074322869,0.022421524462587224,0.4069651700799486
2288,4.82015E+11,149828,0.8759493596966299,0,0.6754832077773835
2289,4.82015E+11,0,0.7733537459926972,0.009783368,0.7574437127273514
2290,4.82015E+11,67805,0.38565021556838086,0.061082023366805877,0.4545454470323067
2291,4.82015E+11,158750,0.8070175364079637,0.027303754,0.7892074132444569
2292,4.82015E+11,169074,0.7261833389683443,0,0.6338028137132655
2293,4.82012E+11,0,0.092573753,0.070736433,0.064032697
2294,4.82012E+11,52962,0.3364285690255102,0.027369826252537876,0.30778894279027047
2295,4.82012E+11,37235,0.2567449934138817,0,0.077351485
2296,4.82012E+11,28774,0,0.1282565117409167,0.089094796
2297,4.82015E+11,64061,0.24676850473832546,0.041030534,0.47214611440962456
2298,4.82015E+11,134637,0.8242491565711996,0.015572858558700128,0.6504934157031792
2299,4.82015E+11,0,0.33568903407459244,0,0.5756823678490728
2300,4.82015E+11,130938,0.8052256340801512,0,0.6239316150437092
2301,4.82015E+11,34661,0.1437007845728192,0.11999999781818187,0.3556230967008805
2302,4.82015E+11,64821,0.10520361871941608,0.010901162711474108,0.17286914662143368
2303,4.82015E+11,33125,0.058601134,0,0.15278609854531996
2304,4.82015E+11,76053,0.5027932820448804,0.022346368090883573,0.4848484766860526
2305,4.82015E+11,74019,0.540701126,0.082127858,0.3842832453182934
2306,4.82015E+11,62671,0.13089005137703777,0,0.34945750294096967
2307,4.82015E+11,76904,0.5588914485116461,0.13580246773865776,0.25676613284686933
2308,4.82015E+11,78917,0.4999999934554975,0.023002421,0.5268890365766573
2309,4.82015E+11,59227,0.24629079875083285,0.021256931411673462,0.4420753344557546
2310,4.82015E+11,53750,0.35988413932017277,0.015299026319200095,0.7865546152390369
2311,4.82015E+11,58382,0.13149846960755893,0.081127241,0.32992501479260383
2312,4.82015E+11,75361,0.3448702058730506,0,0.41655715889252853
2313,4.82015E+11,100721,0.28481012057362615,0.015841583844721112,0.41950645805515324
2314,4.82015E+11,92989,0.4051172621510179,0,0.40143654907073784
2315,4.82015E+11,43750,0.3586744616070535,0.013690476108985262,0.36375661215274857
2316,4.82015E+11,82879,0.16890756160581882,0.022431258882552395,0.4007308136374494
2317,4.82015E+11,105396,0.49863013243260157,0.014751552680500367,0.6546125412943724
2318,4.82015E+11,38682,0,0,0.14048442809353337
2319,4.82015E+11,99063,0.6511627848733204,0.030375699,0.7108208911018601
2320,4.82015E+11,61964,0.576744179,0.02787068,0.3482721363484226
2321,4.82015E+11,54417,0.3604723408298798,0.042954426,0.31706183023216256
2322,4.82015E+11,69444,0.25107913488432276,0.073037542,0.33891213186543856
2323,4.82015E+11,73883,0.24132947628136595,0.024364406521563492,0.3214285685586735
2324,4.82015E+11,80028,0.28870779640619565,0.055165495936153504,0.27025089412006525
2325,4.82015E+11,38937,0.1703958677246483,0.047520661,0.3572216077330672
2326,4.82015E+11,67059,0.35800184682699493,0,0.32593339731651466
2327,4.82012E+11,48684,0.023185484,0.027888446,0.27969079213147724
2328,4.82015E+11,157143,0.7207792140929572,0.010869565118935099,0.6565437407335956
2329,4.82015E+11,250001,0.7115941925855914,0,0.7387387304196089
2330,4.82012E+11,85994,0.35181761952053225,0,0.3904433904845312
2331,4.82015E+11,178773,0.562899781,0,0.6289978610981038
2332,4.82012E+11,49588,0.099701492,0.022703818,0.21325774002068146
2333,4.82015E+11,135809,0.6016096458428642,0,0.6513088937035718
2334,4.82015E+11,211125,0.7627651157677524,0.10928143630777368,0.6609955849968773
2335,4.82015E+11,187000,0.8024691296105777,0.033309196,0.723378209
2336,4.82015E+11,87083,0.4524421535675816,0.034870641,0.3998371302944859
2337,4.82015E+11,0,0.28981085851244137,0.090332031,0.4928013143035733
2338,4.82015E+11,120000,0.39572471117974606,0.054907047,0.3515711632104578
2339,4.82015E+11,84018,0.4674259659798361,0.005800464,0.6472065265310529
2340,4.82015E+11,102289,0.35593220201875114,0.023099133708376213,0.4008130070438672
2341,4.82015E+11,119560,0.33886255723422654,0.11996497320505703,0.2886103933335407
2342,4.82015E+11,81282,0.33234946675118376,0,0.42794918174973073
2343,4.82015E+11,110756,0.30203291091933293,0,0.5036915463191833
2344,4.82015E+11,0,0.3492568965047039,0.059329320212129666,0.3610981835221117
2345,4.82015E+11,96583,0.558466761,0,0.4219443306900188
2346,4.82015E+11,109222,0.1469802236933179,0.017535971,0.3885152592420318
2347,4.82015E+11,82326,0.582766436,0.025883838220430316,0.5595818776335758
2348,4.82015E+11,73495,0.4491525369351993,0,0.6180722817099725
2349,4.82015E+11,41272,0.011049724,0.054237287,0.15520628531231548
2350,4.82015E+11,76136,0.3602517023584074,0.055968517,0.4799999979574468
2351,4.82015E+11,49038,0.032911391571863506,0.12415349606876985,0.12709832032695187
2352,4.82015E+11,0,0.059563758,0.017673048470743385,0.240554155
2353,4.82015E+11,39517,0.062823834,0.034168565,0.26550168959694653
2354,4.82015E+11,41861,0,0.046571798,0.2407282519168695
2355,4.82015E+11,42470,0.2521739106070154,0.05942275,0.2039295379137565
2356,4.82015E+11,98333,0.31370262207753574,0.06102254,0.544044662
2357,4.82015E+11,128885,0.7580138230168836,0.021238937927793876,0.6443569511525135
2358,4.82012E+11,96667,0.4358507694645062,0.012367491056824284,0.447999996
2359,4.82015E+11,250001,0.8876050326932244,0,0.6778471085971365
2360,4.82015E+11,250001,0.7923544674860602,0.011032308817712303,0.6907301009784241
2361,4.82015E+11,133625,0.6184210410071234,0.080906148,0.5880281621123455
2362,4.82012E+11,36641,0.14765100340825496,0.056261342,0.11821365921003801
2363,4.82012E+11,29314,0.11111110956790125,0.035809018092718595,0.09464508
2364,4.82012E+11,44448,0.050274222575189924,0.057275541,0.047149123
2365,4.82012E+11,34906,0.12674650572109275,0.047945205068962285,0.13011695843022925
2366,4.82012E+11,0,0.051948051104739434,0.07365439,0.059125963
2367,4.82015E+11,0,0.3043052807797918,0.025547445022377328,0.34971334684919453
2368,4.82015E+11,38651,0.3540983567858103,0,0.29966329714088136
2369,4.82015E+11,58939,0.4571428440816331,0.20984455414910483,0.42935981866048767
2370,4.82015E+11,40866,0.18165467299182245,0,0.2174329481088798
2371,4.82015E+11,73523,0.15942028792970667,0.12010918907998919,0.5389754951116315
2372,4.82015E+11,159303,0.6279491719065486,0,0.5774647805990876
2373,4.82015E+11,65053,0.348814226,0.008169935,0.16595135671028102
2374,4.82015E+11,43196,0.5302013333858837,0.012210012060927814,0.45649170955461527
2375,4.82015E+11,26750,0.5321782046490544,0,0.397471905
2376,4.82015E+11,104456,0.3984899295428697,0.038617886,0.41863798983055206
2377,4.82015E+11,67428,0.6144473401701711,0.020563595,0.6865284929628984
2378,4.82015E+11,104125,0.573770486,0,0.54828042
2379,4.82012E+11,78917,0.054830286,0,0.31055900299628364
2380,4.82015E+11,53889,0.3757396394121355,0.02585034,0.1793687438077849
2381,4.82012E+11,0,0.074540174,0.065817409,0.31103073953567967
2382,4.82012E+11,28144,0.11811023157046333,0.041666665702160516,0.10670443714160116
2383,4.82012E+11,38527,0.11505921971134993,0.2113163947884943,0.068006182
2384,4.82015E+11,98988,0.3867822276621644,0.036217303,0.22809558125926443
2385,4.82012E+11,37792,0.11445198725070818,0.085984522,0.021459227336240175
2386,4.82012E+11,53750,0.11610486456536089,0.028735631358171514,0.2576882263235607
2387,4.82015E+11,58897,0.16807909367119925,0.14673912844104445,0.23958333125361692
2388,4.82015E+11,40884,0.1780277949832707,0.020080321169935047,0.27198275744835015
2389,4.82015E+11,51390,0.15510203765097882,0,0.23396998476145986
2390,4.82015E+11,45263,0.2167414018424305,0.1088180102362288,0.2782018636284829
2391,4.82015E+11,28862,0.14850136037464087,0,0.3476190443083901
2392,4.82015E+11,0,0.024660912149680494,0.0152,0.19213973659286945
2393,4.82015E+11,0,0.32794117164792397,0,0.3140794195480197
2394,4.82015E+11,40769,0.0503937,0.2014302717350385,0.1361502331437766
2395,4.82015E+11,196385,0.6145648203452074,0,0.6200873308289316
2396,4.82015E+11,0,0.32826475556113816,0,0.3654015854774794
2397,4.82015E+11,67014,0.304518662,0.18146341374895894,0.25578231205516216
2398,4.82015E+11,0,0.49921996101060906,0,0.3207272703947108
2399,4.82015E+11,95340,0.3253127976389529,0,0.37769516447810286
2400,4.82015E+11,75000,0.32171386839713967,0.025862069,0.4297188737762294
2401,4.82015E+11,111364,0.29613733693750116,0.039635779,0.22402254235990648
2402,4.82015E+11,101890,0.27109374894104005,0.06169581,0.44247280926596216
2403,4.82015E+11,60729,0.36641220814637854,0.001315789,0.35628073153204853
2404,4.82015E+11,81696,0.31988188818955765,0.055297594,0.41955445371470934
2405,4.82015E+11,89209,0.30244530114781076,0.1095201234151698,0.3069148919844953
2406,4.82015E+11,163571,0.5363395197011166,0.018437651535964814,0.720651239
2407,4.82015E+11,51229,0.44311376361050375,0.18209876262193267,0.2561983444607609
2408,4.82015E+11,45046,0.2399999983157895,0.027262181,0.3260869551842208
2409,4.82015E+11,0,0.6616216144689555,0.032085561154165124,0.7473684123114805
2410,4.82015E+11,56233,0.12091038234835871,0.025316455429151313,0.36826119690006687
2411,4.82015E+11,54848,0.15168539155409672,0.038533834,0.20063291012257653
2412,4.82015E+11,0,0.1396396375429484,0.3024452985528276,0.17786069430521526
2413,4.82015E+11,0,0.35820894185787533,0.11636363213223157,0.28595040849668746
2414,4.82015E+11,111806,0.30109739162484644,0.020261437776069036,0.5607717005738154
2415,4.82015E+11,0,0.053097344,0.090481785,0.1345029213547189
2416,4.82015E+11,49366,0.6707746360779113,0,0.252767525
2417,4.82012E+11,0,0,0,0.076495131
2418,4.82012E+11,55313,0.20338058776782666,0.028457091914374868,0.2578313240586442
2419,4.82012E+11,53026,0.17409948392710564,0.12380344528523647,0.2056480796115273
2420,4.82015E+11,67857,0.45080091017390267,0,0.283718103
2421,4.82015E+11,128828,0.7550077002824463,0.026074360086555476,0.6588366865815186
2422,4.82012E+11,32733,0.020460358,0,0.1894329872495749
2423,4.82012E+11,29889,0.11657142723918369,0.055080721,0.11044520453385956
2424,4.82015E+11,157250,0.7152009276924816,0.016339869192048644,0.6939281245729361
2425,4.82012E+11,29667,0.1143451119678771,0.086519113,0.2337526180948363
2426,4.82012E+11,28125,0.052464229,0.01858736,0.17808219
2427,4.82015E+11,96567,0.3159682881315499,0.036427146,0.2835882584390729
2428,4.82015E+11,88438,0.070918086,0.008984726,0.28621495243511985
2429,4.82015E+11,108730,0.49171270446567567,0.004071247,0.23957769290856065
2430,4.82015E+11,69786,0.2915662627183433,0.098657717,0.3457467646187896
2431,4.82015E+11,68000,0.2289628135232326,0,0.3453237385228508
2432,4.82015E+11,120664,0.4536249475349333,0.014700339183187564,0.36346647894541817
2433,4.82015E+11,143558,0.025568181454997424,0.007843137,0.24140350707787012
2434,4.82015E+11,130488,0.4547485982709654,0.004528985,0.29099582414433023
2435,4.82015E+11,107500,0.4754810647083733,0.033185840524414596,0.35094671796148513
2436,4.82015E+11,0,0.24302787876382953,0.085185182,0.24007386666598463
2437,4.82015E+11,118258,0.22805138942129133,0.041392286,0.32346938445439405
2438,4.82015E+11,168357,0.5523255778273541,0.033855799,0.6773410932686021
2439,4.82015E+11,174125,0.8177399657625763,0.044032444,0.6983282621707579
2440,4.82015E+11,0,0.16226414788180854,0.070312499,0.3274261575744628
2441,4.82015E+11,38641,0.056216216,0.047557003,0.1559912847233495
2442,4.82015E+11,105046,0.37194126939689015,0.066098081,0.48222565439347936
2443,4.82015E+11,123882,0.5272835081418534,0,0.5922783173853274
2444,4.82015E+11,86216,0.589028772,0.023767605424580937,0.6528274828000896
2445,4.82015E+11,69489,0.13924050456657588,0.17549019435793928,0.18286814068461849
2446,4.82015E+11,49803,0.095757575,0.058317399060063106,0.16086956381852555
2447,4.82012E+11,41789,0.13074204831499958,0,0.15253411231708522
2448,4.82015E+11,93306,0.19675455990355864,0.023648648,0.16417910259266244
2449,4.82012E+11,0,0.019999999500000015,0,0.12192513238582746
2450,4.82015E+11,59323,0.16599885423011532,0.016599597502014098,0.14031413539102547
2451,4.82012E+11,19613,0.067357512,0.031195840284264816,0.092975206
2452,4.82012E+11,62773,0.2244897844648069,0.023474177301681817,0.29583801691970735
2453,4.82012E+11,48750,0.078389829,0.20270269927867063,0.094515752
2454,4.82012E+11,33598,0.097014924,0.11057692174787354,0.097998619
2455,4.82012E+11,53988,0.073660713,0.11314475685283266,0.21948717723602895
2456,4.82012E+11,38173,0.2796208398283962,0,0.091017963
2457,4.82013E+11,55234,0.014585764208951201,0,0.43829044728176864
2458,4.82012E+11,42971,0,0.065284973,0.21719792277836975
2459,4.82012E+11,50260,0.12542759264050635,0.050359712,0.16642546912861456
2460,4.82012E+11,0,0.064986737,0.025183630375827593,0.23836477837506428
2461,4.82012E+11,50375,0.15394242610835512,0.043010752267734584,0.20790020645945803
2462,4.82012E+11,47981,0,0.096166778,0.2903225786940687
2463,4.82012E+11,43750,0.1068447394516738,0.068429237,0.2827356106527472
2464,4.82012E+11,86194,0.149282295,0.0436477,0.3601462500905165
2465,4.82013E+11,38638,0.1256231293557016,0,0.3965517215082777
2466,4.82012E+11,51629,0.16756756627360953,0.056838365560459646,0.15313463436210362
2467,4.82012E+11,58958,0.12635735314553453,0.021477663045724543,0.290609135
2468,4.82013E+11,117222,0.1327489033641271,0.015780245378256893,0.7282079007676887
2469,4.82012E+11,76167,0.16919739573971515,0.038670285,0.23182066576369237
2470,4.82012E+11,58490,0.2526837303659477,0.035795887008409084,0.20248203656118852
2471,4.82012E+11,61154,0,0.070021881,0.26202860687887775
2472,4.82013E+11,60793,0.071329639,0.033005211158047415,0.41959893901021966
2473,4.82012E+11,37284,0.050083471617972095,0,0.24305555386766978
2474,4.82013E+11,73284,0.11835748649326708,0.076995304,0.40218269845520327
2475,4.82012E+11,34827,0.092939481,0.044976635,0.262243988
2476,4.82012E+11,44353,0.048140043,0.048027444,0.21895424747159212
2477,4.82013E+11,30029,0.20796812583292332,0.072281583,0.3526510470016922
2478,4.82013E+11,73799,0.25979680319598253,0.186107468,0.33838001257850103
2479,4.82012E+11,40375,0.17597764871570815,0.11956521479206056,0.20286085561949474
2480,4.82012E+11,71992,0.094474152,0.073573572,0.15137614540021885
2481,4.82012E+11,56346,0.075921907,0.04531722,0.2765957410027162
2482,4.82013E+11,61250,0.063809523,0.030139103,0.17127071704923538
2483,4.82013E+11,38313,0.12583892547069953,0.008248423,0.40177353068367305
2484,4.82012E+11,29531,0.1214622627186054,0.11143694905731233,0.13092979002912913
2485,4.82013E+11,106443,0.406278851,0.086928525,0.14999999908536585
2486,4.82013E+11,41438,0.3139534701189843,0,0.21531631281557922
2487,4.82013E+11,70375,0.25648414739208314,0.077104641,0.49848759529045616
2488,4.82012E+11,41908,0.072237959,0.059280854623120945,0.11606391828373493
2489,4.82012E+11,61458,0.13776336891793567,0.038071066,0.4323144057607598
2490,4.82013E+11,69375,0.15425531709766865,0.067460317,0.17514677018029956
2491,4.82012E+11,79632,0.18639053070620779,0.097254901,0.36486486251695716
2492,4.82013E+11,64436,0.120676967,0.047832586,0.15850144016089604
2493,4.82013E+11,0,0.053078555136336414,0.055944055,0.45341614504510963
2494,4.82013E+11,57926,0.14048531110491302,0.027090695,0.3294972723834205
2495,4.82012E+11,49672,0.061276058,0.004721931,0.1641456573437218
2496,4.82013E+11,38964,0.075320512,0.071887034,0.2757502005210852
2497,4.82012E+11,34509,0,0.14696813826343127,0.1461318041108037
2498,4.82012E+11,68444,0.069730585,0.025477706681812654,0.32345678613016315
2499,4.82012E+11,89286,0.2244525526966008,0.029345372239688697,0.25078864221457076
2500,4.82013E+11,103202,0.15540540409285977,0.064467766,0.5670274747417673
2501,4.82012E+11,67687,0.23482427927456648,0.031311154,0.20978704028188924
2502,4.82012E+11,66571,0.21513943937397823,0.031217481,0.3586818735191263
2503,4.82012E+11,74250,0.224625622,0.086330935,0.25998142869089397
2504,4.82013E+11,65644,0.1736242876014028,0.038302666,0.20697012753207653
2505,4.82013E+11,101044,0.14180024573489367,0.042619542,0.4667575844979284
2506,4.82012E+11,50625,0.0352,0.04599761,0.16464890974717952
2507,4.82013E+11,103000,0.34019886122017856,0.033139534691049216,0.19914651399171873
2508,4.82013E+11,41460,0.008010681,0.063874345,0.23413257944899452
2509,4.82013E+11,35781,0.17896678636592647,0.053935859,0.074556212
2510,4.82013E+11,41711,0.14116379158228673,0,0.25793382675264126
2511,4.82013E+11,0,0.22982884523645858,0.018903591,0.6071428527176177
2512,4.82012E+11,106615,0.14614918043572359,0.075821845,0.19088016865917196
2513,4.82013E+11,39111,0.012310605944028353,0.071672354,0.28661527479596866
2514,4.82013E+11,105444,0.054216866381187424,0,0.2160664807974156
2515,4.82013E+11,36030,0.093316518,0.026136363,0.2857142833133254
2516,4.82013E+11,91463,0.048109965,0.017220902510564712,0.40866609851883556
2517,4.82012E+11,32465,0.074956672,0.020656136003822857,0.36332179721267704
2518,4.82013E+11,114612,0.2428681554135069,0.057931034,0.2175850882593797
2519,4.82012E+11,40429,0.033828383,0.023731047964857956,0.1852331598219639
2520,4.82012E+11,71354,0.099016853,0.016750418666943503,0.15272244288303477
2521,4.82012E+11,40391,0.10623084671878605,0.11024734904418834,0.12371133956849825
2522,4.82013E+11,76103,0.11814176965101413,0.022127917,0.18785796051587067
2523,4.82013E+11,101316,0.21077959475082003,0.080614203,0.3419203739065097
2524,4.82012E+11,81683,0.084497206,0.003510532,0.2053191478440471
2525,4.82013E+11,49938,0.1750841721366301,0.24174372203773156,0.17486338678372004
2526,4.82013E+11,107228,0.087719297,0.015056461542578902,0.5741007111640186
2527,4.82013E+11,82656,0.15849056454254185,0.004187605,0.6832363792531128
2528,4.82012E+11,84167,0.3221003109553267,0.021109770680881962,0.16909975600527266
2529,4.82013E+11,50953,0.154320987,0.07012987,0.6050454896400104
2530,4.82013E+11,92006,0.2794736827396122,0.029962546676205303,0.3098712437485801
2531,4.82012E+11,79583,0.304597699,0.063390663,0.15665634577921767
2532,4.82012E+11,52283,0,0.1342685357287722,0.20959451622161898
2533,4.82013E+11,97045,0.35137795102668334,0.052828774624096006,0.35658042644381205
2534,4.82013E+11,59125,0.049335863,0.09699769,0.48767697699173057
2535,4.82013E+11,99911,0.10050251193151688,0.13445378080644022,0.21467391207122322
2536,4.82013E+11,49554,0.3258278102539363,0,0.2598627765020345
2537,4.82013E+11,69442,0.095925296,0.076923076,0.6081229384845064
2538,4.82012E+11,0,0.057228914,0.10329670102644614,0.3691860429342438
2539,4.82012E+11,80550,0.1200980377438966,0.020127118430856798,0.33412887562347754
2540,4.82013E+11,81392,0.20049301396472463,0.028244787974143995,0.26588151225595463
2541,4.82012E+11,105227,0.18857901475990685,0.15192307546227812,0.35950109787600076
2542,4.82012E+11,59628,0.10051107239769104,0.022488755,0.2902117899816154
2543,4.82013E+11,122821,0.031954887,0.10476190333657275,0.37617823156659613
2544,4.82012E+11,44079,0.032019704,0,0.27413127060320114
2545,4.82013E+11,69821,0.14524421500485724,0.018027571484477353,0.27399577051164575
2546,4.82012E+11,40047,0.1994047607178288,0.1525235709787933,0.080697928
2547,4.82012E+11,102784,0.13106796010462815,0.12884237979828397,0.15527291915594638
2548,4.82012E+11,103272,0.10491071194395733,0,0.16020407999791755
2549,4.82012E+11,0,0.066102591,0.083404619,0.18880497472765448
2550,4.82012E+11,40192,0.013888888713524132,0.13132295592098292,0.15467625806549007
2551,4.82013E+11,75093,0.12443233311142296,0.009942005,0.2480586701981938
2552,4.82013E+11,70098,0.052277819,0.032828283,0.29530864051699435
2553,4.82012E+11,83068,0.23816952554254017,0.058005752,0.18430525491610777
2554,4.82013E+11,58895,0.22891566068058813,0.061358656,0.25789626120574827
2555,4.82012E+11,45917,0.084040092,0.095117311,0.14036016911980886
2556,4.82013E+11,51341,0.038461538258896005,0.049876339,0.5082039888771441
2557,4.82015E+11,25409,0.26078431116878126,0.036347517,0.1501472016668577
2558,4.82015E+11,14449,0.13351877422087935,0.10742857020081634,0.35363636042148766
2559,4.82015E+11,16860,0.089108909,0.14048672410966012,0.10873786354981618
2560,4.82015E+11,69375,0.2338624326250665,0.040034071,0.21817512796845057
2561,4.82015E+11,32883,0.12965650638772855,0.11380679261664405,0.11960132846215825
2562,4.82015E+11,102975,0.17564654983139494,0,0.16018457376279122
2563,4.82015E+11,39452,0.21739130084716102,0.040498442,0.17622950675221716
2564,4.82015E+11,71833,0.3852295370735575,0.07066557,0.45761381116472677
2565,4.82015E+11,35179,0.34475374486257143,0.008163265,0.079977311
2566,4.82015E+11,23212,0.10654936357234249,0.032684824648367125,0.1338145467306244
2567,4.82015E+11,0,0.2696106898918612,0,0.3377420862647988
2568,4.82015E+11,61974,0.3031674180708831,0.014888337345836746,0.3798358711615717
2569,4.82015E+11,87512,0.2824882817107444,0.12232818111697408,0.15043130622673825
2570,4.82015E+11,69580,0.40858725620295266,0.024771453775371707,0.2705345497546699
2571,4.82015E+11,91329,0.30625402768372645,0.039354187490644864,0.3465530009393884
2572,4.82015E+11,72841,0.22485206834494595,0.12235293973702424,0.275766015
2573,4.82015E+11,66953,0.098360655,0,0.3325031112546506
2574,4.82015E+11,120351,0.44041735068414417,0.039794007,0.20223010541191028
2575,4.82015E+11,49790,0.35257498385639513,0.006286837,0.2251234995584915
2576,4.82015E+11,52165,0.34891675770904496,0.022068965365041618,0.24999999762357417
2577,4.82015E+11,87192,0.3555201261238735,0.064233576,0.1594698585731726
2578,4.82015E+11,159332,0.6164285670255103,0.08005521,0.4525059644271791
2579,4.82015E+11,103281,0.27487659060827074,0.006510731,0.21524742050140336
2580,4.82015E+11,81094,0.4204651123677664,0,0.3887297020595525
2581,4.82015E+11,86917,0.3087971256206037,0.043227665498426195,0.2854694986789942
2582,4.82015E+11,75426,0.16609129203647374,0.10977826205096959,0.19085365795471446
2583,4.82015E+11,55029,0.055820286,0.002602811,0.17711598607275875
2584,4.82015E+11,0,0.5422885302344015,0.077981648,0.1965317881207748
2585,4.82015E+11,110125,0.1534944470705784,0.014536340779266462,0.24398896238080817
2586,4.82015E+11,36457,0.098890942,0.03611898,0.1327769337422084
2587,4.82012E+11,0,0.16207950574680413,0,0.2213483121196819
2588,4.82012E+11,37209,0,0,0.1428571412244898
2589,4.82012E+11,41591,0,0,0.3858407045500823
2590,4.82012E+11,41500,0.064312736,0.12790697539210386,0.070445344
2591,4.82012E+11,26914,0.02283342,0.008971963,0.268076922
2592,4.82012E+11,75257,0.093596058,0.006325474,0.27087033627499846
2593,4.82015E+11,56848,0.042524005,0.03652968,0.084423305
2594,4.82012E+11,0,0.04753521,0,0.17854077099965004
2595,4.82015E+11,21015,0.058908045,0,0.093425605
2596,4.82012E+11,37826,0.18241758108118988,0.044758539,0.073345259
2597,4.82015E+11,50826,0.070327552,0,0.44871794488275263
2598,4.82015E+11,93204,0.17931609525174233,0.017894012,0.21120689503443324
2599,4.82015E+11,53286,0.19047618903646116,0.036120401096184605,0.23938879321228754
2600,4.82015E+11,36354,0.3091836703144524,0.051877133,0.1275946268156616
2601,4.82015E+11,250001,0.7015521033190594,0.007964954,0.5550082079022651
2602,4.82015E+11,71667,0.11554192110897832,0.053514377,0.11503811424090012
2603,4.82015E+11,42595,0.20162748461457972,0.046335299,0.30649717297671486
2604,4.82015E+11,91528,0.6322674326705315,0,0.2393075332046076
2605,4.82015E+11,85964,0.43450064287288404,0,0.1855807718881072
2606,4.82015E+11,26450,0.2112554094263601,0,0.21831412845170328
2607,4.82012E+11,70156,0,0,0.2912087885420441
2608,4.82012E+11,32188,0.008116883,0.016925247,0.18782869881420963
2609,4.82012E+11,46363,0.10506566554847248,0.070224719,0.069315805
2610,4.82012E+11,47569,0.11045029642777998,0.078391274,0.092751842
2611,4.82012E+11,45283,0.052413792,0,0.11712439323809053
2612,4.82012E+11,40000,0.07016129,0.049374999691406254,0.078768492
2613,4.82015E+11,18419,0.11307053824615625,0.018453427,0.16570327446561803
2614,4.82012E+11,29017,0.08219178,0.043541364,0.2553389031785566
2615,4.82012E+11,35170,0.029313790610834174,0.033070866,0.2296376023335572
2616,4.82012E+11,48250,0.022177419131276018,0.042060085,0.2713216944073731
2617,4.82015E+11,92695,0.2822857110595919,0,0.17843665672001802
2618,4.82015E+11,89627,0.2876806587220877,0,0.2193505625601373
2619,4.82015E+11,41750,0.078031212,0.018327605746533727,0.31365575879334456
2620,4.82015E+11,90214,0.3740043433236627,0.029555149209155546,0.3385214000464302
2621,4.82015E+11,152763,0.4553314055427752,0.082224908,0.1634349022925443
2622,4.82015E+11,0,0.17122301911909327,0,0.14630224845173234
2623,4.82015E+11,93540,0.6302681871596133,0.099025972,0.22463768
2624,4.82015E+11,92842,0.12974683475871923,0.059242761,0.2343594828389292
2625,4.82015E+11,0,0.020533880762944007,0,0.3156990713991787
2626,4.82015E+11,87024,0.36166924079510954,0.12017937165838846,0.17901057998567177
2627,4.82012E+11,52091,0.15225225088061037,0.000708717,0.29484791871602783
2628,4.82012E+11,48194,0.057001238,0.027290448,0.18492811013917645
2629,4.82012E+11,72092,0.049803406948841326,0.04143337,0.1222627726070915
2630,4.82012E+11,48037,0.14420485,0.029832935204857577,0.17275747364819374
2631,4.82012E+11,26918,0,0,0.3003021129891111
2632,4.82015E+11,47466,0.10734462973602742,0.026737967199519597,0.050670640079424144
2633,4.82012E+11,49107,0.035029190700340364,0.013896609150102228,0.26945754558102863
2634,4.82012E+11,38021,0.038591739752256334,0.057824933,0.2999999986899563
2635,4.82012E+11,43333,0,0,0.18254545321785126
2636,4.82012E+11,46000,0.082878952,0,0.11284722124264565
2637,4.82015E+11,0,0.4002624619388129,0.047674418050297464,0.14285714117051782
2638,4.82015E+11,75327,0.09716312,0.068312284,0.21222222143621397
2639,4.82015E+11,42035,0,0,0.098609354
2640,4.82015E+11,30000,0.10622154699376672,0.061778682540538477,0.09512761
2641,4.82015E+11,27244,0.14513556387343599,0.053817271,0.06630336
2642,4.82015E+11,153627,0.49147725876485066,0.045454544,0.24624059687517677
2643,4.82015E+11,72321,0.3328767108087821,0.017507294633150084,0.33029529591580276
2644,4.82015E+11,41268,0.18439715985111418,0,0.20504527681083262
2645,4.82015E+11,0,0.5503355581580412,0.034883720254191466,0.45870535202337775
2646,4.82015E+11,57679,0.1565696289805694,0.047257876,0.27479438667249934
2647,4.82015E+11,52738,0.27084987870651406,0.008010681,0.21476509922976444
2648,4.82015E+11,130434,0.11655405306964482,0.008139535,0.27975673084485897
2649,4.82015E+11,118071,0.15900131197107342,0.016931216752050615,0.11013215737739915
2650,4.82015E+11,61544,0.2805662787608348,0.30552220704968663,0.19116234206376234
2651,4.82015E+11,0,0.12716049225727788,0.084245076,0.18105008943240744
2652,4.82015E+11,180563,0.23321553946234844,0,0.3437077084748619
2653,4.82015E+11,64286,0.035377357656194396,0,0.2258454079004178
2654,4.82015E+11,165601,0.11652542126005463,0.089500859,0.3282352902560554
2655,4.82015E+11,71188,0.25954198190248656,0.078269824,0.2745591922256978
2656,4.82015E+11,131875,0.1883589313794751,0.032515991,0.32637075575991836
2657,4.82015E+11,70261,0.12655086691624234,0,0.17306733080764425
2658,4.82015E+11,0,0.5431372495770858,0.042086001,0.373417718
2659,4.82015E+11,67576,0.11199294433868656,0,0.2961636813495464
2660,4.82015E+11,126071,0.11822125685226403,0.026126125890755622,0.3233657835649111
2661,4.82015E+11,79000,0.13603818453415054,0.073588709,0.22373358244027397
2662,4.82015E+11,83920,0.1594349134236382,0.00445705,0.24799506400988566
2663,4.82015E+11,69526,0.36955432964669843,0.15580491948293085,0.2106351544737514
2664,4.82015E+11,76898,0.30069929544232005,0,0.2889431869948492
2665,4.82015E+11,87438,0.1228915652779794,0.10191846461679578,0.354230599
2666,4.82015E+11,75270,0.18011695695769642,0.049433573126327776,0.22451993925760755
2667,4.82015E+11,41763,0.19335793215233998,0.072909699,0.18998167263297697
2668,4.82015E+11,73750,0.2578423851733559,0.048408488,0.23402007272044337
2669,4.82015E+11,26576,0.062765957,0.093933463,0.05125149
2670,4.82015E+11,71270,0.17883510927944948,0,0.19708914374112102
2671,4.82015E+11,64063,0.2766169126704785,0.04050834,0.1966317697012664
2672,4.82015E+11,47489,0.067615658,0.040171397749483674,0.13626276015862068
2673,4.82015E+11,63010,0.097711267,0.076872964,0.22103486939800412
2674,4.82015E+11,0,0.093202522,0.036292574,0.057513163
2675,4.82015E+11,49672,0.1507352927322124,0.045416315850157145,0.23486951563092995
2676,4.82015E+11,120804,0.097366809,0.028272251160878267,0.29820627668965793
2677,4.82012E+11,0,0,0.19588875216579502,0.24621211654901295
2678,4.82012E+11,67375,0.037771482,0.023538960847898045,0.3086614148924298
2679,4.82012E+11,56391,0.028241335,0.014721345796831275,0.37707736173594636
2680,4.82015E+11,0,0.076784643,0.051006083,0.050669215818980796
2681,4.82015E+11,93008,0.14221824559733234,0.089611419,0.087038788
2682,4.82012E+11,53421,0.008832188,0,0.25940337056158647
2683,4.82012E+11,27446,0,0.019280205531618216,0.34468937703061436
2684,4.82012E+11,48014,0.093203882,0.1908645972126493,0.06893617
2685,4.82012E+11,31793,0.036344755593512405,0.019593067,0.22858225842084054
2686,4.82012E+11,27407,0.033760185870079326,0,0.37866857280838534
2687,4.82015E+11,94463,0.33980582270496024,0.051813471167011196,0.19124087521444935
2688,4.82015E+11,0,0.3077669887972476,0.078060046,0.17892540334415544
2689,4.82015E+11,0,0.2601625973957301,0.14269535512236292,0.14999999829545457
2690,4.82015E+11,59784,0.2114320822899073,0.005597964,0.3233009693043642
2691,4.82015E+11,53881,0.134999999,0,0.36249213113598405
2692,4.82015E+11,61481,0.19645608477306561,0.061887800258736414,0.24844167298111453
2693,4.82015E+11,82232,0.3329007116619032,0,0.22670807365408355
2694,4.82015E+11,0,0.24411134380917895,0,0.3794871767070537
2695,4.82015E+11,96250,0.18152696112372152,0.065949485,0.3522920188782172
2696,4.82015E+11,125146,0.18723994192455004,0,0.2197402585987519
2697,4.82012E+11,34092,0.044444444,0.031039834293637693,0.21920867830501378
2698,4.82012E+11,77500,0.012782694072933195,0.043198529014719406,0.29629629385764367
2699,4.82012E+11,46064,0.025121555712142984,0.002525253,0.24737762129642646
2700,4.82012E+11,55288,0.081328751,0.058023572,0.17084639409171162
2701,4.82012E+11,40840,0,0,0.095930232
2702,4.82012E+11,29214,0.2045889088298986,0.017452830106354573,0.11054885126294724
2703,4.82012E+11,0,0,0,0.2922402985466815
2704,4.82012E+11,65487,0.1507738384883982,0.047465437569283696,0.33600583
2705,4.82015E+11,0,0.1521352299632097,0.033064516,0.07920792
2706,4.82012E+11,33947,0.1670951113857298,0.036885245,0.4429530158873153
2707,4.82015E+11,68131,0.086982603,0.033799008410099106,0.20836286247922442
2708,4.82015E+11,53326,0.12526095902650355,0.07410972,0.25365434
2709,4.82016E+11,85685,0.463824283,0,0.6805970081532636
2710,4.82015E+11,0,0.3095044653980141,0.061930783,0.4451901541096748
2711,4.82015E+11,64861,0.35986732404863475,0.078668683,0.39579684416990507
2712,4.82015E+11,0,0.42651756507160443,0.16399506579537526,0.4124030975782706
2713,4.82015E+11,27068,0.178423233,0,0.10851262760979768
2714,4.82016E+11,116250,0.590545935,0.007590133,0.7425256548749413
2715,4.82015E+11,0,0.10812772055059709,0.041489361481439564,0.17199715584934502
2716,4.82015E+11,84896,0.1567591362538127,0.092141863,0.3325808866343834
2717,4.82012E+11,54901,0.044524669,0,0.25099919863309994
2718,4.82015E+11,63333,0.11802378666034963,0.021143304454633482,0.2276064599725577
2719,4.82012E+11,41220,0.10770505296019012,0.099590722,0.050080775174578485
2720,4.82012E+11,61550,0.0720072,0.036557502,0.25273159024830594
2721,4.82015E+11,11563,0,0.06227106,0.014084506821838705
2722,4.82012E+11,69050,0.051620647639608074,0.11651376039895633,0.27359130839381324
2723,4.82012E+11,39405,0.015130673794626221,0,0.20108695542887525
2724,4.82012E+11,35827,0.053832116297152226,0,0.19377162518009444
2725,4.82012E+11,42717,0.051798560405776115,0,0.2553191475066117
2726,4.82015E+11,41875,0.095602294,0.15552699128838696,0.162082514
2727,4.82015E+11,77630,0.2107765434962239,0.066666666,0.3930470331572718
2728,4.82015E+11,79290,0.5118483351676738,0.022246941,0.47542856599510214
2729,4.82015E+11,115607,0.6531986458675797,0.027654867,0.2672162935634515
2730,4.82015E+11,100163,0.44103773238177885,0.06060606,0.42159040239186846
2731,4.82015E+11,127841,0.6370656288665942,0.059829059098546286,0.6828859003113599
2732,4.82015E+11,115998,0.1989100803888959,0.019351717371302767,0.19867549586640937
2733,4.82015E+11,107656,0.5899076006403156,0.015120274810169932,0.622527248
2734,4.82015E+11,94261,0.5458276259120708,0.002139037,0.28559139662111227
2735,4.82015E+11,60768,0.3665987742708883,0,0.2122117838932033
2736,4.82015E+11,108058,0.3550939646137786,0.006311993,0.5191326508540278
2737,4.82015E+11,64554,0.13649425091243894,0.06321839,0.16157989082962396
2738,4.82015E+11,33880,0.15916575017381174,0.011784511685315559,0.13428571351836735
2739,4.82015E+11,101100,0.6458055839440002,0.065300895,0.4482439884635491
2740,4.82015E+11,31438,0.043643263,0.029810298,0.15097690807302924
2741,4.82015E+11,45156,0.094017093,0.13665743179448356,0.1566683185093291
2742,4.82015E+11,98774,0.3826086889981098,0.2054140094679298,0.27805694909500045
2743,4.82016E+11,96364,0.4230171007306827,0.010973936749328714,0.7237728515517531
2744,4.82015E+11,111136,0.24322445974131718,0.013580246829751563,0.1730769223976573
2745,4.82015E+11,91903,0.12141280263861072,0.075774336,0.21279163228965553
2746,4.82015E+11,31215,0.070302233,0.083105522,0.071086556
2747,4.82015E+11,82125,0.3367965338805495,0.040860214760858674,0.5547205234630318
2748,4.82015E+11,58333,0.021489971,0.003030303,0.22633744669681113
2749,4.82015E+11,64375,0.04517528,0.041163556,0.14818880318729133
2750,4.82015E+11,50566,0.36200156089130914,0.13407455765811277,0.15705350829010767
2751,4.82015E+11,57125,0.085139318,0.016847171879095405,0.23211567555467522
2752,4.82015E+11,45333,0.10533515659825475,0.051282050996198154,0.10037174679730794
2753,4.82015E+11,88319,0.44633838102059104,0.014780835806417758,0.4874086089057327
2754,4.82015E+11,43083,0.076470587,0.021897809899302047,0.11760660166707977
2755,4.82016E+11,69808,0.4325451956530571,0,0.28816199152521815
2756,4.82016E+11,132804,0.5312280664475223,0.068888889,0.43402777526604297
2757,4.82012E+11,0,0.014227642,0.010086455186074133,0.20631341484603488
2758,4.82012E+11,38947,0,0,0.23333333123123126
2759,4.82012E+11,58333,0.028549962219759865,0,0.2755035719590411
2760,4.82015E+11,59455,0.094132028,0.049281314,0.2077625547059069
2761,4.82012E+11,36755,0.013435700489854763,0,0.24412371033351046
2762,4.82012E+11,64050,0.013409961428927943,0.027993778724824593,0.2280701736989308
2763,4.82012E+11,0,0.042372880996839994,0.042473919,0.20796719268912014
2764,4.82012E+11,40972,0.082942096,0.069284064,0.23047514893241317
2765,4.82012E+11,21369,0,0,0.14298561022494954
2766,4.82015E+11,47589,0.088803088,0.15984405302296245,0.21542737862802377
2767,4.82015E+11,122292,0.44396039428134493,0.048179478,0.5686832719975684
2768,4.82015E+11,98813,0.3139617270449204,0.12467800038805771,0.20661156934923194
2769,4.82015E+11,74841,0.21063500149388228,0.15067222925047644,0.316765285
2770,4.82015E+11,86941,0.3027672257039217,0.053528945,0.19241888791384873
2771,4.82015E+11,126250,0.3512785955413379,0,0.6044399535374374
2772,4.82015E+11,106350,0.5053003488931065,0.053343949,0.6650176631447515
2773,4.82015E+11,154271,0.4928010438952811,0,0.6476510030892002
2774,4.82015E+11,102647,0.5625954155527068,0.007392473,0.5617822665972334
2775,4.82015E+11,99055,0.29903147627353155,0.02039604,0.30405186336458373
2776,4.82015E+11,0,0.32407406907293107,0.045086705,0.3836538424648669
2777,4.82016E+11,59167,0.3869209756550276,0.021505376087152018,0.2900843851256921
2778,4.82015E+11,139602,0.44738262,0.034466478,0.6150961058832812
2779,4.82015E+11,49451,0.2056574907824351,0.19871794755991873,0.27543745770941375
2780,4.82015E+11,89813,0.44850064896674935,0.011437908,0.5580279207764924
2781,4.82015E+11,100000,0.5015037556277914,0.048569527,0.2962374123145871
2782,4.82015E+11,151563,0.6049586743528448,0.020843672,0.5126771047252904
2783,4.82015E+11,69118,0.37921477884889243,0.021513944137394644,0.6076721856683862
2784,4.82015E+11,65984,0.16568364522421639,0.042242079,0.2967032950730588
2785,4.82016E+11,0,0.27285129232126476,0.015416238279380903,0.5123062852114286
2786,4.82015E+11,69367,0.22433459223062388,0,0.32925897380245245
2787,4.82016E+11,158942,0.4672278985734943,0.018645731017439986,0.6492271067227877
2788,4.82016E+11,159688,0.4186046442092252,0.049926577827803555,0.3897928965252005
2789,4.82016E+11,69926,0.4839629331150183,0.070439494,0.4167343589217355
2790,4.82016E+11,141364,0.5722145765322244,0.018497758,0.5290581135818732
2791,4.82015E+11,76429,0.12938177100457762,0.008360427,0.23405972464059835
2792,4.82015E+11,59861,0.20721686242509157,0.015311509991257893,0.14872262739798672
2793,4.82015E+11,26696,0.092592591,0,0.15121951152452542
2794,4.82016E+11,80605,0.4252873465451185,0,0.2811016117654168
2795,4.82016E+11,35511,0.2955974811782235,0.029560810561141803,0.210355986
2796,4.82015E+11,70846,0.019431988,0.001182033,0.19294990604236298
2797,4.82012E+11,40000,0.05540897,0.003108808,0.1509433953077091
2798,4.82012E+11,49306,0,0,0.2303102597815005
2799,4.82012E+11,41761,0.12820512710935789,0.021474588250002948,0.20709146861720726
2800,4.82012E+11,29014,0.043338683,0.045595854449783896,0.21196358769854626
2801,4.82012E+11,62216,0.037164487011944344,0.005740528,0.22282608585560235
2802,4.82012E+11,0,0,0.036281178726970766,0.27777777469135806
2803,4.82012E+11,31677,0.058765915,0.019154030174349322,0.22154566640962214
2804,4.82015E+11,29620,0.162100453,0.12352940934256061,0.20525059420942013
2805,4.82012E+11,58977,0.030487804506246288,0.021256038441970642,0.19739292242462494
2806,4.82015E+11,44500,0.072908036,0.014084506932046112,0.1375821945494072
2807,4.82012E+11,63523,0.060948080576206765,0.017274472,0.2266584752662256
2808,4.82012E+11,54904,0.10007581425264736,0.078136739,0.05461165
2809,4.82012E+11,38880,0.069140823,0.096716947,0.22336647647952243
2810,4.82012E+11,41142,0.094750319,0.021645021410768166,0.2347285054596804
2811,4.82012E+11,45840,0,0.008807986,0.2282076384514807
2812,4.82015E+11,38408,0.057827926,0.003118503,0.13395872369996725
2813,4.82012E+11,33201,0.032467532045876206,0.04030501,0.2018927428872812
2814,4.82012E+11,37131,0.035856572990904924,0.007782101,0.23368740338628677
2815,4.82012E+11,32150,0.013182673951362073,0.014534883509667392,0.229268291
2816,4.82012E+11,46032,0.079142011,0,0.1810185176804698
2817,4.82015E+11,30545,0.12547528040017947,0.22173912561436684,0.2686056435534162
2818,4.82015E+11,115476,0.43921106729699416,0.026173772,0.4225612568615176
2819,4.82015E+11,51111,0.051282051,0.066452304,0.24773413647800469
2820,4.82015E+11,81096,0.44834404128351935,0.099470499,0.5022481991805386
2821,4.82016E+11,93167,0.3777777731138547,0,0.41862488756636307
2822,4.82015E+11,166380,0.6645328239382555,0.037664337,0.33939865686542897
2823,4.82015E+11,130750,0.4871982407666552,0.03364486,0.3808060096283947
2824,4.82015E+11,118349,0.39548022319576115,0.034693877315007636,0.4053932566049741
2825,4.82016E+11,72546,0.4872548971837755,0.048913043,0.3865493376081123
2826,4.82015E+11,82404,0.28653294964737563,0.063304168,0.41788105388782565
2827,4.82016E+11,33853,0.020330368,0,0.3226632481093054
2828,4.82016E+11,43933,0.3718820777351003,0,0.3361243978932488
2829,4.82015E+11,57247,0.12087911993030519,0.008115942,0.13592750460593014
2830,4.82015E+11,71361,0.3024590139142704,0,0.1262707323367002
2831,4.82015E+11,51796,0.26894501829205025,0.028610353833646407,0.34732423559995557
2832,4.82016E+11,51992,0.2314049554902899,0,0.3853028760148672
2833,4.82015E+11,97525,0.13548387,0.10403467787917746,0.078687367
2834,4.82016E+11,87750,0.3213885742285714,0.049783549,0.30436941259002276
2835,4.82015E+11,93074,0.1361671459930321,0.033532934,0.2091055591897439
2836,4.82015E+11,48720,0.1808873699557751,0.11397423078320881,0.20192693616247714
2837,4.82016E+11,139596,0.3881880711686464,0.038626609,0.4398535541848664
2838,4.82016E+11,124375,0.5512820448568526,0.002024291,0.5169712726243959
2839,4.82015E+11,66250,0.1006289303307744,0.012219156435872462,0.19406919211179838
2840,4.82016E+11,0,0.4663742621875108,0,0.48411828604470664
2841,4.82016E+11,100938,0.1455241735494295,0.011120996391810514,0.4698677096037839
2842,4.82015E+11,76533,0.023638232,0.089810016,0.14773519060811713
2843,4.82015E+11,107153,0.2157320855472579,0.049232736,0.1332288394293164
2844,4.82015E+11,43654,0.050113895,0.038917089,0.23795680964303648
2845,4.82016E+11,142527,0.31460673652316634,0,0.33568329535963504
2846,4.82015E+11,49615,0.055045871,0.043593130203525364,0.17921526851309366
2847,4.82012E+11,72754,0.025880661208622133,0.049578058810242305,0.23999999862857144
2848,4.82012E+11,0,0.050997782,0.082369941,0.16816143372076656
2849,4.82012E+11,71055,0.11298482198157823,0,0.21174764168420854
2850,4.82012E+11,50250,0.072886297,0.02004626,0.2352209070614754
2851,4.82012E+11,95133,0.27311370591802653,0,0.2743362815673376
2852,4.82012E+11,88299,0.16023007263574304,0,0.25347661028143736
2853,4.82012E+11,34297,0.069657614,0,0.12193794163343527
2854,4.82012E+11,36078,0,0.056980056,0.1631299723930373
2855,4.82012E+11,58399,0.071320944,0.004453441,0.2564757378457653
2856,4.82012E+11,27869,0.048837208,0.19294990365584594,0.16928657696924682
2857,4.82015E+11,54796,0.5745501211497414,0.077085532,0.1749521971801893
2858,4.81577E+11,164872,0.8699186903463548,0.019520851645777715,0.7468944041390186
2859,4.81577E+11,140942,0.6961018242155782,0.10456651155151217,0.5053846134408284
2860,4.82015E+11,43779,0.46302520619306553,0,0.21509971356766586
2861,4.82015E+11,157767,0.6029850686270143,0.040796019494566974,0.6509207313777363
2862,4.82015E+11,52440,0.533271714,0.043440486156034006,0.4384121398808398
2863,4.82015E+11,99306,0.4163839049133111,0.039568345,0.4509541330734712
2864,4.82015E+11,86735,0.9102316514456404,0.069099378,0.256625726
2865,4.82015E+11,101322,0.2904543119425507,0.008396306,0.4573885830438288
2866,4.82015E+11,49766,0.23113772178278177,0.023014959458976303,0.23618538113916773
2867,4.82014E+11,0,0.6138933664960684,0,0.6311584469885693
2868,4.82014E+11,97350,0.7467532386715018,0.032069970533819527,0.5300462208779182
2869,4.82014E+11,79038,0.7802585102202291,0,0.7807900791573193
2870,4.82014E+11,79342,0.8048498752326805,0.016597510201270642,0.5696361283609018
2871,4.82014E+11,53313,0.3620437903351272,0.018518518327998782,0.4384384340496653
2872,4.82014E+11,188341,0.8577405678296953,0,0.6286008165781809
2873,4.82014E+11,99286,0.702830172,0,0.744152036
2874,4.82015E+11,0,0.11612175742816508,0.01112347,0.20966688301981135
2875,4.82014E+11,100347,0.6293532181752931,0.083511776,0.5827586139912803
2876,4.82014E+11,192778,0.7811993390405294,0,0.7851637689290581
2877,4.82014E+11,176176,0.868449189,0.06631016,0.7123893742266427
2878,4.82013E+11,51875,0.4062968454828059,0.083023543,0.26888604009108785
2879,4.82013E+11,56656,0.033423667,0.068376068,0.23429951502174304
2880,4.82014E+11,138750,0.8561063983542153,0.007717751,0.67494089
2881,4.82014E+11,169508,0.8587499892656252,0.012820512671089596,0.6901993298156202
2882,4.82013E+11,108558,0.7557034148697395,0.025389025181089066,0.5530850441740687
2883,4.82012E+11,29750,0.14596273065275264,0.081041967,0.10964230085814697
2884,4.82013E+11,42574,0.36542668784624316,0.12923728539751514,0.3723252443320222
2885,4.82014E+11,83158,0.7370572106667955,0.044848484304866855,0.5449101731148482
2886,4.82014E+11,88225,0.6888297780740721,0.022606382678106614,0.7438136718513294
2887,4.82015E+11,202988,0.807542252,0.073749999,0.6272935707879178
2888,4.81577E+11,164609,0.499386497,0,0.50569297
2889,4.82015E+11,111534,0.5183823465884516,0.026431717770575795,0.5713457043425423
2890,4.81577E+11,162500,0.5175585241006813,0.026366559,0.7219638205583265
2891,4.82015E+11,0,0.7289156516729571,0,0.32912280470791017
2892,4.82015E+11,41488,0.25176469995847767,0,0.22610015002958916
2893,4.82015E+11,53409,0.47951441214328977,0.034414295,0.4945547694134864
2894,4.82015E+11,0,0.5095612991050472,0.064220183,0.22478157089132986
2895,4.82015E+11,203472,0.6772553916485974,0.023109243454734838,0.552498186
2896,4.82015E+11,106741,0.525657065,0.043710021,0.4886441810829719
2897,4.82015E+11,52452,0.6496296248175584,0.036168787,0.3094262273946296
2898,4.82015E+11,50694,0.590308361,0,0.29687499755859376
2899,4.82014E+11,0,0.501811585,0,0.7307692203594128
2900,4.82015E+11,66818,0.5774891724892712,0,0.4963592202890824
2901,4.82014E+11,250001,0.7742899792653963,0.070985527,0.7234869476763635
2902,4.82014E+11,127679,0.8252957158753802,0.016725351965445844,0.7786458292778863
2903,4.82015E+11,171458,0.9396449592941425,0.012485811436029382,0.6966560454087894
2904,4.82015E+11,0,0.1632443515067315,0.18432769203626276,0.2575205093093869
2905,4.82014E+11,68894,0.6905444027142636,0,0.6451247092389489
2906,4.82014E+11,105170,0.7043305091870059,0.003470501,0.5782526676414037
2907,4.82014E+11,112790,0.6772187638370901,0,0.6201038196314118
2908,4.82014E+11,84745,0.7405318232028056,0,0.5860091709517823
2909,4.82015E+11,194271,0.8211730926870803,0.052496798303498106,0.7837837759381003
2910,4.82014E+11,175543,0.825380702,0,0.8478893679192914
2911,4.82014E+11,0,0.8882554060632223,0,0.809197644
2912,4.82014E+11,135896,0.647058816,0.066805845,0.5893371673006172
2913,4.82014E+11,224167,0.8714285636479593,0.037639007,0.8010204030547168
2914,4.82014E+11,141302,0.8578088378133139,0,0.7516868994374238
2915,4.82015E+11,39405,0.7183486172628567,0.024308466,0.3485254668329392
2916,4.82014E+11,140167,0.6431717967228812,0.038179148,0.7624861180634172
2917,4.82014E+11,250001,0.9005524696030853,0,0.8947368293778545
2918,4.82011E+11,78060,0.670744677,0.051555555,0.5569299062577547
2919,4.82013E+11,0,0.41724403066016913,0.045143639,0.38092672208552414
2920,4.82013E+11,44612,0.2033582070582257,0,0.35231316475221947
2921,4.82014E+11,250001,0.8603351859180426,0.009394572,0.8228752913194973
2922,4.82014E+11,124536,0.8364611147927464,0.023863636,0.7964015076098342
2923,4.82014E+11,84863,0.7212522533338215,0.041179461,0.5862398443084574
2924,4.82014E+11,121705,0.7656249900309247,0.009036144,0.5232974847873658
2925,4.82014E+11,131848,0.9133089077331569,0.008073197,0.6598500295852077
2926,4.82014E+11,55862,0.727099223,0.13403416381032637,0.34039334084422584
2927,4.82015E+11,183582,0.6270810141278467,0.014911463048355424,0.7472803284746417
2928,4.81577E+11,188177,0.5850602395540717,0.015521523,0.5098128011627222
2929,4.82015E+11,0,0.38851350695078535,0.12428571251020411,0.2693548343652446
2930,4.82015E+11,44167,0.3826199690970173,0.1114519416006959,0.335311569
2931,4.82015E+11,154015,0.6809815881290227,0.027077497412908522,0.7846153791285638
2932,4.82015E+11,69297,0.5871886068755462,0.018987342,0.20696517309967577
2933,4.81577E+11,211750,0.5067873270408059,0,0.6798866828009442
2934,4.81577E+11,193049,0.7126496579247805,0,0.5407124659002863
2935,4.82015E+11,139157,0.7268518470446307,0,0.7295141353914856
2936,4.82015E+11,173255,0.8124999935719938,0.010294117571366782,0.6179302008548123
2937,4.82014E+11,157041,0.605907168,0.039134055,0.6536312788302489
2938,4.82014E+11,71675,0.5937052847824709,0.15155279314841252,0.7134146254461631
2939,4.82014E+11,79673,0.7228758075441071,0.069476081,0.6563088450441729
2940,4.82014E+11,128250,0.7493917229355734,0.06359032,0.7725118431109557
2941,4.82013E+11,87659,0.41282050929213243,0.028115501306113212,0.35688005624076485
2942,4.82011E+11,96615,0.488356163,0.008041171,0.6312684347160222
2943,4.82014E+11,127763,0.8297029620821489,0.0208901,0.6923076864555563
2944,4.82014E+11,113452,0.6520270226214391,0.025553662546543655,0.6640624969482422
2945,4.82014E+11,38170,0.5066287830811669,0.12191684198790105,0.30094043729916176
2946,4.82015E+11,107434,0.813674317,0.031985783953861466,0.7454991786190704
2947,4.82014E+11,186481,0.7858910793825362,0.035587188,0.8077304181592625
2948,4.82015E+11,97062,0.7116564362603034,0.003742515,0.6866359401801453
2949,4.82014E+11,102682,0.5762273852176797,0.002394254,0.565384612
2950,4.82014E+11,191761,0.7842323586370759,0.012598425097650197,0.8342454977775958
2951,4.82015E+11,67299,0.6217764953900216,0.049222797,0.2864768657786756
2952,4.82014E+11,243556,0.7322907016348602,0.003629764,0.7624161022656638
2953,4.82014E+11,87316,0.717017202,0.048433047973095465,0.7467532398260368
2954,4.82015E+11,79329,0.567901227,0.026905829294777698,0.5968253905097842
2955,4.82014E+11,92857,0.6893203787888991,0,0.8273809453454002
2956,4.82014E+11,250001,0.8933588704127786,0.010909090852420308,0.7179285966342541
2957,4.82015E+11,68112,0.6258378999034863,0.009478673,0.30314009478780135
2958,4.82015E+11,91130,0.5113540747573249,0.012791572514736099,0.6241992838135283
2959,4.82015E+11,105456,0.2395118212089106,0.006550218,0.6159496295070849
2960,4.82015E+11,162059,0.6666666515495091,0,0.6175115136231393
2961,4.82015E+11,80625,0.6208842839051337,0.041084634,0.5197368389967892
2962,4.82015E+11,87716,0.5795206845420331,0.030141843,0.36883116404115374
2963,4.82015E+11,105192,0.5939177066552314,0.073123486,0.40957165412593427
2964,4.82015E+11,145662,0.47942754061846976,0.039933444,0.6487603252168568
2965,4.82015E+11,108000,0.7695004314680067,0.039249146,0.5951456281789047
2966,4.82015E+11,205795,0.6237529661579431,0.052995391,0.7118723570536256
2967,4.82012E+11,33182,0,0,0.26384364534371724
2968,4.8202E+11,130563,0.7957068779000231,0.028420356718966578,0.6450630680945495
2969,4.82013E+11,85719,0.18412698120433363,0.085294116,0.23905109270938785
2970,4.82015E+11,55246,0.5696648929512365,0,0.49132320508326244
2971,4.82012E+11,0,0.23541247011242517,0.10412926204435796,0.1605777386526955
2972,4.82012E+11,15667,0.2019543908158179,0.026607538,0.099032017
2973,4.82015E+11,108858,0.614539302,0,0.6763085352871313
2974,4.82012E+11,56173,0.12049433449542395,0,0.3083003932259526
2975,4.82012E+11,58623,0.078111587,0.127272726,0.089561457
2976,4.82015E+11,122632,0.8275861993866951,0.00729927,0.6715789426555864
2977,4.82015E+11,101350,0.6390804450786105,0,0.5159728894871938
2978,4.82015E+11,117024,0.7177314164424289,0.028862478614247435,0.7039711155029855
2979,4.82012E+11,47321,0.044030482,0.051612902855821485,0.35498687431110976
2980,4.82012E+11,85500,0.5591334861877431,0.032343584,0.33746630545840267
2981,4.82015E+11,94214,0.8435714225459184,0.012215435801135837,0.5025062625156249
2982,4.8202E+11,71667,0.051711309,0,0.4702266146694472
2983,4.82015E+11,209826,0.8077689162572818,0.009523809,0.6839126864679653
2984,4.82012E+11,0,0,0.048736461,0.3018080625617794
2985,4.82015E+11,155586,0.7607272671947108,0.016170763,0.5874757870401821
2986,4.82012E+11,52135,0.027667984,0,0.2270381825230228
2987,4.82014E+11,86250,0.7425986781036293,0.015337423,0.8705321614731362
2988,4.82014E+11,250001,0.7868131781668882,0.1050141901133946,0.8350324297031285
2989,4.82014E+11,75417,0.7979942579083917,0,0.674465914
2990,4.82014E+11,72149,0.8279773104727328,0,0.45766590179557937
2991,4.82015E+11,250001,0.8325508542053924,0.026158445245452577,0.8459081802558555
2992,4.82015E+11,250001,0.8911429941061703,0.007356322,0.8234872867043062
2993,4.82015E+11,250001,0.955369589,0.021117166068684155,0.7731958683175684
2994,4.82014E+11,250001,0.7421524580476182,0.023012552,0.8468808993678554
2995,4.82014E+11,250001,0.9223163711537236,0,0.7646141795431475
2996,4.82014E+11,104778,0.7585513002157817,0.057347669737028054,0.752380947
2997,4.82015E+11,135174,0.41102257363198824,0,0.5778863739896984
2998,4.82015E+11,198393,0.8155197537991251,0.059202058,0.7762096695946606
2999,4.82015E+11,160469,0.8684530953903399,0.039823008,0.7995909965944717
3000,4.82015E+11,66579,0.2706065276733044,0.033540372,0.45429362461409395
3001,4.82015E+11,66875,0.5873827741911102,0.013450292319004138,0.5500256513595401
3002,4.82015E+11,134479,0.6343347585035644,0.016679904553773595,0.7424242385453279
3003,4.82015E+11,64792,0.6024411490774741,0.010689990255855224,0.37325847291898845
3004,4.82015E+11,113333,0.4995044549107586,0.030548068009451323,0.7313915823791419
3005,4.82015E+11,143125,0.7096018693817221,0.006651885,0.600806449
3006,4.82015E+11,86063,0.3061224445171655,0.11661807410177735,0.4346952415626575
3007,4.82015E+11,247639,0.7634099543734679,0,0.6475849673740164
3008,4.82015E+11,162976,0.843876172,0,0.6818181771925497
3009,4.82015E+11,250001,0.8711864259120945,0,0.6527446222822838
3010,4.82015E+11,144750,0.849498318,0,0.7415426201519444
3011,4.82012E+11,34508,0.073298428,0.010101009955252382,0.2008486548737719
3012,4.82012E+11,51875,0.21065989580380842,0.093235831,0.11520302063075524
3013,4.82015E+11,119496,0.6407579248230552,0.099928109,0.5779586688919307
3014,4.82012E+11,29385,0.012145748823944012,0.13333333194444447,0.081241743
3015,4.82015E+11,122188,0.7240437059556871,0,0.5411222095225041
3016,4.82012E+11,26507,0.14736841950138507,0.078947368,0.099734041
3017,4.82015E+11,77635,0.5158172186659296,0.11935028164300648,0.6757457803129326
3018,4.82015E+11,105565,0.3590150884907459,0.06372549,0.6337039167132598
3019,4.82015E+11,103833,0.4203002114345946,0.018261964620516595,0.6414814783136717
3020,4.81577E+11,225500,0.6060254854458229,0.005946482,0.7681047706617506
3021,4.82015E+11,173208,0.6726685102831554,0.012484394454913048,0.6970873759336412
3022,4.82015E+11,125344,0.3324808155798737,0.042284866,0.7118294311428512
3023,4.82015E+11,59012,0.5608308549868363,0.014836795105471859,0.4057863471380835
3024,4.82015E+11,70055,0.3881578904807249,0.022556390789002585,0.6002554240085861
3025,4.82015E+11,70884,0.7908847114308784,0,0.5270758084687668
3026,4.81577E+11,165685,0.696202525,0.18045112646277348,0.6229979440533965
3027,4.82014E+11,250001,0.8903553209100983,0.041988003,0.7555049297228176
3028,4.82014E+11,250001,0.8627881354249382,0.036832412,0.7972881301878771
3029,4.82014E+11,191659,0.7919528872232298,0.019017432495899902,0.6774193504682623
3030,4.82014E+11,160444,0.7334360441689362,0.015228426202684947,0.7223126977010367
3031,4.82014E+11,228518,0.8960244579814644,0.021234240071438353,0.6748949544385769
3032,4.82014E+11,0,0.6666666457023068,0.076704543,0.5461801534072959
3033,4.82014E+11,250001,0.8980582437081724,0.00660066,0.8181321637458647
3034,4.82014E+11,71154,0.5668549852461866,0.039529015647358993,0.656785239
3035,4.82014E+11,63864,0.45350051772726735,0.041082164,0.49275361604704904
3036,4.82014E+11,96797,0.7307692237426037,0,0.6772727195764464
3037,4.82012E+11,18500,0.27816901081961254,0.011956521609168243,0.22796352352620544
3038,4.82015E+11,212500,0.8126148143746796,0.020719738164014515,0.6594169335519808
3039,4.82015E+11,118468,0.9645270215961317,0.027911033458739493,0.5945945915041861
3040,4.82015E+11,158661,0.8223938118096035,0.021879022,0.5121555874217537
3041,4.82015E+11,191250,0.7514792825297901,0,0.591009576
3042,4.82012E+11,35881,0.027950310124995187,0,0.2566782780873603
3043,4.82015E+11,148636,0.7525622144573615,0.013630730933943855,0.6148491808022137
3044,4.82015E+11,129896,0.630184325,0.088110402,0.5630769187455622
3045,4.82012E+11,30938,0.069788796,0.059166666,0.2989921579060229
3046,4.82012E+11,31406,0.11390728325950619,0.087719297,0.10440122718115429
3047,4.82015E+11,49194,0.3727034088127436,0.064290705,0.41746111180400847
3048,4.82015E+11,158625,0.7174211199079484,0.046193884,0.6311435492401773
3049,4.82015E+11,54176,0.5865102604896759,0.090548953,0.3666666646630237
3050,4.82015E+11,63693,0.5113835286973113,0,0.5612980701767059
3051,4.82015E+11,58932,0.670909079,0.021052631209602962,0.4999999948347108
3052,4.82015E+11,66250,0.5303278645055093,0.056267806,0.37799042836130126
3053,4.82015E+11,67581,0.45004668113868646,0,0.2759761728922821
3054,4.82015E+11,120082,0.4146868205757363,0.086915887,0.6686143516810155
3055,4.82015E+11,71580,0.4990583757150812,0.089352196,0.4922547289823173
3056,4.82015E+11,71872,0.4735520880875882,0.045909721081636545,0.3364749077888924
3057,4.82015E+11,87212,0.5583103713653776,0.014814814692882185,0.7300521944067696
3058,4.82015E+11,74449,0.083935017,0.092812281,0.31708623290259114
3059,4.82015E+11,88950,0.27653630512468425,0.052757792,0.37273823434573905
3060,4.82015E+11,65938,0.1884570060252414,0,0.32069671802564836
3061,4.82015E+11,0,0.14999999895833335,0.045350434973200016,0.19136878730876725
3062,4.82015E+11,92750,0.4015513102532738,0.059800664120705074,0.5830441220473767
3063,4.82015E+11,55250,0.005514706,0.11316872350364388,0.11546655255446717
3064,4.82015E+11,193472,0.8031272153295863,0.060013485771992676,0.7063252976590095
3065,4.82015E+11,46207,0.1706629030936121,0,0.2743574400815455
3066,4.82015E+11,111953,0.39329805302825305,0,0.6121794773689186
3067,4.82015E+11,0,0.12517985431395892,0.020434227,0.2606149302984637
3068,4.82012E+11,0,0.046511627636560304,0.082037996,0.2650705418338155
3069,4.82015E+11,40995,0.1020761236844626,0.044298605050872804,0.13655462089247464
3070,4.82012E+11,30238,0.1657303324233053,0,0.20858283224967233
3071,4.82015E+11,103214,0.635955051,0.099999999,0.8090169016342085
3072,4.82012E+11,54476,0.071784645,0,0.119402984
3073,4.82012E+11,0,0.11272727136088156,0.086834733,0.1334996872520294
3074,4.82012E+11,34559,0.058139534,0.041131104869780145,0.078947368
3075,4.82012E+11,41710,0,0.14285714108251998,0.22246858667798533
3076,4.82012E+11,27284,0.034238488379710885,0.14350282323725624,0.13607305811805426
3077,4.82015E+11,45880,0.22963800645205876,0.14964157572005757,0.2776412753673933
3078,4.82012E+11,0,0,0.11326234159474984,0.17573221512228432
3079,4.82012E+11,40479,0.094425482,0.041753653,0.107564191
3080,4.82012E+11,33750,0.030303029762869346,0,0.25737537886698497
3081,4.82015E+11,117273,0.6399999917419356,0.021951219244497326,0.6140776661767132
3082,4.82015E+11,0,0.32502830888982664,0.049562682,0.1790174839382391
3083,4.82012E+11,13448,0.069466881,0.034690798873441946,0.1934260405382296
3084,4.82015E+11,34167,0.3035714195365649,0.10160427535817446,0.097297296
3085,4.82015E+11,45167,0.168557534,0.042838018,0.11770244710261349
3086,4.82012E+11,50427,0.1206153838731361,0.080361627,0.093512142
3087,4.82015E+11,45504,0.086092713,0,0.29356060467064105
3088,4.82015E+11,97885,0.41516965653523297,0.054003724,0.734999994
3089,4.82015E+11,82017,0.3061901241481572,0.005151515,0.26212361248138316
3090,4.82015E+11,53482,0.19567826895944457,0.16352201086454915,0.24864864715526339
3091,4.82015E+11,61268,0.31174333951729216,0.034682081,0.15780776602090948
3092,4.82015E+11,104225,0.2696543856070855,0.044193548,0.2951635839374974
3093,4.82015E+11,127206,0.4361701972989292,0,0.43092104554406174
3094,4.82015E+11,105625,0.505289356,0,0.3394495396453426
3095,4.82015E+11,170337,0.3321299621860239,0,0.20414328785436645
3096,4.82015E+11,77344,0.12429378414035985,0.098916967,0.334645667
3097,4.82012E+11,31909,0,0.096544715,0.11178861731814727
3098,4.82012E+11,61563,0.018394649,0.074879226,0.17087667035009904
3099,4.82012E+11,53707,0.059760955381660624,0.10368216953796347,0.27930535321126215
3100,4.82012E+11,62802,0.019924098482693563,0.14067524002672638,0.2391513959580386
3101,4.82012E+11,21813,0.043572984,0.22693726518565932,0.13205282033581742
3102,4.82012E+11,38977,0.081999998,0.10999999780000005,0.2155339784899614
3103,4.82015E+11,65224,0.4293193642352642,0.020667726,0.29060665077684295
3104,4.82012E+11,24718,0.021084337137707458,0.075019952,0.16360052454927382
3105,4.82012E+11,0,0.028571427829313566,0.10748560254346252,0.17066666514962964
3106,4.82012E+11,14511,0.092307691,0.0486618,0.16063547960604166
3107,4.82015E+11,0,0.1266375518201408,0,0.18491123986817692
3108,4.82015E+11,98426,0.6885964761272703,0.034883720254191466,0.6196447166181326
3109,4.82015E+11,173981,0.7029288644106372,0.018154311511692046,0.7467191552052549
3110,4.82015E+11,45956,0.23535791501781003,0.032786885,0.43975493233658997
3111,4.82015E+11,75104,0.15547489319131946,0.036374133739179366,0.2704724398800297
3112,4.82015E+11,127222,0.4205069075978467,0.036597427926830586,0.497175138
3113,4.82015E+11,142391,0.7200976344987987,0.013018714,0.746071648
3114,4.82015E+11,250001,0.7049312796691085,0,0.5768038929756356
3115,4.82015E+11,54239,0.2347294918435472,0.024930747749787065,0.29692154768162093
3116,4.82015E+11,28517,0.10997442173978461,0,0.22661290139828305
3117,4.82015E+11,60114,0.30744335574616977,0.057777776,0.13069908682169112
3118,4.82015E+11,33477,0,0,0.15931108547566109
3119,4.82015E+11,35286,0.013636363,0.045287637144582164,0.13166345451725464
3120,4.82015E+11,101393,0.33834929166279387,0,0.6704871012142758
3121,4.82015E+11,37982,0.20740740612711478,0.024193548265153488,0.13001027682420208
3122,4.82015E+11,29532,0.18969746369830365,0.059194948,0.14933675588644946
3123,4.82015E+11,93750,0.460264893,0.061933534,0.48131672169647044
3124,4.82015E+11,79175,0.2931415896776373,0,0.13550420025730883
3125,4.82015E+11,0,0.31491002165925425,0,0.1577574946837354
3126,4.82015E+11,28513,0.05501618,0.068713449,0.2087568396500638
3127,4.82015E+11,70816,0.065312045,0.054856115,0.19377431755817653
3128,4.82015E+11,117127,0.5303490096331638,0.033103448,0.749485239
3129,4.82015E+11,58859,0.22788203549703276,0.14793388307492658,0.27268907448449964
3130,4.82015E+11,80208,0.35219399131415713,0.091522157,0.23771982875852135
3131,4.82015E+11,39531,0.16068642495028979,0.1343638509588127,0.3797653931102244
3132,4.82015E+11,106389,0.6841216158435675,0.00312256,0.5033149143463265
3133,4.82015E+11,122563,0.5141981610390207,0.054906209,0.3663046817097097
3134,4.82015E+11,112962,0.46042617610025743,0.019320842978215205,0.4785305320680795
3135,4.82015E+11,102065,0.2845282997394091,0.048128342,0.27668759703026846
3136,4.82015E+11,86802,0.30237153851411525,0.026979982,0.5188854457034957
3137,4.82012E+11,41431,0.070683661,0.066198595,0.11299434937050566
3138,4.82015E+11,84950,0.6830427783986882,0.016871165385411575,0.18084066294388404
3139,4.82012E+11,40202,0.067357512,0.1385597070322725,0.12543073655802386
3140,4.82012E+11,44189,0.083135391,0.021338506,0.097372488
3141,4.82015E+11,0,0.42761692174145965,0.079960513,0.11893203739160149
3142,4.82012E+11,45612,0.039235412,0,0.2373766672235829
3143,4.82012E+11,0,0.037117903,0,0.20284359997304646
3144,4.82012E+11,62994,0.10437109630355847,0,0.24843330237943909
3145,4.82012E+11,58261,0.058708413723905804,0.035812671683021054,0.2313203661072634
3146,4.82015E+11,0,0.005402161,0.026633165695310726,0.1365820169074673
3147,4.82012E+11,63506,0.14845550876691788,0.034383954,0.058823529155453025
3148,4.82012E+11,25750,0.065495207,0.040774014922086974,0.19821709387405825
3149,4.82012E+11,26563,0.063311688,0.11318407889810897,0.053160919
3150,4.82015E+11,36389,0.18302387025167283,0,0.22079373828511045
3151,4.82012E+11,63367,0,0.010362694193132703,0.2759234522655832
3152,4.82012E+11,0,0.067708333,0.22346368536740874,0.057745697
3153,4.82012E+11,48125,0.10922787091122532,0.079337401,0.218632605
3154,4.82012E+11,33047,0.06401384,0,0.27829150031575733
3155,4.82012E+11,52292,0.14344262001142172,0,0.2782446285878186
3156,4.82015E+11,85313,0.34915772819054014,0,0.2763605418676825
3157,4.83397E+11,0,0.067768594,0.11074379982241654,0.533999995
3158,4.83397E+11,84539,0.15907136578614475,0.057364341,0.7356965128377083
3159,4.83397E+11,16940,0.23287668042785198,0,0.5354659174483183
3160,4.82016E+11,117328,0.4736218110632969,0.003639672,0.8048090494879453
3161,4.83397E+11,168659,0.3696969622283442,0.033738191,0.8486789363596563
3162,4.83397E+11,103052,0.1895185850730129,0.096315789,0.6524590128280928
3163,4.83397E+11,63016,0.045911949,0.058879392,0.5627813878800331
3164,4.83397E+11,57813,0.2106620790140836,0.031496062814982774,0.8207489206829409
3165,4.83397E+11,87549,0.2767062294012891,0.057856672860902875,0.6661567852154616
3166,4.83397E+11,181538,0.27941176274921736,0.028364116,0.8652567923549439
3167,4.83397E+11,49178,0.6940804306638931,0.087469628,0.36352656785310045
3168,4.82016E+11,0,0.5285714238520409,0.052461662207734766,0.582164887
3169,4.83397E+11,134663,0.5312131857336492,0.045016077,0.7265917564120291
3170,4.83397E+11,66260,0.3123382199108005,0.056383668,0.5977827024488571
3171,4.82016E+11,109278,0.526363635,0,0.622785753
3172,4.83397E+11,0,0.33112032920232093,0.021739130259749353,0.6917057848849313
3173,4.82016E+11,136713,0.5236907714348791,0.052617869099719015,0.6112865853626309
3174,4.82016E+11,221442,0.6407853608175574,0.004526594,0.6994297192236507
3175,4.83397E+11,103980,0.5755873310746306,0.014699705944142352,0.49049429450572746
3176,4.82016E+11,83468,0.2666666628841608,0.070543374,0.49817916607298496
3177,4.83397E+11,123983,0.4568788477572954,0.003984064,0.5485307188400235
3178,4.83397E+11,137961,0.3881048367535039,0.028592109921852658,0.5225517056502573
3179,4.83397E+11,90450,0.30753563528440664,0,0.5671247327318989
3180,4.83397E+11,91993,0.30986567711965873,0.015664691,0.7320997557035408
3181,4.83397E+11,130906,0.49999999655172417,0.1410018546335721,0.5465465444949453
3182,4.83397E+11,166662,0.5060679580942479,0.056497174895709795,0.6321087034116321
3183,4.83397E+11,81154,0.22850412115133026,0,0.47949001951502207
3184,4.83397E+11,55253,0.057042253,0.11818720344138861,0.39069263984698566
3185,4.83397E+11,103656,0.39034204838690095,0.050905953,0.6001792891072196
3186,4.83397E+11,173903,0.6254752821983114,0,0.7143348205076149
3187,4.82016E+11,0,0.49507388918682815,0.014274981163504953,0.5806451591618579
3188,4.83397E+11,84109,0.3323323290056824,0,0.31822386384621776
3189,4.83397E+11,36902,0.1415094312922749,0.022617124,0.29654460909466424
3190,4.82016E+11,120541,0.7677806275254445,0,0.6178176034906822
3191,4.83397E+11,76652,0.2887517126971762,0,0.5579881623787682
3192,4.83397E+11,106250,0.514792894,0,0.2939936760063558
3193,4.83397E+11,74978,0.5667796571743752,0.029530201144092612,0.6348600468520353
3194,4.82016E+11,0,0.5481386322446903,0.091676718,0.6999999941176471
3195,4.82016E+11,250001,0.8294367649870523,0.017318159,0.6442211033694435
3196,4.83397E+11,0,0.5478896059424545,0.046288906,0.7331863245138571
3197,4.83397E+11,83049,0.2968476331274288,0.009573542,0.6555863282032657
3198,4.82016E+11,0,0.7724770594955531,0.041503084,0.6072472220711653
3199,4.83397E+11,134643,0.4724025948463063,0.007276507,0.7381309308439233
3200,4.83397E+11,110469,0.3866155141235485,0.010703993,0.6727175618114386
3201,4.83397E+11,68558,0.4861659982971147,0.017828201,0.6042584390289395
3202,4.83397E+11,95150,0.6638005101994797,0.096794871,0.7589974244280371
3203,4.83397E+11,64841,0.46178861538325955,0.042288557,0.6779279248741985
3204,4.83397E+11,97083,0.44105690160453453,0.055091818779769305,0.8396226301937652
3205,4.83397E+11,81250,0.4521795676501004,0.098412698,0.7387158249286979
3206,4.82016E+11,250001,0.7607463373624319,0.040807828,0.610568878
3207,4.83397E+11,147157,0.38895557756355853,0.014312976962662434,0.6901208195442728
3208,4.83397E+11,150568,0.27021494093945814,0,0.8554714325156818
3209,4.83397E+11,218538,0.36632468095157106,0.005241701,0.8711111046584363
3210,4.83397E+11,169563,0.41125068044101215,0.003927344,0.7114503789639298
3211,4.83397E+11,103785,0.20902255560517835,0.010785304985556774,0.7801535044947725
3212,4.83397E+11,153750,0.4486754929745406,0.001529052,0.8150259025128191
3213,4.83397E+11,234118,0.3817291944252986,0,0.6738410540244946
3214,4.84737E+11,0,0.39933992081386405,0,0.7915600921795385
3215,4.84737E+11,96344,0.11833549988078348,0,0.7498994742665883
3216,4.83397E+11,81504,0.2067988653909429,0,0.8109504090343471
3217,4.82016E+11,167031,0.6837664506116555,0.002562642,0.5941463400142772
3218,4.83397E+11,139375,0.33922261084543454,0,0.7045813530443811
3219,4.83397E+11,0,0.3263999947776001,0,0.6804635705259638
3220,4.83397E+11,29524,0.29189188926223525,0.012335526214346002,0.6773074206987688
3221,4.83397E+11,226875,0.7568305942000857,0.029298380653057975,0.7494600391497838
3222,4.83397E+11,92432,0.4534161434358243,0,0.6425884075049781
3223,4.83397E+11,115170,0.4206106838121322,0.029947916471693252,0.7863293822049011
3224,4.83397E+11,194375,0.5977464755056536,0,0.776534154
3225,4.83397E+11,114125,0.7162243645469711,0.010755653583133884,0.7460697172041363
3226,4.83397E+11,143148,0.5775193766471796,0.009680542,0.7495084516338637
3227,4.83397E+11,158723,0.6226943716490909,0.037807183,0.6512094387596349
3228,4.83397E+11,130289,0.5004382077086923,0.011336032296874233,0.7789010954773578
3229,4.83397E+11,150662,0.4584151901871959,0.073341094,0.7212732891254918
3230,4.83397E+11,0,0.060288334727544766,0.036687631,0.6354481337590728
3231,4.83397E+11,91786,0.082840236,0.054197661869650506,0.5587506169620693
3232,4.83397E+11,134227,0.4852713140676642,0.009427609,0.6943074823204505
3233,4.83397E+11,100724,0.29933480987064964,0.0642978,0.6996276346726205
3234,4.83397E+11,0,0.30144927099348884,0,0.7225950702170574
3235,4.83397E+11,0,0.11535125658845398,0.045643153,0.5803402609934452
3236,4.83397E+11,33083,0.252365923,0,0.31741572587899264
3237,4.83397E+11,44082,0.3634894933200405,0,0.8616216123067933
3238,4.83397E+11,243831,0.5093360943014928,0.051912567833218876,0.5502268272830406
3239,4.83397E+11,113393,0.5817932882834135,0.010155316546264536,0.7536563036853002
3240,4.83397E+11,0,0.6672932205396012,0.042301184,0.5853873187906046
3241,4.83397E+11,250001,0.784604514,0.073298429,0.6797290726670098
3242,4.83397E+11,223467,0.8101333290126222,0.015843772970361925,0.8245613997995438
3243,4.83397E+11,141136,0.5367647014970204,0.068521031,0.7026619753758816
3244,4.83397E+11,0,0.47003745024945415,0.007348438,0.7463199178296374
3245,4.83397E+11,250001,0.7511520668096584,0,0.593858629
3246,4.83397E+11,187179,0.7399135393377987,0.006317119,0.827305141
3247,4.83397E+11,69566,0.35437881151977985,0.01171875,0.5475194229078337
3248,4.83397E+11,137157,0.44130925258854825,0,0.8061429969479205
3249,4.83397E+11,137344,0.4116777500984645,0.023299748,0.8233663333728065
3250,4.83397E+11,129762,0.4817487246105741,0.008003049,0.5951333902224175
3251,4.83397E+11,62232,0.17976190262188213,0,0.6277258518089887
3252,4.83397E+11,113201,0.3526259340554562,0.13793103332269946,0.7946954735295141
3253,4.83397E+11,54265,0,0.078048779,0.34682484056647006
3254,4.83397E+11,92500,0.29715761506052674,0,0.37641153856447257
3255,4.83397E+11,36413,0.18932038605193707,0.022893772684122963,0.5186234796816863
3256,4.83397E+11,225246,0.5396825330930094,0.055187637,0.6730975276195335
3257,4.83397E+11,250001,0.908208289,0.16510454098698962,0.6200676402476458
3258,4.83397E+11,87644,0.5868644005628771,0.000881057,0.509443337
3259,4.83397E+11,250001,0.9113001159702302,0,0.7640918527203072
3260,4.83397E+11,190257,0.7794970936202638,0.021650087643943314,0.8194980655429629
3261,4.83397E+11,153500,0.6633766199305111,0.038480513,0.6932588723842884
3262,4.83397E+11,217692,0.7858376375502999,0,0.7570921918697501
3263,4.83397E+11,153750,0.7494019093935292,0.018018017922533026,0.7414082114777526
3264,4.83397E+11,250001,0.824096366,0.033970275287255304,0.6575463313544013
3265,4.83397E+11,250001,0.8377059131317516,0,0.7001356820437101
3266,4.83397E+11,204375,0.7321428506058674,0.058732612,0.7995238057165532
3267,4.83397E+11,108864,0.5901639247514111,0,0.46179401686515603
3268,4.83397E+11,213854,0.7496807104107235,0.012658227781338462,0.7302240478727752
3269,4.83397E+11,204938,0.9928263846079428,0,0.6688596442334821
3270,4.83397E+11,117300,0.628903409,0.00969697,0.6925656752791186
3271,4.83397E+11,103775,0.7210179008386626,0.004408523,0.6935914506435817
3272,4.83397E+11,0,0.44565216180293044,0,0.8109854473184904
3273,4.83397E+11,0,0.7061068634913468,0.054700854,0.7274336218811184
3274,4.83397E+11,141745,0.5379803347812303,0,0.717407132
3275,4.83397E+11,163036,0.6576246286097901,0.032258064,0.7405857706155937
3276,4.83397E+11,67774,0.5484978493691172,0,0.6320973312161221
3277,4.83397E+11,49559,0.4999999951361868,0.000948767,0.6629361378345218
3278,4.83397E+11,79375,0.3891625591800335,0.00354251,0.7496012719319444
3279,4.83397E+11,87833,0.13253527091690775,0.10583657546367091,0.7920426546675854
3280,4.83397E+11,83714,0.22284122438528567,0.061927605486578254,0.7219885249637149
3281,4.83397E+11,144750,0.6121416474524313,0.070048309,0.8713984478468134
3282,4.83397E+11,167241,0.5557377018812147,0,0.8109128318088097
3283,4.83397E+11,250001,0.5805714219363266,0,0.8284182250106017
3284,4.84737E+11,114531,0.6345678934003964,0.040149393,0.7147912192866863
3285,4.83397E+11,69963,0.2614155221299598,0.020872865077107543,0.6615705304963827
3286,4.83397E+11,0,0.5099337680803474,0,0.8555885177488772
3287,4.83397E+11,36805,0.1638554203706392,0.017707362452435402,0.6216783173309208
3288,4.83397E+11,112894,0.3833739330591536,0.027565837982855432,0.5699689827221877
3289,4.83397E+11,137946,0.1293103420407254,0,0.6212814574224089
3290,4.83397E+11,47321,0.029908972302874225,0,0.5587510225246424
3291,4.83397E+11,123563,0.24129554460489439,0,0.5336442336199585
3292,4.83397E+11,64000,0.070473875,0.011385199,0.7031674144509736
3293,4.83397E+11,137708,0.2642997975483275,0.069692057,0.36464087894142433
3294,4.83397E+11,106494,0.3905748818391935,0.022428461,0.5322477641566926
3295,4.83397E+11,68102,0.10963855289592105,0.042156862,0.5049350623120257
3296,4.83397E+11,0,0.333865809,0,0.6754587078502442
3297,4.83397E+11,195274,0.7352941128412149,0.015271838636091396,0.7355546152022158
3298,4.83397E+11,151100,0.8340471002778683,0.037906137,0.6933625853353671
3299,4.83397E+11,0,0.5626631780331178,0.16036772052739817,0.7640638055074408
3300,4.83397E+11,157644,0.5958369419268262,0.072172619,0.6881881847438028
3301,4.83397E+11,218036,0.7049418502188685,0,0.7149758404763572
3302,4.83397E+11,96584,0.44711538103272935,0.032480995,0.6531165282153725
3303,4.83397E+11,60320,0.69129554,0.021632252,0.7859600771785267
3304,4.83397E+11,143684,0.5347758859619995,0.10365571446711838,0.7913485964816865
3305,4.83397E+11,98676,0.6384742846024165,0.08962264,0.6781144735480507
3306,4.83397E+11,82031,0.7735758699206515,0.033232628,0.6041800623659804
3307,4.83397E+11,0,0.5964482510933972,0.071268238,0.6967080372546787
3308,4.83397E+11,82598,0.4805945459901359,0,0.8361302977677167
3309,4.83397E+11,0,0.5137111486062697,0.027191749,0.6275329667818174
3310,4.83397E+11,99750,0.31909845599585734,0.027589544880979935,0.7178919365903811
3311,4.83397E+11,183403,0.42020849703120694,0.015255530013306408,0.8303030247117642
3312,4.83397E+11,127708,0.5456221173012805,0.036719706,0.7980030691320926
3313,4.83397E+11,133847,0.43333332020202064,0,0.6385714194489798
3314,4.83397E+11,0,0.42502482199578134,0,0.6946283981263547
3315,4.83397E+11,161152,0.5565524726575517,0.047572339,0.6376588358920701
3316,4.83397E+11,160846,0.5937499958767362,0.030337721635159007,0.7869674146016671
3317,4.83397E+11,156544,0.4689863771711592,0.14749999815625003,0.8729999912700002
3318,4.83397E+11,104310,0.4409340598772794,0.017679557815695496,0.7155297480730788
3319,4.83397E+11,0,0.4326530553380537,0,0.8234200666968395
3320,4.83397E+11,180362,0.5946843787964078,0,0.7824267700582974
3321,4.83397E+11,216875,0.550831783,0,0.7479253034447583
3322,4.83397E+11,112165,0.4193548353277836,0.034403669461745646,0.6410256372900603
3323,4.83397E+11,116875,0.47395832921911174,0.040125884814115775,0.7908622857730869
3324,4.83397E+11,163000,0.6443514509549906,0.059233448,0.6955922769202166
3325,4.83397E+11,119905,0.5678617121135614,0.016447368330880657,0.6337209268830818
3326,4.83397E+11,113230,0.6074035421928908,0.034417727324763184,0.8214657838782015
3327,4.83397E+11,68295,0.051926298,0.04005462,0.6156133806111026
3328,4.83397E+11,92250,0.069800569,0.04137931,0.7388178854727007
3329,4.83397E+11,52277,0.2791960875654748,0.007984969,0.661987037
3330,4.83397E+11,147357,0.3526858363934572,0.007537688,0.8167170150215659
3331,4.83397E+11,0,0.075117367,0,0.7571801467731052
3332,4.83397E+11,0,0.18007662490274665,0.057565789,0.6181575351380837
3333,4.83397E+11,100905,0.3414043555980278,0,0.6140765204814523
3334,4.83397E+11,53431,0.18228718673871722,0,0.7265711095558374
3335,4.83397E+11,72603,0.14219653096996224,0.022384175,0.6414994686298866
3336,4.83397E+11,76981,0.2777040468556601,0.006423983,0.563740145
3337,4.83397E+11,93635,0.6237161473042376,0,0.7174329433196078
3338,4.83397E+11,144387,0.6096126533976625,0.018948541670168045,0.8378733166428072
3339,4.83397E+11,59803,0.35535976,0,0.6673247712998542
3340,4.83397E+11,58571,0.42168674456863603,0.009985735,0.7131938828914164
3341,4.83397E+11,48050,0.072926162,0.025384615189349116,0.2683089196517382
3342,4.83397E+11,78963,0.18114477992495098,0.032669729287035584,0.2693892833668442
3343,4.83397E+11,117880,0.44896957581467334,0.063847429,0.6747624040403252
3344,4.83397E+11,25744,0.065530799,0.011481056,0.2932235573576722
3345,4.83397E+11,32038,0.13392857023278062,0.019275250429643405,0.320250283
3346,4.83397E+11,98971,0.3366533797479407,0.025225224770716672,0.7324093738549108
3347,4.83397E+11,192686,0.5016042727101148,0,0.8340535796538152
3348,4.83397E+11,168125,0.47924187293103004,0.008849557,0.8409337630785355
3349,4.83397E+11,128258,0.41991643161618086,0.032121212,0.7955824998025877
3350,4.83397E+11,89940,0.30185348365530906,0.041856925,0.7719724553585562
3351,4.83397E+11,222510,0.4466594803520502,0.03128964,0.8488324422415713
3352,4.83397E+11,85000,0.33067972853227356,0.048046462259522374,0.8143360704210572
3353,4.81852E+11,70372,0.1346886895211094,0.062796208,0.7369402916330197
3354,4.83397E+11,159177,0.22681067200247348,0.021424745466391296,0.8438123710388604
3355,4.83397E+11,97083,0.21797004629001587,0,0.7984994555359115
3356,4.83397E+11,88478,0.3930868135603954,0.014884979601590125,0.8430268865351664
3357,4.80717E+11,138713,0.22476620372535888,0.13563501807757392,0.7894469792251472
3358,4.80717E+11,108980,0.1582766432731218,0.10978993218474065,0.6371581600305661
3359,4.80717E+11,145399,0.25353884789701525,0.033208355561841575,0.5713062086267533
3360,4.80717E+11,0,0.32242225331551144,0.040880503,0.7797752721373565
3361,4.80717E+11,113413,0.36801896636454434,0.026327633,0.7674672475118864
3362,4.80717E+11,117685,0.12419449253547456,0.032114624347259764,0.8319248787233573
3363,4.80717E+11,129570,0.39208632858461434,0.006852668,0.8266754677230919
3364,4.82917E+11,70625,0.021922428145679358,0.052434457,0.746883654
3365,4.82917E+11,55946,0.42342341960879804,0.050283860095021414,0.8223593907931455
3366,4.82917E+11,27093,0.066666666,0.095467694,0.7560030925174044
3367,4.82012E+11,73227,0.18959107759704813,0.042831647743740535,0.1532790659602533
3368,4.82012E+11,36748,0.26260869108506624,0.057877812574311696,0.065248912
3369,4.82013E+11,63322,0.2874806778401802,0.13843648133313527,0.3504942324938458
3370,4.82013E+11,60500,0.12807606192351195,0.021553659535008263,0.3937153407464099
3371,4.82012E+11,50352,0.15250421973829928,0.062580368,0.14020912514208858
3372,4.82013E+11,110167,0.20964912096799018,0.034874290065901946,0.5822831705623307
3373,4.82013E+11,62609,0.1482889715045758,0.007033998,0.5691456633734132
3374,4.82013E+11,0,0.4348239730273647,0,0.47397259841120915
3375,4.82012E+11,0,0.38223937928772683,0.016149870696706262,0.16005349906351538
3376,4.82013E+11,98674,0.1813504811488715,0.060206422,0.7385798247915882
3377,4.82013E+11,34861,0.13856655195517711,0.078748651,0.5370905561797179
3378,4.82012E+11,68579,0.5020424816093035,0.027352297,0.2949712276833344
3379,4.82013E+11,124324,0.18866970061370916,0.11473606996064489,0.6998972226793517
3380,4.82013E+11,141250,0.5639056469341435,0.000463177,0.4219479639027753
3381,4.82013E+11,76495,0.5678391941964849,0.085998793,0.36360946637985364
3382,4.82013E+11,144924,0.5426621123367774,0.033811475,0.46637525061743357
3383,4.82013E+11,89722,0.232890702,0,0.7124233074200667
3384,4.82013E+11,139766,0.2519251897477977,0.064700285,0.6941715737120395
3385,4.82013E+11,80750,0.25138888714313273,0.003282276,0.7703383701571692
3386,4.82013E+11,126389,0.3401360523182681,0.019422863377231613,0.685714283
3387,4.82013E+11,127406,0.4562558774400005,0.067505721,0.16488095189023524
3388,4.82013E+11,59259,0.085262345,0.012588767,0.20370370314895506
3389,4.82013E+11,169969,0.499023054,0.01780303,0.33243389009057234
3390,4.82013E+11,0,0.04003268,0,0.38384715421690335
3391,4.82013E+11,91250,0.1594936695401378,0.086671522,0.678435111
3392,4.82013E+11,0,0.10263522742530892,0.018495684,0.7227191348593995
3393,4.82013E+11,108228,0.493992139,0.028856606355512793,0.30181857986216193
3394,4.82013E+11,163983,0.7099779340280021,0.034330782,0.43311465996418336
3395,4.82013E+11,86937,0.23076922857769014,0.050919377,0.2497297283798393
3396,4.82917E+11,67833,0.10099009800999903,0.014342629367787815,0.3874069466891844
3397,4.82013E+11,90521,0.28301886538168136,0.095555555,0.3831212298518337
3398,4.82013E+11,132063,0.2894039715933512,0.068333333,0.7711422814783876
3399,4.82013E+11,202650,0.6602941079368514,0.035452322,0.6168776319250833
3400,4.82013E+11,99612,0.14006696350409062,0.025144270300312157,0.21046191431489164
3401,4.82013E+11,185250,0.33363802406929605,0,0.5608919363262712
3402,4.82013E+11,92541,0.28864864708838567,0.049157303140649325,0.18372966161769796
3403,4.82013E+11,172625,0.5933609942092365,0.038131313,0.5687450661898262
3404,4.82013E+11,93085,0.096270598,0,0.4372119790483181
3405,4.82013E+11,72995,0.19131238270506115,0.008340284,0.24573863549098493
3406,4.82013E+11,128906,0.47305009211762783,0.062639821,0.27879858558728415
3407,4.82013E+11,0,0.3698924651636029,0.073298428,0.7410313818270025
3408,4.82013E+11,116250,0.4064877837145062,0.039232053,0.4705251858859407
3409,4.82013E+11,93569,0.49503161251100625,0.063599458,0.41560798359524503
3410,4.82013E+11,143988,0.32290708074602503,0,0.5366344583871399
3411,4.82013E+11,126250,0.49127743111267624,0.015654648882093693,0.6034951432873975
3412,4.82013E+11,153410,0.507222219,0.028641975167200122,0.6440839663927291
3413,4.82013E+11,93173,0.21274762951983092,0,0.29569892340636683
3414,4.82013E+11,74765,0.272999997,0.053614947,0.36201063140642514
3415,4.82013E+11,116211,0.2810685233387426,0.074413863,0.46619773166784784
3416,4.82013E+11,88714,0.38776721859995716,0.022326064266219813,0.5243902412378545
3417,4.82013E+11,80429,0.36996643984927485,0,0.463258783
3418,4.82013E+11,67259,0.21190476064342403,0.008592911,0.49181094762839983
3419,4.82013E+11,0,0.4447174419857651,0.016358839,0.5592160110124436
3420,4.82013E+11,0,0.4474187294948618,0,0.5833333272569445
3421,4.82013E+11,106111,0.24765624806518557,0.10831721400182324,0.6142341381421653
3422,4.82013E+11,56431,0.16488046030601436,0.039318479427795025,0.7032397377829817
3423,4.82013E+11,68873,0.4463087173438135,0.022008252792183592,0.5798365091017084
3424,4.82013E+11,106824,0.280390957,0.049327354,0.6190476169420148
3425,4.82013E+11,160493,0.5309917300517384,0.022624434184394263,0.6936781569328841
3426,4.82013E+11,65744,0.044619421401065056,0,0.4798206224235356
3427,4.82013E+11,88534,0.1579876420301179,0.069137562,0.49173705291319475
3428,4.82917E+11,81552,0.087938491,0.063198624,0.49680998475226074
3429,4.82013E+11,91689,0.3451504993635418,0.012795905228433109,0.7179830400803969
3430,4.82013E+11,0,0.19897523314282467,0.017355372,0.49397590011356557
3431,4.82013E+11,121402,0.5905395373943862,0.13245901552485892,0.7375586819832926
3432,4.82013E+11,155475,0.5308699694533677,0.047489295260843535,0.5183541729796121
3433,4.82013E+11,133596,0.4756323227906704,0.050463439,0.7636676678275175
3434,4.82013E+11,79775,0.268833083,0,0.7854046186025678
3435,4.82013E+11,46563,0.14272809265828282,0.038189533,0.7422243131846168
3436,4.82013E+11,97155,0.47075207602361907,0.049504949,0.7481840012546247
3437,4.82917E+11,0,0.091346153,0,0.7420718737624538
3438,4.82917E+11,0,0.036994219225500356,0.032437442,0.3266409241186029
3439,4.82917E+11,0,0.09269162,0.27257239740081096,0.4003983983984383
3440,4.82917E+11,77905,0.1812030061563684,0.016108247,0.6915146681541845
3441,4.82917E+11,72095,0.2175480743083164,0,0.5404454801823507
3442,4.82917E+11,0,0.037499999,0.077241378,0.39458688896599875
3443,4.82917E+11,85339,0.2966101632074118,0,0.6977886892163552
3444,4.82917E+11,91726,0.030523255,0,0.6597560895151696
3445,4.82917E+11,66222,0.066502462,0.016460905214313537,0.4921874961547852
3446,4.82917E+11,0,0.45629369831654376,0,0.6826923011279586
3447,4.82013E+11,60712,0.6271510396338233,0.052238805,0.7223529326782008
3448,4.82013E+11,139792,0.5448065117636811,0.11412534972754584,0.7958271177658188
3449,4.82013E+11,48304,0.3125883972759774,0,0.6905172354265756
3450,4.82013E+11,110400,0.39820022049268594,0.064870259,0.6451914068851942
3451,4.82013E+11,76667,0.4256999251564973,0.086763774,0.6911357308811831
3452,4.82013E+11,97748,0.537758827,0,0.7680555519997427
3453,4.82013E+11,209563,0.6462829658719069,0,0.8743416036543145
3454,4.82013E+11,132723,0.5014354019001397,0.065560821,0.7583892566551057
3455,4.82013E+11,242564,0.833333326,0,0.8118668537491545
3456,4.82013E+11,80898,0.2423580733109591,0,0.7683982628542694
3457,4.82015E+11,71064,0.5770307961616024,0.20265780394256142,0.33288500112383995
3458,4.82015E+11,72920,0.6292585149323362,0.066449511,0.2999999987551867
3459,4.82015E+11,128708,0.4534798501576568,0,0.37211916598021827
3460,4.82016E+11,118620,0.3449713374415251,0.023180343,0.5221434875015788
3461,4.82016E+11,98233,0.462295079,0.096980255,0.2665256463959511
3462,4.82016E+11,60313,0.19543650599765372,0.088944305,0.2635869550892013
3463,4.82015E+11,111201,0.44317763720787917,0.007837446,0.41846893093556836
3464,4.82016E+11,91722,0.23402255529124738,0.038378611,0.37505112321042483
3465,4.82015E+11,94293,0.46341462472734507,0.017391304,0.39869280756214376
3466,4.82015E+11,86401,0.36252353707604956,0.050736497,0.1647524745950397
3467,4.82015E+11,46923,0.04541895,0.046995835532445955,0.19455703419480583
3468,4.82016E+11,89487,0.4161309151599596,0.062291435,0.34359518632839636
3469,4.82015E+11,57589,0.072133637,0.048315320735439794,0.13077296970941676
3470,4.82015E+11,18881,0.07590759,0,0.11557788900047201
3471,4.82016E+11,117933,0.31249999348958346,0.049562681,0.3720930196502614
3472,4.82015E+11,50721,0.11903064776172026,0.061757719,0.17926646639496083
3473,4.82016E+11,0,0.11494251552384879,0,0.6695651882797744
3474,4.82015E+11,65363,0.012956419164235346,0.06822612,0.2437908480797984
3475,4.82015E+11,43026,0.051449275,0.010445299557749865,0.19085714176653062
3476,4.82015E+11,72441,0.21140939419958563,0.030303030079061124,0.13036234847829092
3477,4.82012E+11,71500,0.018129078911319225,0.040469207973787634,0.2727272715059235
3478,4.82012E+11,64125,0.079245282,0.042185338574098626,0.3661800442070554
3479,4.82012E+11,181829,0.7452788724405845,0.019638043821185815,0.4981264039517202
3480,4.82015E+11,25593,0.034441804816605644,0,0.11692650268971881
3481,4.82012E+11,34896,0.018207283,0,0.12891246615961557
3482,4.82012E+11,0,0.1548604717728903,0.064128256,0.19400056015138614
3483,4.82012E+11,51375,0.072532698,0.003849856,0.21729106503002268
3484,4.82012E+11,0,0,0.095837366,0.14618643964557598
3485,4.82012E+11,66158,0.307920057,0,0.30565645923374957
3486,4.82012E+11,80833,0.064714945,0.062726175,0.19615911939425076
3487,4.82015E+11,113295,0.6323251358003296,0.050084889,0.43126684403629734
3488,4.82015E+11,132750,0.36345380796277493,0,0.4894346059998024
3489,4.82015E+11,185647,0.6546184726436824,0.037320064,0.4675516217919662
3490,4.82016E+11,38080,0.12857142742346941,0.075227963,0.2776219838607853
3491,4.82016E+11,134559,0.6424815915617078,0,0.5177865578538435
3492,4.82016E+11,38523,0.034207525,0.028506271054660536,0.2902072888476963
3493,4.82016E+11,127813,0.3988035852561956,0.003944773,0.4434079574414928
3494,4.82016E+11,130799,0.2388692562624081,0.007773459,0.2862190787436477
3495,4.82016E+11,88750,0.26508120495892573,0.049317943078080045,0.3520586170549245
3496,4.82015E+11,127287,0.27853880960572136,0.012820512683541532,0.4806547595205617
3497,4.82015E+11,33906,0.20326223082481518,0,0.090466249
3498,4.82016E+11,63155,0.20372183933671068,0.088350273,0.33352701723691447
3499,4.82016E+11,48772,0.1597985340668565,0.1155115507315308,0.2874004122531708
3500,4.82016E+11,51569,0.059945503,0.020937188225950268,0.2837690616352448
3501,4.82016E+11,84167,0.3072196573391758,0.037943696,0.28186452817287305
3502,4.82015E+11,0,0.033613444436598194,0.097727271,0.19749999876562502
3503,4.82015E+11,99929,0.15052160841638146,0.037567084,0.13616236112117208
3504,4.82015E+11,110833,0.2651321375521557,0.10164333474349765,0.13548057190449606
3505,4.82015E+11,56708,0.2062146863528999,0.084018264,0.19374616680719703
3506,4.82015E+11,36085,0.058259586591005996,0,0.12303149545752216
3507,4.82015E+11,0,0.2504078283000993,0.10403120868640306,0.41781376179907886
3508,4.82016E+11,72383,0.3490971610099004,0.097159457,0.4490797532236817
3509,4.82015E+11,82114,0.5103448240665874,0.030804335249262207,0.5214152675911765
3510,4.82015E+11,203092,0.7192135194232027,0.011483253551887548,0.4598138738159605
3511,4.82015E+11,213506,0.721587608,0.028561827909002305,0.4557245789339879
3512,4.82016E+11,67917,0.2295271023122595,0.007709251,0.6326806169299081
3513,4.82016E+11,118869,0.31960784000384473,0.12089552148585432,0.6368477035479478
3514,4.82015E+11,96063,0.2653061204436423,0.022973835207569654,0.296636085
3515,4.82016E+11,99414,0.312802766,0.1181657841377673,0.4369900252176336
3516,4.82016E+11,55654,0.060999351,0.009733939,0.4727011460294458
3517,4.82015E+11,53192,0.070652173,0.046886446542956435,0.17533039493100974
3518,4.82015E+11,55813,0.033301617,0.073112265,0.1789148345504298
3519,4.82016E+11,62037,0.2794411159052487,0.05109862,0.15572232586970983
3520,4.82016E+11,27823,0.2394014932742956,0.001936108,0.065411298
3521,4.82016E+11,49894,0.2373453291637196,0.083876221,0.12788259891046855
3522,4.82016E+11,46682,0.19441860284261767,0.23871461179254314,0.34164133530917123
3523,4.82016E+11,64079,0.18480492623403566,0.037656903450569844,0.17441860363710116
3524,4.82016E+11,62069,0.095416979,0.074257425,0.15243902335745918
3525,4.82016E+11,78333,0.051435406083308544,0.030832476558761805,0.11819887355723031
3526,4.82016E+11,117643,0.14407334548740441,0.013457556866161714,0.13777219372792213
3527,4.82012E+11,20556,0.11018130948143223,0.038510911,0.13789682402880135
3528,4.82012E+11,36427,0.060802069,0.037070524,0.11889596518828051
3529,4.82012E+11,24479,0.17784256430143905,0.055302166,0.043888627
3530,4.82012E+11,8696,0.016666666388888893,0.067961164,0.028203555927629947
3531,4.82012E+11,33967,0.072580642,0,0.2505518736142177
3532,4.82012E+11,75781,0.46812559021764427,0,0.3040695
3533,4.82012E+11,38819,0,0,0.1120129851945944
3534,4.82012E+11,36578,0.27669902241021793,0,0.12990654084199496
3535,4.82013E+11,104600,0.40641098794269614,0.10323660656676001,0.16347281907128344
3536,4.82013E+11,88578,0.11428571156462593,0,0.16238607984767126
3537,4.82015E+11,163750,0.35739231456698306,0,0.5244100873701786
3538,4.82016E+11,79877,0.2732123770201454,0.10847457535191038,0.4990757825072349
3539,4.82015E+11,155078,0.46356370256904694,0,0.6501701186199501
3540,4.82016E+11,77308,0.5231788056371797,0.007240854,0.46265697137258105
3541,4.82016E+11,93988,0.19774011113239068,0.009796533,0.6653454095960056
3542,4.82016E+11,69231,0.38139534686617393,0.028773585,0.6815728578196882
3543,4.82016E+11,84073,0.3947368387543562,0.15186721865670358,0.7363420369252413
3544,4.82016E+11,78021,0.36152796232567586,0.064171122,0.6152647927160063
3545,4.82016E+11,172984,0.5707317033398488,0.028455284387599974,0.722293536
3546,4.82016E+11,190948,0.4854227334486482,0.084583901,0.690828392
3547,4.82016E+11,31809,0.071151357,0,0.085281111
3548,4.82012E+11,38696,0.12806026244764349,0.078365706,0.1446509284547919
3549,4.82012E+11,0,0.063730084,0.037634408,0.2607489561615956
3550,4.82012E+11,33835,0.059500959,0.074542896,0.16126279725884984
3551,4.82013E+11,23278,0.092307692,0.090672225,0.17052154117677304
3552,4.82012E+11,28694,0,0.10983397050020473,0.11171661973138121
3553,4.82012E+11,33576,0,0.19298245190827956,0.11285500663038112
3554,4.82012E+11,33782,0.011058451642046578,0.12570621291375406,0.083870967
3555,4.82012E+11,39957,0.049661398,0,0.3210083979662454
3556,4.82012E+11,27500,0.069553805,0.015312131739550863,0.10672853704491257
3557,4.82016E+11,93633,0.073153899,0.021750951485856707,0.14620758410076057
3558,4.82016E+11,47981,0,0.039999998,0.072156196
3559,4.82016E+11,55718,0.054545453,0.009029345,0.17248061848371493
3560,4.82016E+11,29120,0,0.053968253,0.077680524
3561,4.82016E+11,57218,0.053915275302756416,0.041182681719295865,0.13121845615559874
3562,4.82016E+11,62667,0.21424435313118498,0.031058823383252592,0.4138999539003986
3563,4.82016E+11,49175,0.14703782907182136,0.029192546,0.1616099061200625
3564,4.82016E+11,126477,0.39675173707075223,0,0.4080250109013809
3565,4.82016E+11,131250,0.18239999854080002,0,0.12561334580170094
3566,4.82016E+11,71029,0.17124735638875604,0.033460398,0.10831556457008287
3567,4.82012E+11,36194,0.10039525612335766,0.028503563,0.12059369090358357
3568,4.82012E+11,30115,0.14478114315621612,0,0.1258883235950424
3569,4.82012E+11,0,0.10931173646511189,0,0.23978494365822642
3570,4.82013E+11,46130,0.056354915391427875,0.074144486,0.22436500364833015
3571,4.82012E+11,0,0,0.092948715,0.080662983
3572,4.82012E+11,48439,0.067982455,0,0.091509433
3573,4.82016E+11,0,0,0.061461792998973544,0.08711303
3574,4.82012E+11,63132,0.1081967195377587,0.049418604,0.040781647911795685
3575,4.82016E+11,33740,0.052631578,0.023779724358201196,0.085751978
3576,4.82012E+11,23393,0.11538461168639066,0.014989293040914497,0.10616929546385516
3577,4.82016E+11,82569,0.088575095,0.011988012,0.10204081552558229
3578,4.82016E+11,61066,0.12716118166669726,0.031014621041140358,0.12986512474040413
3579,4.82016E+11,63125,0.1256281396513556,0.036437246717697394,0.15502082297537795
3580,4.82016E+11,59000,0.2183908018085466,0.048449612,0.29896049771741995
3581,4.82016E+11,57446,0.27185791978336177,0.11102172074801513,0.18809004946920807
3582,4.82016E+11,73484,0.2837370209488233,0,0.3645932996909411
3583,4.82016E+11,58984,0.22672064471362155,0.015028902,0.082952318
3584,4.82016E+11,79679,0.34107467968545224,0.020841373906440083,0.42827528843998636
3585,4.82016E+11,83420,0.18999999864285716,0.054822335,0.14380664565675744
3586,4.82016E+11,46491,0.4380825507578888,0.085239084,0.3896424143671861
3587,4.82012E+11,22280,0.017751479,0.041467304,0.120865138
3588,4.82013E+11,106579,0.17896475672376236,0.15617374252721453,0.2359824464359705
3589,4.82012E+11,49859,0.13500597210267656,0.041551246,0.12934259685011973
3590,4.82016E+11,11911,0.089285709,0.09401709,0.14762515856707115
3591,4.82012E+11,42455,0.1384850792770843,0.022315202075905146,0.091945288
3592,4.82012E+11,34242,0,0.029787233725667727,0.1367989046730581
3593,4.82016E+11,44926,0.11860464840454307,0,0.082940621
3594,4.82013E+11,29929,0.038949275009517434,0.086956521,0.16326530536518874
3595,4.82012E+11,73214,0.034764825464931995,0,0.096548274
3596,4.82012E+11,37083,0.067331669,0.098214284,0.113667116
3597,4.82016E+11,83022,0.2219811986841562,0.044266666,0.12375646588238572
3598,4.82016E+11,94702,0.3935950392892818,0.020352781454759016,0.19524793287578548
3599,4.82016E+11,42215,0.23951434614222578,0.038394415,0.1457378538429161
3600,4.82016E+11,0,0.020437955906015243,0.2092337896931848,0.15566365423444298
3601,4.82016E+11,51712,0.084153983,0.10688304361005571,0.1444517390383996
3602,4.82016E+11,88883,0.31209602810666653,0.014388489151125143,0.12067669127565153
3603,4.82016E+11,79837,0.11023621938743879,0.012412722944819838,0.1341772145104951
3604,4.82016E+11,36188,0.068836044,0.059236947196416194,0.1128349780477082
3605,4.82016E+11,176375,0.19291338202926414,0.026642983540977203,0.085470085
3606,4.82016E+11,31841,0.043103447745031435,0.030392157,0.091267235
3607,4.82016E+11,70598,0.24511840363473864,0.046765393,0.33375688126320674
3608,4.82016E+11,51542,0.30785123648914015,0.015097690807302925,0.1124852761337734
3609,4.82016E+11,57017,0.5004625300604761,0.088703563,0.3577501611657936
3610,4.82016E+11,36926,0.42568541954277894,0.017718715196913454,0.3797840983338165
3611,4.82016E+11,65791,0.3313131246199369,0.079545453,0.14498933747346124
3612,4.82016E+11,31569,0.1126213570364785,0.027184465491563777,0.456389448
3613,4.82016E+11,18412,0.22413792781411024,0.12994350135657062,0.064608347
3614,4.82016E+11,96526,0.2796747952321149,0.043195541,0.3639689055145454
3615,4.82016E+11,51875,0.055198973,0.031480570430493994,0.12189859696926324
3616,4.82016E+11,91056,0.7316486073207147,0.074112734,0.26182544795585977
3617,4.82012E+11,54519,0.15976900712445613,0.074468085,0.1607142850143106
3618,4.82016E+11,20273,0.037991858,0.032704402,0.096363635
3619,4.82013E+11,93486,0.05788423,0.032663316172571406,0.28932583998758576
3620,4.82016E+11,24314,0,0,0.13023255662520283
3621,4.82016E+11,41321,0.12399999752000006,0.087417217,0.13333333187613847
3622,4.82012E+11,62753,0.14605066846422254,0.065432098,0.15914981773380085
3623,4.82013E+11,72120,0.003546099,0.069767442,0.2592121965742554
3624,4.82016E+11,39597,0.13029315536504382,0,0.082129277
3625,4.82012E+11,81037,0.073825502,0.047619046910430854,0.18385416570909288
3626,4.82016E+11,35423,0.1644908573239985,0,0.074029125
3627,4.82016E+11,70222,0.251659008,0.16133651474302377,0.059985097
3628,4.82016E+11,53557,0.29564411218124087,0.077963404,0.11491339199445123
3629,4.82016E+11,86250,0.36474358740548984,0.021683673331099024,0.3762295051128729
3630,4.82016E+11,87201,0.26994301802034887,0.005980066,0.5186359990591911
3631,4.82016E+11,0,0.3048128301495611,0.085746101,0.10512129285605308
3632,4.82016E+11,84100,0.22229822009371944,0.036165327,0.066828675
3633,4.82016E+11,80765,0.11337209137540566,0,0.3795966740261367
3634,4.82016E+11,75347,0.4876325030903121,0.040677966,0.3977196485733089
3635,4.82016E+11,46615,0.13556618603562703,0.040559439992175664,0.11893032991604272
3636,4.82016E+11,66845,0.16263940369294236,0,0.368154623
3637,4.82015E+11,0,0.5326662711438124,0.023740309962498495,0.49249999794791666
3638,4.82016E+11,0,0.6485549057970531,0.014858840900008611,0.6420911485114534
3639,4.82016E+11,140618,0.47205260464042925,0.050153139,0.7411971787488428
3640,4.82016E+11,128125,0.7438725444615653,0,0.6000712229342192
3641,4.82015E+11,197368,0.65124555,0.003607214,0.5496245726284988
3642,4.82016E+11,132750,0.603375524,0.049011178,0.5288147860499645
3643,4.82016E+11,112000,0.3880162862826278,0.031550801970316567,0.6126242948005867
3644,4.82016E+11,170038,0.8846960074979454,0.009328358,0.7437499941894532
3645,4.82016E+11,58289,0.28140702810535106,0.040201004351741974,0.3218916832807652
3646,4.82016E+11,244740,0.6639455691980195,0.031358884653206916,0.721555445
3647,4.82016E+11,99153,0.39445299854463794,0.062234794,0.45371218649209727
3648,4.82016E+11,60938,0.3911070744908614,0,0.4936211924080354
3649,4.82016E+11,64462,0.32475397180352783,0.029034435995716167,0.40849256726754746
3650,4.82016E+11,102059,0.5243572359651066,0.13916043623254493,0.5721838122318673
3651,4.82016E+11,0,0.088932805,0,0.3745136150339143
3652,4.82016E+11,70673,0.1663865518254361,0,0.21358428630454757
3653,4.82016E+11,80366,0.33199999778666667,0.091671659,0.5181058447715335
3654,4.82016E+11,35300,0.12068965413198575,0.045718432,0.15167216132043257
3655,4.82016E+11,67292,0.30158729930773015,0.036151961,0.13523914164244563
3656,4.82016E+11,69432,0.12184873847185934,0.020188425166968876,0.19241192307635815
3657,4.82016E+11,44547,0.31698773525415525,0.085403725,0.319553069
3658,4.82016E+11,0,0.149026248,0,0.093062605
3659,4.82016E+11,136181,0.6904761808056558,0.017287233812669764,0.7479147289349887
3660,4.82016E+11,54549,0.4222972937305972,0.083074534,0.5338389700476139
3661,4.82016E+11,87828,0.373611106,0.084993359,0.4920494656179376
3662,4.82016E+11,0,0.556962019,0,0.6877550973622102
3663,4.82016E+11,76445,0.23444700393304432,0.010737294176241245,0.090394338
3664,4.82016E+11,0,0.32195121165972657,0,0.4285714232934554
3665,4.82016E+11,0,0.6619385264546274,0,0.6262135878903358
3666,4.82016E+11,44529,0.16605165745292147,0.020247469,0.21588594558122237
3667,4.82016E+11,94635,0.3507132299522222,0.030289917653440423,0.5568917651653045
3668,4.82016E+11,181333,0.5745704427864574,0.028702640478170834,0.7357559410688382
3669,4.82016E+11,109594,0.42414354936144294,0.021961932,0.7349570095278366
3670,4.82016E+11,165788,0.3772321400503561,0.014697236833055634,0.6659464102595228
3671,4.82016E+11,130573,0.5881103992348875,0.02745098,0.7268571387036735
3672,4.82016E+11,141438,0.3952451650037866,0.092329544,0.7453987653844707
3673,4.82016E+11,134144,0.5049800771664339,0.17117117035954874,0.7757544184404037
3674,4.82016E+11,113308,0.3126520662247441,0.036001894666026074,0.5986703967856178
3675,4.82016E+11,185934,0.353929805,0,0.5364705857107266
3676,4.82016E+11,143636,0.5790155402913502,0.023780487659875074,0.7829052938085662
3677,4.82012E+11,108640,0.087390029,0.003027682,0.1720909488538076
3678,4.82013E+11,55599,0.096625765,0,0.40821255709973786
3679,4.82012E+11,81450,0.045903955,0.019795855181577927,0.16560509508278842
3680,4.82016E+11,0,0.49816847992056856,0.12259970276809894,0.063354036
3681,4.82012E+11,98688,0.16294642735902956,0.037723362,0.1427512045133437
3682,4.82016E+11,30789,0.034234233617401195,0.093902438,0.041002277437331695
3683,4.82016E+11,52331,0.1044444436707819,0,0.082135523
3684,4.8202E+11,0,0,0,0.39999920000160005
3685,4.82012E+11,52772,0.24013920835105326,0.043186180007810174,0.16980324991529833
3686,4.82016E+11,37283,0.1661721051812848,0.22059846749757503,0.067425968
3687,4.82016E+11,50370,0.19024970047265516,0.095982142,0.22871286902264487
3688,4.82016E+11,62418,0.2033511027924516,0.091954022,0.1213063754175243
3689,4.82016E+11,24435,0.1023890773334576,0.010432190682323468,0.1494796587063403
3690,4.82016E+11,79423,0.22211444983400147,0.042789223,0.11813537600168982
3691,4.82016E+11,0,0.3583021201104737,0.087270974,0.5209244189823584
3692,4.82016E+11,38647,0.026666665955555575,0,0.4494773480010684
3693,4.82016E+11,0,0.2997711636181789,0,0.5853658483706788
3694,4.82016E+11,131719,0.7825567409491428,0.01230425,0.7560777896590131
3695,4.82016E+11,127565,0.4354066950924506,0.10556347998884821,0.7679611575926102
3696,4.82016E+11,166648,0.3663183751301882,0,0.11155537740281736
3697,4.82012E+11,71803,0.17040874973857945,0.005494505,0.290940765
3698,4.82012E+11,34472,0.020430107417042435,0,0.11274911244130736
3699,4.82013E+11,29224,0.018072289,0,0.20323928838432975
3700,4.82013E+11,58092,0.20754716854810001,0.030943785296834527,0.471774191
3701,4.82013E+11,26131,0.11267605540450659,0.007508532,0.3019531238204956
3702,4.82012E+11,41812,0.24564459716337458,0.057823129,0.25199999832000003
3703,4.82016E+11,40061,0.3303729959081173,0.10214504492190965,0.11398176205181032
3704,4.82012E+11,68750,0.11947318796356361,0.041114058,0.14436026875269245
3705,4.82012E+11,52806,0.2612244871303624,0.053078556,0.1666666648391813
3706,4.82016E+11,90250,0.1286391325075211,0.017683465881151786,0.26900958294562566
3707,4.82016E+11,0,0.5379250171061464,0.030969844898371273,0.7825884507328283
3708,4.82016E+11,101009,0.48648648272983414,0.088765603,0.5934664219897168
3709,4.82016E+11,127857,0.44867149487517216,0.063296903,0.4554843288622353
3710,4.82016E+11,155324,0.6940711407583309,0,0.3887086282368032
3711,4.82016E+11,160404,0.39340954810554957,0.008146639,0.4684625482512866
3712,4.82016E+11,99203,0.7580838232564812,0.088349514,0.6880053861994246
3713,4.82016E+11,148199,0.5341073994479564,0.014454664851271726,0.6942060061008368
3714,4.82016E+11,183125,0.48150469917551914,0.011911514396417956,0.7963366733696612
3715,4.82016E+11,110473,0.43290441043840555,0.085994468,0.5711418812539798
3716,4.82016E+11,123990,0.4311407994288757,0.018922852892174415,0.7219090540326604
3717,4.82016E+11,83057,0.19721577611823796,0.07212364,0.15994130476932278
3718,4.82016E+11,129037,0.5442060039123948,0.030375699,0.7553264552898525
3719,4.82016E+11,56036,0.1923076855836474,0.177777772,0.19322344145399778
3720,4.82016E+11,28140,0.3500931066099338,0.077824267,0.10136024527705026
3721,4.82016E+11,58125,0.43315017918360643,0.080996884,0.33410137992241645
3722,4.82016E+11,60020,0.4621276556414668,0,0.21594349033328208
3723,4.82016E+11,47482,0.4740791236420251,0.009517766,0.5486624897628771
3724,4.82016E+11,80440,0.28939616870842294,0.089967284,0.28070175312324896
3725,4.82016E+11,36392,0.066371681,0.019911504,0.12093449326186671
3726,4.82016E+11,141719,0.5609037272995705,0.015246636634559312,0.7419712029791184
3727,4.82016E+11,72798,0.5670538512827146,0.006732673,0.43089712355075466
3728,4.82016E+11,175660,0.7987179384779751,0.11834961869327233,0.6068162875576368
3729,4.82016E+11,83179,0.43191800667682767,0,0.5255798072115286
3730,4.82016E+11,81812,0.3503800943304762,0.047031158,0.5407326378308768
3731,4.82016E+11,45938,0.28452200087616086,0.058510637952064785,0.095119521
3732,4.82016E+11,30578,0.146887966,0.062819576,0.15027537253913947
3733,4.82016E+11,182548,0.7454900012409068,0.030075187836907612,0.7278431344006151
3734,4.82016E+11,80664,0.3270821824209477,0.025166192,0.2971751401236341
3735,4.82016E+11,116775,0.4533898283738708,0.009098787,0.4551942884409425
3736,4.82016E+11,129216,0.4635627506904719,0.066907775,0.3546409791828328
3737,4.82016E+11,169013,0.5628140663114568,0.057051282,0.6597031299631494
3738,4.82016E+11,110948,0.5024691295991466,0.098669622,0.7968337660788587
3739,4.82016E+11,216282,0.6314713853442003,0.013840830370006746,0.7035115694193472
3740,4.82016E+11,133802,0.6213965386886722,0.039089692,0.4691675223207134
3741,4.82016E+11,153151,0.4961799639381156,0.016576576516841166,0.6486870105306671
3742,4.82016E+11,107857,0.6502732189674222,0.064061499,0.7850029245166789
3743,4.82016E+11,120795,0.4484356868572672,0.076597992,0.7249575521011988
3744,4.82016E+11,156364,0.374812592,0.008985879,0.6176006289755303
3745,4.82016E+11,126484,0.5181924852218751,0.039215686060916743,0.7591836703706788
3746,4.82016E+11,132188,0.4288888841234569,0.066502463,0.7373565629521608
3747,4.82012E+11,58972,0.2102803713752293,0.011121408608698716,0.16730621513962998
3748,4.82012E+11,72170,0.079491255,0.037711313,0.15732758535922636
3749,4.82012E+11,91563,0.2601260102598919,0.062289562,0.15719844235643235
3750,4.82012E+11,96083,0.1581722305960261,0.007616146,0.13468141879175344
3751,4.82012E+11,82037,0.08691983,0.048579969741554783,0.2705521455794347
3752,4.82012E+11,83867,0.10061601608276517,0.035028936841215545,0.21222185250009346
3753,4.82012E+11,73854,0.27700595328322664,0.052771619,0.1798452939840024
3754,4.82012E+11,103798,0.1762360432517062,0.020612485155403502,0.1315406971964364
3755,4.82012E+11,0,0.078431371,0.1748251730786696,0.25925925625857343
3756,4.82016E+11,31927,0,0.098684204,0.1507823591638356
3757,4.82016E+11,69891,0.4332460704630493,0.030006123514965562,0.6235238515657824
3758,4.82016E+11,101383,0.4696673143868169,0.014154870823023557,0.43326758426517037
3759,4.82016E+11,0,0.40806450954734663,0.014687882317161784,0.4655647340168528
3760,4.82016E+11,110875,0.30573951097417756,0.034216335,0.14637904393231102
3761,4.82016E+11,99615,0.154999999,0.027084439580008286,0.6012084571963462
3762,4.82016E+11,59447,0.24584103057595139,0,0.092924125
3763,4.82016E+11,0,0.46172839126149473,0.014797507672916608,0.2492981457086011
3764,4.82016E+11,121273,0.4358654989306912,0.028642589929731135,0.5104838668509366
3765,4.82016E+11,51397,0.092391303,0.013562387,0.29422835449041185
3766,4.82016E+11,66293,0.36440677524931264,0.024108004,0.48261473934203936
3767,4.82016E+11,162900,0.4843444179614049,0.075770924,0.5115874825516369
3768,4.82016E+11,112697,0.42857142416678906,0.10651828214214402,0.57588482
3769,4.82016E+11,36000,0.24847250256137982,0.052964426,0.073875083
3770,4.82016E+11,56706,0.2690960037204204,0.035343035098107864,0.4544979055727097
3771,4.82016E+11,0,0.15646257971215716,0,0.6494565129149931
3772,4.82016E+11,130893,0.24453279831942748,0.038461537757114694,0.35693641102693047
3773,4.82016E+11,116705,0.45672436446921194,0.027141133732562522,0.6704997758934109
3774,4.82016E+11,78292,0.20962962807681756,0.10862409408410735,0.2942735933495568
3775,4.82016E+11,73869,0.4237288102948474,0,0.27899343392235537
3776,4.82016E+11,62396,0.4499999940789475,0,0.35645604150785687
3777,4.82012E+11,100366,0.18318965319838737,0,0.1672259498477296
3778,4.82012E+11,78935,0.20154184911045236,0.070893879,0.12248418596180509
3779,4.82012E+11,0,0,0,0.082464454
3780,4.82012E+11,39554,0.2443806779321823,0.051538154,0.2390024238344218
3781,4.82012E+11,29531,0,0.037499999,0.033530571330757965
3782,4.82012E+11,104107,0.38698629474338536,0.04638472,0.4068219600098007
3783,4.82012E+11,93524,0.10363495666175594,0.047223995,0.19935561740090366
3784,4.82012E+11,84067,0.31312435303780795,0.026918316748396294,0.19665585176776676
3785,4.82012E+11,65396,0.1558544291467213,0.054091539,0.18090264759081442
3786,4.82012E+11,38339,0.090308368,0.074410162,0.1234003645027389
3787,4.82016E+11,185020,0.6091953976306866,0.052992518,0.6721311444802771
3788,4.82016E+11,144040,0.6248337001116021,0.014643545222953582,0.5444202359128051
3789,4.82016E+11,165728,0.6043360410207663,0,0.6901949994776297
3790,4.82016E+11,83696,0.3832487261009045,0.042872454,0.5445636932124885
3791,4.82016E+11,180877,0.5465451029436414,0,0.6867761899090326
3792,4.82016E+11,105493,0.3867876934604756,0.10649474638732212,0.5063125794239766
3793,4.82016E+11,75650,0.3583431013741965,0.094407894,0.48679245141714816
3794,4.82016E+11,202661,0.5439753713985251,0,0.6276779102987493
3795,4.82016E+11,209773,0.5296269163889765,0.022768124489106506,0.6346652795295004
3796,4.82016E+11,75682,0.23568136777036625,0.10487288080046143,0.3583073175223471
3797,4.82016E+11,108529,0.3247011930630731,0.22669383481052555,0.6280143631194748
3798,4.82016E+11,52201,0.24902343506813052,0,0.25773195699153295
3799,4.82016E+11,52957,0.275494669,0.025333333,0.3693931365928484
3800,4.82016E+11,148491,0.4551724093086462,0.015463917392921672,0.5573204381400523
3801,4.82016E+11,112938,0.6691489290516072,0,0.5408727686486001
3802,4.82016E+11,140750,0.523846751,0,0.30284675770534975
3803,4.82016E+11,98592,0.3473684164819945,0.027085590172420477,0.3829337067494097
3804,4.82016E+11,90139,0.5343915249666398,0,0.6058981152024382
3805,4.82016E+11,125841,0.6057624693902849,0.035365853442891136,0.522861979
3806,4.82016E+11,34314,0.088888888,0.018867924,0.20680453497795506
3807,4.82012E+11,96058,0.20968629493843535,0.020752895652736986,0.18204181967182526
3808,4.82012E+11,72500,0.2079047092154591,0.064485538,0.15211085996741586
3809,4.82016E+11,19538,0.12017803975996974,0,0.18710134523670202
3810,4.82012E+11,56402,0.16962146540670114,0.006968641,0.2029944282625542
3811,4.82012E+11,41314,0.082105261,0.097199339,0.12050739830330447
3812,4.82012E+11,141101,0.13351016681246536,0,0.35187057278189515
3813,4.82012E+11,60777,0.1442910897830478,0.032480315,0.16920609327019973
3814,4.82012E+11,75139,0.2509677403163372,0.0625,0.11254728842198206
3815,4.82012E+11,45643,0.23698629812347538,0.035616438,0.271499643
3816,4.82012E+11,46438,0.19823008674132667,0,0.34024302830419567
3817,4.82016E+11,140121,0.4780023724375461,0.020283975,0.7290836604974524
3818,4.82016E+11,37628,0.18778801626972333,0,0.10431235370447346
3819,4.82016E+11,67527,0.2360060478667769,0.1351351335471782,0.38998210858686877
3820,4.82016E+11,162500,0.4985895592483106,0.082499999,0.6912045856060965
3821,4.82016E+11,34439,0.092615769,0.2714285690051021,0.095762711
3822,4.82016E+11,90536,0.11123347895117314,0.053535352994592396,0.5227138612229271
3823,4.82016E+11,48343,0.23188405557055844,0,0.10226244251346206
3824,4.82016E+11,45496,0.22826086336247656,0.021699818775771814,0.10819949190025789
3825,4.82016E+11,136607,0.634416539,0.089532587,0.675486376
3826,4.82016E+11,108815,0.4304511237739556,0.002590674,0.7555163216635806
3827,4.82016E+11,150506,0.3170563939679753,0,0.4259628139908273
3828,4.82016E+11,115156,0.33725489865436376,0.007054674,0.6676267242648231
3829,4.82016E+11,46199,0.14542020636996972,0,0.24705221646798306
3830,4.82016E+11,51905,0.42388450887290674,0.064870259,0.279336003
3831,4.82016E+11,146528,0.6286885194369793,0.020777479753502148,0.653900706
3832,4.82016E+11,224286,0.3570229414828039,0.018022406146992662,0.6294357147793153
3833,4.82016E+11,89391,0.1745396303079293,0.030216647490212956,0.5157722223852018
3834,4.82016E+11,141838,0.5887016790019656,0.073632538,0.5902948366689507
3835,4.82016E+11,186042,0.6958808002113865,0,0.7181127520267382
3836,4.82016E+11,120927,0.48009747782211637,0.005759539,0.6537065803332992
3837,4.82012E+11,134491,0.2687385715837425,0.046012269585795476,0.3682559575391722
3838,4.82012E+11,71846,0.26062846419822266,0.088558855,0.3706169535258901
3839,4.82012E+11,93962,0.314886981,0.016622340315011034,0.24876441310737715
3840,4.82012E+11,71569,0.092900964,0.072693727,0.4530995087557116
3841,4.82012E+11,74510,0.2136133221316921,0.078327444,0.32017543659037945
3842,4.82012E+11,64250,0.19575471467270383,0.015243902284106685,0.42929936032293403
3843,4.82012E+11,0,0.3338497263063538,0,0.3917574590632048
3844,4.82012E+11,70625,0.083661416,0.052027544,0.37798776888278063
3845,4.82012E+11,65046,0.2984496008352868,0,0.3775510161275395
3846,4.82012E+11,58807,0.1411862979015347,0.033333333,0.3615857801668778
3847,4.82016E+11,85632,0.3535973209503775,0.006213592,0.45037389377847076
3848,4.82016E+11,137337,0.5378538476770649,0.019740552624136758,0.4776536293788761
3849,4.82016E+11,171776,0.6527293768556403,0.045310853,0.6220414155174452
3850,4.82016E+11,65245,0.4400618682129786,0.033944331,0.462285977
3851,4.82016E+11,127778,0.6153846082123007,0.016042780577082562,0.6751870282095572
3852,4.82016E+11,143719,0.5429687393951418,0,0.6233183800599249
3853,4.82016E+11,107059,0.7157695871976432,0.008241758,0.5638085714665575
3854,4.82016E+11,146991,0.46841593325154585,0,0.6529338286333719
3855,4.82016E+11,89145,0.29423201364723256,0.04707233,0.6098210863729688
3856,4.82016E+11,100530,0.23950983943739382,0.018535126999894985,0.45565988404887875
3857,4.82016E+11,59212,0.3791208687054707,0,0.33908629097374327
3858,4.82016E+11,73312,0.40205223693072645,0.11860869523962192,0.5789473667092035
3859,4.82016E+11,131990,0.47054075772691534,0.006275775,0.597813353
3860,4.82016E+11,145370,0.647904184,0,0.6165048524984682
3861,4.82016E+11,89246,0.5097427883486251,0,0.6020904214825221
3862,4.82016E+11,109176,0.2345430091764583,0.007959068,0.47789240796649807
3863,4.82016E+11,63164,0.16969696626874817,0.080808079,0.5755555512921812
3864,4.82016E+11,101158,0.24782067093511415,0,0.5195857698352734
3865,4.82016E+11,137185,0.39387464106926895,0,0.7595129337416898
3866,4.82016E+11,134867,0.4706579699427506,0.046888694,0.6451323434493837
3867,4.82016E+11,150789,0.7450980279774053,0.016200294312219525,0.6574018087166054
3868,4.82016E+11,138696,0.5095541360704289,0.054666666,0.6986128581424158
3869,4.82016E+11,77428,0.3436401943524934,0.1275881358277105,0.4273564832482052
3870,4.82016E+11,100458,0.3708955196201827,0.035523978,0.5415039036059379
3871,4.82016E+11,124107,0.54510309,0.031053604,0.5163230218371003
3872,4.82016E+11,81529,0.31564551249646877,0.081521739,0.4049360133914198
3873,4.82016E+11,74900,0.3044273680774703,0.00714772,0.5003977704837002
3874,4.82016E+11,0,0.46884615204289937,0.016700749772662747,0.6075453179444129
3875,4.82016E+11,80000,0.4256854226141023,0.062857142,0.5212335666267262
3876,4.82016E+11,69535,0.2166246824102685,0.099133782,0.5115473382038414
3877,4.82012E+11,80116,0.28985506721277055,0.056603773,0.32196969522743674
3878,4.82012E+11,61701,0.16091953854838517,0.034574467778595144,0.3592906680085531
3879,4.82012E+11,88026,0.10735122395156098,0.047833935,0.364880272
3880,4.82012E+11,61185,0.053571427,0.1939163461232634,0.3057503463429124
3881,4.82012E+11,80577,0.28363283009406104,0.08688021,0.3733523321220081
3882,4.82012E+11,71111,0.2217642191115893,0.016962843158620008,0.3184986578096587
3883,4.82012E+11,67737,0.19978969400741486,0.064713598,0.2407126601944175
3884,4.82012E+11,97672,0.16870540179049234,0.011973392408100254,0.32751091544148025
3885,4.82012E+11,92750,0.16797642271143004,0.009779951,0.41742286498836745
3886,4.82012E+11,106953,0.4587737795055626,0.023518344087315672,0.3273258629940289
3887,4.82016E+11,176319,0.5402298819527018,0.039920159,0.5963007615749868
3888,4.82016E+11,114074,0.5544554438810217,0.017011624561917706,0.5435779804046377
3889,4.82016E+11,95785,0.13771377013758984,0.00856898,0.594629153
3890,4.82016E+11,156250,0.7753411268258229,0.024409763807884097,0.584397651
3891,4.82016E+11,76333,0.29156479039385824,0.046296296070680816,0.3850321693700231
3892,4.82016E+11,109078,0.43437076837367544,0.033227848,0.4004913988513865
3893,4.82016E+11,110299,0.2592814355731651,0.010526315734072023,0.621661718
3894,4.82016E+11,95536,0.4944110017677472,0.074274139,0.4971751386893932
3895,4.82016E+11,146190,0.4754244818996919,0.058551617,0.5879208947732716
3896,4.82016E+11,86020,0.44562607051243197,0.031118314323765592,0.4729660575252157
3897,4.82012E+11,175521,0.6438417045627314,0.017321503940340075,0.45815190876559303
3898,4.82012E+11,62218,0.18192285445064563,0.069158878,0.40575203884278255
3899,4.83397E+11,75778,0.2717391284656585,0.14864864773557343,0.6207729431112745
3900,4.83397E+11,65582,0.036322361,0.078061224,0.5132900146881866
3901,4.82012E+11,64180,0.22730375271465014,0.031685069459025106,0.30439121604595204
3902,4.82012E+11,104745,0.2144869206660486,0.014930555503713349,0.2641056414642688
3903,4.82012E+11,76625,0.095858895,0.066126013,0.41355519312680517
3904,4.82012E+11,89020,0.2595469238864277,0.016357688024221984,0.6165941765921907
3905,4.82012E+11,97708,0.23333333223787167,0.009202454,0.3070765279952721
3906,4.82012E+11,120226,0.24891774622383392,0.12339055661598115,0.44086021226527383
3907,4.82016E+11,56503,0.1856435620588668,0,0.6195840500902595
3908,4.82016E+11,123836,0.38106795654043746,0.082833132,0.5750160941724656
3909,4.82016E+11,106711,0.1784534026539762,0.099769319,0.4499999979910714
3910,4.82016E+11,86842,0.24796921655421453,0.072354211,0.42752933578328783
3911,4.82016E+11,124524,0.5146443299311996,0,0.5948945549956209
3912,4.82016E+11,62086,0.2752675370079219,0.10457856345172444,0.40889830291897084
3913,4.82016E+11,0,0.46294306699309273,0.012605041910882001,0.377374068
3914,4.82016E+11,126006,0.4344776654319761,0.000995685,0.4232323221635547
3915,4.82016E+11,187676,0.7110726618994025,0.011865915,0.6406790297369411
3916,4.82016E+11,64509,0.3491838158326202,0.033232628,0.35912101035785365
3917,4.83397E+11,0,0.31824512313199776,0,0.7518910703384213
3918,4.83397E+11,209831,0.56088825,0.031201247952570208,0.6752819533005594
3919,4.83397E+11,64084,0.32666059757360694,0.037186742,0.44651952209100443
3920,4.83397E+11,199778,0.7173202575309354,0,0.7097674396596358
3921,4.82012E+11,107869,0.1945003340409099,0.019814241,0.29109750216157554
3922,4.83397E+11,176662,0.5225044998549621,0.008258654,0.5902455768671723
3923,4.83397E+11,164548,0.4561797718638219,0.021802325422948216,0.7653902047242355
3924,4.82012E+11,94633,0.49206349073967315,0.013243494393021622,0.4699379874091723
3925,4.82012E+11,96425,0.33445661049320463,0.08217168,0.3989841963939944
3926,4.83397E+11,142863,0.4356005767698959,0.042916666,0.5570920562738362
3927,4.82016E+11,111016,0.4597315405387145,0.008591065,0.4868659398239767
3928,4.82016E+11,79273,0.21898127897700792,0.016684415986210805,0.4595453423135044
3929,4.82016E+11,83106,0.4683313,0,0.6018440880056828
3930,4.82016E+11,29708,0.2438336839758021,0,0.7323709009862804
3931,4.82016E+11,57321,0.23158914504274083,0,0.6398570094740214
3932,4.82016E+11,137151,0.5902819400702943,0.006662965,0.7922590805992926
3933,4.82016E+11,49688,0.24351584663521836,0.13783269830957512,0.6748518147768686
3934,4.82016E+11,0,0.1673445661397759,0.014946962319445697,0.7080200456890975
3935,4.82016E+11,96132,0.35279187689343044,0.010814464,0.7557055584837493
3936,4.82016E+11,78333,0.45945945707141655,0.010270774928707866,0.7180079131991823
3937,4.82016E+11,103583,0.2724496012678705,0,0.40328923702792546
3938,4.82016E+11,105625,0.216254415,0.11356660458215713,0.5867628316217105
3939,4.82016E+11,116238,0.41274397007609664,0,0.4900413360013478
3940,4.82016E+11,101477,0.6220578303829333,0.049613402,0.5531177807809169
3941,4.82016E+11,0,0.14942528640213737,0.006779661,0.6517073138941106
3942,4.82016E+11,115023,0.5700365373322988,0.057158119,0.4774941973202125
3943,4.82016E+11,92845,0.3476821179261143,0.026106987391586928,0.5038736576165862
3944,4.82016E+11,135243,0.35930735757908916,0.014999999942307692,0.7470319600592147
3945,4.82016E+11,61881,0.23301933449172368,0.007051565,0.6377197638846037
3946,4.82016E+11,128839,0.5305478891188494,0.039250353,0.730244528
3947,4.83397E+11,105244,0.53373702,0,0.6121621580259313
3948,4.83397E+11,0,0.030034129487821644,0.008908686,0.39574090330194805
3949,4.83397E+11,159235,0.7464664294468498,0.017623762341339087,0.5896302242904204
3950,4.83397E+11,0,0.17990807498418862,0.032275132,0.45180447486612846
3951,4.83397E+11,71129,0.1791044687012702,0,0.5290423778800255
3952,4.83397E+11,62283,0.38765928646774456,0,0.5135888483847079
3953,4.83397E+11,109154,0.2820272159454377,0.077494692,0.52466555
3954,4.83397E+11,83662,0.05446623,0,0.645292618
3955,4.83397E+11,0,0.38406827334184535,0.068865179,0.4313252986064741
3956,4.83397E+11,34406,0.13636363507231405,0.046468401,0.6388429699269176
3957,4.82013E+11,74485,0.43123542118332353,0,0.5449500494456154
3958,4.82013E+11,174750,0.7978723347668629,0.006913891,0.8291457248554329
3959,4.82013E+11,79931,0.490793198,0.083333333,0.7928928329100898
3960,4.83397E+11,55480,0.31384829287509886,0.071380471,0.6241679435526475
3961,4.82013E+11,212935,0.7865655386070907,0.011340206,0.8087731267390464
3962,4.82013E+11,103897,0.6244665629521114,0.07804878,0.8306976666911845
3963,4.82013E+11,78333,0.41672473577195307,0,0.6582352902456747
3964,4.82013E+11,207692,0.5403111663322324,0.10436893077222172,0.8103448193676996
3965,4.83397E+11,138633,0.4068965461117718,0.062983425,0.6585106312924401
3966,4.82013E+11,108750,0.44529539994206346,0.017475727985672544,0.6801057456701537
3967,4.83397E+11,142913,0.41592920019365087,0,0.5992529317008916
3968,4.82013E+11,87225,0.6516483444873808,0.007759457,0.7904984362110714
3969,4.82013E+11,192763,0.7959514105590979,0.008727273,0.8437499947265625
3970,4.82013E+11,137321,0.2584269633884611,0.006081668,0.7064846356101994
3971,4.82013E+11,149519,0.779914513,0,0.7636949434619232
3972,4.82013E+11,150884,0.7362030823818645,0.013262599352231659,0.7712248815863585
3973,4.82013E+11,90724,0.4375624331911845,0.039923954,0.7706367879089813
3974,4.82013E+11,124423,0.61026463,0.018518518404206676,0.7749303577998309
3975,4.82013E+11,58793,0.4292929249566371,0.01876466,0.7546816432292033
3976,4.82013E+11,85956,0.19756554122129644,0.13919128974190287,0.7788413059000439
3977,4.82013E+11,250001,0.784172648,0.027818447616128148,0.8523809442630387
3978,4.83397E+11,129712,0.33004925905142085,0.018740239,0.4647718155933874
3979,4.82013E+11,185347,0.6189258232873935,0.03076923,0.8020679409005322
3980,4.82013E+11,138624,0.5322852300264727,0.013651877066543748,0.7755016689987387
3981,4.83397E+11,66150,0.4420896971804352,0,0.5828099154287275
3982,4.82013E+11,148264,0.5012866675178247,0,0.8336690623491537
3983,4.82013E+11,52640,0.1584062180912904,0.042931162,0.6810176080820769
3984,4.82917E+11,85096,0.18616351967089914,0.09910913,0.6872875548110975
3985,4.82013E+11,74271,0.4190871325820837,0.028073571848271327,0.7130124734818035
3986,4.82013E+11,140786,0.6068965475386445,0.010033444760125725,0.6859934831075131
3987,4.82013E+11,140588,0.46573751181337103,0.032390745334751954,0.7436807062364491
3988,4.82013E+11,61429,0.21074571463295175,0.014997973186064153,0.7071905088688268
3989,4.82013E+11,138558,0.457208498,0.033783783620734635,0.6941215519956109
3990,4.83397E+11,64418,0.028811524263967297,0.026682134261228143,0.613389622
3991,4.83397E+11,90625,0.21551723969030376,0.068181818,0.6745886613370587
3992,4.83397E+11,71623,0.092909535,0.037981269,0.67335473
3993,4.83397E+11,65935,0.1955835900446817,0.14320987300716365,0.6466431038282412
3994,4.83397E+11,97813,0.34152765283996794,0.046671767,0.7265481255269888
3995,4.83397E+11,34583,0,0.053244591,0.505576203
3996,4.82917E+11,0,0.016921397,0,0.5063487937124934
3997,4.82013E+11,171089,0.5757441111695063,0.030880670869688633,0.7116799037608711
3998,4.83397E+11,32864,0.043673011828969634,0,0.5675119906270597
3999,4.82917E+11,0,0.023961661,0.051461988,0.6088992902939193
4000,4.82013E+11,90703,0.221044044,0.015770609205945453,0.7937198029288898
4001,4.83397E+11,123067,0.3983353103646218,0.014842300418902594,0.7070979303364873
4002,4.82917E+11,0,0.062857139,0,0.5961537315088977
4003,4.82013E+11,43709,0.1322901839808664,0.04137931,0.7983777474022147
4004,4.83397E+11,124484,0.20411522465748785,0,0.6588996721106818
4005,4.83397E+11,62390,0.042682927,0.023245803,0.45844361975001685
4006,4.83397E+11,0,0.10787671048156318,0,0.6919860578955676
4007,4.8245E+11,104327,0.22365869280117198,0.017509727541295098,0.8480096467711714
4008,4.82917E+11,63698,0.22857142354788082,0.17092337581682956,0.612903213
4009,4.82917E+11,50559,0.0971223,0.057103063,0.8669410031969684
4010,4.8199E+11,96944,0.15904935869241904,0.093730208,0.803353652
4011,4.8199E+11,77115,0.094182824,0.047872339788931656,0.929599993
4012,4.82917E+11,46328,0.093131548,0,0.6487406354748766
4013,4.82917E+11,36827,0.165803108,0.10362694246825419,0.6289264734935227
4014,4.82917E+11,38491,0.052821127817273376,0.014492753483161803,0.5179153066345532
4015,4.82917E+11,132404,0.11767626555274943,0.019665271884245723,0.8437374110199862
4016,4.82917E+11,39710,0.2127831697994889,0,0.7358684443172228
4017,4.82917E+11,74000,0.099325567,0.016618911,0.7529208102426619
4018,4.82917E+11,79125,0.2603719562178547,0.014627659379951339,0.8274967467250747
4019,4.82917E+11,48304,0.08206958,0.000789889,0.8602442275424408
4020,4.82917E+11,74922,0.133528979,0.073697585,0.8264104102516404
4021,4.82917E+11,43600,0.093808629,0.058823528,0.9077046476107171
4022,4.83397E+11,75390,0.093552465,0,0.5781379859595261
4023,4.83397E+11,58972,0.066803699,0.10374890929599904,0.6498829001763297
4024,4.83397E+11,0,0.070103091,0,0.5322441914682357
4025,4.83397E+11,0,0.012578616220349935,0,0.4160935322139372
4026,4.83397E+11,112212,0.38552320855419664,0.012907389438827396,0.5979407964016967
4027,4.83397E+11,65139,0.2179487148440354,0,0.6461683950220587
4028,4.83397E+11,78077,0.1729176805995242,0.052241875556388824,0.48138495725470976
4029,4.83397E+11,65071,0.054136253,0.013666352433240563,0.3781565644628896
4030,4.83397E+11,118125,0.21514907159428628,0.016748080832183664,0.7741935428373223
4031,4.83397E+11,78583,0.094748857,0.035037878456080696,0.7658175779308334
4032,4.82917E+11,55770,0.044742729239757306,0.039859693835183146,0.24411467621465724
4033,4.83397E+11,102446,0.081810269,0.053052325,0.6894977123972752
4034,4.83397E+11,91293,0.23752494772929195,0,0.7275910313193905
4035,4.82917E+11,40167,0.17703348435246485,0.016064256382961592,0.7678062568688567
4036,4.83397E+11,52083,0.093457943,0.014178481950137765,0.7187323105900831
4037,4.83397E+11,69350,0.1775333843084573,0.005157963,0.673913039
4038,4.83397E+11,80667,0.058907025841681865,0.065348709,0.7719008200669354
4039,4.83397E+11,97196,0.1895161264849983,0.068232661,0.6695340453796843
4040,4.83397E+11,0,0.21524663355386198,0,0.7178166764385513
4041,4.82917E+11,81953,0.060916442,0.036885245733673744,0.8694096549230194
4042,4.83397E+11,83571,0.047923321152609555,0.10152284006287209,0.622950814
4043,4.83397E+11,63866,0.1165048529550382,0,0.7648698813673803
4044,4.82917E+11,57995,0.15046491842379614,0.052511415,0.6582718165077212
4045,4.83397E+11,0,0.055944054966013027,0.051863857,0.8565121349778356
4046,4.83397E+11,64500,0.12551723964803807,0.004703669,0.6986591340955601
4047,4.82917E+11,43498,0.1562156207028844,0.004187994,0.5742226651242595
4048,4.83397E+11,47489,0.1507692284497042,0.014588859222959428,0.6955892935966067
4049,4.82917E+11,49219,0.012917115108088724,0.11667392199967817,0.6316898414172362
4050,4.82917E+11,46570,0.032819826,0.016071428475765308,0.5708483728752329
4051,4.82917E+11,0,0.5595026543605213,0,0.6384976450880558
4052,4.80158E+11,115119,0.2120300719995478,0,0.5917602922376992
4053,4.80158E+11,62448,0.3983606492072025,0,0.8487654233666109
4054,4.80158E+11,84417,0.23529411513054424,0.056268509,0.7642486980634827
4055,4.80158E+11,97232,0.3730747269077312,0.013528138454934316,0.8181818150566011
4056,4.84772E+11,94034,0.2701227793980521,0.059293044,0.599229281
4057,4.84772E+11,47788,0.182133563,0.011707988900082721,0.6253630173022119
4058,4.84772E+11,98400,0.24318004486999187,0.090840272,0.8477801208754043
4059,4.84772E+11,53444,0.2561521238470239,0,0.6579742983447683
4060,4.84737E+11,163052,0.2271341428790527,0,0.5622241786211458
4061,4.84737E+11,31141,0.18279569741277338,0.088313061,0.33867888377747657
4062,4.82016E+11,36964,0.2011922473741841,0.004830918,0.4449576563128741
4063,4.84737E+11,36541,0.41340205972473165,0.070888469,0.14677728049280614
4064,4.84737E+11,67292,0.099080694,0.008701958,0.40925480523284374
4065,4.82016E+11,51719,0.094843461,0.025833333,0.501308213
4066,4.8474E+11,0,0.319526608,0.095305496,0.004622496
4067,4.84737E+11,56168,0.084843492,0.010534845943801897,0.25599520230218703
4068,4.84737E+11,0,0.092651754,0,0.3791722245771399
4069,4.84737E+11,117500,0.3566717384237862,0.005298013,0.7571049611326072
4070,4.84737E+11,125813,0.1375694007552782,0.017338332,0.5767511148695921
4071,4.84737E+11,70952,0.1964762402750868,0.009639777,0.762993759
4072,4.84737E+11,87303,0.16727053039087844,0.071626874,0.6380287804708731
4073,4.81852E+11,71250,0.2722117185115834,0.057860262,0.7902438989346168
4074,4.81852E+11,101563,0.20991253032324986,0.10857142546938785,0.6815384510532546
4075,4.81852E+11,58500,0.033903778,0,0.46476761444989645
4076,4.84772E+11,99250,0.5216178448867804,0,0.7347629713909372
4077,4.84772E+11,110507,0.32142856794990726,0,0.5706984619190932
4078,4.81852E+11,114929,0.35123366943952344,0.021984924,0.821449965
4079,4.81852E+11,66336,0.24716552727515811,0.002057613,0.7136363555268597
4080,4.81852E+11,66042,0.24756606053454716,0.007731959,0.78139534
4081,4.83397E+11,43438,0.078397211,0.12102874249578302,0.17898832545534377
4082,4.83397E+11,143365,0.5511875466733207,0.005327245,0.8480906384889187
4083,4.83397E+11,0,0.14285713961775195,0.038461538,0.19999999776536315
4084,4.83397E+11,46042,0,0.00513347,0.15410107577381046
4085,4.83397E+11,33000,0.081885854,0.009940358,0.14170403460355127
4086,4.83397E+11,52113,0.27010804159599017,0.007324219,0.6384615353920118
4087,4.83397E+11,0,0.2685009462191561,0.019354838553590013,0.5609257960454337
4088,4.83397E+11,41262,0.18118811701793944,0.039351851548211025,0.22949388979499225
4089,4.83397E+11,44054,0.3369434375819081,0.028225806,0.3787234002263468
4090,4.83397E+11,37813,0.2515060222025149,0.041073384,0.6484983278726456
4091,4.83397E+11,70290,0.029281277468666572,0,0.4984855019537624
4092,4.83397E+11,65089,0.16787790575670128,0.037405026,0.39279513718404885
4093,4.83397E+11,59945,0.14661653997540847,0,0.22630718769356872
4094,4.83397E+11,33066,0.24262294684224678,0.006666667,0.47066014382237076
4095,4.83397E+11,85152,0.056854838,0.027175572,0.39228723273840677
4096,4.83397E+11,53088,0.076062638,0.05063291,0.5555555520482605
4097,4.83397E+11,125450,0.30455763911765343,0.026025584358069762,0.4481683536704273
4098,4.83397E+11,54661,0.088235292,0,0.50233863
4099,4.83397E+11,56968,0.10183299285302451,0,0.7334826386703099
4100,4.83397E+11,0,0,0,0
4101,4.83397E+11,0,0.20439559990339343,0.037362637,0.19354838545374886
4102,4.83397E+11,95855,0.3853113337663048,0.051260504,0.6982276086836399
4103,4.83397E+11,86094,0.26123301712400193,0,0.5136940513447291
4104,4.83397E+11,50214,0.038971807,0.013307047741217113,0.19559585365546728
4105,4.83397E+11,81239,0.19843527597129962,0.012750455,0.6013628585953273
4106,4.83397E+11,47401,0.15899581423644546,0,0.652278174
4107,4.83397E+11,0,0.012121212,0,0.537634406
4108,4.83397E+11,64850,0.35385316756108903,0.008571429,0.714285712
4109,4.83397E+11,24559,0.43465272266876237,0,0.6500229012825336
4110,4.83397E+11,128078,0.5595238058232552,0.008362027,0.6961956483902411
4111,4.83397E+11,80896,0.540878121,0.003727064,0.7418094357024062
4112,4.83397E+11,35417,0.064577397,0.087399854,0.41864830776815826
4113,4.83397E+11,44828,0.12137006611042393,0.038779402,0.5742804058761355
4114,4.83397E+11,129950,0.5180091649115314,0.022938623540368113,0.7924620617109053
4115,4.83397E+11,83457,0.4049273505689997,0.010386612750221508,0.8672941135656747
4116,4.83397E+11,61481,0.21119402827467143,0.017570281,0.4858064500457856
4117,4.83397E+11,106045,0.4914023672472206,0.011604774497331648,0.7735204826497705
4118,4.83397E+11,78981,0.41868131408042514,0,0.8389544617288831
4119,4.83397E+11,110395,0.3425076347856993,0.071604937,0.4906832237182208
4120,4.83397E+11,71810,0.49439880138611797,0.027158774,0.8434134147190272
4121,4.83397E+11,128083,0.37651821100165567,0.05783582,0.8528708031953254
4122,4.83397E+11,82131,0.27520759030125985,0,0.7813783624765934
4123,4.83397E+11,72677,0.206381533,0.11662946363488022,0.6651428533420408
4124,4.83397E+11,78125,0.4083969387710508,0.095798318,0.8301306623356598
4125,4.83397E+11,89167,0.38775509844383027,0.008257638,0.8851269595820619
4126,4.83397E+11,112222,0.42498035801272305,0,0.8598077961571069
4127,4.83397E+11,136689,0.46305418434079937,0.008311688,0.838537967
4128,4.83397E+11,93671,0.5563909744554728,0,0.8507739911740743
4129,4.83397E+11,0,0.5917400095345972,0,0.8652333462756511
4130,4.83397E+11,0,0.5152610421073853,0.036450662605115376,0.8822314004016973
4131,4.83397E+11,102411,0.5027322335692318,0,0.8590240057395507
4132,4.83397E+11,98736,0.21428571246355688,0,0.6860465078291998
4133,4.83397E+11,0,0.1715771215634565,0,0.5379131527030904
4134,4.83397E+11,95250,0.33540372531923923,0.002369668,0.7834718338713211
4135,4.83397E+11,133875,0.4526785694076849,0.042765787,0.8791621864706649
4136,4.83397E+11,0,0.077649527,0.10197663925437268,0.4831111089639506
4137,4.83397E+11,142118,0.43294117392387543,0.011017838347230649,0.8743672302146008
4138,4.83397E+11,87578,0.17915589854301553,0,0.8135511734091726
4139,4.83397E+11,64590,0.10987573505640462,0.026200873,0.6693140745897901
4140,4.83397E+11,0,0.1378640749929306,0,0.4096023975273639
4141,4.83397E+11,0,0.15897047630972566,0.12630966203053065,0.5370662439390131
4142,4.83397E+11,100753,0.20436507733764805,0,0.7015895903064336
4143,4.83397E+11,109438,0.16690173875457573,0.069767442,0.7161198262620547
4144,4.83397E+11,81479,0.027814569352221395,0.1199068677537435,0.6946921414238125
4145,4.83397E+11,136962,0.107114308,0,0.827387793
4146,4.83397E+11,77666,0.17798742026423006,0.070546737,0.7373632061627764
4147,4.83397E+11,61589,0.2704081563671389,0,0.5638138095809774
4148,4.84072E+11,118031,0.23903903760336914,0.006947891,0.7331550762932884
4149,4.83397E+11,80179,0.14127423692267557,0,0.8597811158701703
4150,4.84072E+11,77656,0.15886415841240092,0,0.8172778072263654
4151,4.83397E+11,60858,0.2902609784197264,0.009014084,0.6181969230652391
4152,4.83397E+11,66438,0.13717693746072274,0.056559766,0.5141800214908754
4153,4.83397E+11,87159,0.2837108923008534,0.029906541776574376,0.7625594882995268
4154,4.83397E+11,71836,0.2845156347481645,0.12676922998911244,0.5895522351396005
4155,4.83397E+11,97580,0.3264427189798215,0.04647785,0.6475629317216769
4156,4.83397E+11,76940,0.17089843583106998,0,0.5698677368035208
4157,4.83397E+11,46467,0,0.072653061,0.650041557
4158,4.83397E+11,79578,0.25187165640710346,0.042891566,0.8312540982846087
4159,4.83397E+11,0,0.22049689098607314,0.052554744,0.7980599576890657
4160,4.83397E+11,93100,0.18642447240511978,0,0.8782287758064297
4161,4.83397E+11,0,0.29135180275943073,0,0.8424552386575179
4162,4.83397E+11,126658,0.4146443497295215,0.001764291,0.8289107889084892
4163,4.83397E+11,77944,0.1796874964904786,0,0.8026439961978848
4164,4.83397E+11,67083,0.3983812913814632,0.035294117,0.7635761538836017
4165,4.83397E+11,178807,0.41981566626813055,0.007636826,0.8970037397190778
4166,4.83397E+11,190579,0.5460385380509792,0,0.892838192
4167,4.83397E+11,0,0.41013071225276615,0,0.85392156
4168,4.83397E+11,100402,0.36072423147127974,0.004281346,0.7853196496238372
4169,4.83397E+11,109688,0.4453781475178307,0.012810851,0.848769045
4170,4.84718E+11,60804,0.19226260032517467,0.001860465,0.8336575794391287
4171,4.84718E+11,0,0.227554176,0.0216763,0.6765498561111879
4172,4.84718E+11,50233,0.24578312956887796,0.038038038,0.8163115296376816
4173,4.82917E+11,120114,0.1594827551835613,0.032667876,0.8075117295069322
4174,4.82917E+11,70457,0.19189765049258742,0.020634920307382218,0.9352078125280219
4175,4.82917E+11,96458,0.17104275940703106,0.086038961,0.8962786979561412
4176,4.82917E+11,0,0.1708542692103735,0.031476997,0.8235294034124807
4177,4.82917E+11,96650,0.1849126017947323,0.077931536,0.9013271731025553
4178,4.82917E+11,54653,0.13437195584837433,0.036553524486044174,0.8548387010600937
4179,4.82917E+11,69153,0,0,0.8742331154258725
4180,4.84072E+11,56538,0.050205761,0.032467532,0.7544191871564445
4181,4.83732E+11,40253,0.18881118440999572,0,0.8844220957383234
4182,4.83732E+11,45727,0.14211885937677368,0,0.8786008049670617
4183,4.82917E+11,36581,0.1213872820675599,0.005212211,0.5371785925143948
4184,4.82917E+11,64427,0.15529010106407765,0,0.8999999958715595
4185,4.82917E+11,64688,0.092715229,0.050561796,0.6195219000095239
4186,4.83397E+11,51811,0.12147239189280741,0.015843997465911044,0.7415338608489349
4187,4.84072E+11,45873,0.052901023,0.033707865,0.5263870070979386
4188,4.82917E+11,61343,0.060190073282047805,0.014869888337640443,0.4498730935921758
4189,4.82917E+11,38951,0.034584253,0.006729475,0.206036744
4190,4.82917E+11,90013,0.16829532933446983,0.036516853590666164,0.8501628572186444
4191,4.84072E+11,0,0.038567492050482315,0,0.6609498593542236
4192,4.84072E+11,44775,0.046491969,0,0.5675862029821641
4193,4.84072E+11,0,0.099385245,0,0.8865454480978513
4194,4.84072E+11,52092,0.061361457,0.099744245,0.6345720684990311
4195,4.84072E+11,95164,0.10064934738151471,0,0.7485875635726218
4196,4.84072E+11,41806,0.044680851,0.019125682885922743,0.6937499951822917
4197,4.84072E+11,135412,0.008517887,0.014012739,0.7695035370035043
4198,4.84072E+11,39458,0.10941475757369747,0.056013179,0.7130068419536238
4199,4.84072E+11,41130,0.048895898,0.011157600960145037,0.844494883
4200,4.83732E+11,41563,0.096354164,0.033644859,0.5436893098312756
4201,4.84072E+11,0,0.2363344013451061,0.046656298,0.7933130618711949
4202,4.84072E+11,78750,0.4136986188027776,0,0.8761061791839615
4203,4.8199E+11,0,0.067105262,0.039832285,0.944140187
4204,4.83732E+11,49974,0.23675309766907443,0.010476190376417234,0.8472222124164096
4205,4.83732E+11,68125,0.33753783886206945,0.079174664,0.9158674783873857
4206,4.84072E+11,57273,0.2767175519710391,0.12022900533914113,0.9025875052878615
4207,4.83732E+11,0,0.1617647029087371,0.018998272556161096,0.8832752459359714
4208,4.83732E+11,36528,0.37452470770865576,0,0.8629032118886579
4209,4.84072E+11,61389,0.2010398596097066,0.10631494719172704,0.8328124934936524
4210,4.83732E+11,42917,0.2836257268475771,0.021551723828279832,0.8955613460109485
4211,4.83732E+11,110893,0.28963413751115435,0,0.8772727073347113
4212,4.84072E+11,61399,0.29920212368082283,0.043092522,0.8472686639100484
4213,4.84072E+11,46171,0,0,0.7329192455537982
4214,4.83732E+11,29028,0.09813084,0,0.7962499900468751
4215,4.83732E+11,61146,0.1540084355694423,0.017307691974852078,0.8925035234440803
4216,4.8456E+11,65403,0.27100270635497686,0.022670024903400192,0.9092105143524932
4217,4.8456E+11,43088,0.15767045230581744,0.02843016,0.8662790596944295
4218,4.84718E+11,68458,0.26208459016552427,0.008163265,0.7118320565405085
4219,4.84072E+11,78297,0.35512194775490785,0.10661764607888193,0.7780847073841187
4220,4.84718E+11,39250,0.1803394612422952,0.028683914349359314,0.6371428535020408
4221,4.84072E+11,49583,0.34660421275094294,0.0398773,0.7310454849876658
4222,4.84718E+11,51339,0.11205432842059145,0,0.7654698184456087
4223,4.84072E+11,0,0.2465543606959516,0,0.875113114
4224,4.84718E+11,60625,0.1656441697466973,0.019253910718966177,0.8273322354555463
4225,4.8456E+11,77734,0.13991031264654427,0.027286135491990153,0.7576552864597088
4226,4.8456E+11,53958,0.040540539,0,0.8695652033886441