,GEOID,r_income,r_pbb,r_upr,r_wr
0,1.2086E+11,100943,0.3492822799386469,0,0.4020978974114464
1,1.2086E+11,55789,0.051319647,0,0.20570264556310952
2,1.2086E+11,86215,0.15624999389648464,0,0.3755215524962232
3,1.2086E+11,52866,0.082242363,0.014382154,0.36767241220830854
4,1.2086E+11,0,0.02238806,0.012581781516951275,0.20698466692084894
5,1.2086E+11,88457,0.3456153253823484,0,0.4240069066320945
6,1.2086E+11,65609,0.39920424138458727,0.010088272319746076,0.33382066114122483
7,1.2086E+11,80212,0.3281105960542802,0.069813829,0.2778483681582026
8,1.2086E+11,24451,0.041714948,0.063867016,0.092307692
9,1.2086E+11,31333,0.15700482712548727,0.020089285,0.10884353667453377
10,1.2086E+11,0,0.2129760195631027,0.053262316,0.4036231854809914
11,1.2086E+11,74182,0.3296398800653773,0.074446679,0.4155509762330022
12,1.2086E+11,7099,0.024680073,0.035528596,0.10142179998652323
13,1.2086E+11,39963,0.07554945,0.009022556,0.19666902836049244
14,1.2086E+11,26488,0.098739494,0.056801195,0.19705014633008763
15,1.2086E+11,38294,0.30315614366149385,0,0.2320633338344219
16,1.2086E+11,35000,0.23129251475906207,0.1006825929975888,0.2690582942404978
17,1.2086E+11,86500,0.23797595071154334,0.080054894,0.4012487663448939
18,1.2086E+11,111703,0.3735076726918268,0.012735608697220537,0.3070945935571128
19,1.2086E+11,60208,0.096170212,0.056733524,0.22734374822387698
20,1.2086E+11,24432,0.21715328070888174,0,0.23702185630449552
21,1.2086E+11,102125,0.45695364060399823,0.00943666,0.3118279562441387
22,1.2086E+11,61603,0.4196141445368638,0.035759096,0.2859589031302777
23,1.2086E+11,130125,0.356783914,0,0.4648888847565433
24,1.2086E+11,74952,0.34499999137500026,0.089999998,0.24500767860977204
25,1.2086E+11,52406,0.081018518,0.027370479,0.3155038735232258
26,1.2086E+11,0,0.082524271,0.0330351,0.2634836416291616
27,1.2086E+11,43958,0.27949182795840605,0.046176046,0.27925116786855564
28,1.2086E+11,35704,0.053435114190046304,0.022330097,0.275888132
29,1.2086E+11,89583,0.3847517696387255,0.01090604,0.2662440556458317
30,1.2086E+11,71750,0.43736730051403183,0.030303030129771126,0.2870789326944247
31,1.2086E+11,41964,0.1270491777244021,0.017035774837550685,0.30630630324017716
32,1.2086E+11,23043,0.1136865329615173,0,0.28648284945203195
33,1.2086E+11,71792,0.32009437546168157,0.037949401,0.26244486369740117
34,1.2086E+11,41742,0.039779005085314866,0.050847457216727544,0.2812654459650744
35,1.2086E+11,74922,0.2664035507330856,0.073953677,0.2750567620011133
36,1.2086E+11,63333,0.21052631436891825,0,0.4137316076070815
37,1.2086E+11,59840,0.12854250882041995,0.005602241,0.2782462041694986
38,1.2086E+11,51667,0.058766859,0.035008976,0.3454120377240676
39,1.2086E+11,88759,0.11931818106491048,0,0.308563338
40,1.2086E+11,94107,0.24762658031940998,0.003443526,0.5175958856560068
41,1.2086E+11,66524,0.254531125,0.028591851117999636,0.3181607045138843
42,1.2086E+11,88565,0.3805612568065622,0.043902439,0.24719101036800908
43,1.2087E+11,0,0.070796459,0.14760147419924385,0.173173171
44,1.2086E+11,35211,0.020905923,0.049627791,0.400184839
45,1.2086E+11,0,0.051787016398344154,0.059345156484685156,0.3323207756238106
46,1.2086E+11,83700,0.061904760922146654,0.048850574,0.3593974149254131
47,1.2086E+11,71429,0.1596423989828557,0.017435897,0.31319702311155184
48,1.2086E+11,104386,0.2641315491867261,0.012955465,0.5064377651352682
49,1.2086E+11,73285,0.3208955211906883,0.022776911005376252,0.2539645516465379
50,1.2086E+11,32311,0.16620305864949195,0.046121593,0.2865342150704891
51,1.2086E+11,0,0.15034168393688288,0,0.40816326197417746
52,1.2086E+11,31751,0.066249348,0.042905692256135546,0.19917324239318585
53,1.2086E+11,69028,0.16755318703315994,0.038543896,0.28245363363118925
54,1.2086E+11,33869,0.070680628,0.035312379,0.22577388887693844
55,1.2086E+11,140198,0.37942477456388524,0.014925372995099133,0.5151057362907422
56,1.2086E+11,137216,0.2755511008238923,0.012969588492980372,0.48534482549420327
57,1.2086E+11,43019,0.2884955739447098,0.02658046,0.20650851518701788
58,1.2086E+11,52165,0.20077719947179795,0.051724137,0.3013355567501206
59,1.2086E+11,102583,0.5078218952127329,0.029978586402798862,0.19837398266463965
60,1.2086E+11,30240,0,0.016018306269603978,0.23393939110376497
61,1.2086E+11,86110,0.2638986610563078,0.057057056714372036,0.22066458867775396
62,1.2086E+11,30144,0.15885797833925347,0.078584283,0.1560209415915134
63,1.2086E+11,45556,0.1997593237092741,0,0.19972451698932728
64,1.2086E+11,156445,0.3046964455361232,0,0.4901593206170635
65,1.2086E+11,78174,0.087441063,0.13522012525463786,0.21762785557625006
66,1.2086E+11,51260,0.092736705,0.070921985,0.20404411639678852
67,1.2086E+11,30601,0.052697615399026156,0.12067510446687676,0.15818058276863148
68,1.2086E+11,54145,0.16163792929269474,0.026768642191504377,0.3060217146493414
69,1.2086E+11,75269,0.2198019780217626,0.018633540207333273,0.25634995175752606
70,1.2086E+11,89808,0.27084927107230855,0.050795593324384374,0.382524269
71,1.2086E+11,111000,0.16461748521436145,0.034271099568945786,0.5397987141829944
72,1.2086E+11,93073,0.1704761896643991,0.042259594,0.269700671
73,1.2086E+11,0,0.27602158615249356,0.031778228317929494,0.1959342552078968
74,1.2086E+11,77162,0.2996471766641956,0.027106393,0.2776947699515587
75,1.2086E+11,66571,0.1787819235876039,0.020979021,0.263132294
76,1.2086E+11,79965,0.38446601835099575,0.021619024689841403,0.26543095409558676
77,1.2086E+11,83947,0.1430656913421067,0,0.44762683758079513
78,1.2086E+11,75179,0.23535510505259147,0.036086956364839315,0.22086769372223844
79,1.2086E+11,89828,0.3206360934887718,0.042147986,0.2519770923043984
80,1.2086E+11,63523,0.15267175378280212,0,0.20887096605749222
81,1.2086E+11,100502,0.16111111055169752,0.057888763,0.2910835654095019
82,1.2086E+11,100833,0.40650653570536166,0.032626427,0.22384016216755814
83,1.2086E+11,78354,0.2545454527654164,0,0.20810126476910754
84,1.2086E+11,76071,0.24754760388027927,0.060796645,0.25333333233986927
85,1.2086E+11,115673,0.14166666498015876,0.040983606,0.5513307942864578
86,1.2086E+11,58750,0.5267857025271049,0.053571427,0.401952082
87,1.2086E+11,110158,0.20506485358205773,0.053814002,0.18980848088300792
88,1.2086E+11,73625,0.29292343217561817,0,0.19872110084249336
89,1.2086E+11,56622,0.25315005437399707,0,0.1630669528826463
90,1.2086E+11,63883,0.2711864291870157,0,0.39285713860544225
91,1.2086E+11,65431,0.1682127386010344,0.030797946659832258,0.20547445180483775
92,1.2086E+11,49583,0.17961164757909956,0.010937499829101565,0.5638148588525266
93,1.2086E+11,55467,0.063583814,0.012422360094132173,0.4649971515936417
94,1.2086E+11,45043,0.1370106737186713,0,0.33691405920982365
95,1.2086E+11,56204,0.10606060498928682,0.013302034324710216,0.215759849
96,1.2086E+11,80403,0.2871452408716809,0,0.23722017962839897
97,1.2086E+11,59572,0.3423457717351646,0,0.17295226819990492
98,1.2088E+11,0,0.593648732,0.019583069996316677,0.8914626016448537
99,1.2087E+11,0,0,0,0
100,1.2087E+11,0,0,0,0
101,1.2086E+11,99202,0.48587895973556794,0.019908116,0.3402826843099552
102,1.2086E+11,93140,0.3188484501963691,0.018260869485822305,0.29466118945245795
103,1.2086E+11,44551,0.3981841712297773,0.06277533,0.37168141227451906
104,1.2086E+11,142768,0.4769975671429161,0.023060796,0.2832422560724749
105,1.2086E+11,47135,0.18113858435227956,0,0.33070036687361576
106,1.2086E+11,102236,0.4647218421660662,0.038392321305384995,0.35776058098424857
107,1.2086E+11,30991,0.2678185716218297,0,0.253521125
108,1.2086E+11,39696,0.11292719000108188,0,0.4269911457191245
109,1.2086E+11,0,0.23291925224721272,0,0.1516743259903196
110,1.2086E+11,68025,0.019950124190769972,0,0.33221476231363456
111,1.2086E+11,31495,0.019207682957937077,0,0.3155590914621604
112,1.2086E+11,82833,0.2293868897527813,0,0.4381538434575148
113,1.2086E+11,22072,0.023726447845593527,0,0.3006681501083824
114,1.2086E+11,51552,0.10828876860576513,0,0.3635593189528871
115,1.2086E+11,0,0.10937498291015892,0,0.2613908810218014
116,1.2086E+11,46132,0.2504451023712457,0.030161206291413386,0.29336349813965495
117,1.2086E+11,0,0.085399448,0.015852047346736495,0.28330206201812347
118,1.2087E+11,0,0,0,0
119,1.2086E+11,250001,0.6678765759006067,0.017035774837550685,0.37844036263256464
120,1.2086E+11,250001,0.7472527404097734,0.034341782,0.45829959143077253
121,1.2086E+11,0,0.810483838,0,0.3755364726279727
122,1.2086E+11,101563,0.7542372823248283,0.015936254874261258,0.3872275702624046
123,1.2086E+11,129702,0.597499996,0.007845504,0.4030710157271746
124,1.2086E+11,250001,0.7658682588870164,0.008264463,0.4314252768673635
125,1.2086E+11,180295,0.8346303339566084,0.028619528137718384,0.36077481403420325
126,1.2086E+11,250001,0.906412463,0,0.40147058528330454
127,1.2086E+11,101875,0.7612958161867365,0.026011560505696817,0.44988066557350437
128,1.2086E+11,34130,0.07165605,0.13233376706431704,0.099999999
129,1.2086E+11,85385,0.16853932110844605,0,0.19783197563913313
130,1.2086E+11,59048,0.07392197,0.060194174,0.1101749830837655
131,1.2086E+11,74458,0.3625792792675514,0.026392961747834988,0.317146539
132,1.2086E+11,43417,0.2162650589381623,0.007970244,0.2856294519855733
133,1.2086E+11,35653,0,0.13186813025802038,0.17689530473050175
134,1.2086E+11,19148,0.093059935,0,0.084840054
135,1.2086E+11,63824,0.1528013556400449,0,0.26987060748733266
136,1.2086E+11,0,0.4659498124381754,0.07366771,0.42939149908850177
137,1.2086E+11,0,0.076134699,0,0.036927621
138,1.2086E+11,27423,0.11199999872000002,0.036832412,0.18523401328125239
139,1.2086E+11,89145,0.2821670407662375,0.034143138318167184,0.2566978177152784
140,1.2086E+11,34931,0.159253944,0.024193548237012728,0.21901443395214318
141,1.2086E+11,74913,0.17924528113998658,0.061054579,0.17797137412587818
142,1.2086E+11,28661,0.055837563,0.1009036129381986,0.15804327226676132
143,1.2086E+11,88800,0.348082591,0.046979865141209866,0.3604108276338858
144,1.2086E+11,0,0.1425015548070843,0.048331415141936625,0.21548117042112358
145,1.2086E+11,63142,0.025901942,0,0.2749445655953838
146,1.2086E+11,73697,0.11694152748213603,0.051612902559833515,0.4023904342391391
147,1.2086E+11,0,0.1666666642720307,0.014101057413618598,0.16469594455493292
148,1.2086E+11,64985,0.5256653942427244,0.005862647,0.30514705695375577
149,1.2086E+11,105625,0.11406843672743587,0,0.30101569435811915
150,1.2086E+11,82719,0.25511810621861253,0,0.3368121410169626
151,1.2086E+11,68971,0.30262045390853376,0,0.3291848143796838
152,1.2086E+11,102639,0.44416403505259283,0.018994413,0.4125109343284736
153,1.2086E+11,42233,0.17925736006072523,0,0.34601226569310106
154,1.2086E+11,81591,0.38146021016029363,0.10160427729866862,0.4718379423328165
155,1.2086E+11,155595,0.3878205097129767,0.006637168,0.370235932
156,1.2086E+11,22500,0.2692982432517698,0.066204772,0.4979873461875368
157,1.2086E+11,128068,0.45488721462490816,0.025675676,0.513603551
158,1.2086E+11,47972,0.024630541467478794,0,0.28506786900350123
159,1.2086E+11,28520,0.2169014064140713,0.003257329,0.16446233372937127
160,1.2086E+11,56161,0.1139510105010542,0.04388422,0.21428571232339091
161,1.2086E+11,79125,0.3376811545263601,0,0.22451317039503815
162,1.2086E+11,75583,0.15466101531079432,0.022748815,0.2591431529870099
163,1.2086E+11,0,0.25324674913560474,0.012278308154456916,0.2592592566640715
164,1.2086E+11,99760,0.3346153824704142,0.012813045935858788,0.27559395129333064
165,1.2086E+11,77966,0.23751387083780387,0.016528925,0.384415581
166,1.2086E+11,48523,0.13413173492057803,0.043352601,0.2698019779719309
167,1.2086E+11,103224,0.2355623064504209,0.036144578,0.3896103859961931
168,1.2086E+11,56477,0.17654476448241155,0.037204058,0.23684210295475533
169,1.2086E+11,0,0.2621744039514473,0.030818278263452296,0.23426715292623973
170,1.2086E+11,166073,0.3967902579037617,0.014279134,0.28057221836376456
171,1.2086E+11,0,0.21524201632088552,0.017298187666407023,0.261749346
172,1.2086E+11,48400,0.10751104407200231,0,0.32377048848595813
173,1.2086E+11,57450,0.073669849,0.017367458707792882,0.091194968
174,1.2086E+11,62031,0.08108108,0.022222221893004122,0.22918706925379953
175,1.2086E+11,71697,0.16631755271756365,0.025110782772855306,0.17662508149499315
176,1.2086E+11,73738,0.14843749884033205,0,0.23054331695636332
177,1.2086E+11,54095,0.3774080527372325,0.029279279059464872,0.38119369154733285
178,1.2086E+11,94583,0.2196969663682278,0.020075282,0.5214007741525232
179,1.2086E+11,0,0.52219872,0.027888446,0.5418551974903258
180,1.2086E+11,143254,0.6162005726499463,0.055833333,0.5534223659981439
181,1.2086E+11,216667,0.7771428423401364,0,0.5283553825297223
182,1.2086E+11,162574,0.5163265253436069,0.018399263860172366,0.48910751588821144
183,1.2086E+11,166786,0.6034482654577885,0,0.5266015143691475
184,1.2086E+11,153438,0.6093590985823083,0.006724303,0.45474372459385254
185,1.2086E+11,195250,0.5827538166515464,0.05732484,0.49007148141325274
186,1.2086E+11,199010,0.6895074798820668,0.034749034078203976,0.5241596583596675
187,1.2086E+11,250001,0.8461538341003728,0.034602076,0.5720476644415204
188,1.2086E+11,80900,0.2545787522474473,0.011718749908447266,0.26031433928964304
189,1.2086E+11,36500,0.19157608565505377,0.195402298,0.060246913282731296
190,1.2086E+11,134875,0.30825958247404744,0.046258502771993164,0.2103055709388522
191,1.2086E+11,67326,0.2085505713394101,0.038427166770087874,0.28303108624979867
192,1.2086E+11,40096,0.1484184878730295,0,0.077864293
193,1.2086E+11,0,0.15421979262768795,0.006128134,0.5730140153445443
194,1.2086E+11,98620,0.4244861445532963,0,0.296296294
195,1.2086E+11,124269,0.35544554103519266,0,0.33047210016762146
196,1.2086E+11,128281,0.538351251,0.009562841,0.3105360424489461
197,1.2086E+11,55489,0.2193460460579558,0.011312217,0.23025768719652795
198,1.2086E+11,58258,0.3959435591186635,0.048833818886050886,0.3070582158317454
199,1.2086E+11,90172,0.3140495852501235,0.025133910073613885,0.21516754723593448
200,1.2086E+11,111726,0.26315789242843957,0.064404432,0.171957671
201,1.2086E+11,87955,0.21946274597332618,0.021589343033581336,0.24480578028543007
202,1.2086E+11,0,0.3095238049178005,0.041474653900061595,0.30015313476028893
203,1.2086E+11,79531,0.35434006713032024,0,0.18431372308086638
204,1.2086E+11,117955,0.30242634053356726,0.00355366,0.3407280981756081
205,1.2086E+11,92650,0.3997709003462669,0.025664528,0.3309196210650281
206,1.2086E+11,86310,0.11302681775810694,0.090136053,0.345794388
207,1.2086E+11,51173,0.23512194892563953,0.045597483918258776,0.252268601
208,1.2086E+11,65313,0.28571428213390626,0.023411370976461864,0.2689295015758964
209,1.2086E+11,165469,0.2652905178494609,0.037112011,0.3063063044666288
210,1.2086E+11,69375,0.17685411428806752,0.009352518,0.23285811111433732
211,1.2086E+11,0,0.18382352715902542,0,0.19977037658128155
212,1.2086E+11,0,0.34334763211700364,0.051587301,0.28070175
213,1.2086E+11,74327,0.2756933070849379,0.0269179,0.2047952027492987
214,1.2086E+11,89271,0.2887903718252668,0.010507880849341034,0.21137277305357396
215,1.2086E+11,76152,0.29038224235276056,0.033888888700617285,0.2792946514260828
216,1.2086E+11,109063,0.22314049125742788,0.06017699,0.25698924454850275
217,1.2086E+11,115000,0.22585438000216376,0,0.2976190443980623
218,1.2086E+11,169205,0.5394265200751104,0.00698174,0.5518716548028254
219,1.2086E+11,250001,0.9121298862260756,0.013345195610807868,0.5762839835628099
220,1.2086E+11,52917,0.4832134234626688,0.03568161,0.4210198978792295
221,1.2086E+11,214444,0.6090651471803804,0,0.6017369652389954
222,1.2086E+11,0,0.28860028443578234,0.049365302547739034,0.4599685956048886
223,1.2086E+11,156518,0.7523809444192493,0.017241379,0.5716216177593134
224,1.2086E+11,143188,0.674355486,0,0.5350052190699559
225,1.2086E+11,185625,0.7310344701545781,0,0.5526881661001273
226,1.2086E+11,195924,0.7794117532439448,0.012771391918628456,0.521246454
227,1.2086E+11,164519,0.688969246,0.013289036324102388,0.506280188
228,1.2086E+11,156635,0.6662664986042437,0.043925233234343615,0.2943581333249539
229,1.2086E+11,83404,0.3458333297309028,0.021891418,0.34829202713803065
230,1.2086E+11,118523,0.26776364795988294,0,0.2967222524627818
231,1.2086E+11,122708,0.5903614356220063,0,0.3828124957275391
232,1.2086E+11,86591,0.29804559775170036,0.009244992,0.3575949329367623
233,1.2086E+11,61907,0.18219037684554373,0.051674641,0.098328416
234,1.2086E+11,62926,0.13527397144457218,0.024059223,0.11382734825189192
235,1.2086E+11,84583,0.22367638177467947,0.011007154589944114,0.2713619872016469
236,1.2086E+11,105402,0.5792988265500932,0.071936758,0.35974551555959794
237,1.2086E+11,76736,0.4570957057995404,0.032693674,0.3244274788522425
238,1.2086E+11,54762,0.14721345796831276,0.009140768,0.10567936660187371
239,1.2086E+11,63846,0.4621968550328551,0,0.27225130652485774
240,1.2086E+11,136922,0.30749083128606164,0.029785369996559917,0.32628523911158686
241,1.2086E+11,0,0.16336633393784927,0,0.123142249
242,1.2086E+11,91493,0.2942176854069292,0.012752858343215222,0.33672116510507655
243,1.2086E+11,51566,0.20898100052400115,0.003528226,0.10196779918619052
244,1.2086E+11,101864,0.2734741751939651,0.032494759,0.21726478935727653
245,1.2086E+11,95278,0.32605531058183906,0.007170795,0.2677165340277347
246,1.2086E+11,160074,0.6505139405210876,0.064748201,0.4684763531657062
247,1.2086E+11,69375,0.10526315666358882,0,0.16014897430028888
248,1.2086E+11,91250,0.2620192286697177,0,0.2829411748062284
249,1.2086E+11,172000,0.7732884312762242,0,0.5039370029140059
250,1.2086E+11,135982,0.46185397488224794,0.003717472,0.31834532230959833
251,1.2086E+11,148869,0.6933701561689205,0.055415616,0.44922425635243823
252,1.2086E+11,79448,0.4085790862810773,0.021840148597397076,0.2771618616497882
253,1.2086E+11,69821,0.31219903441252783,0.078386605,0.3263422805103092
254,1.2086E+11,159412,0.6142049990782487,0.073558648,0.3731949441642827
255,1.2086E+11,223214,0.764252685,0.051912568,0.5236593004872839
256,1.2087E+11,0,0,0,0
257,1.2086E+11,141167,0.6766917220548687,0,0.4222648725382926
258,1.2086E+11,150156,0.8520599091374549,0.070921985,0.5542635605207019
259,1.2086E+11,63750,0.36893203672797237,0.017421602700738663,0.3236103449443569
260,1.2086E+11,198906,0.8207171205748058,0.030927835,0.5740740684788103
261,1.2086E+11,177969,0.5622641403346389,0,0.5027382201233492
262,1.2086E+11,98947,0.5201342223698633,0.034146341130279596,0.5006684458511468
263,1.2086E+11,250001,0.8669527710954341,0,0.5351681902633212
264,1.2086E+11,179750,0.7590987736724649,0.070312499,0.5978062102577129
265,1.2086E+11,93233,0.6913580190011686,0.035238841,0.5054592131955092
266,1.2086E+11,250001,0.7162921281246055,0,0.558309856
267,1.2086E+11,68814,0.5996731977150883,0.005079826,0.4171332563430389
268,1.2086E+11,87500,0.3901185755331281,0.006658212,0.320327249
269,1.2086E+11,170076,0.5781659338151447,0.008752735,0.4799456119650196
270,1.2086E+11,0,0.347572809,0.026737967437825895,0.45828570904816335
271,1.2086E+11,240054,0.6273726211051687,0.021872266,0.5011428542791837
272,1.2086E+11,87639,0.5816876017650341,0.023771790431508868,0.45647772817330234
273,1.2086E+11,146936,0.3062111782222908,0.002317497,0.21190606110373533
274,1.2086E+11,110667,0.5455074133599668,0.016495876,0.2979853878725141
275,1.2086E+11,82243,0.2962328716398481,0,0.27858627569037137
276,1.2086E+11,86250,0.32337661917692706,0.057142857,0.37347391579648215
277,1.2086E+11,54237,0.3614775693801445,0.014975041472753399,0.3533289363656629
278,1.2086E+11,178906,0.771551713,0.049999999404761915,0.5193415595115921
279,1.2086E+11,63142,0.3184421498460235,0.054884741,0.4333333301234568
280,1.2086E+11,174979,0.535338338,0,0.5322731474997835
281,1.2086E+11,217379,0.8526970777448739,0.054999999,0.5997719429900576
282,1.2086E+11,250001,0.4945736357430444,0.053156146,0.4787471982243043
283,1.2086E+11,250001,0.8291139109317419,0,0.5843585185908742
284,1.2086E+11,157307,0.2765321333851699,0.003524229,0.38910012181115183
285,1.2086E+11,193333,0.776173278,0.037159372,0.49682630988559545
286,1.2086E+11,172357,0.7580645089367694,0.030560271,0.42539337804995453
287,1.2086E+11,250001,0.7234042472183175,0.044117647,0.5509467939499838
288,1.2086E+11,128250,0.38220276891172306,0,0.3560800392197022
289,1.2086E+11,133802,0.614870504,0.003641661,0.365034166
290,1.2086E+11,124375,0.4498644945811699,0.034959349,0.38724832
291,1.2086E+11,55085,0.4208223935186142,0.023870417528811444,0.315175094
292,1.2086E+11,47351,0.38671023543888633,0.015624999856387869,0.28409090693870526
293,1.2086E+11,102056,0.5907172871156691,0,0.5030991683564136
294,1.2086E+11,48194,0.45447976550231384,0.033552631358206374,0.25939650471468234
295,1.2086E+11,87125,0.545087476,0,0.46077032152966735
296,1.2086E+11,183563,0.49926144018816193,0,0.45911214416925067
297,1.2086E+11,0,0.27977527775533395,0.019567456029171412,0.2719033205246393
298,1.2086E+11,83462,0.24646464148556282,0.042047531,0.3220174556545349
299,1.2086E+11,20618,0.2425968081708792,0,0.23441021612013363
300,1.2086E+11,64478,0.30583657349543525,0,0.2804314308133172
301,1.2086E+11,163103,0.39886577695905906,0,0.24574668954870804
302,1.2086E+11,107875,0.3346613479151126,0,0.30389363434099115
303,1.2086E+11,191696,0.7282608563720859,0.003355705,0.48822799890671625
304,1.2086E+11,82318,0.4213973768457251,0.003828973,0.23825831585979299
305,1.2086E+11,112345,0.4689889509856504,0,0.29487179356820603
306,1.2086E+11,66932,0.36202964445821184,0.010378827138667219,0.3733333308444445
307,1.2086E+11,84688,0.4432624061080094,0.061261260709358015,0.2628705127701208
308,1.2086E+11,206003,0.8753213255100087,0,0.516880087
309,1.2086E+11,250001,0.8724489573354859,0.004024145,0.5987951735084919
310,1.2086E+11,250001,0.863560718,0,0.391666664
311,1.2086E+11,98164,0.7005758090155872,0,0.39436619391577304
312,1.2086E+11,245773,0.8212735106999023,0.014996591581481993,0.49350649059323204
313,1.2086E+11,185000,0.44352158731691715,0,0.3570093424578566
314,1.2086E+11,176111,0.6148738298157526,0.036295369,0.4220963132946524
315,1.2086E+11,165556,0.8338726986637249,0.008746356,0.538416761
316,1.2086E+11,51382,0.4511668068179187,0.017411052,0.2879634317523442
317,1.2086E+11,87534,0.4489510426720134,0,0.396984918
318,1.2086E+11,0,0.37426899855226126,0,0.24946004050259135
319,1.2086E+11,49837,0.28565453665556445,0,0.25545171240088893
320,1.2086E+11,78929,0.31387516697855783,0,0.2927069635587813
321,1.2086E+11,0,0.3596566492733335,0.000648088,0.28678678463373286
322,1.2086E+11,0,0.35420393243109183,0,0.30632090513516286
323,1.2086E+11,54088,0.3495145563201057,0.067880794,0.21814671604105487
324,1.2086E+11,176020,0.30689329266389714,0,0.4069037614340611
325,1.2086E+11,104375,0.4482758556282205,0.064020486,0.36734693482978586
326,1.2086E+11,52484,0.19631236229596136,0,0.2291169432846703
327,1.2086E+11,79813,0.35075884737337526,0.027199999564800008,0.44897958644682373
328,1.2086E+11,159712,0.5291750396544258,0,0.3534994026868398
329,1.2086E+11,83529,0.27074601768442014,0.007919366,0.2990899892839434
330,1.2086E+11,153125,0.32441700737711243,0.014608233634739485,0.3628583638730921
331,1.2086E+11,120649,0.2350557220359096,0,0.24086222829557424
332,1.2086E+11,58393,0.38565891223734555,0.024941995214953626,0.33984374834060666
333,1.2086E+11,85694,0.5399999901818184,0.062602964,0.4074387116869086
334,1.2086E+11,75429,0.4660894593637885,0.045397225,0.285143768
335,1.2086E+11,117879,0.5812154664021245,0,0.33881101817877707
336,1.2086E+11,70256,0.4006259749559783,0.023272214222339816,0.2418524860984027
337,1.2086E+11,13833,0.3738489802237757,0,0.31767108970713903
338,1.2086E+11,70139,0.33640552478639746,0.028148147731138554,0.28741327762722224
339,1.2086E+11,60307,0.24523612058627903,0.032786885001588044,0.25944272285174785
340,1.2086E+11,73459,0.23569349916883126,0.051969824,0.27535002004518444
341,1.2086E+11,71023,0.5076586322175354,0.068904592,0.31697341189188744
342,1.2086E+11,0,0.35789472428439567,0,0.303728067
343,1.2086E+11,90885,0.13058419019614795,0.016949152302978075,0.2516929994165576
344,1.2086E+11,0,0.5923190459037069,0.045333333,0.3120204576980353
345,1.2086E+11,207222,0.7267441649202279,0,0.38580644663475555
346,1.2086E+11,76300,0.41805225322207246,0,0.27906976585893495
347,1.2086E+11,170143,0.44901456341889834,0.073981712,0.3699059522475867
348,1.2086E+11,78445,0.2691903231420576,0.007428041,0.2440633229283422
349,1.2086E+11,52523,0.4556337996082127,0.010210210148887627,0.2709471754510602
350,1.2086E+11,0,0.4360248393040393,0.02672148,0.29747529860071026
351,1.2086E+11,122662,0.5177664843206476,0.029484028759606176,0.3781212796894022
352,1.2086E+11,89100,0.2957746437214839,0.053876478,0.24096385318847216
353,1.2086E+11,73603,0.3009771967363049,0.019807583362718827,0.21010387058496754
354,1.2086E+11,41996,0.2553191421457675,0,0.24100718990994263
355,1.2086E+11,0,0.25134843445874633,0.008088979,0.26954732371632034
356,1.2086E+11,34150,0.3645224100482961,0,0.3922733968458634
357,1.2086E+11,76593,0.35491071032465726,0.013392856993383292,0.2760646088394669
358,1.2086E+11,83365,0.4813039263537495,0.000848176,0.2641770382836996
359,1.2086E+11,37561,0.18312559747722343,0.022568093209586824,0.24191063049866138
360,1.2086E+11,59205,0.229599998,0.023343848,0.2824956656123878
361,1.2086E+11,47227,0.18798449490966088,0.047093022982017306,0.23387096602733895
362,1.2086E+11,84955,0.3034533409004163,0.029126213415496278,0.2517871316450074
363,1.2086E+11,68064,0.42170240141843796,0.021289537583396974,0.2905775058323556
364,1.2086E+11,111991,0.27400295218609344,0.067258883,0.23193473058313094
365,1.2086E+11,35296,0.33378561585804783,0.024467245365164775,0.22015449360900807
366,1.2086E+11,65246,0.2520398900632824,0.003473562,0.2312373217334776
367,1.2086E+11,46757,0.4663908948666919,0.048568950142506936,0.21989174411439957
368,1.2086E+11,66959,0.453124994,0.012062726030606442,0.3559168892871103
369,1.2086E+11,49674,0.48070738776997773,0.04,0.447082093
370,1.2086E+11,59826,0.5540540390796206,0.11891891570489418,0.36139331841228856
371,1.2086E+11,45104,0.7652173839109432,0.018957345821821913,0.3969285268935114
372,1.2086E+11,77417,0.7199999889230771,0.030129124,0.4480249433677241
373,1.2086E+11,46442,0.37126959852670915,0.009610764,0.3452311272953123
374,1.2086E+11,115625,0.5423542294570491,0,0.38195569755831604
375,1.2086E+11,55625,0.49393938645546387,0.038007863,0.3000874864384297
376,1.2086E+11,74185,0.4783362135470327,0.029985007046701543,0.3969465598352855
377,1.2086E+11,201310,0.7687338401972372,0.051724137,0.5022831017463594
378,1.2086E+11,33636,0.269433463,0.039346246735192214,0.22349206207306627
379,1.2086E+11,129375,0.610544207,0,0.34427767031634454
380,1.2086E+11,95125,0.3927556790287239,0.001951854,0.2679459834117058
381,1.2086E+11,93967,0.2993630535112987,0.045719844,0.329745594
382,1.2086E+11,126563,0.3761035881335869,0.012063765566291402,0.39339018980069196
383,1.2086E+11,54975,0.44066317242004216,0.039423806,0.3075406589081288
384,1.2086E+11,112226,0.49398797100212455,0.017025089453180202,0.323487029
385,1.2086E+11,0,0.5096322152428684,0.026521060428688605,0.3558139493510006
386,1.2086E+11,0,0.2774774758109461,0,0.5836196988337933
387,1.2086E+11,63783,0.38741395882582147,0.10418195081304511,0.3363402040184265
388,1.2086E+11,58038,0.49884880660898845,0.011721159705606665,0.32263814425051607
389,1.2086E+11,250001,0.6588235207996925,0.015550239048442117,0.5033112535164498
390,1.2086E+11,0,0.601063824,0.075671277,0.41969831038422084
391,1.2086E+11,0,0.6538037414134097,0.055135135,0.3418986413854487
392,1.2086E+11,53725,0.4254518040252123,0.045454545136681505,0.28459821269755464
393,1.2086E+11,81277,0.6894293667967318,0,0.43063932188999204
394,1.2086E+11,47604,0.6211278743357596,0,0.34219857953783345
395,1.2086E+11,250001,0.4889589751117043,0,0.5103668180164782
396,1.2086E+11,182969,0.6927480783826703,0.024637680802352454,0.4751381149842802
397,1.2086E+11,75194,0.315999997,0,0.39194630346380804
398,1.2086E+11,117261,0.3008190595620323,0.011957206,0.27805978410569776
399,1.2086E+11,50954,0.22127255250453418,0.009666081,0.24104803282927484
400,1.2086E+11,91368,0.6491227943640782,0.022968197474060117,0.3253253220688156
401,1.2086E+11,33010,0.23388042066893072,0.003755365,0.2434615375251479
402,1.2086E+11,49531,0.2435747649323904,0.026161238514889277,0.23350041673558722
403,1.2086E+11,111136,0.339955847,0.011500548,0.2859680267260626
404,1.2086E+11,60671,0.1882566574560735,0.010763710862307992,0.24268878113186912
405,1.2086E+11,0,0.532978718,0,0.3231323103228415
406,1.2086E+11,96442,0.14889529155720183,0.016921837,0.3194070059339151
407,1.2086E+11,121071,0.67171716,0,0.3005303459014122
408,1.2086E+11,38350,0.28934009858537973,0.017625231747446832,0.3127721312570963
409,1.2086E+11,87813,0.42110453233624723,0.004859086,0.40896614447423474
410,1.2086E+11,118676,0.4524810727293434,0,0.41713880724405944
411,1.2086E+11,61042,0.38596490744404877,0.055172413,0.26042631825369494
412,1.2086E+11,91765,0.5947497900348664,0.002534854,0.31366822246689124
413,1.2086E+11,66406,0.21009389424772426,0,0.27921568408458286
414,1.2086E+11,103164,0.26204465180937336,0.003948667,0.27012986896047675
415,1.2086E+11,69288,0.45099295034597725,0.009402655,0.2697044318367954
416,1.2086E+11,103012,0.3054136843165099,0.008183306,0.32530999033326047
417,1.2086E+11,84426,0.45370369320130344,0,0.26768642191504377
418,1.2086E+11,196470,0.8679653491782392,0.042833607202082256,0.46936936514081656
419,1.2086E+11,99174,0.5644891075000913,0.024849397,0.4979715973836552
420,1.2086E+11,0,0.8059914293011209,0.021276595461747403,0.4745972679727724
421,1.2086E+11,88720,0.5922222156419754,0.015789473518005543,0.4492652172899565
422,1.2086E+11,93403,0.6430868098275797,0,0.34407127934152654
423,1.2086E+11,103110,0.7282793805086936,0.022801303,0.5814371222668436
424,1.2086E+11,250001,0.7663229977208592,0.039603959,0.6395663869977455
425,1.2086E+11,163605,0.7145593732843032,0.041121495,0.3937699649059907
426,1.2086E+11,107554,0.7852813784824123,0,0.6145454508209367
427,1.2086E+11,79650,0.7272727187963552,0.006578947,0.4290007480916548
428,1.2086E+11,74892,0.4120218556720117,0.068231204,0.3442817556617263
429,1.2086E+11,58897,0.1731366446185043,0.07055805,0.2483130893013356
430,1.2086E+11,102447,0.31489361367134455,0.010070493352764418,0.3018567623243673
431,1.2086E+11,98393,0.2788778831868336,0.060773479823570724,0.24696048444558902
432,1.2086E+11,80032,0.1890145385621188,0.007431491,0.2449494937123763
433,1.2086E+11,0,0.19999999832635984,0.034272658,0.3235490305300265
434,1.2086E+11,95625,0.5586419580666063,0.014577259050225685,0.3063725452650424
435,1.2086E+11,153984,0.5049161335748055,0.027171017436488986,0.3356964122781634
436,1.2086E+11,62635,0.4069591466420704,0.017195767,0.3612903192507805
437,1.2086E+11,59922,0.29767441514332077,0,0.2492244028001613
438,1.2086E+11,32143,0.161999998,0.041811846,0.26953747791437416
439,1.2086E+11,25260,0.49614394611455154,0.026946107,0.39646017348265333
440,1.2086E+11,101689,0.7069271695654781,0.000711744,0.4805285084803303
441,1.2086E+11,126818,0.5628571374965987,0.009174312,0.5116443153730111
442,1.2086E+11,49167,0.43661971507324154,0.027061044511887702,0.3117073155526472
443,1.2086E+11,146034,0.6378698149364519,0.003452244,0.4104095528122052
444,1.2086E+11,250001,0.8412887727769837,0.007201646,0.5836330882766809
445,1.2087E+11,0,0.13684209085872728,0.040883978,0.2014894488974371
446,1.2086E+11,175417,0.643081751,0.044444443786008245,0.3991369967730637
447,1.2086E+11,0,0.5249999899038463,0,0.40869564822516286
448,1.2086E+11,120946,0.25086079561799907,0.018573238,0.26676829166627936
449,1.2086E+11,120172,0.3286051970614043,0.065321805,0.23960880000318827
450,1.2086E+11,69333,0.3097046387366697,0.014328808,0.27164036216336507
451,1.2086E+11,112123,0.4894083236712321,0.002038043,0.28613223940238597
452,1.2086E+11,55943,0.18402590294643334,0.03872549,0.23136716858085427
453,1.2086E+11,36607,0.17981072271591922,0,0.26990779321116687
454,1.2086E+11,159688,0.3715170221127396,0.002890173,0.286293591
455,1.2086E+11,94500,0.3458282908606011,0.00501002,0.3116210191589858
456,1.2086E+11,108300,0.3211991400299878,0.007352941,0.29044465193524455
457,1.2086E+11,0,0.387968076,0.032751092,0.30998248550795754
458,1.2086E+11,70682,0.15870445215623927,0.018782869881420965,0.2378006856508544
459,1.2086E+11,56667,0.2769360246049156,0.026066351,0.27646038012457846
460,1.2086E+11,62159,0.26957033390482443,0.029588766150507692,0.3204166653315972
461,1.2086E+11,77857,0.19108761184979145,0.00491573,0.2964224855399064
462,1.2086E+11,113578,0.2235973578911109,0.016344725,0.21900826316996302
463,1.2086E+11,70139,0.45477386553790733,0,0.20951585801739686
464,1.2086E+11,66393,0.36074561007954375,0.028045573812045803,0.3302752271934782
465,1.2086E+11,59265,0.22169362300957543,0.009779951,0.27756653816497756
466,1.2086E+11,85833,0.3198380545220104,0.032702237,0.31987179282133466
467,1.2086E+11,79013,0.333129208,0.015936254889378172,0.2695199521716602
468,1.2086E+11,119449,0.60479041,0.028465346182359578,0.41365131238773595
469,1.2086E+11,62250,0.6599999922352943,0.016769637980850502,0.3098412678740237
470,1.2086E+11,72000,0.8263253962280549,0.012480499025265226,0.4841269786380161
471,1.2086E+11,250001,0.7463556742513751,0,0.6469920471397044
472,1.2087E+11,0,0.083333264,0.06015748,0.14947468887547902
473,1.2086E+11,250001,0.919818443,0,0.7037036974982037
474,1.2086E+11,229375,0.7914171577702879,0,0.4536144550987081
475,1.2086E+11,176087,0.8491619953601118,0.033840947,0.44430844009414394
476,1.2086E+11,0,0.3809523727066586,0,0.22397891668011968
477,1.2086E+11,250001,0.6699999776666674,0,0.35038759146685905
478,1.2086E+11,102854,0.28253967805492575,0,0.3090430174798682
479,1.2086E+11,113700,0.5166163063955241,0.006345178,0.35109982782487453
480,1.2086E+11,70125,0.4999999965181059,0.025742574087507762,0.2924187710550863
481,1.2086E+11,150100,0.5062166932728437,0.024517475093805554,0.28799999895272727
482,1.2086E+11,140833,0.4470720695547744,0,0.2828496027290259
483,1.2086E+11,0,0.3206854305913656,0.052117263,0.23210411979678872
484,1.2086E+11,126736,0.4244604265652227,0.000982318,0.26778242491086174
485,1.2086E+11,0,0.3099415159365276,0.033623909917510464,0.30751355300144423
486,1.2086E+11,95357,0.2573879861068829,0.015689512669781067,0.2704266068660404
487,1.2086E+11,101970,0.20044052716269803,0.020208604822629695,0.3420011286489478
488,1.2086E+11,47171,0.39697801652502723,0,0.3826754344004887
489,1.2086E+11,125275,0.22897195726701036,0,0.31242603180560913
490,1.2086E+11,173875,0.5703324735251603,0.018735363,0.4039145871537848
491,1.2086E+11,176360,0.7489300891736079,0.011261261134445259,0.4747747704975246
492,1.2086E+11,139667,0.7763779405294813,0.010869565,0.6476360334733627
493,1.2086E+11,81603,0.5965177850377155,0,0.4122889286478005
494,1.2086E+11,250001,0.8311110926419758,0,0.4956629430525038
495,1.2086E+11,131118,0.6371951122378794,0.08111702,0.5119549857671591
496,1.2086E+11,22028,0.2733563919253844,0,0.1525974001201721
497,1.2086E+11,0,0.5479704695946408,0.030201341775145274,0.3834586394086722
498,1.2086E+11,0,0.3632075414590009,0.030701754,0.20230262825160153
499,1.2086E+11,215688,0.7027777680169754,0,0.4898336368776928
500,1.2086E+11,160920,0.8860759353468998,0.049382715,0.6749654125177675
501,1.2086E+11,68649,0.14024390158387864,0.01628854,0.328442971
502,1.2086E+11,146063,0.4389294382533847,0.000879894,0.3088737183795579
503,1.2086E+11,0,0.7564766708725964,0.093514327,0.22303030032690546
504,1.2086E+11,0,0.4101123549425578,0.015533980431708928,0.3873546483477133
505,1.2086E+11,58542,0.3049792467846629,0.044520547,0.13060179090138552
506,1.2086E+11,81989,0.5704081574448148,0.034318398,0.4386317878026037
507,1.2086E+11,186510,0.7519379747811631,0,0.4477611900986726
508,1.2086E+11,173182,0.7643978957539542,0.072018889,0.42229454497726165
509,1.2087E+11,0,0,0,0
510,1.2086E+11,183750,0.8788355556346534,0.020527859087039156,0.6668283187835677
511,1.2086E+11,158958,0.7650909035266116,0.032236842,0.5481064455061083
512,1.2086E+11,249286,0.7563667168389923,0.011146496726540632,0.6201597995073154
513,1.2086E+11,112692,0.593965512,0.027642276198030277,0.6471380427802153
514,1.2086E+11,181058,0.6434231276795067,0,0.6138415184168353
515,1.2086E+11,71774,0.4605597925312995,0.016460905236893655,0.3538295558045871
516,1.2086E+11,0,0.5328142321155258,0.010741138445315377,0.4486907257700586
517,1.2086E+11,0,0.4240384574611687,0.017415215239090603,0.30542635422150116
518,1.2086E+11,105469,0.340787117,0.017979452,0.3298284431110767
519,1.2086E+11,62768,0.34433693600263554,0.013672795786549759,0.36210357140865684
520,1.2086E+11,0,0.16211877749408063,0,0.28205127946839487
521,1.2086E+11,100407,0.3359173097681541,0.12290502717004949,0.31472358886303453
522,1.2086E+11,135774,0.24021962772670125,0.040204211613246894,0.28083653315904167
523,1.2086E+11,46875,0.30852842551397636,0.008,0.2793462089201619
524,1.2086E+11,87885,0.18123274902269781,0.034482758,0.22403100601526352
525,1.2086E+11,42031,0.33483482980728485,0.057783018,0.22319687891620976
526,1.2086E+11,86597,0.3038773642571924,0.024390243722171148,0.2597605400324803
527,1.2086E+11,0,0.3187579193995062,0.007189934,0.2794959892354182
528,1.2086E+11,112642,0.864485973,0,0.5282485801094834
529,1.2086E+11,202869,0.8577777587160499,0,0.4091370516838878
530,1.2086E+11,78281,0.6328331806457795,0.16066945472243135,0.5888671817493439
531,1.2086E+11,39091,0.6035353382945622,0.017977527685898255,0.2857142824226465
532,1.2086E+11,85313,0.7049689368015638,0.022135416522555882,0.5993820741567243
533,1.2086E+11,90016,0.5418250916234152,0.012716762932273046,0.3808450682769292
534,1.2086E+11,39632,0.22972972714268325,0,0.24670432912707788
535,1.2086E+11,136138,0.084586465,0,0.26710525964335186
536,1.2086E+11,149792,0.8369963293315354,0,0.5940074861872099
537,1.2086E+11,83125,0.2398022220049169,0.013114753955030011,0.4243243185902119
538,1.2086E+11,71927,0.3666061683810879,0.035496957223646264,0.29443892604548694
539,1.2086E+11,109861,0.30049260837033986,0.024114543902678646,0.29619415170328656
540,1.2086E+11,97708,0.33215547311948795,0.030139935089989935,0.347826085
541,1.2086E+11,0,0.3803108768879702,0.017391304179794162,0.29384255421790684
542,1.2086E+11,0,0.48651887066196003,0.030150753600498306,0.2512892627693893
543,1.2086E+11,60750,0.127436281,0.02345679,0.2846548757292934
544,1.2086E+11,49705,0.30549897959606936,0.08462055,0.2609449490206114
545,1.2086E+11,80341,0.15410573504942932,0,0.24735860629360717
546,1.2086E+11,111136,0.4100817382822652,0.025581395051379126,0.30743469318530015
547,1.2086E+11,56940,0.23590021564045435,0.010193679866495007,0.2605042005861168
548,1.2086E+11,74551,0.3757131183723462,0.026748971009952188,0.4083769580055372
549,1.2086E+11,90729,0.49757672863365543,0,0.2929936268408455
550,1.2086E+11,32813,0.10262172207773991,0.004452926,0.2011033089212472
551,1.2086E+11,48409,0.266219236,0.032105759847915395,0.2396166118874338
552,1.2086E+11,57200,0.5833333267642643,0.053705692,0.2846153821827745
553,1.2086E+11,55769,0.30210772126211427,0,0.3116883083150616
554,1.2086E+11,0,0.2059471342957364,0,0.3260869520912099
555,1.2086E+11,217683,0.8511821856581059,0.018404907749633034,0.4781818138347108
556,1.2086E+11,138080,0.4758942383220181,0,0.3467819371106442
557,1.2086E+11,0,0.6371881941680682,0,0.44075828687585644
558,1.2086E+11,0,0.35753574964207097,0.01446281,0.3114754076159985
559,1.2086E+11,120833,0.3914174235309171,0.032339202,0.3111814335049879
560,1.2086E+11,99091,0.4728434454436268,0.019819819641262885,0.2367297117954258
561,1.2086E+11,126741,0.45123383723579513,0.017418033,0.23252160068718303
562,1.2086E+11,99352,0.3163191925498261,0.006671114,0.2835984625145449
563,1.2086E+11,85347,0.31985293882461074,0.016089108811329772,0.30447414117098115
564,1.2086E+11,0,0.083333332,0.10371819757890025,0.2987012959304147
565,1.2086E+11,47107,0.3872832332631673,0.044255319,0.2844387736961813
566,1.2086E+11,62443,0.2891113856181304,0,0.2502283082170931
567,1.2086E+11,94583,0.3160919503897477,0.017580145,0.30239520731740116
568,1.2086E+11,84833,0.7104430267334965,0.026113671,0.42985317757052877
569,1.2086E+11,37120,0.43596729057309835,0.046997387806856715,0.2942742970136578
570,1.2086E+11,132857,0.5572518871277906,0,0.39975399262295214
571,1.2086E+11,133039,0.5097529192489868,0.021914648,0.2874592810467485
572,1.2086E+11,50833,0.24795321347423144,0.011074196998070909,0.2669376657596522
573,1.2086E+11,49313,0.2729468577057419,0.025210084,0.28544775986265036
574,1.2086E+11,0,0.55793989,0,0.2737864024507495
575,1.2086E+11,42833,0.4440860167302579,0.057344064,0.2971245987404179
576,1.2086E+11,58032,0.3492863110891158,0.060582218,0.3235855033465639
577,1.2086E+11,138115,0.32387706472958555,0.063736263,0.2626931547999032
578,1.2086E+11,0,0.2969432249575715,0,0.3183716041923632
579,1.2086E+11,135284,0.2561837410568244,0,0.273429949
580,1.2086E+11,145773,0.5731620230323909,0.025046962898891904,0.2920738312048109
581,1.2086E+11,59583,0.2923076882194729,0.040494938,0.24583333162615742
582,1.2086E+11,0,0.4376590275106994,0.026966291831839417,0.35174953635589745
583,1.2086E+11,0,0.7452415703478541,0.00117096,0.4515463870974599
584,1.2086E+11,127344,0.5642701402119795,0.030181086,0.4206730718669102
585,1.2086E+11,56051,0.5715109540281952,0.008403361,0.25867507769862513
586,1.2086E+11,120577,0.2878625103344521,0.002014099,0.2925445681317296
587,1.2086E+11,56245,0.4142335741226668,0.013411078639002457,0.26151631352439386
588,1.2086E+11,108472,0.46068964881807384,0.031454783,0.2785515300936523
589,1.2086E+11,93886,0.25403817728312644,0,0.22231543437654838
590,1.2086E+11,115953,0.1975468031146107,0.014124293705512466,0.34439283115864083
591,1.2087E+11,0,0.062599469,0,0.36448275736385255
592,1.2086E+11,103689,0.34770436535439886,0.037796976037813304,0.24006622317825974
593,1.2086E+11,0,0.4605263117497692,0.005629838,0.2605147504048038
594,1.2086E+11,86005,0.19312602133284762,0.023741007023445993,0.24846893920849572
595,1.2086E+11,88904,0.32566248029524075,0.008652658,0.246525678
596,1.2086E+11,75769,0.1868460374675184,0.13294797591800595,0.293324773
597,1.2086E+11,79451,0.20910724859732027,0.02,0.3230769215707369
598,1.2086E+11,242143,0.8183078943369224,0.027063599,0.44508670091438635
599,1.2086E+11,82417,0.6483300525704317,0.007326007,0.4471195146421366
600,1.2086E+11,94688,0.785065582,0.032384691,0.4526209631792242
601,1.2086E+11,152125,0.771904411,0.008528785,0.448418154
602,1.2086E+11,57344,0.2981260621965412,0.064973861,0.3093349584543322
603,1.2086E+11,0,0.5798429243476058,0,0.42476190071655334
604,1.2086E+11,68855,0.6569468154897631,0,0.3056133024364522
605,1.2086E+11,112038,0.5413668967380055,0,0.29999999670329675
606,1.2086E+11,47688,0.14469994310319717,0.020953378622559568,0.29604365418796963
607,1.2086E+11,112770,0.8020407999583511,0,0.42857142198815024
608,1.2086E+11,44405,0.16614615761307835,0,0.2729705607806844
609,1.2086E+11,51021,0.23762376099229027,0.002039776,0.2673579789569072
610,1.2086E+11,136250,0.4839449430287857,0.058232931,0.33552631137465383
611,1.2086E+11,60236,0.20873123862576756,0.019024970047265517,0.2202898529440594
612,1.2086E+11,166250,0.36634894170597204,0,0.2588766938060791
613,1.2086E+11,88194,0.2576853502921759,0,0.28715647623580215
614,1.2086E+11,0,0.28962817437126864,0,0.2659574436648056
615,1.2086E+11,79509,0.4737588585282432,0.044176706,0.3557046950024774
616,1.2086E+11,82034,0.3409512023412526,0.037967616,0.283391404
617,1.2086E+11,88438,0.45629628953635126,0,0.30757689191615234
618,1.2086E+11,79318,0.7088305320088178,0.093078757,0.41346152852255946
619,1.2086E+11,0,0.5267727854302058,0.008522727,0.37061117853561537
620,1.2086E+11,0,0.6702002276772647,0,0.41597509941934546
621,1.2086E+11,0,0.30788485221671025,0.014492753448155152,0.38145539458385685
622,1.2086E+11,69847,0.756340573,0.009235936,0.4215481127453126
623,1.2086E+11,85753,0.5239436570521723,0.011864406679115197,0.3516081845642677
624,1.2086E+11,104063,0.7640692558001163,0,0.39631782561707535
625,1.2086E+11,78542,0.44473916494483495,0,0.3649825752179218
626,1.2086E+11,74250,0.33371957898355065,0.030208333,0.3400483453662502
627,1.2086E+11,79625,0.3212560347674392,0.004214963,0.31953642119589054
628,1.2086E+11,66905,0.33748270625888377,0.014925372931813122,0.25672371428913027
629,1.2086E+11,102879,0.32423207822261574,0.025510204,0.3524729940166402
630,1.2086E+11,153536,0.8043955867165805,0,0.5423976528889233
631,1.2086E+11,82852,0.27871362726865523,0,0.37566844668670824
632,1.2086E+11,145644,0.8344370750405685,0,0.5006134907900185
633,1.2086E+11,59583,0.2138297849592576,0.0085796,0.3237288108158575
634,1.2086E+11,0,0.4507042218254756,0.015276893601038233,0.2572968106991611
635,1.2086E+11,50213,0.2135366995849695,0.001828154,0.30383211401613036
636,1.2086E+11,85673,0.3239215660868897,0.12113232309985304,0.37168141293900714
637,1.2086E+11,75308,0.18749999816894533,0,0.2555555535273369
638,1.2086E+11,119514,0.2968337717817336,0.05268856,0.27395715793326886
639,1.2086E+11,0,0.39539114375141815,0,0.29214515253952617
640,1.2086E+11,0,0.5495049450544065,0.00742115,0.3091190084303013
641,1.2086E+11,55494,0.3085399364038585,0,0.2649006593278073
642,1.2086E+11,65329,0.5940593975380566,0.094005448,0.26652142144864616
643,1.2086E+11,49105,0.3653471747868451,0.011510791311698841,0.28369195762348837
644,1.2086E+11,153633,0.5027322358585407,0,0.30826270859891197
645,1.2086E+11,0,0.3898304424016199,0.056462403,0.18782343930647355
646,1.2086E+11,0,0.3950738877332622,0,0.22402826696799813
647,1.2086E+11,35987,0.36561366977931814,0.013653483928185103,0.24989955705142802
648,1.2086E+11,107658,0.3415204638418659,0.089233753,0.2747663525722771
649,1.2086E+11,225172,0.7480210983110673,0.054958183333832934,0.47348951327386546
650,1.2086E+11,100455,0.6731001125078394,0,0.46025514759317815
651,1.2086E+11,213750,0.6435432161841707,0.014127144156133763,0.5441055190098474
652,1.2086E+11,0,0.19672130899468715,0.021864211486027487,0.37196109909269776
653,1.2086E+11,51887,0.20915032451905965,0.009737098,0.336241076
654,1.2086E+11,65560,0.5368852348998927,0,0.33669354499300863
655,1.2086E+11,170357,0.6964892333353427,0.021190716234200643,0.43333332962962967
656,1.2086E+11,85000,0.6868965422497029,0.030183726638008838,0.37259614936783475
657,1.2086E+11,70662,0.5425330761575323,0.031934306,0.3143336101061726
658,1.2086E+11,0,0.6828240180945836,0.026768642191504377,0.41815935504534063
659,1.2086E+11,0,0.6732954481695507,0.014440433082667571,0.41920731387799304
660,1.2086E+11,115045,0.6379821863800863,0.015624999778053981,0.37982564906817373
661,1.2086E+11,97000,0.834701045,0.032825322,0.44583705957173625
662,1.2086E+11,0,0.8288769610226224,0,0.4719626094709874
663,1.2086E+11,49534,0.3213367588603036,0.013729977038158026,0.3446475177825195
664,1.2086E+11,102054,0.3961218781700571,0.022641509149163408,0.303728067
665,1.2086E+11,91375,0.5055350491324102,0.037439613,0.2908036429925133
666,1.2086E+11,102847,0.8481123718339564,0.023705004181694432,0.5078206412114636
667,1.2086E+11,145897,0.5788381622647685,0,0.3304981733839833
668,1.2086E+11,34063,0.29826732304124604,0.065165876,0.24213606260324755
669,1.2086E+11,92466,0.30472516728676385,0.027288732,0.27475468209297643
670,1.2086E+11,71052,0.2808280802805753,0,0.27415730183057696
671,1.2086E+11,0,0.16799999808000002,0,0.25576519648044865
672,1.2086E+11,56696,0.4516908158008356,0,0.29068047122277757
673,1.2086E+11,117188,0.44962405676974393,0.038977636,0.31438596270606345
674,1.2086E+11,19000,0.15708811959601304,0,0.22020201871917833
675,1.2086E+11,40409,0.31654675803529847,0.007566204,0.24974721688829912
676,1.2086E+11,0,0.35097492710329686,0.019425676,0.23724928230802703
677,1.2086E+11,57438,0.31691296948347314,0,0.289748952
678,1.2086E+11,50074,0.3379215393123087,0.070195627,0.29704796910955733
679,1.2086E+11,90707,0.6654478854579912,0.033989266,0.36655592063614706
680,1.2086E+11,75192,0.4822006316439925,0.027607361,0.3140495802882318
681,1.2086E+11,116313,0.7474402602825895,0.006482982,0.32985074134551134
682,1.2086E+11,0,0.5422680300563293,0.036395147,0.32921174143413073
683,1.2086E+11,57309,0.23338916675941282,0.021869874128650223,0.3429191516933307
684,1.2086E+11,0,0.2306162998944702,0.005770816,0.3618465691660111
685,1.2086E+11,35464,0.41189426405519247,0,0.2824351269218051
686,1.2086E+11,118344,0.5997973596778383,0.005654281,0.4219653152089575
687,1.2086E+11,68036,0.38629737046213747,0,0.2573385493411101
688,1.2086E+11,145556,0.7302118090277391,0.032196969,0.5489510441525258
689,1.2086E+11,172953,0.7793764894559174,0,0.31705068832211347
690,1.2086E+11,125121,0.5988372023391023,0.015806111529967214,0.46637930632431635
691,1.2086E+11,0,0,0,0.41509426130296956
692,1.2086E+11,0,0.7552355922089582,0.095132742,0.41588784658048744
693,1.2086E+11,61250,0.40041492945197243,0.036050156,0.25374625121132616
694,1.2086E+11,66146,0.3975346625957679,0.013615734,0.30909090476795936
695,1.2086E+11,47500,0.22518382145970753,0,0.2879377403897107
696,1.2086E+11,54511,0.18003025446247725,0.002728513,0.2614379050792431
697,1.2086E+11,62461,0.22624433877275252,0.012455516,0.31603773212219655
698,1.2086E+11,37044,0.044722718,0,0.2812182712566673
699,1.2086E+11,0,0.21115064992703855,0,0.2560819429438932
700,1.2086E+11,50028,0.2513623961078856,0.004252734,0.2729744411475017
701,1.2086E+11,89091,0.3799668842717973,0.025661588,0.279291551
702,1.2086E+11,0,0.5903614356220063,0.037865748,0.37220602165008726
703,1.2086E+11,104632,0.3797468314372697,0.011695906335038376,0.2779220755158262
704,1.2086E+11,191447,0.6193264916643266,0.01283697,0.4376053926002918
705,1.2086E+11,36031,0.4718468415332563,0,0.2816780797801534
706,1.2086E+11,99917,0.6519944889684389,0.020380435,0.4128440329096878
707,1.2086E+11,55542,0.3648960717962121,0.008307373,0.30260180824320243
708,1.2086E+11,69737,0.31234718635484604,0.006837607,0.29475391944427304
709,1.2086E+11,94447,0.4384694887438522,0.018348623684875012,0.2657569833284147
710,1.2086E+11,62083,0.3193116573745381,0.089743588,0.22468793030946005
711,1.2086E+11,86719,0.31796406995231097,0.018200727934473596,0.2512953354855164
712,1.2086E+11,38196,0.06542056,0.11229000784889472,0.22028206702295455
713,1.2086E+11,43947,0.2546762553283992,0,0.2268479165093635
714,1.2086E+11,63107,0.25013713521592357,0.027751646153567042,0.3365853643610405
715,1.2086E+11,50817,0.2716284969998187,0.030251141379845085,0.3039513664613488
716,1.2086E+11,50833,0.2418670421367253,0.050058207,0.2694805182306098
717,1.2086E+11,91364,0.29093280958295625,0.015312131829728317,0.2583675850947294
718,1.2086E+11,202137,0.8379373694670835,0.052050472365134506,0.5695284090746263
719,1.2086E+11,59770,0.45129869397242384,0,0.33623909917510464
720,1.2086E+11,0,0.8659217715843246,0.11065006762586352,0.5273818415050124
721,1.2086E+11,0,0.7766853823499245,0.03715847,0.47596716909768855
722,1.2086E+11,0,0.27559054575609165,0.010380622657774695,0.3051224910342707
723,1.2086E+11,0,0.2836411572079003,0.003896104,0.27303753955588694
724,1.2086E+11,111792,0.8598665313644754,0.053604435733785254,0.46318438978486853
725,1.2086E+11,0,0.9999999521531123,0,0.4133099752485118
726,1.2086E+11,173801,0.5834522069653908,0.015966883,0.5253164526736683
727,1.2086E+11,201180,0.7998369311054344,0.015974441,0.5710707558826839
728,1.2086E+11,41413,0.1477732783551061,0.077936962,0.27069351028565614
729,1.2086E+11,57816,0.5497254389888625,0.007214206,0.3030732846190388
730,1.2086E+11,33717,0.36546609782345235,0.039289055,0.21843531976425004
731,1.2086E+11,0,0.5022471853680092,0,0.29970616748573786
732,1.2086E+11,0,0.20771144020259402,0.034482758,0.21158300994916596
733,1.2086E+11,41892,0.9230769033530577,0,0.4554744459054826
734,1.2086E+11,78502,0.2834580192563756,0.018136850633661578,0.2631210618396007
735,1.2086E+11,93387,0.6637816200813474,0.013734466882050577,0.38198403431023925
736,1.2086E+11,114595,0.856344082,0.047343693,0.5362595399379406
737,1.2086E+11,69313,0.15339038740361827,0.001608579,0.24917257565403036
738,1.2086E+11,0,0.23999999700000005,0.067857142,0.3198529372567042
739,1.2086E+11,41289,0.727272714,0.036332179302211436,0.3333333301587302
740,1.2086E+11,13675,0.3367588906185068,0,0.29041487701280455
741,1.2086E+11,46015,0.32921174143413073,0,0.28590249952697633
742,1.2086E+11,46678,0.3483290466045691,0.012995049424535585,0.29994672189692745
743,1.2086E+11,51919,0.43347638554771706,0,0.29532163310933285
744,1.2086E+11,65028,0.2640061376515262,0.032281204933420335,0.2860465099648459
745,1.2086E+11,0,0.22842639207400353,0,0.30860033206407533
746,1.2086E+11,103986,0.31822659784998425,0.011158798187478128,0.2780229454719952
747,1.2086E+11,96400,0.3982089528465137,0.027411167373547374,0.2982598126335094
748,1.2086E+11,178561,0.9999999659863958,0,0.5974522216885068
749,1.2086E+11,40637,0.5603663566996973,0,0.28924980441415465
750,1.2086E+11,240965,0.9101123084206568,0,0.5814977888179473
751,1.2086E+11,116667,0.8097087221415783,0.028828828309390483,0.45535713608099504
752,1.2086E+11,104012,0.8178633903864853,0,0.5943877513113026
753,1.2086E+11,112039,0.5582822047833524,0,0.5128044939862305
754,1.2086E+11,20693,0.308771919,0.15087718768851974,0.27604871074358983
755,1.2086E+11,51118,0.10012209889960808,0,0.1912784916622548
756,1.2086E+11,153980,0.9391182579487876,0.00685401,0.43986998678293615
757,1.2086E+11,33344,0.27344781673120455,0.043758043,0.31039640755126097
758,1.2086E+11,46761,0.1808873689268367,0.091787438,0.2301814686706641
759,1.2086E+11,50313,0.18041237,0.042735043,0.31531141732131734
760,1.2086E+11,50551,0.12790697376960528,0,0.27346465500040956
761,1.2086E+11,91458,0.2633204612871007,0,0.3229629605706447
762,1.2086E+11,0,0.3283582007871095,0.15671641401202951,0.29738932693088166
763,1.2086E+11,78267,0.3079637081251829,0.072975518,0.2745633172785845
764,1.2086E+11,50104,0.090445859,0,0.2817974083640715
765,1.2086E+11,113232,0.38589211084519903,0.029999999625000006,0.2675962797636369
766,1.2086E+11,65592,0.3417190751801602,0.013123359,0.27630685487911166
767,1.2086E+11,63281,0.23506743511495728,0.010273972514777633,0.3028878421565625
768,1.2086E+11,250001,0.7268041143453078,0,0.7807017429721967
769,1.2086E+11,0,0.4456692843201688,0.015748031,0.6837678664106992
770,1.2086E+11,0,0.5259515388944105,0,0.4532871815471564
771,1.2086E+11,15848,0.5140844979914702,0,0.571180551
772,1.2086E+11,98368,0.8362183643646024,0,0.677506769
773,1.2086E+11,250001,0.7302052571787315,0.09414758,0.764601756
774,1.2086E+11,0,0.4684210403047095,0.013157894390581728,0.5134474202091096
775,1.2086E+11,86389,0.555555543,0,0.6037735659190703
776,1.2086E+11,12141,0.2093023194970256,0.01744186,0.43963552529304045
777,1.2086E+11,47076,0.5173745073865925,0.10370370178326478,0.39936101598464835
778,1.2086E+11,87468,0.5098039178663477,0.008368201,0.25406617916956714
779,1.2086E+11,67344,0.21726365110238607,0.033828805567253685,0.23462712501252886
780,1.2086E+11,145625,0.41747572308888686,0,0.3245556265664541
781,1.2086E+11,56324,0.25357483075715126,0.010909090809917357,0.3105802021281553
782,1.2086E+11,48576,0.3023897031030358,0.041636231,0.27179836327112833
783,1.2086E+11,35102,0.2599502476784815,0.03157474,0.24344569187080442
784,1.2086E+11,40698,0.16666666511483552,0,0.26124999836718754
785,1.2086E+11,28828,0.23038396944267164,0,0.24075743696341356
786,1.2086E+11,142589,0.48594376534249467,0,0.2621832333120543
787,1.2086E+11,47886,0.2307692290457862,0.047921070839174976,0.2402028573526839
788,1.2086E+11,36495,0.19142176178378267,0.083098591,0.25631312969499287
789,1.2086E+11,23897,0.13294117490657442,0.066017315,0.2583621669067926
790,1.2086E+11,110250,0.9602510259361711,0,0.4554170617889064
791,1.2086E+11,184923,0.901428565,0.009569378,0.4903628090115487
792,1.2086E+11,29327,0.078318219,0.006987578,0.2908474556552715
793,1.2086E+11,28393,0.094736841,0.098173515,0.2617521353538882
794,1.2086E+11,159219,0.698519511,0.012886597855112127,0.5303094509100913
795,1.2086E+11,35313,0.09876543,0.052060736,0.2217659114808428
796,1.2086E+11,17100,0.1058344633254107,0.019402202,0.23687150705658377
797,1.2086E+11,50056,0.1404494374849365,0.022929340089240333,0.2226794685748538
798,1.2086E+11,126776,0.5345117822621558,0.000999001,0.2593250432534412
799,1.2086E+11,105893,0.47657295212084405,0.011917659675865009,0.24114021385870404
800,1.2086E+11,0,0.28512396458575234,0.013688212823663781,0.2531468513765954
801,1.2086E+11,81272,0.2301304836283454,0,0.21966341700918143
802,1.2086E+11,58533,0.4265687554968708,0.037037037,0.2870599886610809
803,1.2086E+11,85288,0.15830720755004377,0,0.2360953435176465
804,1.2086E+11,49858,0.24587458340140952,0,0.2535885127019376
805,1.2086E+11,36466,0.061475409,0,0.2845601410721711
806,1.2086E+11,54044,0.263383295,0.004264392,0.28643215792530496
807,1.2086E+11,63652,0.2815533941532123,0.055341055,0.31432973563690497
808,1.2086E+11,0,0,0,0.22950815909702307
809,1.2086E+11,156411,0.6974169655914273,0.016607354,0.47326732360879653
810,1.2086E+11,25956,0.23814432744181108,0.022620169,0.27272727008967823
811,1.2086E+11,116597,0.7091690442812458,0,0.4628623146479863
812,1.2086E+11,41903,0.064456721,0,0.355592651
813,1.2086E+11,18250,0.11557788861753131,0.042798913,0.281026251
814,1.2086E+11,66066,0.29545454287190087,0,0.40866425697715336
815,1.2086E+11,50421,0.25602140717197674,0.005672609,0.2960352396825089
816,1.2086E+11,31250,0.11935866912494852,0.042316258,0.27837051271401303
817,1.2086E+11,51307,0.12868216954509945,0.008502289,0.2509279862588865
818,1.2086E+11,36343,0.14508928463475235,0.013538461,0.21368368758709128
819,1.2086E+11,57591,0.099442378,0,0.23600973044598758
820,1.2086E+11,70262,0.30451713158475757,0.008202324,0.24687685754386166
821,1.2086E+11,31389,0.3378995382359279,0,0.2197309397333548
822,1.2086E+11,79044,0.47571189014119547,0.017754569097887366,0.2609400310051862
823,1.2086E+11,119500,0.287246719,0.019057171323398483,0.24453124808959964
824,1.2086E+11,71424,0.24788731696092067,0,0.20754716750780058
825,1.2086E+11,74688,0.13406593259268207,0.017994858457627605,0.23636363482880757
826,1.2086E+11,54095,0.4098159458918289,0,0.22001803228117195
827,1.2086E+11,74511,0.069662921,0,0.28252194507165246
828,1.2086E+11,41686,0.29195561517367813,0.047875523,0.21384928571724857
829,1.2086E+11,42365,0.36805555044367294,0,0.22397891668011968
830,1.2086E+11,0,0.9999994117650519,0.36734686380676246,0.17391300567108572
831,1.2086E+11,102448,0.366795363,0,0.25032509590165736
832,1.2086E+11,33750,0.3585476496437572,0.054393305,0.2545076265290733
833,1.2086E+11,54561,0.16158338636221034,0.032766990092433314,0.24829157034002522
834,1.2086E+11,36555,0.14513981164927015,0.016443987498006296,0.3102473476307608
835,1.2086E+11,43717,0.2861078304364115,0.055782312735434304,0.2398049634760418
836,1.2086E+11,51813,0.16911295361127662,0.041454081368277544,0.25146627381622966
837,1.2086E+11,0,0.086012861,0.012228260786492794,0.3160227972386143
838,1.2086E+11,110765,0.6387692268383433,0.028586013126156135,0.49725685537527753
839,1.2086E+11,94600,0.7059973878357406,0.019047618934240364,0.422472813
840,1.2086E+11,34662,0.12798092108123274,0.045792079,0.20260869477126653
841,1.2086E+11,20634,0.1342329535920955,0.078880407,0.23398328527866794
842,1.2086E+11,38017,0.2771633033366083,0.036182158,0.26258797908723347
843,1.2086E+11,30135,0.33386837613267756,0,0.28303459656925967
844,1.2086E+11,71250,0.4880239472253099,0,0.3428084119226355
845,1.2086E+11,17205,0.26069364011159746,0.042495965,0.3208769291436127
846,1.2086E+11,163839,0.7355021112375939,0.061627906,0.4628008702100561
847,1.2086E+11,45789,0.41319444085768714,0.044106464,0.32229856138476853
848,1.2086E+11,0,0.31008287078672053,0.045307443072443734,0.3333333315863033
849,1.2086E+11,60918,0.24099378582616415,0,0.2904109549258773
850,1.2086E+11,79219,0.44251207515694646,0.007698541,0.247591865
851,1.2086E+11,37378,0.10182119121008948,0.011577423939381881,0.22618384275106496
852,1.2086E+11,43456,0.4514285662693878,0,0.26176889970207634
853,1.2086E+11,0,0.34398654042063465,0,0.2604035292534456
854,1.2086E+11,33738,0.5788113545526782,0,0.2976190440759638
855,1.2086E+11,59583,0.16820702092038778,0.004431315,0.2982917174994518
856,1.2086E+11,62981,0.23533424123237218,0.007284768,0.2854661245774978
857,1.2086E+11,45650,0.3420724073528564,0.006425234,0.28310898704685633
858,1.2086E+11,80417,0.35350553244645366,0.016212710660099154,0.2845087384900016
859,1.2086E+11,48250,0.15198237550699614,0.003436426,0.22373300094273177
860,1.2086E+11,93125,0.4544159479427928,0.060489059710565514,0.27846974841219085
861,1.2086E+11,68854,0.424710422,0.013184584,0.24670892127396915
862,1.2086E+11,58785,0.2700551116346901,0.052462526,0.24095427339580805
863,1.2086E+11,144688,0.4756476659292867,0.016071428,0.2231404947151834
864,1.2086E+11,98214,0.24213405961512915,0.035049288,0.17512876986660214
865,1.2086E+11,89250,0.2716981097899609,0.044538705784319135,0.24288424816997867
866,1.2086E+11,49083,0.36738702618100144,0,0.22305764224680333
867,1.2086E+11,59559,0.3741109503975039,0.011258278071137232,0.2025782679439306
868,1.2086E+11,0,0.3042585925897456,0.006852444,0.30462427569581346
869,1.2086E+11,36558,0.13499111660761784,0,0.18432670878226592
870,1.2086E+11,66380,0.33407737846668617,0.088666666,0.2474934023878976
871,1.2086E+11,0,0.22186146946037372,0,0.22434671622468633
872,1.2086E+11,0,0.1742670995580855,0.016393442510973754,0.2539999983066667
873,1.2086E+11,51900,0.2507288605371345,0.003225806,0.21164383416682306
874,1.2086E+11,32365,0.1487603275049519,0,0.2073342721626638
875,1.2086E+11,73356,0.37584215411048044,0.017795138811653042,0.2475397416822871
876,1.2086E+11,56667,0.31556802022743324,0.016139043971824682,0.2548197809940495
877,1.2086E+11,67292,0.35313174564652544,0.010141988,0.24286948796137003
878,1.2086E+11,0,0.6093749904785158,0.039062499389648446,0.66287339
879,1.2086E+11,52586,0.22299651373696416,0,0.33767643498722655
880,1.2086E+11,46705,0.37765956944601636,0.013513513,0.3816872388715305
881,1.2086E+11,87578,0.7198067458983878,0,0.6181506743467351
882,1.2086E+11,57303,0.4682080879748739,0.042056074,0.3953307362231071
883,1.2086E+11,75278,0.34854013962517993,0.046391751780210454,0.45329669707010034
884,1.2086E+11,71326,0.7247386675407821,0.092491838,0.6214953222624975
885,1.2086E+11,53083,0.5473933519575035,0.039443155,0.4596354106818306
886,1.2086E+11,34957,0.3239999870400005,0,0.46832578125959773
887,1.2086E+11,25580,0.35533980237534174,0.052677787070432074,0.3857988120023809
888,1.2086E+11,0,0.061956521,0.008780037,0.28187919344849327
889,1.2086E+11,0,0.274817134,0.014111006452389403,0.243177387
890,1.2086E+11,38628,0.36085052932551265,0.037413148,0.24648786560352576
891,1.2086E+11,39252,0.13400673310433175,0.035587188,0.23263027150973778
892,1.2086E+11,96481,0.7473794470924586,0.010742187395095826,0.5397038994636346
893,1.2086E+11,52639,0.1440944870543741,0.03259362,0.270063693
894,1.2086E+11,41056,0.30377471357834207,0.061095101,0.2998530117596619
895,1.2086E+11,29756,0.153262518,0.013484740855324763,0.26715092601169554
896,1.2087E+11,0,0,0,0.9999950000249999
897,1.2086E+11,180792,0.8562752863102169,0,0.6246200512975676
898,1.2086E+11,49750,0.15170816356856884,0.014864172143187226,0.30712400893338254
899,1.2086E+11,57885,0.3055865904715833,0.011758691,0.5599999960701755
900,1.2086E+11,22115,0.1612121192580349,0.034055727,0.2523779311833993
901,1.2086E+11,112000,0.7040590353943983,0.033142128533192296,0.474865348
902,1.2086E+11,37092,0.2098312530459923,0,0.28848114022180865
903,1.2086E+11,39087,0.096009253,0.018585441,0.19924811946847065
904,1.2086E+11,30547,0.2528138506249883,0.1521216961399384,0.1828254834984385
905,1.2086E+11,51667,0.4755244688737837,0.12382075325683074,0.13104838445466968
906,1.2086E+11,33984,0.26239668879345684,0,0.2519001058425613
907,1.2086E+11,62838,0.4656084594496236,0.022916666427951392,0.33717357651940416
908,1.2086E+11,21909,0.10714285631100268,0,0.3437499981478987
909,1.2086E+11,43056,0.31302656958505143,0,0.24473357964849082
910,1.2086E+11,70980,0.34260089532465965,0.040472175208801954,0.30971573903387467
911,1.2086E+11,41088,0.23352165285269957,0,0.23424369501844858
912,1.2086E+11,36250,0.28377230005291165,0.059210525882963994,0.2429149781179826
913,1.2086E+11,0,0.10176990925287811,0,0.2998859714950288
914,1.2086E+11,41339,0.27672955757288087,0.058224162603899836,0.17981520838795162
915,1.2086E+11,47868,0.17281878904666462,0.033898305,0.23033707680307322
916,1.2086E+11,55100,0.10965630024831179,0.000701754,0.1830201796588714
917,1.20865E+11,63889,0.23765431854265104,0.011743450661757446,0.2138450979174428
918,1.2086E+11,45023,0.20945945837079283,0.015419501063857137,0.25981753169449606
919,1.2086E+11,14146,0.2580144764321899,0,0.29927963130792645
920,1.2086E+11,57007,0.6152482214960264,0,0.2801461615094631
921,1.2086E+11,11654,0.067340065,0,0.10761154714420543
922,1.2086E+11,40591,0.30227000833608114,0.051643191882122165,0.15487179328336623
923,1.2086E+11,100425,0.5237592369389692,0.083084577,0.5083798842108549
924,1.2086E+11,141810,0.6812499939174108,0.029151943,0.5352422868190728
925,1.2086E+11,19186,0.24242423677332783,0,0.13217391074480156
926,1.2086E+11,26534,0.18494795688592508,0.042446043,0.2828828811838866
927,1.2086E+11,46250,0.15604909318498483,0,0.24508518843325566
928,1.2086E+11,68807,0.5449735353620188,0.042158515,0.6450216357139735
929,1.2086E+11,78173,0.7128712807122297,0,0.6123778435138127
930,1.2086E+11,47717,0.5461538356508878,0,0.48602672556468135
931,1.2086E+11,98750,0.5958429423592855,0.030023093994847715,0.5684931441952837
932,1.2086E+11,76964,0.484708059,0,0.5116279025699578
933,1.2086E+11,51125,0.3907103789552789,0.010156249920654298,0.33509699880866844
934,1.2086E+11,62470,0.2541666613715279,0,0.38723403431416953
935,1.2086E+11,102292,0.7488151303879085,0,0.5401459722592221
936,1.2086E+11,39732,0.48902194632690726,0,0.4183835115945561
937,1.2086E+11,91333,0.6130769183609468,0.022598869896900638,0.6258542105589168
938,1.2086E+11,68569,0.28956521487334597,0.027173912879384584,0.1993975891602555
939,1.2086E+11,93000,0.4133333287407408,0,0.26382211379914594
940,1.2086E+11,51071,0.40298507033064956,0.025104602,0.25980015173097504
941,1.2086E+11,69042,0.42673030822563096,0.012393162,0.24373312671140326
942,1.2086E+11,74485,0.5043050368474166,0.041543026,0.26028480806736704
943,1.2086E+11,79800,0.4074355068003205,0.006087792,0.22486074399044048
944,1.2086E+11,98472,0.43760398970379377,0.045026881,0.27153762120208497
945,1.2086E+11,160333,0.029696969516988064,0,0.4785141989911566
946,1.2086E+11,95227,0.5345744645307549,0.010309278291470342,0.27143895250203864
947,1.2086E+11,119269,0.5547320378863624,0,0.333923041
948,1.2086E+11,82784,0.4658203102254867,0.009178522,0.30553900949649193
949,1.2086E+11,0,0.17568766481199943,0,0.19119118927736548
950,1.2086E+11,36644,0.2248427637603339,0.034293552,0.097389557
951,1.2086E+11,0,0.7565542787807387,0.1610486831067909,0.5628415146764614
952,1.2086E+11,82500,0.6006540675848325,0.052887537833168574,0.3247696165183758
953,1.2086E+11,59707,0.3589743560979619,0,0.2683109098033564
954,1.2086E+11,26705,0.042763157191395444,0,0.2730964439279549
955,1.2086E+11,45714,0.16251354103452284,0,0.2714776601205308
956,1.2086E+11,36293,0.200158226,0.018691588660269768,0.21874999863281253
957,1.2086E+11,0,0.6356435517694347,0.015841583844721112,0.6079632372440545
958,1.2086E+11,250001,0.7608695415879025,0,0.6656298496791625
959,1.2086E+11,112751,0.39530987612546276,0.003338898,0.5162036917545442
960,1.2086E+11,31604,0.3773848283974647,0,0.2554157922592041
961,1.2086E+11,124659,0.46863467770046724,0,0.5741556450197409
962,1.2086E+11,12243,0.16520467594730007,0,0.25233644466765665
963,1.2086E+11,10645,0.164296996,0.024502296715125625,0.14754098187891124
964,1.2086E+11,31321,0.020793950457581277,0.047377326,0.18865597794505576
965,1.2086E+11,34904,0.10673297587324798,0.19502487497504187,0.15492957685864797
966,1.2086E+11,50125,0.30227000833608114,0.10103329390317688,0.091549295
967,1.2086E+11,44125,0.42857142191659287,0,0.28422273452177804
968,1.2086E+11,28580,0.46092183445046425,0,0.4746543669434478
969,1.2086E+11,150224,0.779661,0.04237288,0.6360103544558244
970,1.2086E+11,41136,0.4940143615800929,0.057941377,0.44714173494798953
971,1.2086E+11,57639,0.43987341076149666,0.035222051527993084,0.47701862761467545
972,1.2086E+11,28542,0.41865078534423045,0.031866464,0.3766816087192585
973,1.2086E+11,85625,0.6420722034211586,0,0.5924574137170631
974,1.2086E+11,181000,0.8181818081304446,0,0.7491166011562138
975,1.2086E+11,0,0.300639652,0.10386965165234927,0.5279106773857947
976,1.2086E+11,127417,0.8571428321532703,0,0.7209821267637918
977,1.2086E+11,63704,0.36363635419126356,0,0.4981319987779328
978,1.2086E+11,37813,0.159172019,0.056780227,0.2645440241173584
979,1.2086E+11,74743,0.1483312722600045,0.031321971,0.29676070900334006
980,1.2086E+11,33963,0.03305785,0.096525093,0.23126338082159123
981,1.2086E+11,84300,0.1767578107738495,0.046339203,0.22207958779153025
982,1.2086E+11,40878,0.22249538892135595,0,0.24855966873613441
983,1.2086E+11,55938,0.31791906595609637,0,0.21923936869710586
984,1.2086E+11,40134,0.2425463316474913,0,0.21665840249549628
985,1.2086E+11,64423,0.2087658580809351,0.012382367447338448,0.24970273335491835
986,1.2086E+11,0,0.092560553,0.049723757,0.2242846077008151
987,1.2086E+11,67194,0.5565912092472649,0.054328141780774566,0.2782659628638958
988,1.2086E+11,20634,0.058275058,0,0.18714285580612247
989,1.2086E+11,98052,0.6996015880509834,0.027799228,0.546237532
990,1.2086E+11,15296,0.2979797929633032,0.24311182750223945,0.283999997
991,1.2086E+11,87802,0.9137440671683027,0,0.5009124041887555
992,1.2086E+11,137500,0.9267480474278796,0.056722688,0.45328719200360795
993,1.2086E+11,100893,0.4529914505716269,0.10298507411450213,0.4705056146734156
994,1.2086E+11,0,0.1616915402774684,0.041469194,0.065217391
995,1.2086E+11,163125,0.9207207041311585,0,0.5326086908278198
996,1.2086E+11,68636,0.3029197052653312,0,0.23594725721063667
997,1.2086E+11,41250,0.11083944489943402,0.019832189,0.21643518393266675
998,1.2086E+11,75592,0.39590442334797193,0,0.45387452199725015
999,1.2086E+11,0,0.24784853273926796,0,0.5326633031994146
1000,1.2086E+11,23713,0.44984801064291763,0,0.35336537612102464
1001,1.2086E+11,66818,0.42541434113732923,0.0718232,0.689530661
1002,1.2086E+11,0,0.619607819,0.013986013496992536,0.646084328
1003,1.2086E+11,155735,0.7781531443901674,0.00729927,0.7202453943543228
1004,1.2086E+11,0,0.4420529764730714,0.005997001,0.4524752430447996
1005,1.2086E+11,161602,0.8220930136965929,0.011904761775922493,0.6811320711878486
1006,1.2086E+11,40417,0.5658198483644377,0.022403258,0.4179389233217763
1007,1.2086E+11,0,0.5031249947591147,0.016443987498006296,0.40294510839430914
1008,1.2086E+11,73263,0.47538940513776073,0.008722741,0.3672903647450425
1009,1.2086E+11,28056,0.12617370817973175,0.12323429068078766,0.22054507245054475
1010,1.2086E+11,36829,0.065560165,0.082498072,0.22355050673311114
1011,1.2086E+11,42305,0.1584659901702895,0.010793650725119678,0.24986765352108178
1012,1.2086E+11,32724,0.16258879113978855,0.098011363,0.2574152528738599
1013,1.2086E+11,25714,0.20772946358141395,0.052742615,0.2609182501576904
1014,1.2086E+11,33125,0.32191780270688697,0.10126582118250284,0.32978722527161636
1015,1.2086E+11,56538,0.4811683283538176,0.027838827634880384,0.40124999749218754
1016,1.2086E+11,84509,0.7023733117230705,0.015337423218788815,0.4287776687739284
1017,1.2086E+11,56768,0.5005035229926031,0.009223919,0.3800192727914575
1018,1.2086E+11,43705,0.10352187723028947,0.042163152684114094,0.2816471770124699
1019,1.2086E+11,0,0.5042734827233555,0,0.31228472660981943
1020,1.2087E+11,73375,0.46005508374503906,0.027027026,0.31759655970822837
1021,1.2086E+11,33947,0.23968393117046594,0.034642032,0.23505654091230582
1022,1.2086E+11,38043,0.051355206,0.019631902,0.2239583313892506
1023,1.2086E+11,101121,0.29577463747272403,0.016556290842506927,0.36581195955876994
1024,1.2086E+11,72639,0.30646281927405966,0.027906976581936183,0.32321528767163976
1025,1.2086E+11,77048,0.10737463063495793,0.019111860488410005,0.24360535783431572
1026,1.2086E+11,79010,0.35665137410176967,0.009207161,0.2617342869461643
1027,1.2086E+11,145380,0.45272524524221086,0,0.35606820104244535
1028,1.2086E+11,24271,0.1425178113416197,0,0.23599999764000004
1029,1.2086E+11,45595,0.049441785889618936,0.04137931,0.21922428207293826
1030,1.2086E+11,31042,0.19359999845120002,0.05897602,0.15885416563245985
1031,1.2086E+11,11468,0.1808669629167868,0,0.2744755220762629
1032,1.2086E+11,28801,0.054750402,0.052348993,0.16259298445703524
1033,1.2086E+11,52065,0.23395149452280323,0,0.19251336641024913
1034,1.2086E+11,0,0.6651583559918924,0,0.47744773952202707
1035,1.2086E+11,45536,0,0,0.15904436751505552
1036,1.2086E+11,37470,0.025377643351192487,0.014541386943280834,0.1711972228386511
1037,1.2086E+11,101660,0.6892430233117993,0.007348785,0.45400996622560047
1038,1.2086E+11,54395,0,0,0.18430656597980719
1039,1.2086E+11,96781,0.696777598,0,0.5250587293458937
1040,1.2086E+11,56726,0.4652907980245629,0,0.20141342518947675
1041,1.2086E+11,65560,0.4629981,0.12970711229232681,0.4383735649507806
1042,1.2086E+11,31488,0.16719643886079824,0.089770354,0.16126482085956664
1043,1.2086E+11,47588,0.1675152740961544,0.014661491959200119,0.19394943972669107
1044,1.2086E+11,31667,0.15282239489296742,0.078958976,0.20596904861470502
1045,1.2086E+11,52925,0.054054053597516444,0.072108843,0.2360544201628951
1046,1.2086E+11,34960,0.017910447,0.033540372,0.16711956408206818
1047,1.2086E+11,137985,0.7994722849673841,0,0.41622839657228855
1048,1.2086E+11,71944,0.5412541164809552,0.039051603,0.6339031248731749
1049,1.2086E+11,250001,0.7354259759898666,0,0.7218044570071837
1050,1.2086E+11,23333,0.48453606582350295,0,0.4615384526627221
1051,1.2086E+11,213333,0.6400911015924579,0,0.6950354539510086
1052,1.2086E+11,0,0.27681659941811076,0,0.572072046
1053,1.2086E+11,250001,0.4705882207248229,0,0.7734668238614916
1054,1.2086E+11,0,0.6790450748263906,0.048780487,0.7704917927528444
1055,1.2086E+11,176471,0.7581792210785318,0.021871202650410662,0.744292231
1056,1.2086E+11,122845,0.8264563006498022,0.025551683791501932,0.7602389013631493
1057,1.2086E+11,70650,0.5909909803425049,0.023876404159039268,0.6172839410912973
1058,1.2086E+11,29583,0.092215568,0.011055276270801244,0.20526315519390587
1059,1.2086E+11,79278,0.5739692781973755,0.049378452868168325,0.2338545199393116
1060,1.2086E+11,113684,0.7560975486813407,0.030120481474089137,0.39101716788616686
1061,1.2086E+11,63500,0.29166666437368977,0,0.3597285047526668
1062,1.2086E+11,36799,0.34992887126701466,0.084367245,0.11532257971514048
1063,1.2086E+11,41510,0.19946807980138087,0.022177419,0.096818809
1064,1.2086E+11,0,0.3653846107001973,0,0.3897485455536891
1065,1.2086E+11,57478,0.6208609220127407,0,0.19649657123764988
1066,1.2086E+11,80385,0.3386308027062249,0.025504782,0.25418718961391934
1067,1.2086E+11,42122,0.2635604988625835,0.008,0.23165252006164494
1068,1.2086E+11,46181,0.10258868549771155,0.062607204,0.1507692292228797
1069,1.2086E+11,35541,0.13624678312990277,0,0.097251585
1070,1.2086E+11,100461,0.21927965869407143,0,0.17941712040603716
1071,1.2086E+11,39074,0.10490307748115077,0.030090270510629184,0.097440944
1072,1.2086E+11,46250,0.37068964878121297,0.056198346178539735,0.3136729180472799
1073,1.2086E+11,33986,0.20521172304215435,0.03628447,0.084406294
1074,1.2086E+11,35795,0.1278195456686831,0.12919462870478812,0.13021491617933104
1075,1.2086E+11,74315,0.3401108994434215,0.070901033,0.11165845465257053
1076,1.2086E+11,69094,0.24411763987889296,0,0.1631578930193906
1077,1.2086E+11,0,0.7593220210284404,0.085585584,0.5517908949487813
1078,1.2086E+11,60302,0.5902869731113157,0.009598903,0.24295630770536417
1079,1.2086E+11,0,0.6123076860276135,0.020318021,0.2460905329539874
1080,1.2086E+11,136400,0.4285714206201963,0.015673981,0.2415966361176824
1081,1.2086E+11,91023,0.46503496096997415,0.006245663,0.23409363604985814
1082,1.2086E+11,69032,0.4660074136835141,0.026245313196329334,0.2700860822450284
1083,1.2086E+11,112036,0.6082771837509414,0.017528483632528628,0.2949076648298396
1084,1.2086E+11,156875,0.7882562137320959,0,0.26368714789176373
1085,1.2086E+11,86667,0.5139072813648524,0.0230563,0.22852291942776595
1086,1.2086E+11,82059,0.482721377,0.005719733,0.28103207614343045
1087,1.2086E+11,66023,0.41226414705411185,0.041666666,0.21815589249925904
1088,1.2086E+11,50534,0.082864038,0.10801393652951961,0.073648648
1089,1.2086E+11,37786,0.10396039501029312,0.048223349845826144,0.13390804520742502
1090,1.2086E+11,0,0.6926174403675511,0.015439429745374943,0.5058078088087876
1091,1.2086E+11,80401,0.1578099813557169,0.075215782,0.16566264893913005
1092,1.2086E+11,54200,0.06893617,0.013333333244444445,0.086807928
1093,1.2086E+11,32239,0.084269662,0.021452145037523556,0.10302593585716184
1094,1.2086E+11,46321,0.11961722344955475,0.074204946,0.094978165
1095,1.2086E+11,12652,0.092424241,0.013636363,0.16018957194133107
1096,1.2086E+11,65429,0.17767653556177068,0.076699028,0.32583258032553936
1097,1.2086E+11,58542,0.23910614257981963,0.001826484,0.1774447935532745
1098,1.2086E+11,81827,0.24522760286009396,0,0.2526837303659477
1099,1.2086E+11,68266,0.38733705412162894,0,0.4918998491023575
1100,1.2086E+11,47105,0.12292937992215014,0.09032258,0.12110481500633984
1101,1.2086E+11,40329,0.19853479708033117,0.060240963,0.12803889720130254
1102,1.2086E+11,74615,0.45462794505782267,0,0.4250764499995324
1103,1.2086E+11,105625,0.36433120554992093,0.021978021709670066,0.3970731668578228
1104,1.2086E+11,34092,0.01744186,0.031968031648671014,0.11172668410224669
1105,1.2086E+11,32309,0.20286738205829835,0,0.3097294167545802
1106,1.2086E+11,35781,0.13249571597660928,0.003632589,0.29985703967170463
1107,1.2086E+11,48313,0.3364816981317491,0.0160401,0.2605763319400593
1108,1.2086E+11,65147,0.4828124962280274,0.016511126945361616,0.2747834442984435
1109,1.2086E+11,0,0.6061269080292461,0.016253208,0.28173076652181955
1110,1.2086E+11,129911,0.6810126496074348,0.006198347,0.2531017354025947
1111,1.2086E+11,143750,0.5763888788821375,0,0.3217726365917858
1112,1.2086E+11,77246,0.6670333675576333,0.019385026673178384,0.24581589872449128
1113,1.2086E+11,99926,0.6472727194269974,0.02869288,0.29778310187068247
1114,1.2086E+11,89835,0.5664578944574955,0.012020606685629041,0.207964601
1115,1.2086E+11,176838,0.6253918397274006,0.051190476,0.31821127467134624
1116,1.2086E+11,152045,0.7097329826896384,0.014527844948378664,0.32329317106780536
1117,1.2086E+11,97500,0.5623154130991411,0.004736842,0.2490018139782148
1118,1.2086E+11,19135,0.12345678758319367,0.020710058865235817,0.072150071
1119,1.2086E+11,24330,0.065731814,0.062740076,0.078869923
1120,1.2086E+11,58191,0.26212120814967865,0.1028806570249567,0.066231343
1121,1.2086E+11,0,0.040948275,0.13747645692134733,0.082251081
1122,1.2086E+11,45379,0.087310826,0.040567951,0.10146341364425938
1123,1.2086E+11,57404,0.040296924281050646,0.025884382865535956,0.096093749
1124,1.2086E+11,29135,0.093967516,0.070264765,0.059726027
1125,1.2086E+11,46667,0.035778175,0.016781836047473662,0.096908168
1126,1.2086E+11,0,0.084102563,0.018421052,0.07760141
1127,1.2086E+11,24438,0.1181041171864482,0.054627249,0.091894977
1128,1.2086E+11,24345,0.084067253,0.044765343,0.089257503
1129,1.2086E+11,73413,0.41301907505029095,0.061440677315247064,0.4698924680656724
1130,1.2086E+11,36402,0.080206985,0.092238469,0.1437855390431719
1131,1.2086E+11,22123,0.040920715,0.067245118,0.11475409679297682
1132,1.2086E+11,42868,0.16091953758752814,0.13636363442665292,0.050505049994898486
1133,1.2086E+11,13429,0.113207546,0,0.067114093
1134,1.2086E+11,20819,0.045098039,0.052970651,0.074964639
1135,1.2086E+11,28462,0.1707317045409479,0.10828876860576513,0.063291139
1136,1.2086E+11,17039,0.057366361703176515,0.049040511204258945,0.046090534600077906
1137,1.2086E+11,21667,0,0,0.051219511570493766
1138,1.2086E+11,28857,0.2682771756625736,0,0.29359031692698195
1139,1.2086E+11,67750,0.2834857434992698,0.018644838478195366,0.26008968480274197
1140,1.2086E+11,28750,0.24555734659842737,0.026035502650467425,0.33412135276500116
1141,1.2086E+11,65652,0.15572715372294527,0.13934426066341615,0.16606498045067708
1142,1.2086E+11,0,0.16202531440474285,0.018769551,0.39060938670719897
1143,1.2086E+11,66479,0.524813894,0,0.24171967483720186
1144,1.2086E+11,103625,0.5987654228585583,0.029925187,0.4402390394398502
1145,1.2086E+11,23311,0.039575971,0.033290653,0.28376963202214855
1146,1.2086E+11,48346,0.08038348,0.001282051,0.39780821699831115
1147,1.2086E+11,61602,0.13519637360123585,0.06616257,0.25900620957139003
1148,1.2086E+11,76471,0.6878048668649616,0.041297934,0.6140350787421772
1149,1.2086E+11,106484,0.5994397591193346,0.059278349,0.6672793994985404
1150,1.2086E+11,168375,0.5111111048010974,0.030939226177467114,0.48037888389203137
1151,1.2086E+11,95064,0.27952754805009655,0,0.47990542600696395
1152,1.2086E+11,210195,0.7694728499648085,0.017009213203336548,0.7346660575435435
1153,1.2086E+11,67917,0.5116278961600867,0.019230768860946754,0.4030732812875499
1154,1.2086E+11,226750,0.6803068879716909,0,0.7321100783099068
1155,1.2086E+11,0,0.8518518067803277,0.047619045099521425,0.591549279
1156,1.2086E+11,125357,0.7249103877696202,0.020050125145780074,0.5179856073702189
1157,1.2086E+11,106632,0.7869280942885216,0,0.5015608688703344
1158,1.2086E+11,61336,0.09921962,0.030494216293436214,0.3454545432113341
1159,1.2086E+11,48067,0.3055386469535079,0.006809338,0.2595818800256569
1160,1.2086E+11,49662,0.17848206690173424,0.030278884220885385,0.14042069277759697
1161,1.2086E+11,64022,0.20245398462493888,0,0.2644351442306683
1162,1.2086E+11,40670,0.27836780168603803,0.057085628156807074,0.26799322494499056
1163,1.2086E+11,56711,0.14862842818639188,0.071658245,0.1885406455017598
1164,1.2086E+11,189375,0.4827586040428068,0,0.4295039108419855
1165,1.2086E+11,66705,0.3736526901358959,0.031460674,0.33118970848109514
1166,1.2086E+11,51327,0.054209919,0.047619047,0.3177570066460747
1167,1.2086E+11,28890,0.20252100670150414,0.005586592,0.25224775098777347
1168,1.2086E+11,0,0.025590550677351366,0.053231938,0.0486618
1169,1.2086E+11,83565,0.05590062,0.13900861919171748,0.047482014
1170,1.2086E+11,44000,0.5576922979424423,0,0.2375939813895642
1171,1.2086E+11,26174,0.077244257,0.049235992,0.11223457924939759
1172,1.2086E+11,125222,0.6965973469130685,0,0.4785992155823708
1173,1.2086E+11,47819,0.084860828,0.11264080029636546,0.074156059
1174,1.2086E+11,29760,0.161038959,0.070807453,0.048921619942548025
1175,1.2086E+11,0,0.12373453179151259,0.021201413,0.075232459
1176,1.2086E+11,37045,0.04359673,0.00116144,0.077235772
1177,1.2086E+11,23201,0.10708117258927163,0.10742705427815578,0.052550231433151226
1178,1.2086E+11,0,0.495370347,0,0.2516268925894384
1179,1.2086E+11,25865,0.091984231,0.020881670412519312,0.066920565
1180,1.2086E+11,22500,0.176184688,0.067005075,0.049956178
1181,1.2086E+11,85245,0.7963891595146524,0.011787819137644213,0.6061403455601724
1182,1.2086E+11,52500,0.10175438477480252,0.038720538,0.096632503
1183,1.2086E+11,25324,0.19119669613209497,0.046341463,0.091943957
1184,1.2086E+11,45738,0.089552234,0,0.10256410131179364
1185,1.2086E+11,48843,0.17499999453125017,0.1851851808984912,0.070114942
1186,1.2086E+11,40866,0.16517856995376276,0.031122030867141433,0.089254257
1187,1.2086E+11,38000,0.30041151954309137,0.016748768,0.12964988988156514
1188,1.2086E+11,0,0.23918174477433718,0,0.2739975682017159
1189,1.2086E+11,0,0.17040673092281394,0.086683417,0.29001468215848253
1190,1.2086E+11,31250,0.039349871,0,0.22514619751376494
1191,1.2086E+11,44317,0.11566424246091049,0.015365703654789774,0.3104125721492506
1192,1.2086E+11,17965,0.097883597,0.011075949279462427,0.32174505574815915
1193,1.2086E+11,33849,0.091900311,0,0.2816419596257585
1194,1.2086E+11,35341,0.10939907493888508,0.014025245376226061,0.17611580146314512
1195,1.2086E+11,45192,0.1594911921771899,0.026315789250290416,0.289748952
1196,1.2086E+11,28250,0.073654391,0.026046987,0.322491074
1197,1.2086E+11,50256,0.2407614754673967,0.057819904665214174,0.37115665906913137
1198,1.2086E+11,76771,0.5724137832342452,0,0.21185285959228298
1199,1.2086E+11,0,0.4788461446375742,0,0.24631860446695308
1200,1.2086E+11,95486,0.8733153403419046,0,0.2653399624321731
1201,1.2086E+11,90881,0.5530887977501081,0.046437149,0.2729885044397102
1202,1.2086E+11,90188,0.64810689,0.043052836730864255,0.22326064150300476
1203,1.2086E+11,118051,0.6396396332368405,0,0.25434243018397995
1204,1.2086E+11,74046,0.5900930831446373,0.049066667,0.2873821277786661
1205,1.2086E+11,112593,0.5681003550292691,0.033516758,0.2478852510191789
1206,1.2086E+11,75208,0.6081708421161984,0.03755102,0.27248831696119064
1207,1.2086E+11,82660,0.6036505788311528,0.017707362369922066,0.24448366951029418
1208,1.2086E+11,26076,0.076822916,0.008,0.16682112913048072
1209,1.2086E+11,59412,0.40588234498269915,0,0.27415458606093496
1210,1.2086E+11,96522,0.6628814715196489,0.048538011412058414,0.5288376173128871
1211,1.2086E+11,46933,0.2488372081449432,0.060415849115669475,0.11655978831927653
1212,1.2086E+11,24766,0.094846491,0.035027133522313104,0.075591459
1213,1.2086E+11,76250,0.7445140949135722,0.026836158,0.41818181472577015
1214,1.2086E+11,28060,0.2957110542728882,0.16597510029097304,0.27237353732330044
1215,1.2086E+11,70708,0.2915506008212572,0,0.10839843644142153
1216,1.2086E+11,48743,0.033776868,0,0.14942528612951325
1217,1.2086E+11,0,0.18797814002209684,0.06768953,0.11971830909271249
1218,1.2086E+11,212143,0.6952380290249496,0,0.5150501499983228
1219,1.2086E+11,95713,0.31356837439333135,0.017985611418367877,0.3875598069266646
1220,1.2086E+11,45987,0.5352006015503361,0.022368420905470917,0.3559837710142811
1221,1.2086E+11,221250,0.715986382,0.063621532,0.5233494279653876
1222,1.2086E+11,61537,0.6597156335571978,0.056179775,0.410635149
1223,1.2086E+11,66517,0.3593287230076138,0,0.41279069500781207
1224,1.2086E+11,61672,0.2759948616688721,0.009039548,0.40654842555868453
1225,1.2086E+11,101743,0.6116504656423798,0.3294797592635908,0.328928042
1226,1.2086E+11,61518,0.42824427154012007,0.027086383,0.29032257856399585
1227,1.2086E+11,29125,0.3662239019691859,0,0.342857139
1228,1.2086E+11,54495,0.2307692273554848,0.022167487,0.29329004011590865
1229,1.2086E+11,30679,0.096752816,0.029393753647313205,0.2975295365331389
1230,1.2086E+11,35425,0.2532750981102577,0.052816899548700724,0.4507658544690185
1231,1.2086E+11,88063,0.12439613376333172,0,0.18823529210443538
1232,1.2086E+11,32917,0.12215669652774476,0,0.25654115981786113
1233,1.2086E+11,36250,0.18376623257294655,0.027103331298117837,0.28012358249163966
1234,1.2086E+11,50926,0.11898569493507351,0,0.20153163965525336
1235,1.2086E+11,0,0.1894934316182605,0,0.33888888717732885
1236,1.2086E+11,44107,0.20383692801154762,0,0.2632363887901835
1237,1.2086E+11,24393,0.094047618,0.037878787468844294,0.3081570965945912
1238,1.2086E+11,0,0.2892768007661646,0,0.21612902877211246
1239,1.2086E+11,80877,0.29841656152963997,0.014492753473159902,0.3565804234355408
1240,1.2086E+11,35329,0.072390572,0.040096231,0.073310423
1241,1.2086E+11,24967,0.088917525,0.075635461,0.085660198
1242,1.2086E+11,32464,0.3241206003004975,0,0.12044198828485089
1243,1.2086E+11,60583,0.5359307312906431,0.045871559,0.3785224647484961
1244,1.2086E+11,87446,0.2263701332297845,0.004724409,0.10915197221534868
1245,1.2086E+11,83625,0.5276417037953695,0.030516432,0.48425786864438847
1246,1.2086E+11,54063,0.093883356,0.082644628,0.2305129898033778
1247,1.2086E+11,50391,0.34350547462045794,0.064608758,0.11103810702340272
1248,1.2086E+11,39630,0.22204968771700553,0.012820512729198628,0.096343586
1249,1.2086E+11,80450,0.16265059996008133,0,0.10370370242341108
1250,1.2086E+11,58654,0.32764504560332686,0.035276073078587836,0.21555555316049385
1251,1.2086E+11,58232,0.2739130375236296,0.14498140994458347,0.094472361
1252,1.2086E+11,103155,0.4731182723023307,0.077138849,0.3992172172287944
1253,1.2086E+11,110956,0.5892574946404819,0.034620506,0.3792394616727702
1254,1.2086E+11,27546,0.2696629170198569,0.00135318,0.3241491059631353
1255,1.2086E+11,26136,0.20336391281831873,0.038277511700085365,0.068818225
1256,1.2086E+11,0,0.14018691261245533,0.058116231300275926,0.14618643912938095
1257,1.2086E+11,35405,0.17438271335829147,0.10958903973114521,0.075392669
1258,1.2086E+11,0,0.5077669853614856,0.049861495,0.5073170669839382
1259,1.2086E+11,0,0.5450236902248378,0.026255707462834392,0.548240629
1260,1.2086E+11,64323,0.5141065669559071,0.048433047,0.3400713395948711
1261,1.2086E+11,0,0.6754890601209544,0.021989528565554674,0.5132978677899125
1262,1.2086E+11,35714,0.22819767110177805,0.060085836,0.3808975790460578
1263,1.2086E+11,58004,0.36590296249391535,0,0.2736077459757244
1264,1.2086E+11,103917,0.4188741687179291,0.007407407,0.4800771177372936
1265,1.2086E+11,41689,0.3333333304622452,0.073373676,0.3707386337305495
1266,1.2086E+11,0,0.42979451686819764,0.008415147,0.3589743567293661
1267,1.2086E+11,32202,0.25217390865784506,0,0.3737166286066055
1268,1.2086E+11,55065,0.2849631936386625,0.024509803681276435,0.30431177193771336
1269,1.2086E+11,120368,0.1577574946837354,0.054313098,0.28792569362305787
1270,1.2086E+11,103505,0.41700735554368473,0,0.34716679691008145
1271,1.2086E+11,36563,0.14077669805286616,0.077555816,0.27513227351480146
1272,1.2086E+11,57846,0.093225605,0.004846527,0.3061488653323698
1273,1.2086E+11,32738,0.12569521550950818,0,0.2297650110551348
1274,1.2086E+11,80234,0.095029238,0.074074073,0.23062200736246882
1275,1.2086E+11,41754,0.10736196209241348,0.036846615,0.2684610057387094
1276,1.2086E+11,62566,0.1362346250119714,0,0.2962728976862104
1277,1.2086E+11,48214,0.19703389691360243,0.029690460962157543,0.22910372492898426
1278,1.2086E+11,70250,0.12257405390629159,0.00877193,0.2368240914659542
1279,1.2086E+11,0,0.13970587978481838,0.069230768,0.33135391530458536
1280,1.2086E+11,42953,0.1475504314262223,0.006094464,0.3520612902150263
1281,1.2086E+11,40359,0.12192040352545544,0.021666666546296297,0.31001678617785794
1282,1.2086E+11,26906,0.084817641,0.056864337,0.3265694335664589
1283,1.2086E+11,41164,0.2504835565717258,0.025157232478371677,0.30936675257673646
1284,1.2086E+11,0,0.16021260318745176,0.037790697,0.31384015390617187
1285,1.2086E+11,53024,0.1399999983529412,0,0.2820932111030809
1286,1.2086E+11,72469,0.12443778017662833,0.042335766114337474,0.26902748272184207
1287,1.2086E+11,58558,0.20528771064871368,0.028653294718434173,0.2602854722058315
1288,1.2086E+11,34832,0.1318681308330602,0.018867924391379357,0.25547445100076366
1289,1.2086E+11,0,0.19540229604307047,0,0.2692307665756335
1290,1.2086E+11,0,0.1332357227930348,0.009975062,0.21483622143703063
1291,1.2086E+11,51960,0.15394401970337565,0.052827380755850514,0.22958181243451636
1292,1.2086E+11,75267,0.12150537503757662,0,0.29365700631435393
1293,1.2086E+11,0,0.17144856423059088,0.007290401,0.2960927942851478
1294,1.2086E+11,32239,0.098479362,0.071787508,0.3049203028072051
1295,1.2086E+11,0,0.10825439637003524,0,0.203577511
1296,1.2086E+11,48942,0.216617209,0.034460338,0.30878186823049164
1297,1.2086E+11,69643,0.4649122756040321,0.031794871,0.20972886595112547
1298,1.2086E+11,197963,0.7583212625423841,0,0.5984251901189518
1299,1.2086E+11,102019,0.43736262775027196,0.018248174849485863,0.4709219791358585
1300,1.2086E+11,0,0.3498817884188703,0,0.12523719046264525
1301,1.2086E+11,0,0.22723253556823578,0.1440129438186655,0.13660062422731362
1302,1.2086E+11,72241,0.22222222085805882,0.040065861,0.1287575143849824
1303,1.2086E+11,53726,0.33096084820354366,0.008264463,0.35401830769055637
1304,1.2086E+11,192857,0.8399196192905585,0.032954545,0.5383064479952524
1305,1.2086E+11,0,0,0,0.11987381577419752
1306,1.2086E+11,64527,0.18200836693160136,0.11989955982486153,0.15608919293259466
1307,1.2086E+11,25263,0.051625238676703385,0.020334928,0.1403336597628378
1308,1.2086E+11,58415,0,0,0.3306370037347118
1309,1.2086E+11,12229,0.1559633011624536,0.010194624557973823,0.3393148422568121
1310,1.2086E+11,49210,0.2476099402714155,0.014274385295207095,0.3533749270937327
1311,1.2086E+11,0,0.285148509,0.013861385864130974,0.2609034247593191
1312,1.2086E+11,73977,0.3833087120878234,0.019807923,0.2961822641860698
1313,1.2086E+11,39292,0.11159029589439194,0.003638254,0.27950855515792644
1314,1.2086E+11,28855,0.19337669903384566,0.004343629,0.19847972889155518
1315,1.2086E+11,53969,0.11400651094441333,0,0.17536813687592856
1316,1.2086E+11,64305,0.087625814,0.011467889842500632,0.284722219
1317,1.2086E+11,70982,0.082007343,0.005030181,0.2878953076565397
1318,1.2086E+11,35598,0.5212121106825837,0.06822612,0.34218590048839737
1319,1.2086E+11,70625,0.571906335,0,0.5845896049482479
1320,1.2086E+11,0,0.49804940834786204,0,0.5733240183427094
1321,1.2086E+11,114330,0.5694117513079588,0.020642201361417402,0.3578154358226848
1322,1.2086E+11,61771,0.18548386847467918,0.049673202,0.36510637987143507
1323,1.2086E+11,45254,0.28643215936466254,0.057224026,0.26134020483845255
1324,1.2086E+11,46299,0.4413106576469902,0.065225494,0.35535899919168057
1325,1.2086E+11,40457,0.2163120541807086,0.019036953874166252,0.3678278650837309
1326,1.2086E+11,67908,0.4057567278945522,0,0.556773684
1327,1.2086E+11,0,0.23696681341389508,0.35545022012084265,0.6059259169492457
1328,1.2086E+11,38620,0.033659066,0,0.086080586
1329,1.2086E+11,32303,0.053703703,0.033599999,0.15226337323240022
1330,1.2086E+11,225047,0.7322485098779806,0.023054755,0.6257510675901196
1331,1.2086E+11,161932,0.6577868717666625,0,0.5318127187057297
1332,1.2086E+11,39540,0.20566502209772142,0.19324181422131137,0.1474164111334892
1333,1.2086E+11,156146,0.7314814645490402,0,0.5505226416896325
1334,1.2086E+11,29100,0.055432372,0.011058451729396117,0.060253699
1335,1.2086E+11,43839,0.1203007488646429,0.039702232265453295,0.15784008143468245
1336,1.2086E+11,44353,0.086989409,0,0.067481662
1337,1.2086E+11,51557,0,0.039041703,0.025071633058226125
1338,1.2086E+11,61375,0.4694932733247852,0.033699059297029314,0.32041884481236815
1339,1.2086E+11,90147,0.5606299168454337,0.022364217109493822,0.2287066234032249
1340,1.2087E+11,51250,0.10632183602523461,0,0.44491978133775634
1341,1.2086E+11,57125,0.15123858994473807,0.043023255313683076,0.25120109642277905
1342,1.2086E+11,64750,0.29466051223031964,0.012041284334625663,0.20106131956921391
1343,1.2086E+11,64758,0.4038461499630178,0.031666666,0.2771560218752072
1344,1.2086E+11,87708,0.10163934359580759,0.009947338,0.23132529981129338
1345,1.2086E+11,95556,0.13630136892944267,0.043173862058495556,0.2665418210577914
1346,1.2086E+11,101532,0.3724247206950622,0.053101504,0.2820129532535478
1347,1.2086E+11,94073,0.33116177707750516,0,0.2681818157438017
1348,1.2086E+11,40932,0.10951661548703463,0.017282479038841007,0.29401853288113505
1349,1.2086E+11,55293,0.14019336919755962,0,0.2729618148969979
1350,1.2086E+11,55250,0.18732394102360647,0.007317073,0.29208632883391134
1351,1.2086E+11,34245,0.2770724400517368,0.017323775,0.2352441603598974
1352,1.2086E+11,67794,0.2829064902745295,0.011840689,0.24921839995882802
1353,1.2086E+11,33108,0.21343283263533086,0,0.358361772
1354,1.2086E+11,0,0.24709926838375904,0.011261261218989259,0.2131528038175907
1355,1.2086E+11,45921,0.20313564960371064,0.014697236833055634,0.2503888011903121
1356,1.2086E+11,0,0.24099098963405974,0.003820439,0.24106717369667852
1357,1.2086E+11,49483,0.2715143410839604,0.034358047,0.23640960709477618
1358,1.2086E+11,71205,0.2554585124949944,0,0.28668018737876816
1359,1.2086E+11,37059,0.16423995245055356,0.046437994477899765,0.2689507483128447
1360,1.2086E+11,56771,0.3144927490653225,0,0.3163265273844232
1361,1.2086E+11,84330,0.14479025514492214,0.011553273279162089,0.2973621079347553
1362,1.2086E+11,110125,0.23471882497115634,0.029460811398216723,0.3323459695951068
1363,1.2086E+11,0,0.1829931960340599,0.013264129104589798,0.2761237578743505
1364,1.2086E+11,71094,0.12757973494221886,0.011945392287621292,0.30136985926064935
1365,1.2086E+11,66793,0.10325047702437402,0,0.31184668717903585
1366,1.2086E+11,24922,0.20649966007786283,0.060848186,0.28177704532382947
1367,1.2086E+11,0,0.10739614886123457,0.031984947958749316,0.22188449679419076
1368,1.2086E+11,104142,0.5811467387643661,0.070360597,0.6845507389492519
1369,1.2086E+11,43333,0.1640419925978741,0.014613778553092082,0.093046032
1370,1.2086E+11,101645,0.275289015,0.032594524,0.12839506093583297
1371,1.2086E+11,102813,0.5849673011448595,0.036390101,0.34337997477524246
1372,1.2086E+11,198906,0.6035031751034526,0.047380155811704815,0.3782938795073967
1373,1.2086E+11,68387,0.301568153,0.019847328143270594,0.20202020065979664
1374,1.2086E+11,43064,0.21012416227197553,0.014951627,0.16777531287675304
1375,1.2086E+11,28047,0.24322830158524986,0,0.1178010463494696
1376,1.2086E+11,0,0.2362093318782273,0,0.081285443
1377,1.2086E+11,92035,0.7502762348035775,0.028272251,0.4940143615800929
1378,1.2086E+11,24977,0.20226536889538238,0,0.22407044790537722
1379,1.2086E+11,65318,0.33001658101147113,0.095919828,0.2225563893040873
1380,1.2086E+11,40904,0.2870370346209004,0.05467128,0.27086279865019236
1381,1.2086E+11,48750,0.1732336944753146,0.03270745,0.22594142154374047
1382,1.2086E+11,0,0.12499999609375013,0,0.2863534643584624
1383,1.2086E+11,53924,0.21965897472759305,0,0.24871531090734522
1384,1.2086E+11,52833,0.20797720649588886,0.010165184179382565,0.32851678568416154
1385,1.2086E+11,26492,0.25886688042898715,0,0.28212074194225717
1386,1.2086E+11,60455,0.2734778093552342,0.007142857,0.29270021054074974
1387,1.2086E+11,37778,0.40794451192973197,0.029043280016837814,0.23476070410699898
1388,1.2086E+11,70882,0.33970587735726654,0.048029556,0.094961239
1389,1.2086E+11,75917,0.17860300461005302,0.00990099,0.098181817
1390,1.2086E+11,58929,0.23287670913867523,0.007371007,0.074431426
1391,1.2086E+11,0,0.310176122,0,0.11169170403859109
1392,1.2086E+11,71500,0.092505854,0.043349753,0.077727952
1393,1.2086E+11,106667,0.5385735001663247,0.027700830641262733,0.5440414472536176
1394,1.2086E+11,46630,0.38666666270085476,0,0.42121981943316505
1395,1.2086E+11,55250,0.07278241,0.046670815,0.070447761
1396,1.2086E+11,66285,0.7572815411443117,0.070149253,0.5523917932529409
1397,1.2086E+11,91625,0.3226519301364428,0.009155646,0.22026431556340445
1398,1.2086E+11,66310,0.25946703885366734,0.02962009,0.2856599456612402
1399,1.2086E+11,53185,0.19999999847908748,0.046065259,0.2451820115354282
1400,1.2086E+11,32089,0.17655641937472558,0.065863454,0.23878684220936844
1401,1.2086E+11,87450,0.2711496726597999,0.026041666,0.29193548230142213
1402,1.2086E+11,0,0.27680140354304567,0.044764188,0.2529452511923406
1403,1.2086E+11,80889,0.15201465062257646,0.04,0.32714776407458585
1404,1.2086E+11,54583,0.20517559884310907,0.026273885,0.2634493650043563
1405,1.2086E+11,66927,0.14305364314919336,0.033878504277120275,0.2955575675833403
1406,1.2086E+11,28812,0.29635498972777347,0,0.2628820937739555
1407,1.2086E+11,61348,0.1107410482036549,0,0.26415094122927857
1408,1.2086E+11,52462,0.6174418532855599,0,0.5515898731240112
1409,1.2086E+11,130577,0.776687107,0,0.6357560514974432
1410,1.2086E+11,204741,0.8268398149085164,0,0.6741245070610457
1411,1.2086E+11,135774,0.656140339,0.017118402038253894,0.6095505532366495
1412,1.2086E+11,46540,0.3163913555731721,0.010351966766542788,0.4845916757735618
1413,1.2086E+11,79000,0.6397694432309878,0,0.6726726659392126
1414,1.2086E+11,75179,0.409171072,0.044973545,0.46717724033272845
1415,1.2086E+11,0,0.43573666345653095,0.090410956,0.8437499824218754
1416,1.2086E+11,0,0.5346666595377779,0.038202247,0.5220680925468595
1417,1.2086E+11,78289,0.5018820514192968,0.09111111,0.6628075205296128
1418,1.2086E+11,24946,0.14634146153605312,0.030858245,0.074250681
1419,1.2086E+11,27937,0.025604551738232208,0,0.12231030531404187
1420,1.2086E+11,79000,0.22416107232106663,0.032221594,0.19296621844994807
1421,1.2086E+11,97528,0.10641399261787184,0.032059186,0.2694013273902292
1422,1.2086E+11,50994,0.1315205320115398,0.021012416327543377,0.2639593893741715
1423,1.2086E+11,57784,0.12046783484832942,0,0.26382488327289816
1424,1.2086E+11,35615,0.3309248538972791,0.016810344755127823,0.2888639750042452
1425,1.2086E+11,50580,0.2094395267879674,0.012273212314443905,0.19882755154456497
1426,1.2086E+11,56250,0.2028469732842796,0.051809793812563565,0.2901364098104071
1427,1.2086E+11,61161,0.23739495673637104,0.021645021540908985,0.255271919
1428,1.2086E+11,51667,0.17709720137021037,0.018921475696107137,0.12394864929637604
1429,1.2086E+11,44006,0.1896067402415257,0.015856236702662597,0.3128381686530341
1430,1.2086E+11,44286,0.06949236,0.047846889761376035,0.11240535752821575
1431,1.2086E+11,54496,0.26519915864571114,0.055445544005489664,0.27227722547626054
1432,1.2086E+11,0,0.26212470828955303,0.011282051166337938,0.12512820384483894
1433,1.2086E+11,63700,0.14903846034424312,0.11776718776196606,0.099841521
1434,1.2086E+11,72815,0.3318385625423127,0.10362694233402239,0.13058224912050737
1435,1.2086E+11,56129,0.027027026296566857,0,0.064685314
1436,1.2086E+11,0,0.065876152,0,0.096774191
1437,1.2086E+11,44884,0.2702406972621368,0.033057851,0.2026905811417885
1438,1.2086E+11,79489,0.2249508818767104,0.008695652,0.23914372942419737
1439,1.2086E+11,77216,0.42948717398093367,0,0.3278867066679008
1440,1.2086E+11,0,0.3617693465755238,0.005882353,0.11000901614058597
1441,1.2086E+11,74886,0.1614173212458925,0,0.24928160740458616
1442,1.2086E+11,56288,0.2025099817312608,0.014587525,0.214285713
1443,1.2086E+11,36222,0.062397372,0,0.2910737367977119
1444,1.2086E+11,0,0.059541984,0.077253218,0.2910052871560147
1445,1.2086E+11,63929,0.3324432554576552,0.027195467,0.21869565122306237
1446,1.2086E+11,41404,0.15119196893856984,0.018508438,0.26517434237979187
1447,1.2086E+11,88788,0.41137123057907643,0.04870624,0.2730093043122099
1448,1.2086E+11,99219,0.1103965690204012,0.014517506,0.090999999
1449,1.2086E+11,41250,0.2080378201409499,0,0.2205240150597815
1450,1.2086E+11,65857,0.3487654213344006,0.12894736502770093,0.16205533383326307
1451,1.2086E+11,39375,0.10348977073712533,0.050847457,0.11382978662856497
1452,1.2086E+11,35268,0.15337001270034378,0.010253317187856954,0.13808267309550273
1453,1.2086E+11,65421,0.082373781,0.013209013106379074,0.095317725
1454,1.2086E+11,69877,0.12524461716981783,0,0.14054927188570862
1455,1.2086E+11,49255,0.057173678,0.014354066848286441,0.14925373003289089
1456,1.2086E+11,65969,0.2271714871454012,0.044989774,0.15613825797213043
1457,1.2086E+11,67057,0.12605041751994922,0.006568144,0.10361681228136059
1458,1.2086E+11,38236,0.12102404871199342,0,0.10605074752081492
1459,1.2086E+11,41727,0.2798325172377354,0.036967418314740486,0.22404063078983844
1460,1.2086E+11,72833,0.6644204762207483,0.028117359069469938,0.48641974908296504
1461,1.2086E+11,75156,0.3946135785174054,0.020234291584299343,0.11441213581281837
1462,1.2086E+11,27331,0,0.029077117205093334,0.064082278
1463,1.2086E+11,44554,0.24293784853224393,0.046861184377885196,0.20094085886464477
1464,1.2086E+11,58333,0.15086408149993422,0.017376194537896635,0.21073646756549924
1465,1.2086E+11,58155,0.1359430595306544,0.07596513,0.14364919282434882
1466,1.2086E+11,90067,0.2253909822871115,0.029571984205665494,0.047244093956759346
1467,1.2086E+11,29750,0.021459227283611784,0.050639955,0.06284737
1468,1.2086E+11,17262,0.027118643148520572,0,0.089896578
1469,1.2086E+11,94048,0.3469656946310595,0.016336055818715802,0.10638297746592225
1470,1.2086E+11,23828,0.054115853,0.036520584,0.11276499723606224
1471,1.2086E+11,71078,0.1705937778454875,0.012987012874571317,0.12516468983239046
1472,1.2086E+11,39896,0.13894736549584494,0,0.060855262
1473,1.2086E+11,50741,0.21933961746840527,0,0.22985074398158464
1474,1.2086E+11,29938,0.09036144,0.12650601647554116,0.029577464
1475,1.2086E+11,57260,0.12326043492523987,0.020689654815695607,0.09111111
1476,1.2086E+11,49032,0.050730207,0.049257759,0.11999999902040817
1477,1.2086E+11,41912,0.096732026,0.042992741,0.055763823543749653
1478,1.2086E+11,0,0.12219730873207786,0,0.2708333317660108
1479,1.2086E+11,64931,0.22105843318049376,0.066103379,0.27375809787387634
1480,1.2086E+11,65133,0.36970172394268663,0,0.1867653452905296
1481,1.2086E+11,71400,0.13898601277110129,0.021641791,0.2530695753542321
1482,1.2086E+11,94963,0.4410354703639936,0.004966887,0.3219971033140586
1483,1.2086E+11,28575,0.073710073,0,0.18462469621897884
1484,1.2086E+11,102208,0.38188976077252157,0.052814454115257446,0.3174539618997039
1485,1.2086E+11,26031,0.044988161,0.088842975,0.1334450020466499
1486,1.2087E+11,0,0,0,0
1487,1.2086E+11,114375,0.4897875796985801,0.024074073984910835,0.3321839067732417
1488,1.2086E+11,62689,0.18397625839797838,0,0.10705289537716757
1489,1.2086E+11,68948,0.1352313143197275,0.034843205,0.27075350867492326
1490,1.2086E+11,27969,0.074766353,0,0.059787849
1491,1.2086E+11,40806,0.18358530920982055,0,0.2013129058793675
1492,1.2086E+11,47196,0.16005290899435906,0.031774580145236334,0.054940375
1493,1.2086E+11,33125,0.099730457,0.030341339692271308,0.10805687101367895
1494,1.2086E+11,54755,0.5021428535561225,0.036630036406410035,0.21905651462374348
1495,1.2086E+11,0,0.1997593237092741,0,0.24204354906161182
1496,1.2086E+11,42147,0.16162943283009945,0,0.029914529488397016
1497,1.2086E+11,60773,0.18113207319330726,0.013422818641802925,0.15354713164677228
1498,1.2086E+11,103162,0.13416148901662747,0.017777777580246915,0.2916666638404393
1499,1.2086E+11,73154,0.11261792386428111,0.023902438907792978,0.25642054471741355
1500,1.2086E+11,89625,0.1472081205819956,0.047619047,0.2549450530773256
1501,1.2086E+11,67930,0.17526501642922251,0,0.24684317618393817
1502,1.2086E+11,57295,0.2310847756103702,0.018128161812275875,0.2664877290395409
1503,1.2086E+11,54167,0.2716584141605296,0.036420395,0.2573715237684434
1504,1.2086E+11,68218,0.31108462084523697,0.035196687006245474,0.28320140472118377
1505,1.2086E+11,83738,0.3120567358862153,0.023174464,0.26954069190354274
1506,1.2086E+11,188879,0.3173515909280459,0,0.28879310033628125
1507,1.2086E+11,123222,0.42999198006416683,0.006290207,0.26086399146152545
1508,1.2086E+11,50592,0.079640718,0.054975261,0.079649123
1509,1.2086E+11,68010,0.2745664720045775,0.080825958,0.066734074
1510,1.2086E+11,30714,0.098273571,0.008733624,0.064516129
1511,1.2086E+11,72045,0.25079113725639923,0.008104738,0.091769846
1512,1.2086E+11,31430,0.044210525850415516,0,0.07451923
1513,1.2086E+11,51692,0.12736841971191137,0.21052631357340723,0.1219305662833991
1514,1.2086E+11,33173,0.10949367019307804,0,0.064398542
1515,1.2086E+11,46429,0.10721649374003615,0.014769765293051561,0.054585152441156096
1516,1.2086E+11,38900,0.1070038900096898,0.016308376454348582,0.078061911
1517,1.2086E+11,47250,0.25259515279590367,0.010152284160890517,0.17391304202413846
1518,1.2086E+11,0,0.638709667,0.061728394109129725,0.6231599546304224
1519,1.2086E+11,69135,0.4830053580857718,0.048300535808577176,0.755584747
1520,1.2086E+11,113750,0.7451381704694149,0.010027347219440774,0.5716064721568713
1521,1.2086E+11,104659,0.9439124357877916,0.019007391562751937,0.7863145163707741
1522,1.2086E+11,62188,0.33922501468915695,0.096590908,0.348484847
1523,1.2086E+11,76491,0.4591836682632237,0.016806722512534428,0.558368487
1524,1.2086E+11,168321,0.6253132753720141,0.014492753461619249,0.6164383484876919
1525,1.2086E+11,81111,0.5364520016011421,0.012536161945341552,0.3767241363072235
1526,1.2086E+11,38977,0.5549132787597318,0,0.5522620818679863
1527,1.2086E+11,57760,0.19291338329509997,0.058823529,0.3931256670985428
1528,1.2086E+11,109830,0.5909439709060325,0.014767932385598226,0.34106411850357377
1529,1.2086E+11,91458,0.28978224212912695,0.017760617623470136,0.24500256153253427
1530,1.2086E+11,68958,0.042537851171320466,0.055103318,0.2003504661194482
1531,1.2086E+11,86373,0.455301451,0.018500486674776176,0.33672727027834715
1532,1.2086E+11,89016,0.6713483051776924,0.015018773278863914,0.30853658348453306
1533,1.2086E+11,75462,0.313638382,0.068859984,0.36411842525798305
1534,1.2086E+11,56845,0.064599482,0,0.13962264045567818
1535,1.2086E+11,0,0.2799999970526316,0,0.256770308
1536,1.2086E+11,97847,0.48889916517622956,0.021170131,0.31386861170680375
1537,1.2086E+11,0,0.6461295316567215,0.027859237,0.27724358752208667
1538,1.2086E+11,80500,0.25054466048987173,0.062130177,0.14687774781496152
1539,1.2086E+11,69792,0.23523717100448044,0.009128631,0.11176905912828232
1540,1.2086E+11,60506,0.21830985723318788,0.070044709,0.079722703
1541,1.2086E+11,39352,0.36898395064199735,0.069381598,0.10946196558940663
1542,1.2086E+11,45216,0.12216404833261758,0.077110107,0.052683245900905604
1543,1.2086E+11,63854,0.154999998,0,0.066229985
1544,1.2086E+11,31780,0.10185185106595794,0,0.045039909
1545,1.2086E+11,54063,0.068222621,0.002170767,0.076923076
1546,1.2086E+11,44707,0.17307692169008876,0.019060585302514737,0.1115129589420557
1547,1.2086E+11,56106,0.15338882100607823,0,0.095038434
1548,1.2086E+11,56186,0.33073424086592434,0.03188929,0.33086680586222617
1549,1.2086E+11,53229,0.074889867,0.028290282554855075,0.28923293251771337
1550,1.2086E+11,55250,0.045787546,0.055198973,0.207556192
1551,1.2086E+11,44276,0.067831448,0.012184508162014725,0.16443452258605265
1552,1.2086E+11,45913,0.10076335724025409,0.022253129036813226,0.090601185
1553,1.2086E+11,47179,0.19475982362655175,0.055339049,0.11736770612369263
1554,1.2086E+11,115313,0.47724316984887405,0.006908463,0.2749049419205135
1555,1.2086E+11,54183,0.26847918208598825,0.054109589,0.2814776260068802
1556,1.2086E+11,58300,0.31274509497308733,0,0.28586897517125626
1557,1.2086E+11,0,0.21759259057784638,0.013921113581429903,0.26878612561395304
1558,1.2086E+11,55357,0.078269825,0.013816925674365604,0.10109789523742957
1559,1.2086E+11,39879,0.095342066,0.013496143872132752,0.11904761833900228
1560,1.2086E+11,45882,0.105468749,0.13685474025384467,0.10289587120828175
1561,1.2086E+11,32114,0.19722814288669357,0.12469236977282716,0.092342342
1562,1.2086E+11,45556,0.068836044,0,0.014106582961547156
1563,1.2086E+11,64479,0.22230063357586002,0.013473930793942995,0.079219987
1564,1.2086E+11,0,0.37823832237107136,0,0.059842518742637504
1565,1.2086E+11,73625,0.11477761671768126,0,0.077087794
1566,1.2086E+11,42102,0.3488664943467696,0.10862944052152852,0.13777777655308643
1567,1.2086E+11,89648,0.14789421990309284,0.12186115124179357,0.079820627
1568,1.2086E+11,82054,0.3378839552004101,0.049056603,0.17263157713019392
1569,1.2086E+11,36185,0.12734324416714127,0,0.080629301
1570,1.2086E+11,52737,0.29380530713446634,0,0.24473560952393256
1571,1.2086E+11,52759,0.15474642191487098,0.060022649,0.20368239121194026
1572,1.2086E+11,52405,0.30358265051173694,0.015340909003744836,0.16649746108376923
1573,1.2086E+11,91537,0.5549915303723938,0.018248175,0.093301434
1574,1.2086E+11,37139,0.26638089242877594,0.058459808552783536,0.3137055821639311
1575,1.2086E+11,67599,0.24816753666840277,0.087511394,0.059032401
1576,1.2086E+11,32014,0.030721966,0.094064949,0.1327639741245033
1577,1.2086E+11,37147,0.144344204,0.018721756,0.18657718037325643
1578,1.2086E+11,0,0.082135523,0.032927379,0.19775014684576586
1579,1.2086E+11,45636,0.17958411928559434,0.074525745,0.24914907931144262
1580,1.2086E+11,58708,0.045454545085596224,0.018018017893153028,0.12981015838989143
1581,1.2086E+11,71563,0.1007620651925312,0.030160857706696666,0.11641443471237232
1582,1.2086E+11,84857,0.5486005061139924,0.034995206,0.23199654923675483
1583,1.2086E+11,58102,0.23669923738654466,0,0.070113935
1584,1.2086E+11,73854,0.2833706168279596,0.032295948136841175,0.24079822509623844
1585,1.2086E+11,86600,0.22112047485810374,0.023235031174106205,0.345295828
1586,1.2086E+11,85995,0.4324540333137168,0.036437246717697394,0.24360902133529314
1587,1.2086E+11,70200,0.3250688660458834,0.056074766,0.2712177096751134
1588,1.2086E+11,0,0.6412005369549723,0,0.5765472218803385
1589,1.2086E+11,211953,0.33198379222737684,0,0.7063491783194771
1590,1.2086E+11,0,0.6879910136027945,0.011677282253956664,0.6250906408622868
1591,1.2086E+11,0,0.53865978,0,0.7422434190395366
1592,1.2086E+11,97292,0.6938775274191318,0,0.5854922178671466
1593,1.2086E+11,61691,0.4802431581748136,0.064959696,0.3882853075659645
1594,1.2086E+11,50993,0.5168195560605641,0,0.4399260547148604
1595,1.2086E+11,109718,0.6001669398984396,0.033552151469349735,0.5174273837451145
1596,1.2086E+11,70606,0.42909311972554404,0.02102933,0.42365771456662993
1597,1.2086E+11,57400,0.3803278663585058,0.014302741273523592,0.5110426270619279
1598,1.2086E+11,58202,0.10724637603444655,0.007275132,0.21625544110119418
1599,1.2086E+11,80125,0.3301204779503557,0,0.260792949
1600,1.2086E+11,69313,0.18991097810141852,0.12203731658074979,0.14832925774926953
1601,1.2086E+11,0,0.515090538,0,0.1823647282407166
1602,1.2086E+11,84044,0.2822694995422766,0.04887218,0.22985347774859452
1603,1.2086E+11,86875,0.3472222187775574,0,0.3853658515698328
1604,1.2086E+11,80517,0.1535087705832564,0,0.27383474431231597
1605,1.2086E+11,122829,0.2125668420779834,0.028312570460786293,0.38112199126338386
1606,1.2086E+11,62826,0.049629629,0.007067138,0.23285024042101332
1607,1.2086E+11,70417,0.2645329832492947,0.006042296,0.25717565868441067
1608,1.2086E+11,66140,0.3305389181971387,0.030010718,0.2558782831543687
1609,1.2086E+11,60044,0.3712871241177336,0,0.695860824
1610,1.2086E+11,78711,0.2729044781110238,0.1550094488656059,0.26785714004351746
1611,1.2086E+11,56563,0.30347593177171217,0.053684209961218844,0.031380753
1612,1.2086E+11,83703,0.22921710872302575,0,0.084250635
1613,1.2086E+11,46335,0.24231057582662735,0,0.10955816001100918
1614,1.2086E+11,69509,0.4436536127680473,0.1053149595933567,0.5284280906999549
1615,1.2086E+11,33545,0.056994818,0.1308724810256295,0.1401425161503264
1616,1.2086E+11,0,0,0,0
1617,1.2086E+11,34145,0.14297658743330613,0.070926966,0.029894489859938513
1618,1.2086E+11,98824,0.6056510982106745,0.020765027095464187,0.7217771251145148
1619,1.2086E+11,85743,0.5613718310221691,0.020408162967811037,0.5425138582022749
1620,1.2086E+11,0,0.066282419,0,0.4841628849736904
1621,1.2086E+11,0,0.4976377913571828,0.05248023,0.6355072417716867
1622,1.2086E+11,54778,0.3477564074699006,0.040466926,0.759046046
1623,1.2086E+11,61528,0.6146788802850496,0,0.7472527355219352
1624,1.2086E+11,22151,0.43179587407462344,0.009514748,0.532008826
1625,1.2086E+11,62250,0.43307942945506606,0.014145810509838841,0.7724196212147241
1626,1.2086E+11,23448,0.35951133753034314,0.013961605340984201,0.7333333244444445
1627,1.2086E+11,121806,0.6902886957929477,0.022842639,0.7768816995461909
1628,1.2086E+11,88990,0.37366002776676854,0.045685279,0.21615623517018978
1629,1.2086E+11,53107,0.057771663579481936,0.10470085358225584,0.16404886466521895
1630,1.2086E+11,71719,0.17204300932966907,0.006354249,0.18986384122644598
1631,1.2086E+11,76324,0.20288808517770335,0.065697674,0.21832718192910713
1632,1.2086E+11,49594,0.11941391853909217,0,0.16855821703002008
1633,1.2086E+11,94184,0.5008849513196022,0.16810007687177422,0.2261768069679862
1634,1.2086E+11,62269,0.15188076542313156,0.035737492,0.11054766678221264
1635,1.2086E+11,54805,0.051987765994257924,0,0.24464285277423478
1636,1.2086E+11,32222,0.2082294251357268,0,0.20127504462078757
1637,1.2086E+11,74938,0.21608448240386285,0.063470628,0.04715248
1638,1.2086E+11,91316,0.36869564576181485,0.038575667,0.045263157
1639,1.2086E+11,81000,0.13553578934546467,0.042135852,0.056133056
1640,1.2086E+11,48328,0.17037507838286664,0.024533333,0.058264463
1641,1.2086E+11,110380,0.3793677141536154,0.079720279,0.7232845812903872
1642,1.2086E+11,49096,0.11708253134198597,0,0.23983315704032163
1643,1.2086E+11,57216,0.301185768,0.043097643,0.31421446188145596
1644,1.2086E+11,37031,0.19431987896621913,0.037410926,0.2979214763399453
1645,1.2086E+11,63869,0.087093388,0,0.2209715626719694
1646,1.2086E+11,49408,0.27395411236229267,0.017605634,0.2897255884510173
1647,1.2086E+11,98641,0.4606845470796989,0.034008096890622695,0.38095237850094993
1648,1.2086E+11,44101,0.3988149480455107,0.053333333,0.23448934064750446
1649,1.2086E+11,65581,0.49382714525224863,0.065420559,0.24160206406198884
1650,1.2086E+11,37864,0.3992882533858487,0.007361268,0.23313148688091914
1651,1.2086E+11,33750,0.2534412934944025,0.029935852,0.2141603264238717
1652,1.2086E+11,68189,0.24983606393550123,0.025582717307659368,0.1907841544430713
1653,1.2086E+11,72557,0.21129325854924172,0,0.21183431827316973
1654,1.2086E+11,35625,0.20426287562821602,0.027696792801043785,0.16038933491159824
1655,1.2086E+11,69900,0.12421052370083109,0.081504701,0.16651075615986197
1656,1.2086E+11,66136,0.21839080250583523,0.039130434,0.10646108585564548
1657,1.2086E+11,0,0.12900096868088295,0.020444444262716053,0.092278719
1658,1.2086E+11,33415,0.17746478623289033,0,0.3905405352629657
1659,1.2086E+11,0,0.44545454039256205,0,0.47525676493691166
1660,1.2086E+11,250001,0.7873562992138995,0.014367815679085757,0.7726027185588297
1661,1.2086E+11,59149,0.5696821481070773,0.009809579,0.5058823494402606
1662,1.2086E+11,117778,0.759689911,0.013953488155759874,0.7075268741126143
1663,1.2086E+11,0,0.4936530254773904,0,0.5337159177372178
1664,1.2086E+11,26605,0.4499424574229867,0.071568627,0.5170984402373219
1665,1.2086E+11,93981,0.7330677193483703,0.025316455375741072,0.7188434624242925
1666,1.2086E+11,37428,0.3379888220951282,0,0.5077720154635025
1667,1.2086E+11,40466,0.43005180233026424,0,0.8049586643808485
1668,1.2086E+11,118816,0.4528378911684855,0.009454775,0.2976525812280044
1669,1.2086E+11,153990,0.2849891204859382,0,0.25382436116813395
1670,1.2086E+11,140473,0.4431554472951804,0.04040404,0.2635658900134779
1671,1.2086E+11,120811,0.447891802,0.049239681,0.27963848867815794
1672,1.20111E+11,103084,0.6097928413943772,0.015277777724729937,0.20978828647294945
1673,1.20111E+11,210434,0.5348392016277213,0.011642156827076726,0.21803812129698252
1674,1.20111E+11,0,0.6547811887393649,0.064516128,0.20822837776466518
1675,1.20111E+11,94300,0.45959595185865404,0.03215434,0.305343509
1676,1.20111E+11,98451,0.505356309,0.015596330203686557,0.20315024150585523
1677,1.20111E+11,46157,0.3260352197713697,0.011788618,0.2195558731391265
1678,1.2086E+11,78208,0.568923524,0,0.6199524916074722
1679,1.2086E+11,0,0.46470587324106133,0.06111111,0.5768025018097962
1680,1.2086E+11,123807,0.7317073076802656,0.070118662,0.522975926
1681,1.2086E+11,63618,0.6621315042600566,0.061728393791596836,0.5934465947397258
1682,1.2086E+11,0,0.4859286963240395,0,0.5541474590536007
1683,1.2086E+11,94980,0.8575757445821858,0,0.7702523138080702
1684,1.2086E+11,57143,0.35017625910486183,0,0.47826086306710786
1685,1.2086E+11,0,0.5909090781188512,0.063241105,0.6359360241210158
1686,1.2086E+11,87391,0.8699080043376084,0.032418952,0.722392632
1687,1.2086E+11,79974,0.5377358363741548,0,0.4743758150541943
1688,1.2086E+11,0,0.17743445609815328,0.064714946,0.2352714661714614
1689,1.2086E+11,73000,0.4308681602754315,0.071229049,0.3259668472268857
1690,1.2086E+11,117599,0.24137930687673412,0.028124999707031254,0.25714285451895047
1691,1.2086E+11,70947,0.074324324,0.022774326964980492,0.1514860963424152
1692,1.2086E+11,0,0.27634194281626356,0,0.40407854679698985
1693,1.2086E+11,51905,0.13555991875127862,0.014336917305790012,0.21994656972442947
1694,1.2086E+11,0,0.2330097042134038,0,0.36197021349404107
1695,1.2086E+11,114706,0.24963924603695173,0.029451137490613958,0.4040697635264558
1696,1.2086E+11,69693,0.21164613424808362,0.054989816,0.35363689915058016
1697,1.2086E+11,82205,0.10526315631183224,0.026717556911990372,0.3269809395488371
1698,1.2086E+11,0,0.19790301182302739,0.015447992,0.411895908
1699,1.2086E+11,55543,0.2182890833993207,0.010810811,0.29797627147260103
1700,1.2086E+11,19092,0.03539823,0.1514543615701669,0.14070351670412365
1701,1.2086E+11,40139,0.19876051262168873,0.026273885245724975,0.19443478193240074
1702,1.2086E+11,76629,0.1874999969161185,0.072215421,0.4677002523552939
1703,1.2086E+11,67775,0.1862527695537387,0.050541516,0.34142114088889824
1704,1.2086E+11,64545,0.1426630425090826,0.029803424,0.2736189970386216
1705,1.2086E+11,136048,0.20332577321749226,0.012280701682568996,0.24263322731891393
1706,1.2086E+11,37431,0.14167433172332722,0.036082474,0.3698722234709333
1707,1.2086E+11,65078,0.10605074752081492,0.11681957115095064,0.26277056163302787
1708,1.2086E+11,36034,0.041958041824672464,0.011093911220087948,0.44005358240666764
1709,1.2086E+11,100778,0.099502487,0.010582011,0.3775649768976404
1710,1.2086E+11,110199,0.2872570132341898,0,0.43256578710216126
1711,1.2012E+11,0,0,0,0
1712,1.2086E+11,99022,0.5269793215986923,0,0.31046552218948015
1713,1.2086E+11,72895,0.40584694405978555,0.011718749908447266,0.25788682895399684
1714,1.2086E+11,117473,0.1898148118855739,0.070323487,0.2612419672243901
1715,1.2086E+11,79398,0.27166881925396097,0.026128265722942214,0.23254086008513478
1716,1.2086E+11,33882,0.2101648322779556,0.049830124,0.21800947660654524
1717,1.2086E+11,105563,0.3262896188546326,0.065760869,0.30152091140106113
1718,1.2086E+11,75956,0.22549019165705508,0.040983606,0.2130177493785232
1719,1.2086E+11,122472,0.2607954530636622,0.020682523160896985,0.26824034219639337
1720,1.2086E+11,55918,0.1563421805849236,0,0.21978021805510034
1721,1.2086E+11,81250,0.34923857513463374,0.012645914,0.2926829242797655
1722,1.2086E+11,110691,0.6331967083361331,0.003875969,0.46966018847499774
1723,1.2086E+11,78179,0.29154518780440125,0.004030227,0.31814381137899744
1724,1.2086E+11,160938,0.4894561543900538,0,0.3405746297086571
1725,1.2086E+11,106125,0.41432224534114775,0.025316455,0.38551207006234745
1726,1.2086E+11,83616,0.3198724743896255,0.013996138928590062,0.2969224087693003
1727,1.2086E+11,81471,0.4319429174975691,0.037330844,0.31643156570174774
1728,1.2086E+11,151953,0.3960113847290204,0.065491182,0.3163120522508929
1729,1.2086E+11,72159,0.37802606724370513,0.031426269,0.2618276068578898
1730,1.2086E+11,114016,0.30961297990495656,0.028604118665856767,0.2787249794015939
1731,1.2086E+11,100714,0.5130890007583857,0.014642549400150306,0.3687943238633506
1732,1.2086E+11,83100,0.48837208947404004,0,0.31809045066286207
1733,1.2086E+11,144225,0.5863671527004868,0.001265022,0.25540361598851513
1734,1.2086E+11,125471,0.30434782338644345,0.028985507,0.2666083892778987
1735,1.2086E+11,48182,0.38168497888875474,0.017543859542989357,0.27423405186220967
1736,1.2086E+11,67031,0.25992217696558617,0.035260931,0.2953249698100059
1737,1.2087E+11,0,0,0,0
1738,1.2086E+11,57337,0.2484683441220671,0.024418605,0.2824192707205573
1739,1.2086E+11,57311,0.14517766350073438,0,0.26785714108560094
1740,1.2086E+11,61583,0.31185030968918703,0.051217988,0.2606324958526036
1741,1.2086E+11,51125,0.23172757282618295,0.040816326243375604,0.2566964266614849
1742,1.2088E+11,0,0.083333299,0,0.2374999703125037
1743,1.2099E+11,31280,0.069219439,0.068767907,0.045836516
1744,1.2099E+11,115943,0.2615155978972422,0,0.5126582116247402
1745,1.2051E+11,82586,0.036144578,0.075456711,0.30604437409300406
1746,1.20111E+11,147740,0.691999997,0.084065244,0.43118785750294164
1747,1.20111E+11,112764,0.5735848840156648,0.1197604754562732,0.41050756535612143
1748,1.20111E+11,133934,0.789124658,0,0.29186602591515765
1749,1.21E+11,0,0,0,0
1750,1.2099E+11,157153,0.6159250537398513,0.012541254042631986,0.6220930172277809
1751,1.2099E+11,213857,0.31987576646348553,0,0.6930171186690762
1752,1.2085E+11,41466,0.11255411011787642,0.023183925,0.4091279510258521
1753,1.2099E+11,87580,0.14527286590874047,0.050800278,0.23076922953648915
1754,1.2099E+11,0,0.2665121637715856,0.034547152,0.35823428933388307
1755,1.2099E+11,46641,0.071149553,0.021573270135297893,0.18170457340238796
1756,1.2099E+11,23672,0.18367346741489293,0.024236983624443594,0.053316801
1757,1.2099E+11,39444,0.13928571304209186,0.045520231,0.1319129640439122
1758,1.2099E+11,32300,0.1161504411930261,0.24542829407672478,0.010946052
1759,1.2099E+11,43879,0.11528821766194944,0.059633026155205826,0.18228105720691387
1760,1.2099E+11,25912,0.12822966384469223,0.032452829943752225,0.026563364545858524
1761,1.2099E+11,0,0.2848664603897193,0.20797720205193157,0.022646007
1762,1.2099E+11,45921,0.2127236538225914,0.11945392287621293,0.001367989
1763,1.2099E+11,0,0,0.090047392,0.002587322
1764,1.2099E+11,69698,0.041944709,0.046253469,0.077439024
1765,1.2099E+11,56000,0.22662889197409503,0.018372703,0.24058162431869382
1766,1.2099E+11,76375,0.213462424,0.073807721,0.32333333179365076
1767,1.2099E+11,0,0,0,0
1768,1.2099E+11,63542,0.044106464,0.033042394,0.20704845732059085
1769,1.2099E+11,23099,0,0,0.046753246
1770,1.2099E+11,13143,0.2892376616762856,0.18644067480609028,0.075114304
1771,1.2099E+11,36106,0.22938143738707636,0,0.061686086
1772,1.2099E+11,35673,0.2267002490340019,0.051190476,0.2662968062926934
1773,1.2086E+11,0,0.087821043,0.023738872227456437,0.090387374
1774,1.2086E+11,59167,0.289955466,0.019823788,0.21194486918240468
1775,1.2086E+11,71250,0.2678682394787555,0.073808303,0.22949002090083137
1776,1.2086E+11,78984,0.3094736809529086,0,0.24025385094964777
1777,1.2086E+11,41202,0.18719806537200404,0.038095238,0.036455412022123324
1778,1.2086E+11,134211,0.24119241029002433,0.045454545,0.24115226138969334
1779,1.2086E+11,61445,0.1472222181327162,0,0.24705882088707143
1780,1.2086E+11,61447,0.26030927499601453,0.012443438773264268,0.22203389642344157
1781,1.2086E+11,95288,0.4557678665550753,0.024758453956772623,0.2853056836420962
1782,1.2086E+11,68678,0.23436262680631334,0.055840821207696914,0.27182539502760983
1783,1.2086E+11,47237,0.095858895,0.10803688993388083,0.06109134
1784,1.2086E+11,30804,0.20476190151171586,0,0.044609665
1785,1.2086E+11,52784,0.11169415208625073,0.029708853061741813,0.081829121
1786,1.2086E+11,0,0.19320594274728298,0,0.34292865868004596
1787,1.2086E+11,60194,0.40066777294377676,0,0.05065666
1788,1.2086E+11,68490,0.2792990127092059,0.094557195,0.042664345
1789,1.2086E+11,42308,0.34676973856007876,0.068158698,0.3893053453807829
1790,1.2086E+11,77375,0.068295114,0.14788135530558746,0.041147132
1791,1.2086E+11,43349,0.3060556414720844,0.15273311651554475,0.2916307136183718
1792,1.2086E+11,65054,0.22289156402719315,0.041545893,0.055354371156987214
1793,1.2086E+11,123897,0.5015479837341488,0.061211742,0.26642599085613006
1794,1.2086E+11,62463,0.3439241898331985,0.005609383,0.24426293176093763
1795,1.2086E+11,80836,0.12524850770130708,0,0.29234629495174036
1796,1.2086E+11,65900,0.1668848156617486,0,0.28954671466444626
1797,1.2086E+11,38750,0.12232866527392289,0.071076706,0.16474133518462414
1798,1.2086E+11,75625,0.5151033304435083,0.016150740024889098,0.2388475814233496
1799,1.2086E+11,71250,0.23173803331874027,0.041260315,0.11606217556444469
1800,1.2086E+11,80227,0.1431849465663839,0.014468788695871067,0.080998248
1801,1.2086E+11,33261,0.031434184058267506,0.019607842841510667,0.045771915859023155
1802,1.2086E+11,77794,0.21914893383884113,0.031368820994592955,0.2843676332728387
1803,1.2086E+11,48681,0.29999999285714307,0.10224948666156469,0.5249569662224013
1804,1.2086E+11,40230,0.3237796671572787,0.016687017,0.33864734135919156
1805,1.2086E+11,68958,0.24956521522117206,0.013567438040164102,0.03840399
1806,1.2086E+11,83839,0.4712696919774342,0.048224463,0.48026315623177573
1807,1.2086E+11,60688,0.44666001548693907,0.073836275,0.16029411646842562
1808,1.2086E+11,64306,0.3076023355835984,0.006166495,0.071930773
1809,1.2086E+11,75184,0.29615744940882166,0.048601558695086845,0.1342715856436988
1810,1.2086E+11,56490,0.28545780456987785,0.017001545,0.10097323478134751
1811,1.2086E+11,81944,0.08757062,0,0.054249547
1812,1.2086E+11,65259,0.4854673960293213,0.068522483,0.4175984423062788
1813,1.2086E+11,87885,0.3467374784010814,0.016183412,0.27664273729076344
1814,1.2086E+11,68673,0.3408833502781237,0.036435253,0.23932987539158404
1815,1.2086E+11,112917,0.2698569300944404,0.013953488313093072,0.21809645660223448
1816,1.2086E+11,53974,0.22298221309189858,0.17205422135501333,0.052192066
1817,1.2086E+11,54049,0.032412964796963206,0,0.1754850072708553
1818,1.2086E+11,64511,0.38333332623456806,0.013869625327744448,0.085526315
1819,1.2086E+11,69855,0.2636318145891355,0.028506787201326753,0.074055415
1820,1.2086E+11,46250,0.170059093,0.009545199,0.2739828283912548
1821,1.2086E+11,41014,0.10399999861333335,0.042270530890452525,0.2795371481148773
1822,1.2086E+11,71576,0.088657105,0.04004329,0.18372004494591082
1823,1.2086E+11,44396,0.53894927,0,0.7311918788572115
1824,1.2086E+11,62619,0.7016918904568843,0.042635659,0.6838614540614484
1825,1.2086E+11,59291,0.4928278638029932,0,0.4963123622719637
1826,1.2086E+11,65792,0.42369019536013225,0.13627638893903285,0.6401158534386977
1827,1.2086E+11,89340,0.6327985683351286,0.006051437,0.5875840229830603
1828,1.2086E+11,101767,0.650557609,0.010771993,0.693931389
1829,1.2086E+11,102981,0.5408997899703498,0.021946565,0.7591362063194668
1830,1.2086E+11,0,0.472580638,0,0.6906946174220889
1831,1.2086E+11,81083,0.5480093548475561,0,0.5697674308184607
1832,1.2086E+11,82835,0.49838186089379094,0.040247677,0.463687142
1833,1.2086E+11,37226,0.25490195935629156,0.025106837472719884,0.32647199460760173
1834,1.2086E+11,135411,0.52612826,0.034658511,0.6424672454013797
1835,1.2086E+11,82911,0.1183178893918896,0.057704113,0.053097345
1836,1.2086E+11,58781,0.32220609111457055,0.030478954564891806,0.1787394150635991
1837,1.2086E+11,67820,0.2557306571939065,0.035754824,0.17480136142716093
1838,1.2086E+11,24333,0.092088196,0.019512194883997625,0.13421052454986152
1839,1.2086E+11,57500,0.1707060045236459,0.041266794,0.2360965347733837
1840,1.2086E+11,58611,0.3553008494183138,0,0.12889812621833419
1841,1.2086E+11,119038,0.46229507438860534,0.016051364108324813,0.42627013102515326
1842,1.2086E+11,66313,0.2624156942831656,0.070104287,0.18704746505612443
1843,1.2086E+11,0,0.674846612,0.015100670887572637,0.5887096706369854
1844,1.2086E+11,48897,0.4936530254773904,0,0.5603864680155897
1845,1.2086E+11,0,0.10836762539962105,0,0.41932542917661414
1846,1.2086E+11,66500,0.33408071374348974,0.030541012,0.6411378485652315
1847,1.2086E+11,162548,0.6755725104888993,0,0.7775530760611418
1848,1.2086E+11,45333,0.4468085078422496,0.012987012910348213,0.5459433013394756
1849,1.2086E+11,119538,0.6983154617280593,0.015217391194076876,0.7190760006030105
1850,1.2086E+11,250001,0.7648514662165479,0,0.7877211156324546
1851,1.2086E+11,69044,0.4405594354247152,0,0.5861003815745144
1852,1.2086E+11,82768,0.6874999731445324,0,0.48132779084382177
1853,1.20111E+11,117634,0.43437862697805674,0,0.19612428935474677
1854,1.20111E+11,95245,0.5005076091319025,0,0.19434102610319415
1855,1.20111E+11,73731,0.38373253301530674,0.062724014,0.21371926957288154
1856,1.20111E+11,113631,0.36047903975761053,0.031360647,0.18849314965209232
1857,1.2086E+11,40164,0.14801109946335708,0,0.071194762
1858,1.20111E+11,71658,0.28747686524529037,0,0.21882291880004429
1859,1.2086E+11,68690,0.058610709,0.014935506,0.064806055
1860,1.2086E+11,61895,0.15601172929025378,0,0.064962726
1861,1.2086E+11,36322,0.08056872,0.028852056,0.12872421646782192
1862,1.20111E+11,118065,0.5550561766569878,0.061942959,0.19643953285316287
1863,1.2086E+11,33452,0.22140220585231715,0,0.11843137162014611
1864,1.2086E+11,123792,0.6035781487422021,0.060565275500906623,0.04525332
1865,1.2086E+11,105721,0.28533154530923277,0.065340909,0.06345609
1866,1.2086E+11,0,0.5083681902015024,0,0.19323671186414312
1867,1.2086E+11,76918,0.059999999,0.074517019,0.24999999725877198
1868,1.2086E+11,46589,0.15564853426235536,0.20620043110165515,0.034175334
1869,1.2086E+11,89000,0.5689045869386975,0.046296296,0.1992986545920593
1870,1.2086E+11,30974,0.081696779,0.10533807754207775,0.039846742989680134
1871,1.2086E+11,140074,0.49754500004018004,0.012802275778061511,0.676444438
1872,1.2086E+11,116328,0.6204492593303698,0.013249651,0.7012336133337177
1873,1.2086E+11,58488,0.2771168630012816,0.062616243,0.040625
1874,1.2086E+11,77679,0.19973718528597656,0,0.1719432305024933
1875,1.2086E+11,92660,0.598130827,0,0.050420168
1876,1.2086E+11,108138,0.3080099066225441,0.080945558,0.08117816
1877,1.2086E+11,63958,0.3631669514448253,0.038897095,0.18362705978608834
1878,1.2086E+11,72106,0.3647484004316141,0.028425494051908744,0.1551852769082684
1879,1.2086E+11,53929,0.2561247158992268,0,0.021198156486652936
1880,1.2086E+11,52568,0.1895113207447995,0.15021008245577644,0.022388059462813865
1881,1.20111E+11,52991,0.20288115002543639,0.052093972910173925,0.053865652
1882,1.20111E+11,84102,0.16579925527286798,0.1818181806375443,0.2120776404595425
1883,1.20111E+11,132583,0.4277854165901966,0,0.26149303980812716
1884,1.20111E+11,57341,0.24413844345315056,0.013893376368680528,0.12107503959266887
1885,1.20111E+11,0,0.12334536628552728,0.018612521045614658,0.077156743
1886,1.20111E+11,75230,0.22509578328452315,0.048092869,0.11620057803181977
1887,1.20111E+11,118446,0.17664670526462048,0.036511155939748775,0.078461538
1888,1.20111E+11,85904,0.5102040746911011,0.063855421,0.17154596727505925
1889,1.20111E+11,101438,0.4171097128220893,0.028955098493684016,0.18763557432853695
1890,1.20111E+11,96758,0.37619808006231564,0.04622871,0.20549581717147064
1891,1.20111E+11,100529,0.32377275055834115,0.049414162,0.090763694
1892,1.20111E+11,79265,0.2723880571605592,0.051766639,0.064898813
1893,1.2086E+11,103983,0.4364896040301031,0.1189003428254272,0.6027118603205975
1894,1.2086E+11,204583,0.8023849948486372,0.028702640313402524,0.7240864972103915
1895,1.2086E+11,106382,0.614173212,0,0.6539973701966268
1896,1.2086E+11,158024,0.3137082573487851,0.001683502,0.6750756743181062
1897,1.2086E+11,69906,0.8172690680997081,0.036363636015658986,0.6261127534509124
1898,1.2086E+11,141750,0.8063491935500129,0.021772939008196907,0.6845965686479637
1899,1.20111E+11,26344,0.3466135412136316,0,0.2604081611395252
1900,1.20111E+11,250001,0.8275861498216448,0,0.6810810718772828
1901,1.20111E+11,42986,0.5430006243377237,0.0651135,0.6656729102824833
1902,1.20111E+11,69747,0.270242914,0.12609457037611832,0.2643530408553854
1903,1.20111E+11,93462,0.3577417531708119,0.044131455191871095,0.089013632
1904,1.20111E+11,48004,0.091577539,0.046472564129492924,0.112037519
1905,1.20111E+11,101936,0.2627683187906428,0.03913588,0.081841432
1906,1.20111E+11,77461,0.20067643516712025,0,0.049689441
1907,1.20111E+11,43686,0.1376518209335235,0.057645630718169714,0.3016695434561339
1908,1.20111E+11,101048,0.1385459524105216,0.051527861,0.19753086329432618
1909,1.20111E+11,37930,0.10462554950852919,0.063930544,0.066906151
1910,1.20111E+11,0,0.17349926666545193,0.05456775,0.262060749
1911,1.20111E+11,42313,0.2371392692956177,0.012746233919510616,0.4619395155167934
1912,1.20111E+11,47220,0.20581655250764483,0.055387713440204295,0.2754275402751797
1913,1.20111E+11,188992,0.5428109825373668,0.040137053,0.19676409083108512
1914,1.20111E+11,109341,0.6307946967649446,0.053097345,0.21328671179519781
1915,1.20111E+11,250001,0.6546134581719021,0,0.31421446227324457
1916,1.20111E+11,115556,0.4232026109215473,0.035269709,0.3807989666185634
1917,1.20111E+11,241111,0.4082518978922264,0.088963491,0.14276071500924495
1918,1.20111E+11,142917,0.5799588155116073,0.043202765,0.23851794581814761
1919,1.20111E+11,76209,0.39883268223843915,0.035792951,0.27293898335845834
1920,1.20111E+11,158071,0.4467415710258805,0.035126234778169646,0.23227016798397684
1921,1.20111E+11,163058,0.5404716345412898,0.054679285,0.17904827052705144
1922,1.20111E+11,240765,0.661111099,0,0.2567375868316483
1923,1.20111E+11,73827,0.22330689308537588,0.10335195472987735,0.27643784615684697
1924,1.20111E+11,57336,0.1807747476271539,0.066411238,0.2697201006373193
1925,1.20111E+11,0,0.18086956207183372,0,0.136300415
1926,1.20111E+11,38542,0.12394705025334476,0.045977011,0.084992342
1927,1.20111E+11,50863,0.23408422885323968,0,0.13771996834185182
1928,1.20111E+11,44750,0.07399347,0.003693444,0.097590361
1929,1.20111E+11,74728,0.22459892807915585,0.048586572,0.14408459917987707
1930,1.20111E+11,85833,0.14994096723765662,0,0.10523445962249477
1931,1.20111E+11,44563,0.11542390076175792,0.19242272988611436,0.041064638470991344
1932,1.20111E+11,0,0.1353558910693595,0.073777777,0.10768175509134599
1933,1.20111E+11,31427,0.43097238378184416,0.099056603,0.6514719786184997
1934,1.20111E+11,65950,0.5416187167563532,0.007777778,0.7220820166495835
1935,1.20111E+11,39402,0.25046992363500975,0.009362461,0.6280760591270914
1936,1.20111E+11,45690,0.33375156419383234,0.1229611025977277,0.4320432004316544
1937,1.20111E+11,0,0.4463869411843014,0.058455114,0.7435549474657059
1938,1.20111E+11,28224,0.21404109222532378,0.038520800639124796,0.13352684953899238
1939,1.20111E+11,47267,0.3371544144493971,0.017472335367080167,0.5537927587813943
1940,1.20111E+11,88793,0.2740112916945963,0.050847456,0.7198443486401511
1941,1.20111E+11,45230,0.44749754441855966,0.032395567,0.3729887841394988
1942,1.20111E+11,46268,0.5515947415422632,0.064999999,0.6840031466981628
1943,1.20111E+11,80270,0.13141683710771646,0.081537019,0.083981337
1944,1.20111E+11,88125,0.29939602847803254,0.037720706,0.157472889
1945,1.20111E+11,74766,0.33898304746776625,0.054757629670039235,0.086513994
1946,1.20111E+11,134259,0.23933402456468236,0.012355848333147873,0.20288039948102443
1947,1.20111E+11,84524,0.3757062133626193,0.005108992,0.1287445686513959
1948,1.20111E+11,124167,0.3683206071725133,0.042929293,0.21075794517966775
1949,1.20111E+11,75141,0.29666875992037234,0.034725717,0.2119815657348614
1950,1.20111E+11,78120,0.49097743991746284,0.023776224,0.18535681100390725
1951,1.20111E+11,72679,0.23121386949112907,0.018156424,0.054954954
1952,1.20111E+11,100369,0.30492284860453456,0.048951049,0.15819935589582407
1953,1.20111E+11,69302,0.1337999171107455,0.11471036541650012,0.1371650206729019
1954,1.20111E+11,28464,0.1709183651668576,0.055679287,0.2843232688965602
1955,1.20111E+11,36735,0.2690909074600551,0.20752628551451974,0.15275142242527787
1956,1.20111E+11,72292,0.35319516102594856,0.073757763,0.11942958930820209
1957,1.20111E+11,70568,0.14845605612555787,0.010240655349510214,0.10556621813457315
1958,1.20111E+11,95547,0.19108280051929086,0.057934508,0.1090133976308563
1959,1.20111E+11,55611,0.10015174430840862,0.074797843,0.14052089557528227
1960,1.20111E+11,43169,0.087058821,0.008995502,0.072811059
1961,1.20111E+11,0,0.27408412111147734,0.059887005,0.12266354996888376
1962,1.20111E+11,71336,0.28723404116424545,0.045493197,0.15736914546360486
1963,1.20111E+11,78750,0.31395348634396975,0.049246813,0.086734693
1964,1.20111E+11,61890,0.3514299546707224,0.049911661,0.20087124781766094
1965,1.20111E+11,47381,0.3978494562542326,0,0.1275167763839467
1966,1.20111E+11,49658,0.2119686789039783,0,0.082129009
1967,1.20111E+11,60072,0.22595520272756783,0.020883054768000866,0.097457627
1968,1.20111E+11,76709,0.17936802807278784,0.052836052,0.15112321204136683
1969,1.20111E+11,118800,0.6064896719381141,0.024351508605868138,0.28403755646292994
1970,1.20111E+11,61094,0.2025669631553183,0.072513473,0.16083085957963883
1971,1.20111E+11,85610,0.19359331341508834,0.033557047,0.1677186647082116
1972,1.20111E+11,89159,0.4340369364509437,0.017554479312624216,0.27487135388134065
1973,1.20111E+11,76698,0.2179288992592133,0.043715846,0.034164358
1974,1.20111E+11,29852,0.1378640749929306,0.11783960527267422,0.09171861
1975,1.20111E+11,75949,0.050781249,0,0.032448377262061186
1976,1.20111E+11,57406,0.10863697632498667,0.05195599,0.068056407
1977,1.20111E+11,69896,0.22893081617024644,0.032614149,0.2592807409554481
1978,1.20111E+11,34474,0.10685483763251172,0,0.21129441490295423
1979,1.20111E+11,44375,0.3714664294546535,0.040033712,0.5589725015956132
1980,1.20111E+11,98594,0.19321148698948115,0.039378813,0.31513475939782476
1981,1.20111E+11,83478,0.21455648055681212,0.016304347715323724,0.20481184327691646
1982,1.20111E+11,37168,0.054205607,0.056074765831076956,0.2891472845802536
1983,1.20111E+11,52250,0.5551921459101214,0.0234375,0.6556380779497767
1984,1.20111E+11,71138,0.5070057057238936,0.086755646,0.6334478784518981
1985,1.20111E+11,39459,0.11901081732595337,0,0.3619246824066456
1986,1.20111E+11,35286,0.277091903,0,0.597892883
1987,1.20111E+11,29615,0.20552147029119153,0,0.077639751
1988,1.20111E+11,73786,0.5206877994589586,0.023336643,0.7540106923070637
1989,1.20111E+11,0,0.2901760346951957,0.038419319,0.703830365
1990,1.20111E+11,55764,0.454790817,0.038224414,0.5779816454843869
1991,1.20111E+11,58167,0.5493934094506637,0.020797226856176545,0.7380636555831322
1992,1.20111E+11,74975,0.18555555452469136,0.14849708322791796,0.16745097973548634
1993,1.20111E+11,112841,0.6237154100892063,0.033950617,0.41960784
1994,1.20111E+11,174434,0.4387656659714015,0.004573171,0.28122065595671053
1995,1.20111E+11,156278,0.4964538936673207,0,0.31818181584910693
1996,1.20111E+11,120738,0.4861186691011504,0.014014466482755575,0.27666511282410283
1997,1.20111E+11,121439,0.5308729557780486,0.056446439663589226,0.3367408278007166
1998,1.20111E+11,145610,0.43134714746536823,0.027027026871609967,0.3071570566363252
1999,1.20111E+11,100597,0.5121234348852062,0.009912536,0.3204633189166828
2000,1.20111E+11,87050,0.5439795000514134,0,0.4069498038073374
2001,1.20111E+11,148182,0.6082644527559595,0.064102563,0.27443608816213466
2002,1.20111E+11,180284,0.5601851787015605,0.060311283,0.30250895840495373
2003,1.20111E+11,22099,0.20365033523703008,0.013816102840323473,0.41813493589112616
2004,1.20111E+11,93472,0.3023420844404394,0.010075567,0.12036591179409767
2005,1.20111E+11,124628,0.22172452159323044,0.012264151,0.14457173952770463
2006,1.20111E+11,39347,0.29922178871898136,0.005836576,0.41979695218377183
2007,1.20111E+11,30917,0.21146732298725449,0.013574660556704409,0.2924028255635917
2008,1.20111E+11,24056,0.29805740708014666,0.005427021,0.38268156317686713
2009,1.20111E+11,0,0.19270617408741741,0.015599343121513369,0.38153997837344533
2010,1.20111E+11,77995,0.20713417021834546,0.011064107,0.14646725090860022
2011,1.20111E+11,38514,0.4524656814821267,0.033873343,0.3546721716330812
2012,1.20111E+11,29044,0.261627905,0.065645514,0.3056516706709823
2013,1.20111E+11,41018,0.2186234805169261,0.062289561940013685,0.3606991506318901
2014,1.20111E+11,49583,0.4075829335594439,0.017772511637766452,0.7396593613977344
2015,1.20111E+11,77946,0.5642374112378857,0.037772087,0.7113877330042059
2016,1.20111E+11,88867,0.7945525229995912,0.011782032313828922,0.7140115128886203
2017,1.20111E+11,93036,0.47014924983292494,0.037151702,0.5157992517119029
2018,1.20111E+11,42424,0.27408513611586904,0.042324246468262224,0.30966952074865656
2019,1.20111E+11,46406,0.3176865019473051,0.032616752908697165,0.42107772808260496
2020,1.20111E+11,67100,0.40028188583310864,0.015582655720984717,0.6302114765546134
2021,1.20111E+11,0,0.5414364491315898,0.030373831066031986,0.7482758491676578
2022,1.20111E+11,0,0.7682333749070767,0.017721519,0.8068315570455648
2023,1.20111E+11,51705,0.2906178473076782,0.025627045,0.46079999754240003
2024,1.20111E+11,89063,0.479035634,0.008223684,0.28107502642175236
2025,1.20111E+11,111193,0.14641744434254328,0.071815718,0.3228803697858283
2026,1.20111E+11,41797,0.2570093427919469,0.037291462,0.32747395620134145
2027,1.20111E+11,74608,0.3666343320404042,0.018115941864891832,0.2965895231632794
2028,1.20111E+11,79231,0.12713472244526144,0.072202165,0.25306479638297025
2029,1.20111E+11,62250,0.19542065923631172,0.051386994,0.2430517697926334
2030,1.20111E+11,96525,0.45335276307065947,0.021632252,0.4687774804856862
2031,1.20111E+11,49320,0.35450027413307417,0,0.373840034
2032,1.20111E+11,64583,0.6669316322183495,0.021321961468927068,0.3591591570020471
2033,1.20111E+11,55667,0.5442132622099699,0.004602403,0.22005771952848072
2034,1.20111E+11,0,0.26640219631857737,0.032167832,0.33286516737055766
2035,1.20111E+11,69179,0.25793184337290337,0.049034175091460255,0.24792666849442743
2036,1.20111E+11,85156,0.478589409,0,0.1976744165150696
2037,1.20111E+11,110227,0.48131266653315713,0.012934518893011166,0.1964125542922641
2038,1.20111E+11,52885,0.10499432403521951,0,0.15617605226608586
2039,1.20111E+11,59306,0.5391120450410989,0.042821158330636794,0.27232979217782766
2040,1.20111E+11,95962,0.3330638614950375,0.063642518,0.28102010651780235
2041,1.20111E+11,63375,0.17682119088197887,0.056269113,0.2636403305821024
2042,1.20111E+11,85309,0.3290636027868215,0.009683426,0.34818211481106415
2043,1.20111E+11,131786,0.19213973379607568,0,0.5179233557735061
2044,1.20111E+11,68750,0.36382977949298345,0.049572649,0.3366459585509819
2045,1.20111E+11,44946,0.17641325364119637,0.098039215,0.36595744421306775
2046,1.20111E+11,62837,0.3997493709288887,0.048451548,0.37653814447687384
2047,1.20111E+11,77063,0.3030949807567238,0.015075376758162675,0.3398384903106427
2048,1.20111E+11,50000,0.12379730517128092,0.033549783,0.35918626599373005
2049,1.20111E+11,69583,0.21224984710582265,0.056497175,0.3187549238819743
2050,1.20111E+11,57455,0.13072329043979236,0.10794183384820004,0.3323746904996931
2051,1.20111E+11,50759,0.21879814931588484,0.007874016,0.216909913
2052,1.20111E+11,64583,0.19213312871205554,0.073696144,0.3683060069037595
2053,1.20111E+11,55744,0.3289688980528822,0.021212120890725442,0.7788018361400753
2054,1.20111E+11,43925,0.5514124231478822,0.072709163,0.5117493439180852
2055,1.20111E+11,102388,0.4048027374819428,0.095637582,0.714728671
2056,1.20111E+11,53512,0.4103114886110474,0.012658227714575657,0.5148005081750257
2057,1.20111E+11,32092,0.2815734960499638,0.068160597,0.41082802286096803
2058,1.20111E+11,93469,0.6286919742800003,0,0.7252619240365318
2059,1.20111E+11,63375,0.7142856764928214,0,0.7412935138981713
2060,1.20111E+11,32404,0.6623931340857635,0,0.45035460194406735
2061,1.20111E+11,0,0.15917602698172234,0,0.6587743640839225
2062,1.20111E+11,120900,0.6277173742468105,0,0.7655172281807375
2063,1.20111E+11,73056,0.2741935464642809,0.047005795,0.3543799752310582
2064,1.20111E+11,66250,0.48240812758085905,0.020107238,0.20428015464844282
2065,1.20111E+11,61995,0.43135134668809355,0.016216216040905774,0.3365261792048137
2066,1.20111E+11,113235,0.6358381380378009,0.038461538,0.3403547634107011
2067,1.20111E+11,96250,0.5353208,0.041237113199621436,0.29323931856806584
2068,1.20111E+11,71702,0.3612273310846955,0.020270269996347703,0.2165932436373477
2069,1.20111E+11,67344,0.31352833351436626,0.022870662280199825,0.45258620201954525
2070,1.20111E+11,67330,0.4298745675042809,0,0.40654205336086746
2071,1.20111E+11,78750,0.31499999606250007,0,0.34815435949534934
2072,1.20111E+11,49152,0.2597664105526927,0.023082386,0.3449842700280172
2073,1.2021E+11,91080,0.047345767,0,0.8640552796300627
2074,1.2021E+11,49060,0.9014083237453064,0,0.35164833876746016
2075,1.2051E+11,69732,0.070048308,0.021739130209739853,0.5632911273567273
2076,1.20111E+11,106375,0.3805642609369012,0.037467018271941856,0.3181398203937794
2077,1.20111E+11,128789,0.5423728776788279,0.064902331,0.26466239396420704
2078,1.20111E+11,0,0.6206896357150585,0.14092140539508388,0.2881679361816037
2079,1.20111E+11,151706,0.3714517407019324,0.024578652,0.3640490224055877
2080,1.20111E+11,144872,0.4958847685608563,0.035714285,0.3817733958803498
2081,1.20111E+11,151358,0.5149051444001342,0.03313253,0.32919707788907243
2082,1.20111E+11,103979,0.6656076198124892,0.039598109,0.2295192943160508
2083,1.20111E+11,173103,0.37951806847873426,0,0.3339181267022332
2084,1.20111E+11,111776,0.4737406165729838,0.035160289,0.37749195898718996
2085,1.20111E+11,188400,0.5622535179591351,0.032338308,0.39640672631342994
2086,1.20111E+11,51750,0.2677165324216363,0.054835493,0.2858750687345241
2087,1.20111E+11,87139,0.3185378506909178,0.11313131084583211,0.3358613181380139
2088,1.20111E+11,0,0.47555555,0.015517241245541024,0.5167693325340909
2089,1.20111E+11,80929,0.30307813494018837,0.044776119084746845,0.5968454221019216
2090,1.20111E+11,93036,0.4709821376006458,0.051124743853530226,0.5488151606747378
2091,1.20111E+11,39667,0.33709555803539837,0.034293553,0.3471428554897959
2092,1.20111E+11,38346,0.3269565188960303,0.07495069,0.3113803987809252
2093,1.20111E+11,69844,0.2430751823455332,0.049475262,0.34980826438087653
2094,1.20111E+11,79196,0.1467551611596227,0.053594771,0.2839042689633774
2095,1.20111E+11,59375,0.22228173421380967,0.064695009,0.30548302712541503
2096,1.20111E+11,0,0.8055878835205136,0.083657587,0.3259259224769744
2097,1.20111E+11,137500,0.5433436448398817,0.011180124084718955,0.2861209944048328
2098,1.20111E+11,44258,0.068803752,0,0.3952911995335118
2099,1.20111E+11,200028,0.40925266539810795,0.042060085,0.39344262026337007
2100,1.20111E+11,112566,0.32020996534881985,0,0.3365487638097667
2101,1.20111E+11,136178,0.24173912833270322,0,0.31328878757766304
2102,1.20111E+11,250001,0.8337730650719508,0,0.36088708949824416
2103,1.20111E+11,105900,0.5700882970745679,0.022033049,0.2969924800864944
2104,1.20111E+11,157746,0.48022598598742383,0.029213483,0.27623026798407485
2105,1.20111E+11,137750,0.6742301404033214,0.004431315,0.452054792
2106,1.20111E+11,33636,0.26384534867374426,0.012833675498800434,0.3669724752922623
2107,1.20111E+11,57448,0.3053921553657247,0,0.37701529401812606
2108,1.20111E+11,87815,0.45903478721622015,0,0.37593422738464705
2109,1.20111E+11,115385,0.34291187411003954,0.075591985,0.3775566590516492
2110,1.20111E+11,97500,0.2854973402771652,0.060700876,0.37308533712754194
2111,1.20111E+11,97871,0.34263232945184313,0.014687882407050903,0.3447098946697108
2112,1.20111E+11,151969,0.702358487,0.005108557,0.34247538557498103
2113,1.20111E+11,89907,0.2033898261993681,0,0.43614129842199323
2114,1.20111E+11,49767,0.253283297,0,0.38156681675975285
2115,1.20111E+11,111742,0.22946475766049412,0.02627807,0.5550193023406403
2116,1.20111E+11,42794,0.062330622,0.09810981,0.2396265535308449
2117,1.20111E+11,43155,0.13418160708975357,0.14413208324796034,0.28129088407635894
2118,1.20111E+11,134342,0.42960288498481675,0.013815789,0.5957906066066346
2119,1.20111E+11,161591,0.6599264584572343,0.014814815,0.5898815867612316
2120,1.20111E+11,86923,0.3381410202220991,0.021489971,0.65792349
2121,1.20111E+11,117692,0.42009568975984984,0.049220672,0.5635491561666734
2122,1.20111E+11,80362,0.3771580295198137,0.026249999671875007,0.5643105380728791
2123,1.20111E+11,65074,0.34288990432465705,0.021555764,0.3719346023710177
2124,1.20111E+11,0,0.1504761890430839,0.092881944,0.39491525089054874
2125,1.20111E+11,96528,0.4639534829772851,0,0.582573449
2126,1.20111E+11,115137,0.4228816851898411,0.007021063,0.3608006229248749
2127,1.20111E+11,108125,0.18111753284625465,0,0.3542626707703763
2128,1.20111E+11,71845,0.070101351,0.016152716474649657,0.38003037061491884
2129,1.20111E+11,69650,0.3005732981116028,0.044413601357296315,0.37541118266689477
2130,1.20111E+11,108594,0.39765319167110047,0.036117381286019296,0.6069078914094962
2131,1.20111E+11,66250,0.2666666577777781,0,0.7460086974454471
2132,1.20111E+11,27236,0.33361203734438094,0.022277228,0.574780053
2133,1.20111E+11,78466,0.4472243905611854,0.056990881,0.5273250214413948
2134,1.20111E+11,37230,0.12399999917333335,0.024844720356608018,0.4167404764537622
2135,1.20111E+11,60221,0.22079116632206838,0.052083333,0.4540750294044306
2136,1.20111E+11,41790,0.2588652436371411,0.018791946056483946,0.4145527342152688
2137,1.20111E+11,63475,0.4234234186551417,0,0.5313224996366299
2138,1.20111E+11,15536,0.3313432736912456,0.23444975515670444,0.41543026295321206
2139,1.20111E+11,53359,0.3587223543154502,0.017543859456755927,0.6865509686925058
2140,1.20111E+11,99375,0.6350470627440473,0.029512697,0.7392487711527013
2141,1.20111E+11,24840,0.23762375943534952,0,0.5003362441134079
2142,1.20111E+11,62907,0.43431803623935866,0,0.5781584551490446
2143,1.20111E+11,45352,0.2509881373322503,0.26061775558652983,0.3054101168340294
2144,1.20111E+11,100678,0.684647296,0,0.5368619987064084
2145,1.20111E+11,65408,0.22431258720242278,0.040221913,0.4713114705808251
2146,1.20111E+11,162011,0.5361344492761811,0.0330351,0.39199254938550954
2147,1.20111E+11,107667,0.4827352709361187,0.026064844,0.4768622997919735
2148,1.20111E+11,109861,0.4381067907996749,0,0.5003313419461144
2149,1.20111E+11,77402,0.38015184175622646,0.026839426,0.2615756729040232
2150,1.20111E+11,84048,0.17710582770829747,0.03292181,0.4126778757265338
2151,1.20111E+11,73750,0.2715639797556209,0.048586572,0.5062961332770467
2152,1.20111E+11,147679,0.5067319399420815,0.018454440386915336,0.5197305051036525
2153,1.20111E+11,75000,0.5457967309184852,0.043383947,0.6179525176709754
2154,1.20111E+11,78813,0.1198630123303309,0,0.40873634626570715
2155,1.20111E+11,127148,0.5108135916024017,0.045906294,0.6376540880177284
2156,1.20111E+11,36303,0.2435897411874779,0.070472792,0.4072700266522995
2157,1.20111E+11,99794,0.4023479145960735,0.053442029,0.6337741542851053
2158,1.20111E+11,49153,0.1878402886765854,0.081040892,0.5258687218079635
2159,1.20111E+11,80938,0.551413878,0,0.6098924704950861
2160,1.20111E+11,54405,0.19356955253563285,0.042864894,0.3356871247382557
2161,1.20111E+11,69593,0.549678338,0.025773195710224253,0.8189368725418777
2162,1.20111E+11,45350,0.1655251132104731,0.014860977876984763,0.4402493923094929
2163,1.20111E+11,125352,0.22204213578537868,0.053571428,0.27966101479459926
2164,1.20111E+11,137833,0,0,0.758620668
2165,1.20111E+11,204405,0.6554053965485758,0,0.7018894282582965
2166,1.20111E+11,120855,0.5452793781764993,0.012592592,0.2872928160923049
2167,1.20111E+11,0,0.5534204415571066,0.012476606285236393,0.4247080490183894
2168,1.20111E+11,111250,0.4062992093992188,0,0.40866872748708416
2169,1.20111E+11,202679,0.6009389577317847,0,0.6071942358677088
2170,1.20111E+11,137277,0.49619150711434706,0.018723404,0.5184484340733355
2171,1.20111E+11,132857,0.3685220658633001,0,0.5057803419481662
2172,1.20111E+11,177250,0.5313725386005385,0.010380622657774695,0.5475177227302451
2173,1.20111E+11,158239,0.5257352913564323,0.022668948,0.4320253649146834
2174,1.20111E+11,250001,0.43763212605428914,0,0.5557046905274539
2175,1.20111E+11,132467,0.4600245945876434,0,0.5317377676197943
2176,1.20111E+11,45237,0.14476458136063042,0.12840466887637034,0.1233365786324681
2177,1.20111E+11,0,0.6928104122346136,0.006535947,0.16687897876587288
2178,1.20111E+11,155326,0.2982900551089927,0.004548039,0.40947287693298035
2179,1.20111E+11,162596,0.6360210954331492,0,0.8844329414211601
2180,1.20111E+11,45707,0.2835249020419548,0.062189054,0.19140429689453126
2181,1.20111E+11,105160,0.22284122252310276,0.014436958475101458,0.4129846671507244
2182,1.20111E+11,42222,0.21462829478862958,0,0.41403925988078966
2183,1.20111E+11,114702,0.7923809372879822,0.020512820162174015,0.8886639586167616
2184,1.20111E+11,58469,0.3784530351891986,0.014732964873545444,0.7614173168392337
2185,1.20111E+11,23065,0.2115583053502755,0.1805792148161907,0.32283857909625896
2186,1.20111E+11,102000,0.564344743,0,0.5288765801864059
2187,1.20111E+11,119688,0.7126546078719829,0.000800641,0.6441681430185426
2188,1.20111E+11,101477,0.469745215,0,0.6379310280128699
2189,1.20111E+11,110563,0.5606824328783154,0,0.4339475721932323
2190,1.20111E+11,250001,0.8120567087923154,0.039007091,0.5556711700762625
2191,1.20111E+11,45183,0.25995806855389864,0,0.2919749556518215
2192,1.20111E+11,165375,0.6783284676547282,0.006603774,0.6925270924556355
2193,1.20111E+11,33642,0.096045197,0.065789473,0.28639781075599585
2194,1.20111E+11,32089,0.24841771758832726,0.089262612,0.3128787855084941
2195,1.20111E+11,147500,0.8247863071626858,0,0.563524584
2196,1.20111E+11,101627,0.5570175403695643,0.020576131566277887,0.6256370026435241
2197,1.20111E+11,150850,0.40950792,0.007959479,0.627358487
2198,1.20111E+11,168158,0.6205882292099193,0.007228916,0.6048131690638812
2199,1.20111E+11,203598,0.7418232377047792,0.010645375844009475,0.6078234673629715
2200,1.20111E+11,106190,0.5633027471256629,0.038001407,0.5100303920362894
2201,1.20111E+11,111580,0.34290270950078305,0.014196983078096791,0.5762282073653622
2202,1.20111E+11,136167,0.4250374780731823,0.1864306773661907,0.6820809212712511
2203,1.20111E+11,142031,0.41987179038598516,0.0084674,0.6936997272540233
2204,1.20111E+11,91706,0.45503159720451336,0.006294587,0.44953496228200146
2205,1.20111E+11,98958,0.4041353358136884,0.006777894,0.5798122038506469
2206,1.20111E+11,44047,0.21114167667715492,0.10599078279959227,0.7018927389440636
2207,1.20111E+11,87269,0.3476510043781812,0,0.6723874879008868
2208,1.20111E+11,91136,0.351718284,0.079234972,0.48920863133378184
2209,1.20111E+11,92960,0.4717514079872749,0,0.45065176698951687
2210,1.20111E+11,69048,0.2649140519220015,0.015789474,0.5806253796405556
2211,1.20111E+11,109500,0.45218578926102604,0.025301204666860214,0.7447739390142248
2212,1.20111E+11,0,0.43745582729713195,0,0.6016691911861215
2213,1.20111E+11,0,0.5151915421717864,0.031656303,0.5382315226901686
2214,1.20111E+11,48721,0.12415654437141334,0,0.3769230751109467
2215,1.20111E+11,54549,0.3063492014865206,0.068592057,0.4980842864168172
2216,1.20111E+11,0,0.3059177501913967,0.035916824,0.7258964085585944
2217,1.20111E+11,0,0.1936708836244192,0.062159214,0.14924346527342872
2218,1.20111E+11,64474,0.4834749718274318,0.046874999593098966,0.5731945310787604
2219,1.20111E+11,53155,0.3423680407650779,0.098191213,0.5665306076201583
2220,1.20111E+11,40142,0.07259528,0.079239301,0.47259439132040937
2221,1.20111E+11,39358,0.49633890953797644,0.021684316582529922,0.7244039219887524
2222,1.20111E+11,0,0,0,0.037898935918225164
2223,1.20111E+11,36532,0.3090332756096153,0.047690014,0.5971563910289527
2224,1.20111E+11,0,0.1361545525652755,0.1343028217767081,0.11046511547627097
2225,1.20111E+11,120772,0.7229571928174537,0.141712877,0.7600291702404874
2226,1.20111E+11,172604,0.30176211121407365,0,0.5228136848997865
2227,1.20111E+11,153958,0.641063511,0,0.5678745236999756
2228,1.20111E+11,108594,0.3787096749760666,0,0.5678066004256687
2229,1.20111E+11,205787,0.7022853569963845,0.029035433,0.39207832491286904
2230,1.20111E+11,132996,0.5796943168155643,0.00955414,0.3981427719202393
2231,1.20111E+11,210568,0.8307209966244437,0.021094264857651517,0.32139883296669924
2232,1.20111E+11,86791,0.6903765664116525,0.007819549,0.378449793
2233,1.20111E+11,247941,0.7353361893037469,0.042253520878793895,0.41861370553499333
2234,1.20111E+11,134336,0.791666658,0.035815268,0.34390771201220105
2235,1.20111E+11,136971,0.4555555525780683,0,0.47353603336972955
2236,1.20111E+11,149205,0.3851063802474725,0.015078407629201401,0.6666666628679963
2237,1.20111E+11,106250,0.35695986031631205,0,0.5731414833744516
2238,1.20111E+11,81650,0.46752058126696633,0.008613264,0.5367606382710854
2239,1.20111E+11,135520,0.615328463,0.045627376178015336,0.622501159
2240,1.20111E+11,150331,0.5619097557087631,0.018699532,0.6993097467674299
2241,1.20111E+11,125210,0.404666127,0,0.5481927677819712
2242,1.20111E+11,190000,0.6259771459652607,0,0.566468705
2243,1.20111E+11,50513,0.507394184,0.11009786452380368,0.46375294304173525
2244,1.20111E+11,158304,0.587999995,0.015151515051702799,0.6165129898721166
2245,1.20111E+11,166528,0.6649999916875001,0.013605442022614036,0.7062289502842681
2246,1.20111E+11,77851,0.36699028769912345,0.019246190703719402,0.7121057913315789
2247,1.20111E+11,51591,0.4467408549543652,0.08320493,0.6239631278897407
2248,1.2011E+11,89875,0.10869565035626003,0,0.5466179059119213
2249,1.2011E+11,123003,0.31981981741877014,0.053217821,0.6042003182213221
2250,1.2011E+11,51042,0.30413222637797976,0.065948855,0.46106869525085964
2251,1.2011E+11,127833,0.4852941125494316,0.021126760350837423,0.5520984041092735
2252,1.2011E+11,87132,0.423785588,0.011725292935924742,0.7178819382128304
2253,1.2011E+11,57708,0.2055555498456792,0,0.5318595509511111
2254,1.2011E+11,126058,0.5460317431426892,0.00622084,0.8609917967161584
2255,1.2011E+11,0,0.2959427137006512,0.068376067,0.663771704
2256,1.20111E+11,32500,0.30116958624021073,0,0.5956375788956579
2257,1.20111E+11,0,0.32173295226041937,0.0625,0.5324165003319425
2258,1.20111E+11,50391,0.28852080012126036,0.042182792,0.39368671711230874
2259,1.20111E+11,54489,0.14753086328684653,0.027904328,0.34018922114278394
2260,1.20111E+11,39160,0.067039106,0.019384745,0.39061528778553356
2261,1.20111E+11,88104,0.4686440638250503,0,0.4511111060987655
2262,1.20111E+11,0,0.3545454491735538,0.023676879893079667,0.5055118070432141
2263,1.20111E+11,80635,0.45314787535450995,0.005846325,0.4540401871439928
2264,1.20111E+11,0,0.34665641547535425,0.017189835447011692,0.5485537133413873
2265,1.20111E+11,92957,0.22102747645128465,0.002059732,0.539457457
2266,1.20111E+11,124643,0.4388609641731832,0.034383953662121006,0.7545515795377506
2267,1.20111E+11,250001,0.4458077691378005,0.095133553,0.7074235784097292
2268,1.20111E+11,117813,0.5689424287959515,0,0.6546888636749443
2269,1.20111E+11,0,0.4715328398316374,0.021978021676126076,0.5589519601838256
2270,1.20111E+11,133083,0.47793505014208953,0.035814606490065966,0.5980314937085374
2271,1.20111E+11,96667,0.3985074567386947,0.069371727,0.5644402580955762
2272,1.20111E+11,70161,0.45379310031866826,0.029247043999707255,0.6173200666043296
2273,1.20111E+11,63828,0.5921450106333459,0.023138105400302925,0.6572709759303589
2274,1.20111E+11,29232,0.1394779760238338,0.026484750991294135,0.6999999947761194
2275,1.20111E+11,77307,0.3986583593739417,0.017998244,0.4822727250805785
2276,1.2011E+11,141596,0.5201238349835616,0.045454545141497625,0.7787857586965404
2277,1.20111E+11,76451,0.15196078307221583,0,0.3237028282800541
2278,1.20111E+11,63125,0.4742807282102814,0.057692307265589444,0.4238822839621829
2279,1.20111E+11,71230,0.34221481813309895,0,0.5730263120195638
2280,1.2011E+11,52483,0.14565217232986769,0,0.5374301615929591
2281,1.2011E+11,122125,0.41715399339081227,0.053757542,0.5814403065179299
2282,1.2011E+11,56563,0.2299212562217125,0.039938555454092854,0.5430107453896406
2283,1.20111E+11,48967,0.21761280773207564,0,0.29513063957760904
2284,1.2011E+11,66786,0.1934865863316746,0.021072796531172482,0.47864077205203137
2285,1.20111E+11,66685,0.17472924061567335,0.1013767202667289,0.3746666641688889
2286,1.20111E+11,124103,0.4447725904029971,0.14833615257565622,0.6557575731080502
2287,1.2011E+11,84804,0.2827442812747179,0.042922374,0.5598516919499381
2288,1.2011E+11,64267,0.31327160010383337,0.011982570675571126,0.3717859598902991
2289,1.20111E+11,63138,0.21829521678243094,0.041007615,0.40063931592626895
2290,1.2011E+11,94955,0.41949967659076537,0.011545862658461433,0.7887930991983131
2291,1.2011E+11,70599,0.5846456577825658,0.074803148,0.7102888022537112
2292,1.20111E+11,0,0.1494464917076293,0,0.4173764870751577
2293,1.2011E+11,94185,0.17276720267073106,0,0.32568550461283996
2294,1.2011E+11,126964,0.4159663690770433,0.093749997,0.40078585067990324
2295,1.2011E+11,33792,0.060200667,0,0.17196261521530268
2296,1.20111E+11,115750,0.35971222698100513,0,0.6294208066149626
2297,1.20111E+11,66875,0.33401429689464457,0.009699321,0.5246406516977346
2298,1.20111E+11,179395,0.5988919634410418,0.006163328,0.6151202718943531
2299,1.20111E+11,52000,0.5374251416553123,0.012931034343415578,0.5708191077575162
2300,1.20111E+11,79938,0.616356873,0.021264367693882943,0.47180042872233807
2301,1.20111E+11,66613,0.16461365997073168,0,0.5262024369978289
2302,1.20111E+11,74196,0.39860582763874636,0.046883933,0.5136186748222279
2303,1.20111E+11,89773,0.18199356796145616,0.033426183657792846,0.5295100193234409
2304,1.20111E+11,190670,0.49480641647963725,0,0.5881552036204547
2305,1.20111E+11,83086,0.45053346047267956,0.030461685,0.6153846128119372
2306,1.20111E+11,186563,0.692307676,0,0.5340253686963625
2307,1.20111E+11,136766,0.3577817499303958,0.016488046030601434,0.6214759509889056
2308,1.20111E+11,179844,0.6362308207726017,0.008715863,0.47832980719698837
2309,1.20111E+11,165556,0.8387809150230524,0,0.5835044470105939
2310,1.20111E+11,140250,0.6255247638494982,0.004513217,0.5444759175950373
2311,1.20111E+11,108529,0.5456498330220212,0.028169013895580054,0.3405432578443498
2312,1.20111E+11,140847,0.7034559564832112,0.027671755461147373,0.5231560847070662
2313,1.20111E+11,153854,0.7367802498615718,0.01814882,0.4361972524850165
2314,1.20111E+11,111759,0.7260543920928088,0.056270096,0.32052040118119335
2315,1.20111E+11,240714,0.7055977836517084,0.005593536,0.5687397685403446
2316,1.2011E+11,116750,0.1959459393261507,0.2741935395421439,0.7002518803494726
2317,1.2011E+11,0,0.23583460588308414,0,0.5220338894570528
2318,1.2011E+11,0,0.4931129340740239,0,0.7864506511568388
2319,1.2011E+11,110179,0.3660606016235079,0,0.7265372050722135
2320,1.2011E+11,85540,0.7812745807924896,0.013629842082999699,0.8165037957844528
2321,1.2011E+11,116976,0.7510822429536554,0.034224599,0.8616207885197188
2322,1.2011E+11,91432,0.37335670137285976,0.048338368,0.8111722988892817
2323,1.2011E+11,114107,0.5636645875207362,0,0.7644230695728551
2324,1.2011E+11,117188,0.5247216012261844,0.012107454,0.44593749860644527
2325,1.2011E+11,102527,0.7004405209202585,0,0.5912897772923804
2326,1.20111E+11,85362,0.3989501277432185,0.059999999538461544,0.5327868818865896
2327,1.20111E+11,127042,0.47181628064150116,0,0.5380681787609762
2328,1.20111E+11,64615,0.1549815491006386,0.026285272414823067,0.43841059486513745
2329,1.20111E+11,148458,0.6033376084509782,0,0.6942013091126843
2330,1.20111E+11,56597,0.13014210822631184,0.038688524336468695,0.34944018650889697
2331,1.20111E+11,153889,0.5941320148133982,0,0.7048386983090533
2332,1.20111E+11,203203,0.71172022,0.004152824,0.7096336451178179
2333,1.20111E+11,40445,0.11564625588103729,0.23780487321534813,0.4239766050878903
2334,1.20111E+11,108977,0.41843604133383716,0.016007114201835863,0.49707602168188497
2335,1.20111E+11,92586,0.29468325625179154,0.034115138410900116,0.43531914708374825
2336,1.2011E+11,28053,0.10784313514033068,0.071106094,0.1138421718778503
2337,1.2011E+11,0,0.20956521556899813,0,0.099367088
2338,1.2011E+11,71649,0.11636363530578514,0.069015097,0.083146067
2339,1.2011E+11,76731,0.2516411351023946,0.016025640854426915,0.24642190263583136
2340,1.20111E+11,130156,0.4697452191899266,0,0.6369529949381254
2341,1.20111E+11,73333,0.2760497645719303,0.047819971534318065,0.5031023758888191
2342,1.20111E+11,63438,0.2897196234605643,0.046666666,0.5224342417615563
2343,1.2011E+11,63140,0.10703363750713094,0.035043804,0.10885245830260683
2344,1.2011E+11,44287,0.093082834,0,0.23676323558060322
2345,1.2011E+11,32703,0.1855807718881072,0.045292014,0.290666664
2346,1.20111E+11,95898,0.7545260875690837,0.014014466482755575,0.45183887718109067
2347,1.20111E+11,154423,0.6661303244880907,0.026674937799783263,0.49421193012372244
2348,1.20111E+11,204605,0.7877007411370907,0.003566796,0.36080283267815155
2349,1.20111E+11,132125,0.35735293592128037,0.057457212011525524,0.4638297839444696
2350,1.20111E+11,86995,0.5594660160226577,0.014230979670328518,0.3963782669592336
2351,1.20111E+11,0,0.5659109944088078,0.27327528283137786,0.49774047451426423
2352,1.20111E+11,122212,0.48975109451133897,0.028934368179715116,0.46102745588561794
2353,1.20111E+11,110878,0.4962216562188708,0.019334049201567678,0.4138678178345849
2354,1.20111E+11,78556,0.5604651097620337,0.045454545,0.34256055066989144
2355,1.20111E+11,165929,0.603061218,0.042955326091449086,0.3726461824943202
2356,1.2011E+11,66150,0.22131754092289016,0.010760401644473446,0.6004827966174846
2357,1.2011E+11,73005,0.2034883707784989,0.066631962,0.1027370087158389
2358,1.2011E+11,88311,0.004707465,0.14507771937203387,0.10021786437789834
2359,1.2011E+11,0,0.051746442,0.075046904,0.045053003
2360,1.2011E+11,50826,0.33874709583820073,0,0.15147264864694743
2361,1.2011E+11,150402,0.5978773514401255,0.047149122290031556,0.722908083
2362,1.2011E+11,78155,0.017021276233589868,0.16757741042664098,0.055304739782113546
2363,1.2011E+11,0,0.14936440519741095,0,0.3959660255205305
2364,1.20111E+11,33667,0.4890624923583986,0,0.4456310636346499
2365,1.2011E+11,46487,0.081664097,0.079738561,0.057347669908317384
2366,1.20111E+11,88267,0.346887964,0.012708498707637024,0.6169792664512376
2367,1.20111E+11,112120,0.5669398829653022,0,0.5462598371431119
2368,1.20111E+11,65855,0.5219512169660916,0.015704584,0.4513027281287136
2369,1.20111E+11,48839,0.29538690256408556,0,0.3226010080643876
2370,1.20111E+11,84528,0.48615724821531286,0,0.293626705
2371,1.20111E+11,132105,0.4519650635285368,0.031889763653977304,0.4301652874786558
2372,1.20111E+11,64022,0.4516288230423059,0.029934923948221587,0.41961279284674746
2373,1.20111E+11,123214,0.5820189182646859,0.014619882827194695,0.5569811278718405
2374,1.20111E+11,60721,0.48376444422804377,0.073979591,0.5054171153552702
2375,1.20111E+11,112429,0.5581395324800192,0.016744548221399733,0.6123893783632234
2376,1.2011E+11,250001,0.6914285635265307,0.031504065,0.839339333
2377,1.2011E+11,147778,0.46404493860623663,0,0.8778960496061613
2378,1.2011E+11,107444,0.2841880281156404,0.094845359,0.5716752923717566
2379,1.2011E+11,124063,0.760715614,0.036092715112275776,0.768417573
2380,1.2011E+11,134583,0.7576243919933837,0.011732229042565706,0.7806670391143752
2381,1.2011E+11,120091,0.5743847842595929,0.010567296937890451,0.8407987002655224
2382,1.2011E+11,33846,0,0,0.029268292325996436
2383,1.2011E+11,74063,0.40186915418377156,0.017523364,0.7707612390072557
2384,1.2011E+11,222656,0.633522709,0,0.8225039489302068
2385,1.2011E+11,89477,0.43569844306321015,0.069790627,0.7646057812557812
2386,1.20111E+11,222093,0.7037036962571037,0.05165456,0.3868832708370441
2387,1.20111E+11,57697,0.5648148113283037,0.031446540700705884,0.31568703652905006
2388,1.20111E+11,166837,0.8117408742562576,0,0.5630252033250276
2389,1.20111E+11,87876,0.5378151210288037,0.052536231408186314,0.36270491555529427
2390,1.20111E+11,104844,0.32737029825813424,0,0.33190025509973986
2391,1.20111E+11,175842,0.6307277571363185,0.028803544838969387,0.531619176
2392,1.20111E+11,46698,0.6178287677155448,0,0.3443054618544736
2393,1.20111E+11,198750,0.6880733892349129,0,0.4409448795750925
2394,1.20111E+11,150259,0.654789716,0.017883755499832312,0.42186031812759056
2395,1.20111E+11,95536,0.3457831283640587,0,0.28643724551398153
2396,1.2011E+11,81588,0.2950819603025302,0.094801222,0.07260101
2397,1.20111E+11,79286,0.14555555393827163,0.029767441583558683,0.11704462240640365
2398,1.2011E+11,58878,0.24786324521513628,0,0.048299319
2399,1.2011E+11,31985,0.1958041889578955,0.042857142,0.034026464
2400,1.20111E+11,188472,0.3333333259259261,0,0.6114285626938777
2401,1.2011E+11,0,0.051282051,0.018480492718272627,0.034366576587826304
2402,1.20111E+11,64672,0.17775973881688525,0.045519203,0.1272613841094112
2403,1.20111E+11,51021,0.45979020577106466,0.039232053,0.44466800581152915
2404,1.2011E+11,57685,0.068322981,0.091393078,0.033707865
2405,1.2011E+11,59355,0.1348448679305199,0.020051414,0.02681388
2406,1.2011E+11,87109,0.3803071329692219,0.025044722495127705,0.8121212022773188
2407,1.2011E+11,113080,0.47785107937934895,0.007685739,0.8514938413752738
2408,1.2011E+11,54482,0.4363992086810331,0.082116787,0.4084362097897509
2409,1.2011E+11,77955,0.6953455538535704,0.020326999,0.7375165676645312
2410,1.2011E+11,34239,0.3835263785903941,0.089041095,0.044612216577815944
2411,1.2011E+11,174333,0.745341603,0.094900849,0.8167539181491736
2412,1.2011E+11,75548,0.6769041685884009,0,0.79833332
2413,1.2011E+11,103201,0.6110363364242425,0,0.5993485320327595
2414,1.2011E+11,33261,0.4687499938964845,0.022135416,0.7256562173949516
2415,1.2011E+11,39107,0.17597292426441755,0.1327713368517246,0.020156775
2416,1.2011E+11,46292,0.12283236816716231,0.10322580511966703,0.068267066
2417,1.20111E+11,0,0.096399534,0,0.11714659609197255
2418,1.20111E+11,57356,0.3841181866655754,0.011744966344421423,0.41879194349804066
2419,1.20111E+11,102188,0.5215053669981117,0.009463722,0.6262295013526831
2420,1.2011E+11,24934,0.10013351001156863,0.16097560818560383,0.029288702724625505
2421,1.2011E+11,16490,0.0839895,0.041522491,0.029986053
2422,1.2011E+11,52944,0.17056856044675117,0.047688921,0.031314168
2423,1.2011E+11,40000,0.1438547475987797,0.095332018,0.040237467
2424,1.20111E+11,65083,0.29545454381677083,0.078613694,0.106392489
2425,1.2011E+11,19000,0.041306435722320504,0.1238012194960661,0.025392986545387023
2426,1.20111E+11,108500,0.45866819484116994,0.054298642,0.5960912027846449
2427,1.20111E+11,115521,0.5948275827883472,0.024038461410050956,0.42979797762728295
2428,1.20111E+11,81560,0.45533140882326073,0.014007308075473155,0.3595634672052644
2429,1.20111E+11,115125,0.4907094553149539,0.036501901,0.5463320428163961
2430,1.20111E+11,143021,0.4388714687683232,0.020250723044833916,0.5917910403597684
2431,1.20111E+11,44650,0.4291187712061381,0.008814456,0.3091715961086213
2432,1.20111E+11,98630,0.5756578884248039,0.059548254008744826,0.6065088697582952
2433,1.20111E+11,53680,0.449586773,0.035937499719238285,0.3100995717871049
2434,1.20111E+11,106250,0.6275394892203275,0.032193158,0.4227405186189429
2435,1.20111E+11,118984,0.6268011482218938,0.041520056,0.5257936473161796
2436,1.20111E+11,129821,0.6422535166038484,0.012315270860127642,0.41834547613225254
2437,1.20111E+11,229250,0.5501285276333094,0.025641025342179193,0.6051464010191091
2438,1.20111E+11,153365,0.2625850322273127,0,0.47765212451452815
2439,1.20111E+11,18494,0.24906366574787145,0,0.6177024365781085
2440,1.20111E+11,101838,0.5817990500694421,0.018295618592702845,0.4345897985162315
2441,1.20111E+11,162396,0.624681926,0.008505468,0.5538353233368379
2442,1.20111E+11,145093,0.6606409148673713,0.008308157,0.7115775171863404
2443,1.20111E+11,96042,0.6058823458131489,0.032467532,0.3356164367142053
2444,1.20111E+11,40863,0.2696687356642405,0.010214504544359017,0.6863057288412647
2445,1.20111E+11,109896,0.3170731578425546,0.054151622593804245,0.3023839359801263
2446,1.2011E+11,0,0.7755376239847094,0,0.8514767860634871
2447,1.2011E+11,45328,0.1167444955520714,0.077373211,0.1702466175795814
2448,1.2011E+11,82955,0.4114285675102041,0,0.7272727197595794
2449,1.2011E+11,82455,0.6666666626626627,0.041208791,0.7177221368791254
2450,1.2011E+11,48139,0.17411545461717454,0.009220453,0.14472994155883617
2451,1.2011E+11,35625,0.26299693787466455,0,0.3404907940645113
2452,1.2011E+11,101397,0.46223021167059164,0.010489510397818966,0.5836832598459313
2453,1.2011E+11,66334,0.42560975350237956,0.053126729,0.6382428899338315
2454,1.2011E+11,42208,0.3733905539335778,0.029013539371242368,0.3041933169566928
2455,1.2011E+11,85694,0.5065047657718581,0.010407632173394344,0.5081967171459285
2456,1.2011E+11,42147,0.15803452645372476,0,0.030534350812057243
2457,1.20111E+11,61476,0.16502946792701897,0.028356964,0.10842490763058676
2458,1.2011E+11,62461,0.092578423,0.066848567,0.052154195
2459,1.2011E+11,73205,0.16374268899452443,0.094399999,0.051395007
2460,1.2011E+11,45146,0.19140624875386558,0.049822064,0.028324154097859343
2461,1.20111E+11,49815,0.070524412,0.15996967278264085,0.033457248863337986
2462,1.20111E+11,27257,0.27233115270638236,0.017943409123924024,0.059281696
2463,1.2011E+11,61473,0.14174972157530763,0.08923643,0.044361304
2464,1.2011E+11,57500,0.14360770326431344,0,0.021468926
2465,1.20111E+11,65531,0.17269372566277694,0.061872025056202935,0.033701948
2466,1.20111E+11,115865,0.582591488,0,0.7049278803790392
2467,1.20111E+11,73364,0.40371080995706454,0.047398844,0.38659793633271816
2468,1.20111E+11,55532,0.2036262175226469,0,0.3681072997905566
2469,1.20111E+11,38198,0.45238094639707743,0.021384928499135147,0.18145956488192266
2470,1.20111E+11,46836,0.2600823023861539,0.063037249,0.33058532291355874
2471,1.20111E+11,103715,0.6074645996465303,0,0.541916164
2472,1.20111E+11,103496,0.5976627662966381,0.077041602,0.4873323361599677
2473,1.20111E+11,102650,0.279005521,0.019354838,0.5692307629754861
2474,1.20111E+11,108264,0.35159235220901464,0.056108597,0.3145161264958377
2475,1.20111E+11,89183,0.19230769013226595,0.067628494,0.23020706175143651
2476,1.2011E+11,46782,0.24903225485119673,0.014563106619379774,0.046580188
2477,1.20111E+11,63542,0.17197452092376975,0.086354647,0.10377358441616233
2478,1.20111E+11,57563,0.1499423281436871,0.099551569,0.030414746
2479,1.20111E+11,69290,0.11552028116825148,0.1812411834891313,0.050254093
2480,1.2011E+11,45833,0.18282111755066102,0.006779661,0.011540391311889657
2481,1.20111E+11,30769,0.15718849739815657,0.088717948,0.038726993716537594
2482,1.20111E+11,50000,0.1308304877038625,0.13484251835784924,0.019783025
2483,1.2011E+11,34828,0.19508104977595836,0.069330765,0.011570827
2484,1.20111E+11,48416,0.080532212,0,0.064754856
2485,1.2011E+11,56697,0.085291113,0.037953092,0.068144044
2486,1.2011E+11,65960,0.25261464,0.057549086,0.1868869375999642
2487,1.2011E+11,103824,0.6172962165278706,0.041773231,0.7687642094862456
2488,1.2011E+11,74167,0.8408679775611577,0,0.6513761368291111
2489,1.2011E+11,58875,0.20686766995923225,0.077592458,0.5070729025730528
2490,1.2011E+11,121938,0.6666666582491584,0,0.8120567279898732
2491,1.2011E+11,69581,0.5866748884227336,0.006169031,0.8407510372687689
2492,1.2011E+11,74554,0.24792702945334139,0.020069204,0.4757738864348998
2493,1.2011E+11,87134,0.5319148855332084,0.072273324,0.8068535699867045
2494,1.2011E+11,133137,0.6527026938823961,0,0.8083756242591926
2495,1.2011E+11,120357,0.6172506655357053,0,0.7896405836190213
2496,1.20111E+11,24052,0.094522018,0.14214711588322948,0.042944785
2497,1.20111E+11,38142,0.11925175277278446,0.056005398,0.01934236
2498,1.20111E+11,69167,0.21200510584923238,0.031809145,0.13793103360197298
2499,1.20111E+11,44298,0.073361082,0.035974130816596075,0.036363636
2500,1.20111E+11,24944,0.12460063798242302,0.067368421,0.15194642046066797
2501,1.20111E+11,49440,0,0.20174050473306562,0.020017406353274994
2502,1.20111E+11,61224,0.2432748509558497,0.011764705756527211,0.015795207
2503,1.20111E+11,81913,0.2908863883784471,0.009954058,0.036221591
2504,1.20111E+11,34274,0.069904341,0.094602789,0.040986868121819064
2505,1.20111E+11,42654,0.083424807,0.084842707,0.017665615
2506,1.2011E+11,106855,0.6660341524381681,0.007536505,0.7969924784791781
2507,1.2011E+11,63208,0.3102466763733712,0.024778760842665833,0.42824073743641405
2508,1.20111E+11,57212,0.585267401,0.066985645,0.7743315425205183
2509,1.20111E+11,101991,0.1584038674920935,0.040141676,0.6790123380582229
2510,1.20111E+11,110288,0.46001366739566873,0.046573519,0.783132525
2511,1.20111E+11,122000,0.5122699334123729,0.008159565,0.8190552376376683
2512,1.20111E+11,0,0.3751507795518603,0,0.6899879289506885
2513,1.2011E+11,69643,0.4919653832884378,0.076549209,0.8237773960895667
2514,1.20111E+11,97935,0.4734848395173326,0.20063693948030353,0.7702702572589484
2515,1.20111E+11,62292,0.28106060393135907,0.018076645,0.5247208889575686
2516,1.20111E+11,69722,0.26540284045731233,0.024390243654570695,0.15716486781845249
2517,1.20111E+11,111938,0.5045871526567028,0.020354906,0.5441051715686803
2518,1.20111E+11,79808,0.5065873331636747,0.047098719,0.3647694210022043
2519,1.20111E+11,89740,0.43029389276342206,0.029051000458030985,0.3497421455708291
2520,1.20111E+11,79418,0.083333332,0.14631685018852825,0.21559191322818178
2521,1.20111E+11,0,0.29425837085918366,0.005095541,0.31417624370605246
2522,1.20111E+11,104375,0.5781710743902339,0.08554572,0.32071268773468403
2523,1.20111E+11,106181,0.24137930874416905,0.026255707612695734,0.460156608
2524,1.20111E+11,38423,0.2632468981778642,0.023746701721653288,0.489756719
2525,1.20111E+11,37566,0.274582558,0.010025062572890037,0.529805757
2526,1.20111E+11,45368,0.20679245126949095,0.060738885,0.029081633
2527,1.20111E+11,77250,0.14634146192742417,0.006730769,0.038301415
2528,1.20111E+11,32361,0.1771488451032616,0.057429352256797156,0.12533333249777778
2529,1.20111E+11,48683,0.23471170509777692,0.011708586245843077,0.057181298159497816
2530,1.20111E+11,40938,0.052583447,0.025448477,0.024595687
2531,1.20111E+11,49125,0.2123786394879937,0.032778618089870815,0.019485294046009946
2532,1.2011E+11,18997,0.066249999,0.10399999881142859,0.074241446
2533,1.20111E+11,33864,0.2326869789980126,0.057428214,0.14988470292171635
2534,1.20111E+11,37099,0.12114537311513907,0.070227497,0.025263157628808867
2535,1.20111E+11,170156,0.17447916212293849,0,0.4966442869690556
2536,1.20111E+11,39740,0.16706875653155154,0.00805153,0.3227138624028681
2537,1.20111E+11,33311,0.34339947934944365,0,0.43909684825254397
2538,1.20111E+11,26296,0.2020330342816641,0.2515883068413176,0.4599092214839755
2539,1.20111E+11,26884,0.11933631066154238,0,0.3619631874082578
2540,1.20111E+11,128750,0.28805969719313884,0,0.4908592276886725
2541,1.20111E+11,37649,0.248655109,0.045533140947935785,0.2835299244930977
2542,1.20111E+11,0,0.10612691349970554,0.009424084,0.5151515097685317
2543,1.20111E+11,29010,0.34313725009611695,0.04979253,0.4015369798123249
2544,1.20111E+11,51184,0.1989697347136527,0.005538462,0.4349775756888048
2545,1.20111E+11,77201,0.3248175123208483,0,0.2953523194100102
2546,1.20111E+11,24835,0.1544303784436255,0.02969562,0.074046372
2547,1.20111E+11,53837,0.3998623509988827,0,0.15596330207093356
2548,1.20111E+11,27305,0.025018395695228877,0,0.04768633
2549,1.20111E+11,27500,0.081475128,0.037272006048596304,0.055871702
2550,1.20111E+11,76655,0.14620938496200916,0.005613472,0.1601731591826026
2551,1.20111E+11,0,0.24611708188629533,0,0.072244747
2552,1.20111E+11,42993,0.2431409626949767,0,0.22985347774859452
2553,1.20111E+11,33906,0,0,0.13109048571820783
2554,1.20111E+11,0,0.11570881137387884,0,0.09993293
2555,1.20111E+11,44539,0.267427121,0.006640841,0.10983606497357341
2556,1.2011E+11,219042,0.5914396772093449,0,0.8115468321182262
2557,1.20111E+11,55028,0.515119911,0.030969030659650044,0.6682730870018226
2558,1.2011E+11,58929,0.7009966544519385,0.03322259,0.7960992766649064
2559,1.20111E+11,81060,0.49741697049876776,0.007199424,0.7986970632006706
2560,1.2011E+11,129141,0.743016753,0,0.7931337958350898
2561,1.20111E+11,77647,0.46489858869112966,0.017160686159739685,0.5828367034226853
2562,1.20111E+11,69250,0.3993399296002208,0.024414062261581423,0.7276536211221561
2563,1.20111E+11,49444,0.25955203874107985,0.1139393925583104,0.3843311131978484
2564,1.2011E+11,136250,0.4285714199482612,0,0.8539176513423951
2565,1.2011E+11,98168,0.5056461668049415,0.018820577,0.8380062218275575
2566,1.20111E+11,51875,0.24895104721013253,0.060790273,0.09639869
2567,1.20111E+11,67031,0.14982373589997805,0.065957446,0.3212814630604967
2568,1.20111E+11,123597,0.5592705,0.14325842294217914,0.3795454459194217
2569,1.20111E+11,19858,0.1214887631917924,0.21918678386793658,0.2315789460854352
2570,1.20111E+11,76295,0.069758812,0.008352072,0.020772304
2571,1.20111E+11,0,0.2328535119995469,0.074096754,0.022210184
2572,1.20111E+11,70051,0.22982884898264996,0.083994708,0.072711344
2573,1.20111E+11,67361,0.35683139275558584,0.012307692231952664,0.3484358125758586
2574,1.20111E+11,86806,0.3422143259786008,0.024404415895383988,0.6576482796168144
2575,1.20111E+11,63646,0.2996575291154533,0,0.5668604609966537
2576,1.20111E+11,127368,0.5846342192083434,0.001699717,0.3892344488295827
2577,1.20111E+11,46484,0.2640761279613313,0.079353932,0.4770318
2578,1.20111E+11,46250,0.2379562009057489,0.045819014366334315,0.18089602552074366
2579,1.20111E+11,113421,0.42139479656386053,0,0.45468277602203344
2580,1.20111E+11,0,0.3732119587358653,0.063973063,0.3828529166086259
2581,1.20111E+11,84091,0.33158812684837474,0,0.12426035380413852
2582,1.20111E+11,85392,0.33221476,0.1275167763839467,0.3245967676492587
2583,1.20111E+11,0,0.23768736107735844,0,0.30577222611899807
2584,1.20111E+11,81282,0.29901960601090927,0.030867482539289608,0.16509433891468978
2585,1.20111E+11,76167,0.3487332322467301,0,0.3079552507521589
2586,1.20111E+11,47249,0.14952380809977325,0.028030834,0.18256691707229294
2587,1.20111E+11,76618,0.30275228802289383,0.13490724898975973,0.5874704422284818
2588,1.20111E+11,119327,0.3091247614688126,0,0.7418335011397945
2589,1.20111E+11,49776,0.33676975366374995,0.022336769375656883,0.4496402823784139
2590,1.2011E+11,0,0.39473682912049907,0,0.8427672779294072
2591,1.2011E+11,64669,0.4384133565927625,0,0.8210805950302871
2592,1.2011E+11,65125,0.5581395304078627,0.0234375,0.8712241607248322
2593,1.20111E+11,58750,0.2532608668123819,0.15947925012628764,0.26612903
2594,1.20111E+11,70166,0.021668472255317053,0.063521719,0.26315789352189334
2595,1.2011E+11,93375,0.5780765223470707,0.00507872,0.8291685559783345
2596,1.20111E+11,40679,0.21522309570063586,0.032115869,0.24227372934727523
2597,1.20111E+11,74333,0.037156704,0.095652173,0.034195933
2598,1.20111E+11,38203,0.18823529273356404,0.043328747982608336,0.1739855465592799
2599,1.20111E+11,44948,0.2154989372850375,0.050606220081148026,0.19419795155563838
2600,1.20111E+11,51711,0.3416666642939815,0.042926239,0.14742451067244222
2601,1.20111E+11,86368,0.1798825243767803,0.066712517,0.033333333
2602,1.20111E+11,51071,0.2653316629203275,0.041484716,0.24544179408395606
2603,1.20111E+11,85917,0.18335824522492156,0.033140016,0.032858028
2604,1.20111E+11,22923,0.097527471,0.063144329,0.11869436113728218
2605,1.20111E+11,73875,0.19855421591058206,0.028436019,0.4382319590546582
2606,1.20111E+11,53674,0.21855571392369336,0.013322567568338443,0.26422535136837927
2607,1.20111E+11,70573,0.2368610494106476,0.10204081571404072,0.2947067224859002
2608,1.20111E+11,37500,0.2606557355683956,0.063450099,0.22993310940663414
2609,1.20111E+11,73889,0.2575250793056007,0.035360678,0.29489291355112923
2610,1.20111E+11,61979,0.4536231862143807,0.023457862626160456,0.27745424177431677
2611,1.20111E+11,39697,0.19419237573328152,0.10266457599792653,0.20622567959646124
2612,1.20111E+11,102550,0.39123441740557124,0.023876404,0.5178632170198597
2613,1.20111E+11,55063,0.2408293441720148,0,0.3279965368758263
2614,1.20111E+11,45442,0.16551723995243758,0.057982525353593925,0.36007462350676656
2615,1.20111E+11,92125,0.20615910858717615,0.055598455,0.488359199
2616,1.20111E+11,103264,0.1866404696793667,0.1380345075916391,0.3047696014165756
2617,1.20111E+11,66130,0.24169530078241352,0.057459677,0.37841945001201027
2618,1.20111E+11,114821,0.5219573334760687,0,0.7527862132443139
2619,1.20111E+11,80714,0.5264830452703068,0.017580145,0.7881773343548393
2620,1.2011E+11,59375,0.4504896577748677,0.020768431767721373,0.7886178803502004
2621,1.2011E+11,156175,0.6759142411612328,0.039800995,0.7751091618437864
2622,1.20111E+11,64000,0.2818696843927807,0.024930748,0.5384615336452457
2623,1.2011E+11,86534,0.7370600261478256,0,0.8236331424403326
2624,1.20111E+11,65690,0.2311248056153713,0.017241379186484346,0.6685456557579162
2625,1.20111E+11,44143,0.065539111,0.044660193,0.3381858864704828
2626,1.20111E+11,82138,0.4516752548216801,0.032172996,0.3646166119623937
2627,1.20111E+11,96250,0.30434782363649093,0,0.23060796524838592
2628,1.20111E+11,106765,0.19630484912892665,0.076521739,0.146165884
2629,1.20111E+11,45664,0.2167019016030555,0.029069767301018568,0.2674043325615291
2630,1.20111E+11,46837,0.36874999670758934,0.047698744,0.3235294097822953
2631,1.20111E+11,119250,0.31517509552431855,0.061141990595543254,0.3792074973190988
2632,1.20111E+11,88358,0.48407959958169355,0.034004474,0.2510445673710147
2633,1.20111E+11,115804,0.37750294241753274,0.009179266,0.21941242
2634,1.20111E+11,61397,0.36211972166712736,0.052631578527658866,0.3666416200853372
2635,1.20111E+11,58040,0.26881720207760795,0.011269721928852578,0.23874488240965291
2636,1.2011E+11,80750,0.5087719223863755,0.015320334048463315,0.819464022
2637,1.2011E+11,50272,0.4584322931488767,0.061757718,0.85923216
2638,1.2011E+11,69007,0.2897959124531447,0.001798561,0.6124497868985986
2639,1.20111E+11,69769,0.4994068742656361,0.034658511,0.704567534
2640,1.2011E+11,60288,0.39593113621391024,0.059374999,0.806569328
2641,1.2011E+11,34706,0.25073745942865105,0.022315201920290073,0.7674190307417171
2642,1.20111E+11,78553,0.22033897931628849,0.06732348,0.5039292681342901
2643,1.20111E+11,107666,0.192167576,0.005089058,0.5076507605071939
2644,1.20111E+11,56221,0.2943722911864471,0.001988072,0.5222319047756591
2645,1.20111E+11,40000,0.29002744473899866,0.04985119,0.4084158390568327
2646,1.20111E+11,41625,0.1368186859085797,0.044711014,0.43384338043345294
2647,1.20111E+11,67159,0.23004201559851883,0.006750675,0.2163242002958784
2648,1.20111E+11,0,0.2177355485531627,0,0.4426116808067926
2649,1.20111E+11,77083,0.3650362285775704,0,0.3381180196322327
2650,1.20111E+11,115500,0.5008923230167024,0.032586558,0.3611229248782521
2651,1.20111E+11,87755,0.3509433940192239,0.021264028,0.23337679117746551
2652,1.20111E+11,26375,0.037037036,0,0.24526748769327172
2653,1.20111E+11,88021,0.4113326294718507,0.060843964074151484,0.3906844069326577
2654,1.20111E+11,34375,0.059744779,0.05751634,0.095801937
2655,1.20111E+11,61234,0.3790163909572696,0.027539779513220446,0.28499049851177644
2656,1.2011E+11,30547,0.2597586922657297,0.079201934,0.6909564040926715
2657,1.2011E+11,89615,0.533632281,0.016113743923092474,0.7397260196024655
2658,1.2011E+11,85625,0.7768594912915787,0,0.82033425
2659,1.2011E+11,75550,0.5498338824764628,0.054322876401508215,0.8038194397927115
2660,1.2011E+11,101875,0.5847845959231476,0.021929824369036628,0.8200992504956622
2661,1.2011E+11,76277,0.544268401,0.007098492,0.8530721206315929
2662,1.20111E+11,67500,0.3283828328649698,0.060052219,0.4724279796507985
2663,1.2011E+11,123071,0.5196374543861412,0.017591339410130725,0.6967905346554853
2664,1.2011E+11,73654,0.5975422381141149,0.18398411526152142,0.7472312654903501
2665,1.2011E+11,100500,0.4526261562686604,0.008757298,0.7141592888754014
2666,1.20111E+11,49409,0.22869471330926028,0.023704172,0.22882572429277712
2667,1.20111E+11,58136,0.3099198995075792,0.051855895,0.16535432994277752
2668,1.20111E+11,43817,0.2790697660309921,0,0.17906238921726333
2669,1.20111E+11,41771,0.17647058670873195,0.037703512958838795,0.31259600374350227
2670,1.20111E+11,51950,0.23265305805914208,0.026634382,0.19024970047265516
2671,1.20111E+11,30568,0.2519230720784025,0,0.3191214429054077
2672,1.20111E+11,90667,0.4307017506078794,0.03147877,0.48344947524630016
2673,1.20111E+11,46449,0.1940433195483455,0.042792792471525586,0.16577946705026816
2674,1.2011E+11,57263,0.13579277758404412,0.026421596631696746,0.13278855907666723
2675,1.20111E+11,42619,0.15474060684489618,0.059109311262272785,0.19055793827847264
2676,1.20111E+11,51481,0.098475966,0.066591421,0.3644957944905904
2677,1.20111E+11,0,0.21520803134565236,0,0.37529690765680634
2678,1.20111E+11,41563,0.279591834,0.095972578,0.4176557832518117
2679,1.20111E+11,81341,0.378922715,0.074563272,0.3997519619687806
2680,1.20111E+11,65000,0.27039726497053707,0.15605095479279077,0.2942401100130461
2681,1.20111E+11,42705,0.2689504353575041,0.068270481,0.2567631691658131
2682,1.20111E+11,65085,0.4731182723023307,0.025032937746601612,0.3931339934315172
2683,1.20111E+11,55878,0.25403225601586893,0.11012311826181177,0.2930720132494439
2684,1.20111E+11,58973,0.2395693103691883,0.046094749729900776,0.44839857252314436
2685,1.20111E+11,26744,0.192700727,0.058571428,0.5325164888546985
2686,1.20111E+11,60401,0.2347417785271883,0.059760955,0.17473435448955899
2687,1.20111E+11,106757,0.42889907765023993,0,0.18580833807016578
2688,1.2011E+11,42083,0.19846743142936835,0.10880110804711637,0.1889071928121516
2689,1.2011E+11,32320,0.054461181,0.047252747,0.2149651222893778
2690,1.20111E+11,93255,0.2603966713986138,0.010284331456235139,0.6268656678993094
2691,1.2011E+11,0,0.34778760754170257,0.034572732977346816,0.1346992147571961
2692,1.2011E+11,71195,0.17222222,0,0.078986587
2693,1.2011E+11,93875,0.24017154939119695,0.033969288,0.093716143
2694,1.2011E+11,98906,0.076637824,0.027566539661915024,0.095448798
2695,1.2011E+11,53250,0.22415290856513548,0.044663573,0.15384615279886893
2696,1.20111E+11,86006,0.24399494002534844,0.032869785,0.4948550000481291
2697,1.20111E+11,49345,0.12211981496474761,0.090113285,0.3547486017004255
2698,1.2011E+11,0,0.521806845,0,0.7958549140325916
2699,1.2011E+11,124750,0.4505141359221457,0.021210230684901868,0.7596104522828783
2700,1.2011E+11,73287,0.6084745711146223,0.004905969,0.6760354979583173
2701,1.2011E+11,65777,0.7388973909732206,0.036298932,0.6985590737835212
2702,1.2011E+11,54464,0.6198198086518953,0.024999999553571437,0.7013513418736306
2703,1.2011E+11,74397,0.524999995,0.003709199,0.8274509739023453
2704,1.2011E+11,103393,0.7478797166701641,0.013878180309343251,0.8729166606047454
2705,1.2011E+11,44088,0.22847861273157222,0.1038602936403479,0.19292237369512033
2706,1.2011E+11,53587,0.2791777169815801,0,0.096666666
2707,1.2011E+11,80673,0.3113933783241209,0,0.11904173840691099
2708,1.20111E+11,56625,0.17285784956484473,0.015954950652487327,0.36953316771728173
2709,1.20111E+11,84100,0.5428194969573145,0.21151439210882605,0.5250412739403342
2710,1.2011E+11,73045,0.1664779143094234,0.065326633,0.210915292
2711,1.20111E+11,66635,0.46651785367174214,0.008513425,0.440671029
2712,1.2011E+11,30625,0.045378150879175204,0.11495063388610273,0.065868263
2713,1.2011E+11,41294,0.1491228055641052,0.033606557101585596,0.079926504
2714,1.2011E+11,60972,0.22101251921060142,0.031326481,0.08576404
2715,1.2011E+11,77639,0.10382513566643775,0,0.28683035554224134
2716,1.2011E+11,81736,0.071264366,0,0.4400510147952677
2717,1.2011E+11,62064,0.27212178618342736,0.015810276554859476,0.3675771949668813
2718,1.2011E+11,59045,0.2601156031775202,0.018018017815112412,0.3246425540400122
2719,1.2011E+11,68549,0.1635220114359049,0.014276846590460295,0.36619127363174797
2720,1.2011E+11,85208,0.2291797105248609,0.025547445,0.4540072839070706
2721,1.2011E+11,74231,0.4087431649317687,0.007481297,0.3765392068921633
2722,1.2011E+11,67833,0.2746478853898036,0.014775016690564025,0.47148503404017483
2723,1.2011E+11,51179,0.2367989496989211,0,0.7083659080986476
2724,1.2011E+11,34515,0.1398033341607382,0.034202650559202005,0.7326781290777488
2725,1.2011E+11,70660,0.24425162583838772,0.059782608,0.3934311656414005
2726,1.2011E+11,64853,0.3235990503267636,0,0.5385513987234147
2727,1.2011E+11,67377,0.2708830532763541,0.021493820411102524,0.8373904535667456
2728,1.2011E+11,107656,0.3870967713555955,0.016677785078867344,0.8009446639612371
2729,1.2011E+11,78422,0.5708812224081659,0.028940887,0.7580448034295527
2730,1.2011E+11,29032,0.021042084,0,0.20186542170642624
2731,1.2011E+11,64891,0.3072713033051501,0.052783803,0.6035598672947149
2732,1.2011E+11,112823,0.6880222793313212,0,0.8810035779139529
2733,1.2011E+11,56875,0.4131566473584635,0.05771938,0.6100899467732109
2734,1.2011E+11,101974,0.44074073747599457,0.14074073969821674,0.8516086615127468
2735,1.2011E+11,125469,0.6572103863543645,0,0.8691019654626794
2736,1.2011E+11,56016,0.514716977,0.042876901501542865,0.606763282
2737,1.2011E+11,82917,0.2643935144528032,0.011009174261425805,0.21690258027933979
2738,1.2011E+11,67339,0.20643776735434433,0.031297709804207215,0.11871592938002444
2739,1.2011E+11,87813,0.29792530873091033,0.031886024,0.20052310200067044
2740,1.20111E+11,78125,0.5467532443863495,0.027858627742791565,0.6202935525836197
2741,1.2011E+11,68241,0.16243093832911085,0.11182696681165684,0.1803549311582545
2742,1.2011E+11,55705,0.21943573530134336,0.030332209772112612,0.1555555547325103
2743,1.2011E+11,56619,0.2826428931167127,0.038080333656336285,0.6051324478264385
2744,1.2011E+11,66250,0.1940035256260712,0.045977011,0.22293942292482907
2745,1.2011E+11,41571,0.13633119103261107,0.040253019,0.21147879932017166
2746,1.2011E+11,132535,0.3040488899614294,0.003232062,0.4679590712549323
2747,1.2011E+11,49609,0.37816029920301075,0.051160337,0.4945750429720838
2748,1.2011E+11,71386,0.1981032645089224,0.058039961388772966,0.3629583569735341
2749,1.2011E+11,58537,0.4513888844108246,0.040078201,0.387936505
2750,1.2011E+11,74233,0.38836564881791885,0.035573122,0.32448979481466056
2751,1.2011E+11,115652,0.2790563850457055,0.027647365531312647,0.38685744363085617
2752,1.2011E+11,94107,0.38872691556144884,0,0.4046579300971039
2753,1.2011E+11,92969,0.36850649151241077,0.1399456515401012,0.4597701123001718
2754,1.2011E+11,155152,0.40579709835395045,0.061971831,0.568797951
2755,1.2011E+11,185255,0.44860405806723314,0.095856215,0.4150943376646493
2756,1.2011E+11,48939,0.4892541025378748,0,0.9559014143203448
2757,1.2011E+11,97418,0.5363349088757117,0.014903129546176383,0.7805498941927195
2758,1.2011E+11,77805,0.2915622364948853,0.041633935258178045,0.7957813921785102
2759,1.2011E+11,69058,0.28960070079157213,0.070525886,0.7199999960000001
2760,1.2011E+11,28310,0.018450184274905482,0,0.20854271225789753
2761,1.2011E+11,90962,0.5157766927697004,0,0.8225976681879866
2762,1.2011E+11,52949,0.075957727,0.055555555204826045,0.10514285654204082
2763,1.2011E+11,52312,0.42289039357041325,0,0.5966850787521749
2764,1.2011E+11,43750,0.33053220825585145,0.069461077,0.5403472876369021
2765,1.2011E+11,25380,0.088825214,0.095289078,0.026815642158484445
2766,1.2011E+11,37743,0.17833456021861047,0.014983351748150102,0.20138408165132124
2767,1.2011E+11,0,0.16658017557560884,0.003209537,0.48243075451661527
2768,1.2011E+11,103015,0.082568806,0.063166529,0.3189655147416496
2769,1.2011E+11,54819,0.2825709306162656,0.040816326,0.3629966872392521
2770,1.2011E+11,41625,0.009708738,0.095840866,0.052071005
2771,1.2011E+11,49663,0.25396825108879534,0.018311291777097744,0.26875768592399946
2772,1.2011E+11,80709,0.3137847623108539,0.048224695027956045,0.4852695915215698
2773,1.2011E+11,68692,0.29387113518139796,0.034175334,0.2941666654409722
2774,1.2011E+11,119688,0.22337277776075773,0.039711191,0.5997067404713582
2775,1.2011E+11,74673,0.39410479919099567,0.010070493352764418,0.41849436622113595
2776,1.2011E+11,55000,0.24618991505052856,0.034364260774750736,0.7234636770465968
2777,1.2011E+11,61908,0.36445782034765606,0.071782176,0.8196286254740418
2778,1.2011E+11,33667,0.2660850570764988,0.11028037280111802,0.072463768
2779,1.2011E+11,79500,0.3534798470058636,0.040247677,0.6726780823022716
2780,1.2011E+11,53892,0.050092764,0.1744318171907283,0.063189143
2781,1.2011E+11,75469,0.44078947187175377,0.022303325,0.8730427385821297
2782,1.2011E+11,22215,0,0,0.044798785
2783,1.2011E+11,101118,0.588575092,0.015332197527926193,0.8382154085704577
2784,1.2011E+11,29620,0.10972568510146082,0.094202898,0.036964022
2785,1.2011E+11,75911,0.5541090272244994,0.00400641,0.8882796375032239
2786,1.2011E+11,0,0.12095400237688243,0.041309431,0.49351851394890267
2787,1.2011E+11,59420,0.062432722686407725,0,0.037659717
2788,1.2011E+11,36621,0.22512234726653876,0.036791758,0.33350435949972107
2789,1.2011E+11,62842,0.1388888876443648,0.038038884,0.37628111090150745
2790,1.2011E+11,49155,0.1955252899267968,0.025689818975358526,0.3673256985710125
2791,1.2011E+11,32605,0.13308457628678746,0.006815366,0.41957563025615585
2792,1.2011E+11,41795,0.21734475142029175,0.034958601334327495,0.057532621248323715
2793,1.2011E+11,74179,0.5600843249467019,0.093732354,0.45300206851758973
2794,1.2011E+11,45943,0.11946202437134475,0.070517629,0.45173175790912484
2795,1.2011E+11,52813,0.15455593824041594,0,0.48102466336788746
2796,1.2011E+11,103676,0.5603271945444636,0.00566394,0.6165221794160012
2797,1.2011E+11,170817,0.4623541838562653,0,0.5599239026003557
2798,1.2011E+11,86063,0.36845347893744007,0.00931677,0.3184653764240007
2799,1.2011E+11,102847,0.46134346690312467,0.050755939,0.25084976036132045
2800,1.2011E+11,59960,0.2938496560831461,0.034036759468776316,0.31823085049497923
2801,1.2011E+11,148694,0.5626715410551552,0.036393714,0.5114391106166856
2802,1.2011E+11,175150,0.5700141415840917,0.056907378,0.5278276465355247
2803,1.2011E+11,115391,0.5294710300782316,0.038048344,0.4900213810049131
2804,1.2011E+11,62500,0.37284097455127474,0.046724225,0.3378852893566707
2805,1.2011E+11,123500,0.328173364,0,0.535055344
2806,1.2011E+11,49162,0.299107142,0.005150555,0.536430831
2807,1.2011E+11,26906,0.29027113006163374,0.029133858038316078,0.7236566592906025
2808,1.2011E+11,66718,0.16839826766927155,0.006493506,0.49955985695616256
2809,1.2011E+11,43846,0.302986159,0.024288688,0.8554757553368424
2810,1.2011E+11,89375,0.36513545132429065,0.020833333,0.34520926895465487
2811,1.2011E+11,117586,0.30799219972717157,0.015530629719321573,0.5820289821331653
2812,1.2011E+11,0,0.3638170937990349,0,0.8409506321668132
2813,1.2011E+11,54909,0.2282708132284043,0.026842949,0.42071320022491193
2814,1.2011E+11,63608,0.7093023118352265,0,0.48168249007215075
2815,1.2011E+11,49299,0.3812233231689428,0.014224751,0.8050089301429529
2816,1.2011E+11,117663,0.42270741988901817,0.004978663,0.5647113567750868
2817,1.2011E+11,76250,0.3328232568261419,0.042431918667308936,0.4335664312341774
2818,1.2011E+11,99097,0.18895115941592347,0.12404580073762213,0.45686680153991166
2819,1.2011E+11,88523,0.39434179910888106,0,0.536842103
2820,1.2011E+11,89548,0.43053960470103786,0.014678899,0.5939849574437347
2821,1.2011E+11,70915,0.42617152585171064,0.018731988,0.36649214419834986
2822,1.2011E+11,106627,0.3795309141469018,0.048248133,0.43909684825254397
2823,1.2011E+11,15869,0.2433052774039382,0.019566736411133916,0.41201716485581136
2824,1.2011E+11,53397,0.19708654501211187,0,0.2670094926146776
2825,1.2011E+11,59250,0.4416094166672285,0,0.35438214287217124
2826,1.2011E+11,94605,0.4489361670288215,0.049592390967442994,0.48262839696892595
2827,1.2011E+11,85560,0.34754401902183485,0.045833332951388896,0.4406779634341528
2828,1.2011E+11,56007,0.42715231552344196,0.029258098070751838,0.6606152261189349
2829,1.2011E+11,57708,0.33217239733490467,0.024661893298878704,0.3319528501689938
2830,1.2011E+11,0,0.059635907,0,0.03821656
2831,1.2011E+11,92361,0.4247941030568092,0.035037098,0.40227088239144004
2832,1.2011E+11,0,0.4255121003211164,0.10114192413424206,0.39594594327063554
2833,1.2011E+11,0,0.28161592340974284,0.010299166207458724,0.40770196564377575
2834,1.2011E+11,70489,0.5198329799599898,0,0.5533562775098427
2835,1.2011E+11,37056,0.10028929507917748,0.026036643914786464,0.41131351475250705
2836,1.2011E+11,41360,0,0.045584045,0.073461891
2837,1.2011E+11,0,0.21165643522526273,0.043256996,0.5324675255523699
2838,1.2011E+11,66538,0.10299625275287917,0.004587156,0.5172413747370347
2839,1.2011E+11,76483,0.503999995,0.016838166,0.8951241867973856
2840,1.2011E+11,87083,0.5560975474122549,0.037698411950428334,0.8073654276577135
2841,1.2011E+11,61696,0.33454545049035816,0.1062925161029548,0.30072992481219035
2842,1.2011E+11,67813,0.1998334704426855,0.093607305,0.47377471647657166
2843,1.2011E+11,53912,0.20512820137127838,0.12095400134660986,0.43799471717685073
2844,1.2011E+11,42566,0.28023951760192195,0.023725834589403916,0.21916167533436123
2845,1.2011E+11,53469,0.18437719785800705,0,0.6220472400128134
2846,1.2011E+11,86250,0.3453237360385074,0,0.4893616977893467
2847,1.2011E+11,57105,0.2811433435104806,0.016317991563523048,0.4686825039534634
2848,1.2011E+11,37978,0.2611683803922959,0,0.428977269
2849,1.2011E+11,61477,0.263888887,0.023027927373699523,0.34656913846545057
2850,1.2011E+11,0,0.2969639440515755,0.093704245,0.3138871254667906
2851,1.2011E+11,49219,0.34032731707793823,0.09348332,0.5770684562071883
2852,1.2011E+11,39386,0.4583640349420484,0.054621848356989855,0.47044534222491763
2853,1.2011E+11,58971,0.29216300757264574,0.026920919647106453,0.30314064495611903
2854,1.2011E+11,69335,0.295813313,0.055391868,0.37529578620304876
2855,1.2011E+11,75324,0.4114127914799227,0.058583611,0.3273483680154404
2856,1.2011E+11,34125,0.1979949849875315,0.034164358,0.12123335584279359
2857,1.2011E+11,70170,0.061111111,0,0.1706349196676025
2858,1.2011E+11,70833,0.46682463901866544,0.047082906,0.4691235013035508
2859,1.2011E+11,198500,0.598583228,0,0.8574999928541668
2860,1.2011E+11,88693,0.451081355,0.028971028681608106,0.8709349504986286
2861,1.2011E+11,40714,0.3112840426552005,0.00877193,0.4470762365131293
2862,1.2011E+11,41676,0.21544715271994186,0.10222531222374609,0.14772158163384286
2863,1.2011E+11,61941,0.2707692279921105,0.041628959,0.32919707788907243
2864,1.2011E+11,66250,0.18412698120433363,0.045897079,0.4175347185977889
2865,1.2011E+11,26310,0.4124783290731659,0,0.7824897293777056
2866,1.2011E+11,81859,0.37615740523057056,0.026429601026287355,0.3621006229816356
2867,1.2011E+11,85313,0.5580168717508769,0,0.44923982123962813
2868,1.2011E+11,87188,0.35254237049123816,0.026809651,0.4368898171656561
2869,1.2011E+11,59053,0.2763684876319294,0.02166065,0.3499111869457266
2870,1.2011E+11,49369,0.32994579722258943,0.05861244,0.307860261
2871,1.2011E+11,58393,0.1357813822734297,0.058245083,0.320432042
2872,1.2011E+11,72832,0.1624396125456545,0.060683325,0.3219116306496319
2873,1.2011E+11,71274,0.371924744,0.021604938138241124,0.40822407384848586
2874,1.2011E+11,57100,0.26252158441240786,0,0.3567649254968638
2875,1.2011E+11,141542,0.5447154250115681,0.090090087,0.5761154780037339
2876,1.2011E+11,62263,0.42080817268551707,0.021906693623096576,0.36693979206647737
2877,1.2011E+11,69719,0.2903225787338869,0.04882719,0.2517814716873259
2878,1.2011E+11,85455,0.094188376,0.099607842,0.22488944898995927
2879,1.2011E+11,85762,0.6442307644657488,0.030131827,0.38019323487829354
2880,1.2011E+11,178790,0.4958091521869171,0.059376546,0.5248192745791842
2881,1.2011E+11,86840,0.4446290119345016,0.038161318,0.4207077312558724
2882,1.2011E+11,90035,0.4209541588311117,0.03805668,0.4350528251395101
2883,1.2011E+11,0,0.1296928312890463,0.054075235,0.23185185013443074
2884,1.2011E+11,41213,0.16474291537520552,0.058970099,0.18636096304314542
2885,1.2011E+11,132583,0.5694200251420031,0,0.4341675687250537
2886,1.2011E+11,132159,0.5426086909338375,0.014693877431070389,0.8452451220009148
2887,1.2011E+11,53125,0.26758555005900403,0.031360424,0.3741594602586001
2888,1.2011E+11,98449,0.2310298087328604,0.061557789,0.4185577386860427
2889,1.2011E+11,86250,0.547210297,0.020134228083974044,0.9018620991350674
2890,1.2011E+11,75625,0.24962101945618484,0.038014311100114884,0.20122610818165845
2891,1.2011E+11,0,0.33725859473735936,0.074574793,0.1854613225281392
2892,1.2011E+11,75262,0.16048034846899373,0.053758542,0.11212675163885816
2893,1.2011E+11,56250,0.30444444106172847,0.015570934121358702,0.2657880270961668
2894,1.2011E+11,79610,0.2952295202949638,0.1653786695102112,0.3836712893080508
2895,1.2011E+11,43425,0.27017983994069494,0.005313093,0.29914780987614514
2896,1.2011E+11,51231,0.3501699837291404,0.069594035,0.4564471863633498
2897,1.2011E+11,82012,0.3231939148137171,0.019521912272821067,0.24908692385286002
2898,1.2011E+11,47468,0,0,0.4112388197798363
2899,1.2011E+11,114038,0.2753488346479178,0.010980392070742024,0.36499171526785357
2900,1.2011E+11,56477,0.35461538188757397,0.014829142393106755,0.22016274764845048
2901,1.2011E+11,38462,0.2525469155359415,0.010803194,0.4077560225611595
2902,1.2011E+11,86802,0.4350515374216178,0,0.35833332736111123
2903,1.2011E+11,76359,0.41063515307417453,0.014237855886776146,0.47606868660552176
2904,1.2011E+11,119191,0.38635271318427333,0.010191082759273534,0.5016611277162749
2905,1.2011E+11,142292,0.4881249969492188,0.026273458304163763,0.46752753335538344
2906,1.2011E+11,57552,0.4723538667270627,0.013428119957123855,0.7793880774606435
2907,1.2011E+11,68920,0.2782805414124404,0.13236034155832743,0.41758820211907216
2908,1.2011E+11,0,0.062059237488586216,0,0.33136094184377307
2909,1.2011E+11,78492,0.13377926331920226,0.031578947,0.4029380881272923
2910,1.2011E+11,92981,0.5602189746945317,0.024463007013943872,0.8678828033837325
2911,1.2011E+11,34678,0.14541730596304503,0.035746606,0.340431913
2912,1.2011E+11,44333,0.12403697949138297,0.026517572,0.21799307895619066
2913,1.2011E+11,62392,0.4195439712081826,0.035958903904344156,0.4191648799830574
2914,1.2011E+11,123625,0.5162790649648459,0.009556907,0.8605378307658672
2915,1.2011E+11,65714,0.4787644695219215,0.032258063968453925,0.6015624947781033
2916,1.2011E+11,100962,0.4190325961644779,0.019300106,0.47972575812002793
2917,1.2011E+11,98688,0.5797629846876665,0,0.5493863205763512
2918,1.2011E+11,128952,0.4208633063247244,0.009708738,0.5714285680692031
2919,1.2011E+11,179522,0.5981595065812466,0.067137809,0.5497994634030766
2920,1.2011E+11,121974,0.4345757300985271,0,0.5670767395016009
2921,1.2011E+11,0,0.2354312336019329,0,0.39112697403810825
2922,1.2011E+11,103015,0.3784615361325444,0.039035591,0.4752527915100969
2923,1.2011E+11,79525,0.2747320052841286,0.009957326,0.4531078399887814
2924,1.2011E+11,98978,0.3745338285853286,0.044647143328626286,0.416877027
2925,1.2011E+11,113844,0.5714285466914049,0,0.5366847753167829
2926,1.2011E+11,161053,0.5023529382214533,0.020010004902401176,0.5619208063946048
2927,1.2011E+11,156711,0.5977859723451479,0.031655844,0.5968688806466479
2928,1.2011E+11,122594,0.42052221520603655,0.023941068051782435,0.496844992
2929,1.2011E+11,123250,0.616847818,0.046565773613902524,0.6403568933400351
2930,1.2011E+11,147475,0.5707915209499274,0.032124352,0.5120593660355017
2931,1.2011E+11,86928,0.520423593,0.011538461427514794,0.5010197110739653
2932,1.2011E+11,151838,0.6032472914102943,0.098796937,0.6331888844425467
2933,1.2011E+11,0,0.46345608802574456,0.034206307,0.7761081835003142
2934,1.2011E+11,206563,0.7032085523892591,0.013834846459857992,0.7315262964455427
2935,1.2011E+11,222983,0.7191829050970113,0.009104998,0.6300695240004787
2936,1.2011E+11,183500,0.6522222149753087,0.023188405573058884,0.6649572611683348
2937,1.2011E+11,94500,0.6087443877943455,0.016617790648897453,0.6547029662456499
2938,1.2011E+11,94828,0.3460180449351979,0.080490228,0.4674304403684764
2939,1.2011E+11,130368,0.48041236618131583,0,0.5516289312444564
2940,1.2011E+11,55523,0.32053422103059914,0.063562453,0.39554087204342797
2941,1.2011E+11,100000,0.5444319398826554,0.012658227714575657,0.4522058799779103
2942,1.2011E+11,55052,0.29207073421522683,0.006462036,0.5412287771171027
2943,1.2011E+11,34713,0.4824935910974074,0,0.5511431976465512
2944,1.2011E+11,56230,0.189705881,0,0.43690204812345307
2945,1.2011E+11,101667,0.5938628123112948,0.015483181978199777,0.563797208
2946,1.2011E+11,83302,0.3260273954738225,0.025487256244441498,0.5576923056298361
2947,1.2011E+11,112446,0.39999999463087255,0.016290726612898165,0.5075217695366447
2948,1.2011E+11,98295,0.40879689256923096,0.019733333,0.5279776157954531
2949,1.2011E+11,113858,0.3752692788657075,0.035073734,0.5791620297398515
2950,1.2011E+11,125911,0.5595829167845933,0.034007748,0.6345223680939468
2951,1.2011E+11,219236,0.6256410202936665,0.060213414,0.732749739
2952,1.2099E+11,63685,0.37014314676112375,0.009797518,0.5220959562998992
2953,1.2099E+11,82308,0.44551844951214015,0,0.5759416732931855
2954,1.2099E+11,113068,0.6504178182393062,0.012064343001818459,0.8363636262258954
2955,1.2099E+11,60268,0.19765494026993333,0.035778175153049305,0.4175392651939822
2956,1.2099E+11,52476,0.7104247035673291,0,0.8742249701131535
2957,1.2099E+11,62083,0.34300217300215974,0.004599212,0.5734747980187014
2958,1.2099E+11,56786,0.24152248967804507,0.010119047558815193,0.5452856454004382
2959,1.2099E+11,70508,0.11204343478754475,0.069352159,0.48167092718810345
2960,1.2099E+11,88945,0.3347236669997532,0.024224805966813895,0.527354763
2961,1.2099E+11,78636,0.37167343089006116,0,0.5374950901551037
2962,1.2099E+11,65156,0.5279329461471245,0,0.8782343854150018
2963,1.2099E+11,52394,0.1378820174990617,0.033526757,0.42215908851045975
2964,1.2099E+11,89444,0.654424029,0,0.8249693901472536
2965,1.2099E+11,55927,0.3815620974291799,0.005257624,0.40687085924308414
2966,1.2099E+11,41958,0.21038614899618976,0.020539152496288158,0.37159532712455906
2967,1.2099E+11,134762,0.6104598682555468,0.038554216557797456,0.6356413130780856
2968,1.2099E+11,58415,0.2464145991340991,0.008154944,0.3660308776927259
2969,1.2099E+11,103125,0.3200815478079432,0.012262156396354517,0.5317143873442755
2970,1.2099E+11,154338,0.525851191,0,0.6089743550706772
2971,1.2099E+11,91205,0.3641746827226152,0.003548616,0.6235884528005743
2972,1.2099E+11,103341,0.5555555504115227,0.035555555292181074,0.8034090863442666
2973,1.2099E+11,64787,0.2336448582533721,0.029902242496249325,0.43263756910513484
2974,1.2099E+11,141786,0.6579925601636241,0.043617703376409855,0.8357565921607076
2975,1.2099E+11,55717,0.5436484013025382,0.008342023,0.720708442
2976,1.2011E+11,36944,0.1297468340744005,0,0.6521739074835984
2977,1.2011E+11,63167,0.15021008245577644,0.054629629,0.029274784
2978,1.2011E+11,56528,0.6092307504852077,0.024663677,0.8276481000422244
2979,1.2011E+11,58750,0.25722273758413106,0.051170858185855525,0.4294750130962997
2980,1.2011E+11,60574,0.3207171282797099,0.032977691,0.8778242604366171
2981,1.2011E+11,59405,0.44979919076574043,0,0.8362831735061479
2982,1.2011E+11,82716,0.18231186825204138,0.11044055455376853,0.032842581920483685
2983,1.2011E+11,65224,0.063564131,0.10835913264768185,0.10969220658254025
2984,1.2011E+11,95625,0.5251509001493874,0,0.7877492821385379
2985,1.2011E+11,117969,0.5319148855332084,0.017543859392633636,0.84965034
2986,1.2011E+11,43526,0.19816106468560218,0.019425920500359753,0.59164798
2987,1.2011E+11,35729,0.021870286411234643,0.032191781,0.096757044
2988,1.2011E+11,61442,0.21838034378179852,0.040394973,0.6466453632802214
2989,1.2011E+11,45313,0.2059463364325864,0.054380664323983904,0.076228686
2990,1.2011E+11,105145,0.4111969032587471,0.3447684331943665,0.5103448231866826
2991,1.2011E+11,72529,0.31932772725897085,0.096774193,0.42532467187236467
2992,1.2011E+11,91992,0.3438566523561719,0.014147431,0.7653920883642769
2993,1.2011E+11,67826,0.18698060682852347,0,0.5710627327648818
2994,1.2011E+11,93352,0.2694497102571213,0.044943819,0.8350785231010664
2995,1.2011E+11,39969,0.23581267087706517,0.007039155,0.3702492833255035
2996,1.2011E+11,42500,0.1609929066596248,0.010638297796891506,0.7503467354344887
2997,1.2011E+11,44660,0.40020263019044955,0.008849557,0.8668555158937157
2998,1.2011E+11,0,0.20836819909315316,0.046493902,0.7262004993580413
2999,1.2011E+11,29142,0.4167330644085015,0.02484472,0.8802435664394888
3000,1.2011E+11,35102,0.416967507,0.043321299,0.8568475407914856
3001,1.2011E+11,71625,0.38633193324502185,0.036427731651848046,0.8256130715203173
3002,1.2011E+11,33750,0.25055928131365457,0.15638575016172243,0.36834924714632167
3003,1.2011E+11,57566,0.4051383359176054,0.066213921,0.48172042665433384
3004,1.2011E+11,50893,0.38688945518136947,0,0.5572139248038416
3005,1.2011E+11,41546,0.2746478849062686,0.050541516,0.035287081128665784
3006,1.2011E+11,21399,0.17069799467382174,0.025232403550913655,0.37350085452026927
3007,1.2011E+11,56825,0.4105545580451292,0,0.8504901891299821
3008,1.2011E+11,25640,0.3399390217992453,0,0.862909361
3009,1.2011E+11,74844,0.38769230570414204,0.050075872,0.8521205309591489
3010,1.2011E+11,0,0.39809782067801874,0.010650887447918492,0.6480558260413178
3011,1.2011E+11,47174,0.40075613609156646,0.097622026,0.48571428185941046
3012,1.2011E+11,81875,0.44619602161620275,0,0.790271126
3013,1.2011E+11,34570,0.3389423056553948,0,0.3569370096462041
3014,1.2011E+11,104943,0.4517304162007868,0.041912632574305594,0.7306536411320298
3015,1.2011E+11,74233,0.2623318356240826,0.044365571922222076,0.040275048720284395
3016,1.2011E+11,46958,0.1368534468011482,0.081372548,0.040221914
3017,1.2099E+11,69375,0.4757751891882249,0,0.820999992
3018,1.2099E+11,95000,0.5860124050422312,0.014634146262145549,0.8687110643569186
3019,1.2099E+11,126875,0.4908616059827257,0.029914529275330573,0.8233532810875258
3020,1.2099E+11,175000,0.5637319242610785,0.011597937994871934,0.9306829670674519
3021,1.2099E+11,120682,0.5435801261145256,0.018018017902071956,0.8611346243765061
3022,1.2099E+11,207917,0.6812796127810473,0.11645299020883558,0.816137561
3023,1.2099E+11,46250,0.295081963,0,0.9237832789367927
3024,1.2099E+11,157794,0.7464454887861909,0,0.8580246854730817
3025,1.2099E+11,145469,0.6276346530721938,0.029272898684864036,0.809673362
3026,1.2099E+11,93906,0.5101265758211826,0,0.7835051479080314
3027,1.2099E+11,58309,0.24765477959371898,0.050874403,0.6528150046539544
3028,1.2099E+11,0,0.6575121056944733,0.001584786,0.7901234479222958
3029,1.2099E+11,84669,0.5582870693236552,0.060524546,0.7796721260349369
3030,1.2099E+11,59370,0.4916773304522749,0.031380753,0.5548060677076668
3031,1.2099E+11,108636,0.5318892836114406,0.010321100799069945,0.8566142381441791
3032,1.2099E+11,96696,0.6221079659531724,0.008248423,0.7561422781219571
3033,1.2099E+11,79643,0.6642546937155617,0,0.8554913212380413
3034,1.2099E+11,0,0.6637478050459912,0,0.7583201207740086
3035,1.2099E+11,149444,0.5967540499781018,0,0.7840405270168428
3036,1.2099E+11,56875,0.4921301102609642,0.06569343,0.6439674267656001
3037,1.2099E+11,113989,0.6482411978864171,0.002162162,0.851851846
3038,1.2099E+11,108750,0.6615044174612343,0.020790021,0.9028571342585036
3039,1.2099E+11,250001,0.7394296879112126,0,0.9334257845572014
3040,1.2099E+11,50966,0.2670623125588849,0.051712993,0.6141248657714957
3041,1.2099E+11,51984,0.5295169898969858,0.059241706,0.5029585765748943
3042,1.2099E+11,83456,0.7405895658023148,0.020850708837153006,0.8345225931548671
3043,1.2099E+11,69318,0.5127701324875232,0.023300970647563393,0.7271999941824001
3044,1.2099E+11,133286,0.4135411572647776,0.018391787774201078,0.8369264740910642
3045,1.2099E+11,64239,0.6392318200327036,0.021006080591453397,0.5831134533872641
3046,1.2099E+11,0,0.7299269895394893,0.097560974,0.7337733692654195
3047,1.2099E+11,0,0.3647375455620788,0,0.6992385698066171
3048,1.2099E+11,92813,0.5407636683099725,0.007901668,0.5671267216616893
3049,1.2099E+11,52222,0.49508598900385764,0.05912863,0.5599999947906977
3050,1.2099E+11,26286,0.400576363,0.018120045094903225,0.3354838678757247
3051,1.2099E+11,54696,0.609221462,0,0.9241274518341813
3052,1.2099E+11,29470,0.5848648585420015,0.1387147324552137,0.6310995404612912
3053,1.2099E+11,135855,0.6379310286939108,0,0.7620783886774988
3054,1.2099E+11,51760,0.4013452824810475,0,0.44037558271947813
3055,1.2099E+11,105833,0.5558297313027161,0.029929577289145675,0.7474093231977145
3056,1.2099E+11,101519,0.7641568091838407,0.023882113699786007,0.7159090858245093
3057,1.2099E+11,0,0,0.072336012,0.5229805001787825
3058,1.2099E+11,74440,0.48215535001990656,0.12209944683922958,0.6879999957661539
3059,1.2099E+11,201167,0.9304635453488893,0.035911601,0.6683501570984822
3060,1.2099E+11,126964,0.32657416940689254,0.049252418,0.8646748605916094
3061,1.2099E+11,149028,0.7244283908011024,0.030139935089989935,0.7458270049633763
3062,1.2099E+11,132375,0.8019662808712601,0.026038001,0.7429378489099556
3063,1.2099E+11,228977,0.8922345341959662,0.006079027,0.8180039058903728
3064,1.2099E+11,51250,0.4027777721836421,0.02020202,0.7533281068650892
3065,1.2099E+11,43203,0.6590909002795334,0,0.6675094732299688
3066,1.2099E+11,148750,0.6663644545207212,0.006791171,0.8439882648446436
3067,1.2099E+11,93365,0.7401869020525813,0.026785714,0.9673202456320221
3068,1.2099E+11,133977,0.6208425651791291,0.011086474378198732,0.9136611922004242
3069,1.2099E+11,133000,0.7109992759813136,0.028359216553955326,0.9046594917228711
3070,1.2099E+11,86750,0.6403450521543129,0.017402113005580404,0.8422504090333679
3071,1.2099E+11,250001,0.7630521986204525,0.029870129,0.9282639752042472
3072,1.2099E+11,114552,0.7495543605209058,0,0.9168609097369005
3073,1.2099E+11,0,0.7207678820177322,0.011570247838262415,0.8197183040864908
3074,1.2099E+11,144896,0.4109090859283747,0,0.9366812124816462
3075,1.2099E+11,95391,0.5290556836676068,0.019148936,0.8816295089805573
3076,1.2099E+11,190036,0.5971479394447783,0,0.8218829411974181
3077,1.2099E+11,53424,0.47131146575181426,0.049342104,0.5576756239577136
3078,1.2099E+11,96250,0.3755346417832794,0.028379387390743933,0.4701280194158747
3079,1.2099E+11,180625,0.7080808009284768,0.028003613116498526,0.8217687018927299
3080,1.2099E+11,88125,0.8811715407433344,0.14417887321373266,0.8224666078360833
3081,1.2099E+11,87192,0.5856873795400782,0.043245653,0.706936147
3082,1.2099E+11,160441,0.6452282023811576,0.028318583569582594,0.7179203460407042
3083,1.2099E+11,71522,0.6113161056418683,0,0.7559523734528535
3084,1.2099E+11,99643,0.5348431962570872,0.005952381,0.7383390132157109
3085,1.2099E+11,250001,0.6641104192621101,0,0.8444180422278142
3086,1.2099E+11,143382,0.4161392339218476,0.030872483,0.6315270873741173
3087,1.2099E+11,94089,0.5336481668615811,0.025718608,0.7054429003719569
3088,1.2099E+11,125547,0.6137281209457858,0.036585365407495546,0.7086092663089826
3089,1.2099E+11,111534,0.6563245771175451,0,0.7718926499160124
3090,1.2099E+11,159583,0.47520288119744925,0.021201413240270202,0.8592715160656331
3091,1.2099E+11,103125,0.4709208362607364,0.11719833483218908,0.745519709
3092,1.2099E+11,84470,0.6306818145983988,0.017316017222315926,0.7617295273149515
3093,1.2099E+11,65943,0.3913729595403842,0.044160942,0.6223250397783399
3094,1.2099E+11,154659,0.5584988900827937,0,0.9157043774168087
3095,1.2099E+11,86284,0.5665665608952296,0.013190436824481148,0.674782605
3096,1.2099E+11,55707,0.43773119065682875,0.011185682201502437,0.7286713184801215
3097,1.2099E+11,54286,0.43405274738482624,0.033402922,0.5613275532275966
3098,1.2099E+11,116148,0.447306781,0,0.42732557725459713
3099,1.2099E+11,41675,0.39999999370078754,0.22158273062470893,0.5065243119036262
3100,1.2099E+11,100995,0.3207023999935083,0.035455278,0.7074583583819091
3101,1.2099E+11,229716,0.8105451223365048,0.023311896918714655,0.7787091301030249
3102,1.2099E+11,129492,0.564380258,0.025498891069857085,0.9190231244341501
3103,1.2099E+11,250001,0.749999985,0.09157509,0.8263888774112657
3104,1.2099E+11,105859,0.5026929936921635,0.056231002612226424,0.7873527539531757
3105,1.2099E+11,79181,0.43393781821324073,0.010156971282022425,0.7417543807596184
3106,1.2099E+11,168456,0.7624309308018682,0.045323047,0.8607108466790505
3107,1.2099E+11,24282,0.28772635235963073,0,0.7320125054013294
3108,1.2099E+11,151910,0.6594427193541585,0,0.6311432973039663
3109,1.2099E+11,157188,0.481481475,0,0.7354409256618891
3110,1.2099E+11,119750,0.7005524784469339,0.026567481120430593,0.6420198319024362
3111,1.2099E+11,70531,0.6292906130488893,0.015775034185356418,0.7168632844076108
3112,1.2099E+11,160774,0.5865921733091977,0.10235580745446135,0.7246695982036007
3113,1.2099E+11,163480,0.6615146780408449,0.042817679262308846,0.6888888853287396
3114,1.2099E+11,66591,0.577797198,0.00855432,0.900289011
3115,1.2099E+11,114696,0.605166046,0,0.9724444358004939
3116,1.2099E+11,40213,0.4193188139624857,0.037746170471848084,0.7437858461199117
3117,1.2099E+11,99117,0.5287797350055278,0.009778357,0.6631067928975398
3118,1.2099E+11,39500,0.5939226464648006,0,0.8819999911800002
3119,1.2099E+11,46900,0.5524145989114888,0.047114252,0.8909313616307432
3120,1.2099E+11,61875,0.246025103,0.025053686291670107,0.6157337336574195
3121,1.2099E+11,250001,0.7757352900434071,0.030249890266331035,0.7433739977140345
3122,1.2099E+11,28542,0.49702969804921093,0.010891089001078326,0.9030836924838441
3123,1.2099E+11,112917,0.6057571889141778,0,0.9256756631665451
3124,1.2099E+11,26114,0.23702185630449552,0.007377599,0.7449455618588993
3125,1.2099E+11,131422,0.6073354875548248,0.031943212,0.7257905102480706
3126,1.2099E+11,59130,0.2088815772295923,0.098484848,0.653189062
3127,1.2099E+11,48125,0.31560283128363775,0,0.7967377566281336
3128,1.2099E+11,106324,0.3857988120023809,0.015252621398926393,0.6564885446069577
3129,1.2099E+11,38551,0.3722014890652846,0,0.8013052878803097
3130,1.2099E+11,125714,0.6666666541117391,0,0.6427104656805908
3131,1.2099E+11,131250,0.7785888014712993,0.058475203,0.8982630217229342
3132,1.2099E+11,167604,0.8038768483245333,0,0.842726078
3133,1.2099E+11,64722,0.33893805009789335,0.043404254949751024,0.5863228666685938
3134,1.2099E+11,142188,0.513568518,0.00892326,0.6519174013825646
3135,1.2099E+11,68462,0.51632652,0.03815261,0.7325905224457705
3136,1.2099E+11,53333,0.3327391542915083,0.010894495,0.6825876621367131
3137,1.2099E+11,69280,0.6603773528269524,0.079967689,0.7027026969475618
3138,1.2099E+11,250001,0.8125701367837246,0,0.7907116960753215
3139,1.2099E+11,56304,0.7786752701344868,0,0.866206885
3140,1.2099E+11,250001,0.7116981078362407,0.017366135909072822,0.8840284797353587
3141,1.2099E+11,224000,0.8160714212850766,0.014717906666247697,0.813953451
3142,1.2099E+11,191250,0.6498470898329733,0.00569395,0.9181173377297399
3143,1.2099E+11,62043,0.619867541,0.008254717,0.8950437230802359
3144,1.2099E+11,206719,0.5971541856842684,0.027558213997952972,0.7786684772028961
3145,1.2099E+11,72721,0.4847715674521375,0,0.9332509155345994
3146,1.2099E+11,80517,0.5467705952475435,0.023385300407736075,0.7489845593096299
3147,1.2099E+11,53250,0.44217081457143403,0.016014235,0.8720152734286984
3148,1.2099E+11,120152,0.4635535254720555,0,0.8327814500597562
3149,1.2099E+11,41875,0.3276539930844824,0.010843373363332852,0.7111959197048865
3150,1.2099E+11,36546,0.21834060658644966,0,0.9089219161910425
3151,1.2099E+11,0,0.3833333120370382,0.28888887283950704,0.41176446366796254
3152,1.2099E+11,40265,0.4060606011386594,0,0.9789999902100002
3153,1.2099E+11,41447,0.5608108013376554,0.016233765970231073,0.8975155140137343
3154,1.2099E+11,102685,0.483441446,0.019601644,0.7816960515485697
3155,1.2099E+11,123819,0.6518846934380854,0,0.9509202370646781
3156,1.2099E+11,61700,0.15478423869808408,0.055963302238868785,0.7283653787791236
3157,1.2099E+11,55972,0.24055665764854217,0.056179775,0.7117940140216444
3158,1.2099E+11,24866,0.5717255598393854,0.024948024429355002,0.9277108210190164
3159,1.2099E+11,54375,0.4512455483897114,0,0.9378200370313092
3160,1.2099E+11,95833,0.1570014122064864,0.040393012659464926,0.2646706555129263
3161,1.2099E+11,48973,0.39339338945552166,0.019607842954175135,0.6485528609063623
3162,1.2099E+11,66027,0.30239234160390105,0.064492753,0.20544290178525668
3163,1.2099E+11,33833,0.2269170561274096,0.015418502089438312,0.7581837301142161
3164,1.2099E+11,134196,0.14244185977499096,0.087647778,0.11671654503327684
3165,1.2099E+11,77110,0.2956448886461902,0.09245742,0.17701452987440866
3166,1.2099E+11,68393,0.4308865545196706,0.006622516,0.7708737789235556
3167,1.2099E+11,68682,0.375363721,0.028248587,0.8703465870302107
3168,1.2099E+11,67279,0.3579617788794678,0.007334963,0.693859643
3169,1.2099E+11,99269,0.5883748447405119,0.013921113527597291,0.9130434675318042
3170,1.2099E+11,121083,0.6416573276410154,0.026236124861391274,0.8599105748143773
3171,1.2099E+11,52596,0.3670133675035161,0.023154847711217834,0.8940677871391125
3172,1.2099E+11,75735,0.349336054,0,0.8679961930864559
3173,1.2099E+11,54500,0.4218203009228687,0,0.8146853089882147
3174,1.2099E+11,107429,0.6088082848980286,0.012529365602745767,0.7127071779453212
3175,1.2099E+11,46432,0.16708542503661528,0.011306532521274717,0.837155954
3176,1.2099E+11,198021,0.79985805,0.017135023871589966,0.7725980626913129
3177,1.2099E+11,84286,0.65709155,0.017021276354308137,0.7280788105607999
3178,1.2099E+11,82625,0.6595744643920802,0.031062124,0.7755102000234945
3179,1.2099E+11,66374,0.4582185449199399,0.08645054,0.6822773123757823
3180,1.2099E+11,81060,0.6898203510201156,0.014460511518792976,0.7497155773638728
3181,1.2099E+11,0,0.4108108034088144,0.026143790422487087,0.7241379229795559
3182,1.2099E+11,126371,0.6227544848028495,0.014792899262397444,0.8712241584163422
3183,1.2099E+11,79901,0.6266891786032234,0.082236841,0.7663185278548496
3184,1.2099E+11,103188,0.7036613191800765,0.048525214,0.6990654140274261
3185,1.2099E+11,54262,0.4969604787695976,0.046134662766400714,0.5637355108129822
3186,1.2099E+11,250001,0.7594936228168593,0,0.7715053556046948
3187,1.2099E+11,36275,0.5175879331961315,0.019300361648970307,0.6613953426846945
3188,1.2099E+11,87500,0.6446124723086801,0.005363528,0.8053841794426013
3189,1.2099E+11,136523,0.787751671,0,0.9125475198427042
3190,1.2099E+11,128125,0.5863353964430386,0.007272727,0.9228362781768897
3191,1.2099E+11,130938,0.5729309530272932,0.007697947,0.8227902910624336
3192,1.2099E+11,124837,0.5390738021774689,0.044160371620218644,0.796506547
3193,1.2099E+11,125694,0.46473906583399816,0.034170153178729755,0.7344423861094123
3194,1.2099E+11,58825,0.46255060260576314,0.011894647307607075,0.7024169131237393
3195,1.2099E+11,141673,0.7361835168281177,0.009384776,0.9195849426772381
3196,1.2099E+11,0,0.653206635,0,0.9320388168536152
3197,1.2099E+11,90847,0.47906976372814136,0,0.7838038574754542
3198,1.2099E+11,78200,0.4536474129662051,0.012125534863583916,0.7403951660790605
3199,1.2099E+11,0,0.3656441672927096,0.026966291831839417,0.6337025266321002
3200,1.2099E+11,248704,0.6544585883047995,0,0.8403451905032882
3201,1.2099E+11,45938,0.4238875778949045,0.027586206262386066,0.7240204305959042
3202,1.2099E+11,96923,0.497630328,0.066584463,0.7083769596420054
3203,1.2099E+11,147893,0.7018836961352687,0.057845744296238406,0.8434632979159215
3204,1.2099E+11,33264,0.35849056227997317,0.040066778,0.6221751368490457
3205,1.2099E+11,78971,0.6773296150580026,0,0.8141486712931815
3206,1.2099E+11,68828,0.4832962102205181,0.025714285530612245,0.6992376943919771
3207,1.2099E+11,41094,0.47342397437053185,0.02843016,0.778169005
3208,1.2099E+11,35962,0.34354066656898885,0,0.8534971563941668
3209,1.2099E+11,36688,0.2990232885122217,0.018726592,0.8137009121662414
3210,1.2099E+11,36806,0.39972144290081557,0.055710306,0.8368643979145721
3211,1.2099E+11,42875,0.2867132847082987,0.057392389,0.7629139022323582
3212,1.2099E+11,55804,0.4596704209915835,0,0.7159389757183642
3213,1.2099E+11,47612,0.21058687904963316,0.004730369,0.22986339976512762
3214,1.2099E+11,55625,0.28247047881498205,0.018165304103857364,0.7925867445379594
3215,1.2099E+11,65081,0.3114856410019623,0.11393939324885216,0.25885328727296253
3216,1.2099E+11,35921,0.3449152513142775,0.043807918754777436,0.8472352310474673
3217,1.2099E+11,35775,0.20714285529336737,0.031249999720982146,0.8012470709177937
3218,1.2099E+11,35875,0.5458333105902787,0,0.7706092913760111
3219,1.2099E+11,32727,0.2723463668132237,0.011173184279516869,0.8377777715720165
3220,1.2099E+11,45574,0.40234374476114915,0,0.9303338036236023
3221,1.2099E+11,81894,0.4352791822934114,0.050239234,0.6093502328894593
3222,1.2099E+11,46000,0.48050138606544035,0,0.9288343444314805
3223,1.2099E+11,42760,0.1443978421545965,0.080734966,0.041568257
3224,1.2099E+11,55625,0.13383113076489872,0.037383177,0.12445308641490962
3225,1.2099E+11,85565,0.43656343220216354,0.014760147465312293,0.7789547967587939
3226,1.2099E+11,82353,0.5716998996039896,0,0.9252077476896792
3227,1.2099E+11,115000,0.5999999907692309,0.008130081,0.9465449681024124
3228,1.2099E+11,191397,0.7323135615236414,0,0.9237536521443747
3229,1.2099E+11,81500,0.3095854902228919,0.042915932,0.5164520706977678
3230,1.2099E+11,87801,0.5243128927109733,0.07233146,0.8678414020454502
3231,1.2099E+11,157237,0.7282708076095992,0.050125313,0.7128099124462127
3232,1.2099E+11,133760,0.5122494375027903,0,0.9577142747689797
3233,1.2099E+11,115221,0.5460992830340528,0.025531914531462207,0.8573959180035792
3234,1.2099E+11,114478,0.7038425426069115,0,0.9196035141012829
3235,1.2099E+11,79493,0.7208538469482128,0.016793892873375682,0.8712871191277545
3236,1.2099E+11,123029,0.6642857083545919,0.021079258,0.8420703328329773
3237,1.2099E+11,49306,0.4740295217384936,0.035419699003300824,0.648998328
3238,1.2099E+11,73853,0.064984227,0.011116257475144707,0.059375
3239,1.2099E+11,135302,0.5350978074211991,0.008171604,0.6904176819359007
3240,1.2099E+11,48533,0.22965641745337778,0.005352364,0.7435008622559165
3241,1.2099E+11,29561,0.3775510139872277,0.06972789,0.8067226806016525
3242,1.2099E+11,78393,0.1474103566080962,0.078665077,0.21024546200378377
3243,1.2099E+11,90595,0.41848739144128244,0.06722689,0.8006672160077797
3244,1.2099E+11,29583,0.46327682961473404,0.077683615,0.853526205
3245,1.2099E+11,71528,0.4061196049218414,0.024096385219593237,0.6476744110735534
3246,1.2099E+11,87122,0.4557613121835256,0.013487475785284433,0.654385959
3247,1.2099E+11,120469,0.5695695638681726,0.007971656,0.7148594320091612
3248,1.2099E+11,135000,0.635999994,0.025758969404241314,0.8569612151496426
3249,1.2099E+11,48158,0.5121212069482707,0,0.9284064593656162
3250,1.2099E+11,99107,0.4158415800411725,0.085964912,0.6890117436834019
3251,1.2099E+11,106953,0.5401987304408425,0,0.8902847496626068
3252,1.2099E+11,101480,0.567863661,0.10165484573490044,0.9160220943866183
3253,1.2099E+11,115531,0.11284722124264565,0.026785714,0.4650092038212781
3254,1.2099E+11,112885,0.6129869970652728,0,0.8385964765158513
3255,1.2099E+11,43849,0.22159090699251036,0.028414298547989932,0.8087104969367165
3256,1.2099E+11,62708,0.2792792750858968,0.007102273,0.7329192455537982
3257,1.2099E+11,86944,0.55590386,0.078244274,0.8591433207648821
3258,1.2099E+11,79375,0.3803088729670102,0.00338983,0.5612499929843751
3259,1.2099E+11,250001,0.7462962824759948,0.027257239740081096,0.9559675439632962
3260,1.2099E+11,104338,0.3666391381780418,0,0.4914802955725224
3261,1.2099E+11,92622,0.4633555392891851,0.065405405,0.6547795906152571
3262,1.2099E+11,47500,0.5074152488621266,0,0.8587962896697817
3263,1.2099E+11,56250,0.46698872033834593,0.017628204845701847,0.9429312458763781
3264,1.2099E+11,52063,0.2984234200627993,0.020920501873216507,0.798076917
3265,1.2099E+11,52300,0.18591549033921845,0.018080667342410747,0.5340909040332301
3266,1.2099E+11,84146,0.5063001087479941,0.031476997,0.6436107779178104
3267,1.2099E+11,0,0.3763736212036591,0,0.9208899762559953
3268,1.2099E+11,0,0.808463234,0,0.9179487022572872
3269,1.2099E+11,89776,0.7021677596402662,0,0.7682926782421178
3270,1.2099E+11,34063,0.6175580159681331,0.005972696,0.9062191420906304
3271,1.2099E+11,129167,0.6638054268411241,0,0.8010203979461684
3272,1.2099E+11,93445,0.3786875353480582,0.005485463,0.6185524100725773
3273,1.2099E+11,73295,0.5283582050122522,0,0.9336188336871646
3274,1.2099E+11,61382,0.41430332666890674,0.01541307,0.880299245
3275,1.2099E+11,65867,0.4399999932307693,0,0.5785977817077654
3276,1.2099E+11,112674,0.5187651300316881,0.037180909893557657,0.8613787927251387
3277,1.2099E+11,62279,0.6162393109723135,0.014529914405727228,0.9636193939960878
3278,1.2099E+11,50536,0.29543696600590125,0.014179608276977663,0.5598411766316439
3279,1.2099E+11,130804,0.7550938843184423,0,0.9538386736936896
3280,1.2099E+11,67039,0.43453237097458725,0.052076002,0.8525754834068947
3281,1.2099E+11,56471,0.4363636319559229,0,0.9790613647721201
3282,1.2099E+11,204152,0.6261829628305088,0.013271162075784926,0.6953880749260111
3283,1.2099E+11,138438,0.5581014699503466,0,0.9672701882502076
3284,1.2099E+11,86042,0.5629139031426498,0,0.9546089318812225
3285,1.2099E+11,99375,0.6568364552561532,0.018766756,0.9387596826452738
3286,1.2011E+11,226797,0.75281373,0.026418671,0.6127365015110877
3287,1.2099E+11,146010,0.5564408956647956,0.004733728,0.7294938854319906
3288,1.2099E+11,120909,0.46760069779567603,0,0.6229242583113638
3289,1.2099E+11,226012,0.7161500776718321,0.00483559,0.7699779215453513
3290,1.2099E+11,172434,0.5069444268422074,0.013888888,0.6970849087821939
3291,1.2099E+11,157344,0.5891341156343953,0,0.7686308425595247
3292,1.2099E+11,191625,0.7659883665262474,0.041927409,0.7451343802357071
3293,1.2099E+11,109896,0.4821428493158629,0.074889867,0.35501567119893673
3294,1.2099E+11,135069,0.3845521743257833,0.012167300287701138,0.644102561
3295,1.2099E+11,70982,0.2268203235892073,0.031362007027947995,0.5319851401899086
3296,1.2099E+11,170647,0.5511274223852783,0.033807829,0.6655653426374253
3297,1.2099E+11,128021,0.5703899499643758,0.027644230603099576,0.5365321681696394
3298,1.2099E+11,103182,0.4519890229630383,0.013261000522839057,0.7495231993037305
3299,1.2099E+11,53889,0.556806548,0.042670682516713444,0.9480220747561081
3300,1.2099E+11,67083,0.5989717146661734,0,0.9340206089276226
3301,1.2099E+11,0,0.6519336836482408,0,0.5716752973085035
3302,1.2099E+11,62438,0.48462484028751734,0,0.9605855747681805
3303,1.2099E+11,73603,0.6410579304719274,0.042540073720468106,0.737532804
3304,1.2099E+11,89083,0.5631067935131446,0.000924642,0.8851261561412606
3305,1.2099E+11,131034,0.6384297476692167,0,0.7009900943829037
3306,1.2099E+11,49375,0.40104166405571834,0.010416666598849827,0.9398315226243591
3307,1.2099E+11,71925,0.5145888525916598,0,0.889956324
3308,1.2099E+11,103333,0.32146596522025167,0,0.8881650283586859
3309,1.2099E+11,126648,0.2971800412351407,0.076167076,0.6602844602829078
3310,1.2099E+11,67629,0.4074074013717422,0.020740740433470514,0.8752598661615398
3311,1.2099E+11,120956,0.5271317778378704,0.017530487671261526,0.6953582663571055
3312,1.2099E+11,114583,0.6245535686403858,0.002548853,0.7650736901961871
3313,1.2099E+11,117679,0.5883748482302796,0.010807736002231309,0.7975359310162795
3314,1.2099E+11,125352,0.5035413136474154,0.03443287,0.6414342606250116
3315,1.2099E+11,105156,0.5500807710009631,0,0.8972712608565709
3316,1.2099E+11,88550,0.5008746326479613,0.061469265060123617,0.5863849737728405
3317,1.2099E+11,125886,0.36671368,0.039907013,0.602832312
3318,1.2099E+11,95091,0.2633073082802888,0.075418994,0.1974468076704391
3319,1.2099E+11,84044,0.3981797474506272,0.035095512949375775,0.41575026457697667
3320,1.2099E+11,75958,0.2783389418817178,0.038894575,0.46243617459929853
3321,1.2099E+11,113125,0.27338744009659355,0.003937008,0.47776726358672056
3322,1.2099E+11,95313,0.41420424875995726,0.032060349,0.34723635012805576
3323,1.2099E+11,64818,0.26795579740392544,0,0.5176730447888583
3324,1.2099E+11,71477,0.13179347736553346,0.026369168,0.4302512002658942
3325,1.2099E+11,106164,0.34436563952430543,0.023775216,0.6601796374242533
3326,1.2099E+11,94160,0.5352941150230681,0.081092263,0.6518072262979628
3327,1.2099E+11,79620,0.5704772443369742,0.020483193,0.7501099835014958
3328,1.2099E+11,119300,0.4463229040885638,0,0.6351687366423846
3329,1.2099E+11,101750,0.6082089495502897,0.018656716243873914,0.830945553
3330,1.2099E+11,109231,0.4469964585336315,0,0.8078020855584959
3331,1.2099E+11,98550,0.43992247209452573,0.1654135307253096,0.6082758536789538
3332,1.2099E+11,99688,0.2088353371719812,0.073741006,0.6683673412553798
3333,1.2099E+11,88438,0.33155080077519206,0.021558872,0.656472985
3334,1.2099E+11,88598,0.23991354294010417,0.021451103965608176,0.6681342836096077
3335,1.2099E+11,124297,0.4494680831140599,0.024580090026300325,0.6959914838737442
3336,1.2099E+11,61612,0.19217876880247187,0.033742331,0.1949069520577184
3337,1.2099E+11,91250,0.6074866245188596,0.003067485,0.8598949136611654
3338,1.2099E+11,0,0.47584540488109417,0,0.7768292588191554
3339,1.2099E+11,73833,0.29310344490685697,0.053191488795835226,0.38413158982035994
3340,1.2099E+11,80763,0.10725308559218298,0.043762247,0.14005449514956678
3341,1.2099E+11,62903,0.240105539,0.039792387,0.2822052386342509
3342,1.2099E+11,83333,0.074404761,0.051844932032485136,0.11302475739854768
3343,1.2099E+11,112188,0.6291390645147144,0.016688061403234127,0.8567164093859064
3344,1.2099E+11,122045,0.46267772237750165,0.022417153886855973,0.2719370849671478
3345,1.2099E+11,135250,0.2966804917701143,0.028846153383875747,0.23631624468882498
3346,1.2099E+11,49383,0.19764011653657731,0,0.6219269061665986
3347,1.2099E+11,32313,0.18397625930785105,0,0.6556836794780284
3348,1.2099E+11,115160,0.24158125738227484,0.045514512,0.6591489333653237
3349,1.2099E+11,153393,0.5144083352887288,0.012242626531760566,0.5700814377621883
3350,1.2099E+11,81823,0.44726083035763836,0,0.7409138071603645
3351,1.2099E+11,57721,0.4149908516455055,0.03107861,0.5676567594317188
3352,1.2099E+11,160938,0.46813186298756193,0.04549763,0.6395511876609313
3353,1.2099E+11,166250,0.6433430452541978,0.047770700256602704,0.6858064471883455
3354,1.2099E+11,107969,0.419886001,0.013830427,0.7724405590856838
3355,1.2099E+11,28359,0.1298850559783327,0.039735098899171095,0.6561295246250615
3356,1.2099E+11,40956,0.229855808,0,0.7426810420440598
3357,1.2099E+11,44405,0.3283378701861326,0.019073569222430937,0.7761557083192736
3358,1.2099E+11,167647,0.5923076899096854,0.036302521,0.6583941586616229
3359,1.2099E+11,116563,0.3599003691170564,0.018358531119238325,0.7232796433142047
3360,1.2099E+11,71942,0.4059609413570304,0.013579049334829783,0.7132196086010703
3361,1.2099E+11,41327,0.2834507017301875,0.015845070283053958,0.666905954
3362,1.2099E+11,143871,0.6702819883917355,0.018386108085943736,0.6566684485448931
3363,1.2099E+11,82667,0.4765525952056236,0,0.7753164516069807
3364,1.2099E+11,174741,0.718596055,0.063243243,0.4404990381933827
3365,1.2099E+11,192833,0.6888888822329576,0.010144927462717918,0.486508923
3366,1.2099E+11,84625,0.7254207198811274,0.017944534927042944,0.5750452053569385
3367,1.2099E+11,88942,0.724186694,0.011097410467356222,0.7910592731675484
3368,1.2099E+11,208558,0.5076923,0.014722536639608872,0.5088793600191098
3369,1.21E+11,0,0,0,0
3370,1.2099E+11,65243,0.6442227710372173,0.005818786,0.881401605
3371,1.2099E+11,73243,0.2651869127898725,0.030172413467969682,0.4672897165067442
3372,1.2099E+11,47917,0.40704069959251155,0.007978723,0.5477057498346267
3373,1.2099E+11,181008,0.6061538368284025,0.012391573576312596,0.616928441
3374,1.2099E+11,72963,0.5610118964135135,0,0.4574780013931769
3375,1.2099E+11,103548,0.3309156829967557,0.012931034427021402,0.6117084802401096
3376,1.2099E+11,112443,0.6168401076930926,0,0.7554585097856004
3377,1.2099E+11,51875,0.25467440196857255,0.03052503,0.7402669591753784
3378,1.2099E+11,72589,0.4690860152004568,0.00672043,0.9271206579794425
3379,1.2099E+11,63750,0.4864130302605155,0.017391303969754263,0.9057692133505921
3380,1.2099E+11,50722,0.30333332827777787,0.018333333027777784,0.9136597820404667
3381,1.2099E+11,58283,0.19354838596159304,0.016454352354276263,0.2642233847671086
3382,1.2099E+11,124138,0.4181536042036183,0,0.8722826007945417
3383,1.2099E+11,103083,0.450292393,0.017840375419339197,0.7123633245385759
3384,1.2099E+11,111806,0.483407077,0.068669528,0.7649006586333932
3385,1.2099E+11,58158,0.3647518105702632,0.1433314878620283,0.8365384565111872
3386,1.2099E+11,54565,0.2899484517400229,0,0.8903631222740006
3387,1.2099E+11,64044,0.3576826166441426,0.014785992102832747,0.6958490513520826
3388,1.2099E+11,76164,0.21916731956663535,0,0.3288870348941766
3389,1.2099E+11,66997,0.049166666,0,0.3240259719219093
3390,1.2099E+11,58566,0.3845541370656518,0.066544566,0.3615791990294694
3391,1.2099E+11,42025,0.6435045252416463,0,0.8685208486912661
3392,1.2099E+11,49500,0.2836538427445452,0.10291060184084613,0.6089385418162148
3393,1.2099E+11,63793,0.2765700449689608,0.071204188,0.6180790890612532
3394,1.2099E+11,39696,0.6236559065274085,0,0.8056074691064723
3395,1.2099E+11,67683,0.2770767598471253,0.002024291,0.6038421567817126
3396,1.2099E+11,100200,0.077711357,0.2033898290096549,0.3778409055128702
3397,1.2099E+11,107510,0.5219047585910809,0.003232759,0.7061188
3398,1.2099E+11,72083,0.3634782587624449,0.041212695,0.24098671635299157
3399,1.2099E+11,67500,0.2763157842797785,0,0.49775784381346905
3400,1.2099E+11,53516,0.3254847600348371,0.038781162897767826,0.8756370960689389
3401,1.2099E+11,144076,0.7844660041851261,0.028380633916850855,0.9442331946231535
3402,1.2099E+11,104559,0.7850746151481401,0,0.9110628968431357
3403,1.2099E+11,88796,0.5406976691792862,0.016791044619486526,0.7937304025471448
3404,1.2099E+11,45417,0.11970683941606809,0,0.060377358
3405,1.2099E+11,34566,0.080608364,0.057068741523549016,0.043478260639033615
3406,1.2099E+11,60833,0.46721311049896985,0.17528089756343898,0.6531049180609751
3407,1.2099E+11,47321,0.3302564068691651,0,0.8371868898151552
3408,1.2099E+11,67262,0.25796505387497376,0.036490008,0.5421836194653622
3409,1.2099E+11,119878,0.3342336236716163,0.002530044,0.680406849
3410,1.2099E+11,96111,0.4007751906916652,0.00140056,0.5713612785145488
3411,1.2099E+11,0,0.42228530573253864,0,0.7754662785117197
3412,1.2099E+11,106645,0.4046762517144559,0,0.6538461451744544
3413,1.2099E+11,36618,0.41913438680787274,0.049586776,0.8791540652695761
3414,1.2099E+11,59787,0.20378927817102918,0.040084388,0.44539116791095595
3415,1.2099E+11,0,0.39210525799861506,0.040201005,0.4406964043449793
3416,1.2099E+11,85830,0.40178103508757973,0.18166164364329898,0.5501373607481547
3417,1.2099E+11,39150,0.15236427187071566,0,0.865916061
3418,1.2099E+11,119353,0.3101169277574127,0.016365202,0.7261427396706385
3419,1.2099E+11,58170,0.094991364,0.044709389,0.5493594532828979
3420,1.2099E+11,81955,0.36040882000855934,0.002717391,0.6536458309016152
3421,1.2099E+11,62949,0.228632476,0.013091641358593743,0.3898655595670573
3422,1.2099E+11,95526,0.25803402402614345,0.05530776,0.7256505522256465
3423,1.2099E+11,59464,0.19310344637336507,0,0.535973226
3424,1.2099E+11,70682,0.34981392690157403,0.007378259,0.5745489051540887
3425,1.2099E+11,72434,0.39871086189032356,0.026446280773171234,0.5890985283780676
3426,1.2099E+11,64844,0.14226159383917877,0.026931567210015155,0.093800978
3427,1.2099E+11,89625,0.10798816408301533,0.084874863,0.028265851579328864
3428,1.2099E+11,37283,0.13480779286567776,0.005993545,0.21693121625604975
3429,1.2099E+11,47699,0.5162241837146098,0,0.7909686759579849
3430,1.2099E+11,44199,0.2832980912621968,0.018242122,0.18067556810152735
3431,1.2099E+11,36616,0.2179616526946352,0.014127144156133763,0.7418918818663259
3432,1.2099E+11,43598,0.2529880465488643,0.185645932,0.19851920315354368
3433,1.2099E+11,46554,0.14378028963020767,0.07242136,0.26165254098700985
3434,1.2099E+11,68456,0.049698795,0.016940179899734356,0.22533495599674205
3435,1.2099E+11,98304,0.459203027,0.033747779,0.798666656
3436,1.2099E+11,95496,0.47418585802870644,0.026211279,0.5987804841537775
3437,1.2099E+11,91750,0.4499229514649776,0,0.5527603036145332
3438,1.2099E+11,62712,0.1912506999929854,0.032437911645018185,0.5390288842100253
3439,1.2099E+11,43333,0.4037075138650102,0.010298661067984953,0.8169685336799949
3440,1.2099E+11,0,0,0.11421911288788913,0.30721830715476844
3441,1.2099E+11,120413,0.4259886957515402,0.007677543,0.5307086572385146
3442,1.2099E+11,106145,0.40542832737307744,0,0.5455202292430628
3443,1.2099E+11,71366,0.38397017349515217,0,0.5155709297960992
3444,1.2099E+11,60873,0.4842519646909294,0.06599713,0.5927805945133638
3445,1.2099E+11,116463,0.4103796232081709,0.020622895536098924,0.5553905537410437
3446,1.2099E+11,109375,0.5532945682820294,0.061378659,0.8404778577619265
3447,1.2099E+11,57361,0.3051181072330895,0.005449591,0.3270637391480473
3448,1.2099E+11,0,0.5256653942427244,0.00427716,0.901960778
3449,1.2099E+11,67989,0.30576270979143927,0.087155963,0.4192583706982155
3450,1.2099E+11,162784,0.2762039620934283,0.041278295,0.4491114664853678
3451,1.2099E+11,56154,0.16370106615924318,0,0.477445809
3452,1.2099E+11,100894,0.2936021008448545,0.1259568536815807,0.7656529448510471
3453,1.2099E+11,76167,0.034865293,0.1103653981329948,0.4885974886625001
3454,1.2099E+11,82917,0.4415422858113042,0.00990099,0.8844323529270405
3455,1.2099E+11,52981,0.355531683,0.045168067,0.7273519100404886
3456,1.2099E+11,103155,0.41935483226797493,0,0.7237635618363865
3457,1.2099E+11,125092,0.5222968813543257,0.049427917,0.6155210615719686
3458,1.2099E+11,99306,0.2670929647462225,0.015403830077419524,0.5356758675665978
3459,1.2099E+11,57941,0.29202278786292324,0,0.7292250165338467
3460,1.2099E+11,56364,0.047491995,0.008661417,0.3180966642259398
3461,1.2099E+11,95434,0.12676056210502454,0.14747307251472186,0.3702717082031342
3462,1.2099E+11,45678,0.10105496890030556,0.046669907,0.3925657280482061
3463,1.2099E+11,75125,0.4419109639418515,0.015477214034921692,0.5135135118612821
3464,1.2099E+11,54385,0.22408026568494763,0.058999252733388706,0.4285106364744228
3465,1.2099E+11,123750,0.23922603131727327,0.050038490761828404,0.15507518651245125
3466,1.2099E+11,52313,0.1796407173676599,0.008675535,0.3728813537528851
3467,1.2099E+11,47256,0.13574905280827987,0.056306306,0.19085081529472372
3468,1.2099E+11,65970,0.2572347225524964,0.057428214,0.6908482065753548
3469,1.2099E+11,65274,0.1351351343897676,0.011168384831750923,0.26088560789341103
3470,1.2099E+11,119000,0.6429341893966107,0.007470651,0.8820375216885051
3471,1.2099E+11,58583,0.075412762,0.02239063,0.17950330028449135
3472,1.2099E+11,128945,0.647686821,0.039145906776763224,0.9378640594589503
3473,1.2099E+11,34427,0.46828752147687613,0,0.7491134685362282
3474,1.2099E+11,67222,0.24683864316217177,0.040413534,0.4679732291205868
3475,1.2099E+11,71458,0.08359133,0.013580247,0.16425992680950707
3476,1.2099E+11,64605,0.24740124611537814,0.024898143843829133,0.5640526031950677
3477,1.2099E+11,93707,0.13261372295594662,0.037344398,0.6877144770918705
3478,1.2099E+11,55371,0.17023675118109638,0.088435373,0.2459183648375677
3479,1.2099E+11,0,0.18729641388768056,0.016434892333313626,0.2654867227269168
3480,1.2099E+11,63083,0.11901000463923116,0.058891455,0.1648583479057916
3481,1.2099E+11,51310,0.1956797954531144,0.007274762,0.5657171386021133
3482,1.2099E+11,41875,0.14944133869495338,0.048016701,0.2286995495183897
3483,1.2099E+11,75404,0.10261779997258849,0.026655201834435066,0.2650902285930913
3484,1.2099E+11,62663,0.0524109,0,0.24173553469281472
3485,1.2099E+11,22057,0.28276409624492377,0.006294256,0.7058222604103958
3486,1.2099E+11,71591,0.5735294,0.02173913,0.6540027048303568
3487,1.2099E+11,49900,0.35655737461367915,0.039421813,0.6155050852348858
3488,1.2099E+11,81944,0.3073005041205347,0.040995607,0.40862422578414553
3489,1.2099E+11,60857,0.13115661244517646,0.06358885,0.23264114136067116
3490,1.2099E+11,50027,0.37565739762841927,0.2357549840758192,0.45011600666986074
3491,1.2099E+11,54250,0.25649349816579553,0.045822101190778945,0.3412604002228252
3492,1.2099E+11,68125,0.1371951211146639,0.012285012224643675,0.3463151567027252
3493,1.2099E+11,82163,0.087576374,0,0.4154639132426401
3494,1.2099E+11,81682,0.075402635,0.035591274192931836,0.29007921429619304
3495,1.2099E+11,52721,0.10727611840227502,0.098484848,0.38749269206608594
3496,1.2099E+11,43810,0.21317588431835996,0.075481006,0.2801814365660103
3497,1.2099E+11,52847,0.1081330858767737,0.009068425,0.3107064000512892
3498,1.2099E+11,62422,0.13268892677777744,0.028085735195227383,0.27516778369592965
3499,1.2099E+11,44840,0.2149253667186458,0,0.26776518776760877
3500,1.2099E+11,54113,0.11483253478629153,0.016129032134185622,0.31228273283729585
3501,1.2099E+11,65905,0.098107918,0.023646546,0.26995565260556736
3502,1.2099E+11,48211,0.18863048973752913,0.047512577,0.30489296542846184
3503,1.2099E+11,40127,0.2390307777404664,0.047722342,0.31414219353113526
3504,1.2099E+11,57031,0.074290484,0.012987012893311596,0.3475582914757664
3505,1.2099E+11,41675,0.23714585270570984,0.046766169,0.3844714650657487
3506,1.2099E+11,48839,0.057783018,0,0.23435842929820558
3507,1.2099E+11,64375,0.34182305171818966,0.090012329,0.5832583205827334
3508,1.2099E+11,42692,0.14933741004415182,0.019024970198077803,0.30976676271950887
3509,1.2099E+11,45227,0.18377088086192267,0.043076923,0.48332198445662367
3510,1.2099E+11,50395,0.11207645428256774,0.042212518,0.23424068684011215
3511,1.2099E+11,57289,0.44147582135526947,0,0.7890699828468841
3512,1.2099E+11,42361,0.35583684450299796,0.014012739,0.4049744872131729
3513,1.2099E+11,78669,0.074309977,0,0.36961722045912415
3514,1.2099E+11,82292,0.6460807447486759,0.065934064,0.8101265720237143
3515,1.2099E+11,0,0.5919811274215321,0,0.9294274177173447
3516,1.2099E+11,64646,0.1506329104390322,0.00523865,0.28856447548143804
3517,1.2099E+11,61281,0.1706629046983408,0.028368794207889885,0.2152746752332529
3518,1.2099E+11,24954,0.34662575623847375,0.16042780319711758,0.21717670071888745
3519,1.2099E+11,80500,0.18229854448746968,0.053995679762465665,0.37483355276409086
3520,1.2099E+11,70250,0.3216019378446367,0,0.5748953926786996
3521,1.2099E+11,88661,0.13371674957788102,0,0.37784090640737994
3522,1.2099E+11,53611,0.18529199578015865,0.033374536258501016,0.3111111097815764
3523,1.2099E+11,60793,0.18610421605329758,0.18281718099083735,0.29112081301949916
3524,1.2099E+11,46842,0.15313935564211825,0.069392812,0.31787738115467606
3525,1.2099E+11,47206,0.28660435913859533,0.041916167,0.45526960505349506
3526,1.2099E+11,54375,0.3202545034967709,0,0.24822134191129375
3527,1.2099E+11,0,0.21800433603032174,0.047722342,0.5913410708411714
3528,1.2099E+11,26319,0.3203124916585289,0,0.5488505668268597
3529,1.2099E+11,27115,0.16616989443986666,0,0.6325148125951329
3530,1.2099E+11,46575,0.21309191903771701,0.055803571,0.4733824695054671
3531,1.2099E+11,76667,0.1599210258641608,0.013853904223955061,0.4172921032203779
3532,1.2099E+11,50444,0.27826675505574305,0,0.49021029376207187
3533,1.2099E+11,67364,0.1254773588353663,0.004217432,0.3334888044146977
3534,1.2099E+11,35625,0.065247252,0,0.4343629315678061
3535,1.2099E+11,30658,0.093368237,0.008726003,0.47838345415053146
3536,1.2099E+11,39885,0.11038960949359083,0.021915584,0.6317365206413521
3537,1.2099E+11,52176,0.4796747924148619,0.029885057242260097,0.4465454512978513
3538,1.2099E+11,94583,0.23771929616035706,0.075436409,0.3346153831854043
3539,1.2099E+11,52210,0.2880546055422894,0.096774193,0.3826558244842503
3540,1.2099E+11,86406,0.4914751631469595,0.038138332009448404,0.6726398572000005
3541,1.2099E+11,78924,0.19249277966801945,0.22793487379661634,0.4444444401873138
3542,1.2099E+11,17614,0.15473145582184838,0.090200444,0.3978275600962148
3543,1.2099E+11,66750,0.34782608237383295,0.019895287749787563,0.515378841
3544,1.2099E+11,53333,0.11988847472222608,0.082372322,0.3175765624662013
3545,1.2099E+11,49905,0.11382978602308738,0.014506769685621184,0.26587506316017007
3546,1.2099E+11,250001,0.6637806542022994,0.020202019910504763,0.9634615291974853
3547,1.2099E+11,67109,0.3069403684561059,0.030042918197056498,0.41344046447450356
3548,1.2099E+11,74178,0.27088607366340867,0.12630792132804244,0.5389312935959444
3549,1.2099E+11,71125,0.5452054744730094,0.051908396550317586,0.8330039443379057
3550,1.2099E+11,0,0.1911111094123457,0.022777369413832703,0.5570312456481934
3551,1.2099E+11,118333,0.4639999969066667,0.069204152,0.3990877970405485
3552,1.2099E+11,85341,0.28705147982019125,0,0.5344024804221289
3553,1.2099E+11,120966,0.562326865,0,0.8429268210446164
3554,1.2099E+11,87526,0.322074785,0.057815845,0.561355306
3555,1.2099E+11,0,0.22927879316857486,0.051243781,0.3731739691315893
3556,1.2099E+11,44402,0.1795221830749339,0.011821601226106388,0.28941390145654744
3557,1.2099E+11,43866,0.13022112862136206,0.041216879,0.2506106485070315
3558,1.2099E+11,68375,0.24981188675837557,0.037419355,0.29837352608876316
3559,1.2099E+11,38233,0.210869564,0.053404539029342196,0.42105262858426296
3560,1.2099E+11,100750,0.11499272114270218,0.012956419240539346,0.3316901385092244
3561,1.2099E+11,42361,0.2031602685873559,0.073878627,0.3031319893560851
3562,1.2099E+11,56179,0.1910298971589718,0,0.3116071400749363
3563,1.2099E+11,103778,0.36958234539336215,0.046186896,0.5660759465008813
3564,1.2099E+11,53487,0.3395833262586807,0.009578544,0.31344470713250033
3565,1.2099E+11,77258,0.1746575322527679,0.053602811,0.32549728457959054
3566,1.2099E+11,57149,0.15796019704029607,0.024864864596055518,0.2167539244318961
3567,1.2099E+11,61118,0.137931033,0,0.20041972612581466
3568,1.2099E+11,45446,0.1121281455978021,0.00591716,0.1392592582277092
3569,1.2099E+11,70324,0.21411483125529407,0.091172214,0.3541561695004727
3570,1.2099E+11,69896,0.2800369659885678,0.22144725177465344,0.42175066033321845
3571,1.2099E+11,46938,0.2997275122690051,0.023529411369253593,0.35890766763449067
3572,1.2099E+11,70417,0.10048622203425897,0.013432836,0.30893433467239684
3573,1.2099E+11,65819,0.10449049996122194,0.031746032,0.23715414934547555
3574,1.2099E+11,58614,0.2128571398163266,0.020161290051595563,0.2313167243322653
3575,1.2099E+11,250001,0.22141560396704893,0.021505376013742306,0.530985908
3576,1.2099E+11,111313,0.3554987181969419,0,0.5471810056547122
3577,1.2099E+11,69279,0.320618553,0.058928570902423476,0.4410452489417129
3578,1.2099E+11,76250,0.2366463810909643,0,0.27825711700493044
3579,1.2099E+11,56051,0.22075584750596372,0.026234568,0.3957879433704141
3580,1.2099E+11,44306,0.21122994464144434,0.007178751,0.3087132122982504
3581,1.2099E+11,65963,0.22683705707928026,0.080254776,0.2343478250680529
3582,1.2099E+11,42161,0.21679859183465877,0.064230769,0.25144018891413017
3583,1.2099E+11,78906,0.2270653815151273,0.042595541,0.28609221358241793
3584,1.2099E+11,56571,0.23472356707348627,0.043789097,0.31115002737215397
3585,1.2099E+11,115536,0.5445704936050163,0.024999999609375007,0.30023364135241076
3586,1.2099E+11,188284,0.7563025051196953,0.040856030333540266,0.854916057
3587,1.2099E+11,69573,0.25831201715713537,0.066595058,0.35110746225506595
3588,1.2099E+11,0,0.35575589212374553,0.016118200026069847,0.5112781922852244
3589,1.2099E+11,66058,0.22435897076347805,0.014150943229352085,0.35359115743021974
3590,1.2099E+11,54597,0.40512819993425386,0.001199041,0.6536144512689313
3591,1.2099E+11,250001,0.5027932890671328,0.013812154505356982,0.8533145154680605
3592,1.2099E+11,58153,0.178999998,0.021917808019015453,0.5069124390591676
3593,1.2099E+11,100071,0.48496731709171687,0.085143863,0.8312925113517516
3594,1.2099E+11,43806,0.20735785814476348,0.025301897,0.3188976364002728
3595,1.2099E+11,92294,0.41006202336277037,0.007878788,0.388799998
3596,1.2099E+11,111447,0.5492063317712276,0,0.7076124445049751
3597,1.2099E+11,110326,0.40839160267983776,0.019920318,0.760425178
3598,1.2099E+11,38354,0.14062499816894533,0.088132634,0.3349673175247768
3599,1.2099E+11,112567,0.5177713687053663,0.066634003,0.8649446430631392
3600,1.2099E+11,78388,0.5186170074835903,0,0.5844980866010409
3601,1.2099E+11,210250,0.7770204403405995,0.030185004574634813,0.9391675460067498
3602,1.2099E+11,250001,0.7681498649145231,0,0.9395109274194218
3603,1.2099E+11,115801,0.7884426955098659,0,0.8373804206226606
3604,1.2099E+11,102865,0.721148209,0.02173913,0.7317784226081697
3605,1.2099E+11,93553,0.4909596593746918,0,0.7266099547191986
3606,1.2099E+11,49540,0.069249793,0.044145873038094224,0.18053375101761512
3607,1.2099E+11,44113,0.17326732458827568,0.1952428127329751,0.41655266472946195
3608,1.2099E+11,30795,0.33890436082725756,0.032497678,0.7559808540097526
3609,1.2099E+11,31472,0.29219857948795336,0.007703081,0.8351835966252469
3610,1.2099E+11,48462,0.17933491473473973,0.029579066785221084,0.19316596796955393
3611,1.2099E+11,25000,0.1388415661086749,0.010734929721429151,0.7214566858124342
3612,1.2099E+11,50203,0.20746485599871614,0.068405301,0.1478873233955251
3613,1.2099E+11,33068,0.13396715528118275,0.077419354,0.3751552771729486
3614,1.2099E+11,45856,0.17469310587963593,0.036655684,0.26643109446490776
3615,1.2099E+11,92587,0.4242424198093791,0.025078369643904183,0.3591231440417592
3616,1.2099E+11,0,0.8059701440235552,0.050027487,0.7438186762100366
3617,1.2099E+11,0,0.5390524933479354,0.029262086327849324,0.7913100672066486
3618,1.2099E+11,70075,0.25274724966120576,0.22466422192107177,0.31707316666144847
3619,1.2099E+11,0,0.5976789052673326,0.034545454,0.9347368224265933
3620,1.2099E+11,42692,0.11470985000391566,0.048888888,0.11150442379199625
3621,1.2099E+11,30797,0.1562499990609976,0.062944718,0.06252489
3622,1.2099E+11,75481,0.5378485948635738,0,0.6545842147698911
3623,1.2099E+11,0,0.8183118623989719,0.02112676,0.9362499882968752
3624,1.2099E+11,34375,0.27754532388360775,0.050827423,0.085603112
3625,1.2099E+11,124773,0.7328244134957174,0,0.9448924604181121
3626,1.2099E+11,65495,0.23466980855342207,0.044025156771224774,0.45049504631898835
3627,1.2099E+11,39583,0.4382785907329718,0.037819799,0.6992561030897333
3628,1.2099E+11,29782,0.3096397258537501,0.028794037842838623,0.5971014463908142
3629,1.2099E+11,30075,0.14057507837513228,0.044350580313087855,0.7224168062835656
3630,1.2099E+11,25000,0.11564625719221931,0.028344671,0.677669896
3631,1.2099E+11,52333,0.36461317790391706,0.014714537876900895,0.3825816465392346
3632,1.2099E+11,38403,0.29130434465973537,0.04673913,0.6862745023281644
3633,1.2099E+11,70896,0.5192743646423047,0.034220531668811185,0.5617597197671791
3634,1.2099E+11,61480,0.3827893146677351,0,0.4127347667762951
3635,1.2099E+11,62992,0.22190201409363092,0.026582278144528126,0.3183060087547404
3636,1.2099E+11,31842,0.10087493514732405,0.096601073,0.10124724834465425
3637,1.2099E+11,58750,0.500758722,0.025343953473251603,0.6615853608110872
3638,1.2099E+11,31798,0.21092757172218823,0.04368421,0.14133833557637063
3639,1.2099E+11,33489,0.094533029,0.026444661836976868,0.1525956992522512
3640,1.2099E+11,250001,0.7617328428190994,0.026474127238578494,0.9071294474002867
3641,1.2099E+11,73750,0.3529411741891327,0.004320988,0.6874999952256945
3642,1.2099E+11,63250,0.4321305804799778,0.035772357,0.18805159410691383
3643,1.2099E+11,44907,0.21485943559378076,0.044145873,0.5645472025398381
3644,1.2099E+11,0,0.038961039,0,0.18062253318446936
3645,1.2099E+11,59107,0.23803680689525392,0.095903165,0.13111887997273708
3646,1.2099E+11,77625,0.42777155176067694,0.015538290615557263,0.6188811134713189
3647,1.2099E+11,116915,0.6208609168731637,0.089403972,0.488599343
3648,1.2099E+11,70750,0.518481513,0,0.24675324547141173
3649,1.2099E+11,124750,0.7832167649599823,0.016317015936666297,0.8193832418638053
3650,1.2099E+11,52708,0.4382470075871812,0.032258064,0.6392904031584073
3651,1.2099E+11,102649,0.35761589234807994,0.082905983,0.2283397344074275
3652,1.2099E+11,91908,0.6258992741428646,0,0.3886255897858796
3653,1.2099E+11,67668,0.3898540626139398,0.013752455705615877,0.5373423834270495
3654,1.2099E+11,61998,0.4272598839882777,0.015209125378902882,0.5068407928679055
3655,1.2099E+11,49495,0.15761689172234622,0.011748444977550484,0.097962382
3656,1.2099E+11,62419,0.364421413,0.034401876,0.2783647208159636
3657,1.2099E+11,0,0.3969658634831488,0.012041284334625663,0.24067956469712332
3658,1.2099E+11,36912,0.18708971348917164,0.050960735,0.082330588
3659,1.2099E+11,66468,0.3588374830436685,0.06813063,0.4642673497981113
3660,1.2099E+11,84602,0.4307324806470344,0.013910355,0.24029850566941413
3661,1.2099E+11,43971,0.13780706927617095,0.055306427,0.099027727
3662,1.2099E+11,66808,0.29204203984953425,0.091645885,0.11881188069797077
3663,1.2099E+11,42692,0.030150753,0.14866759959792988,0.026290165274681934
3664,1.2099E+11,49729,0.2917073156502082,0.012851023261061287,0.23400935854906896
3665,1.2099E+11,48984,0.10022649999871744,0.122170179,0.052436767265771844
3666,1.2099E+11,29984,0.43917525320437883,0.078598484,0.43439282449557604
3667,1.2099E+11,31371,0.065025252,0.021079691408330634,0.1550660786120437
3668,1.2099E+11,80700,0.4834307897966708,0,0.5852660220291129
3669,1.2099E+11,250001,0.7960954274165851,0,0.9357664096968408
3670,1.2099E+11,32228,0.076419213,0.097468354,0.038524145
3671,1.2099E+11,39250,0.10627177515205967,0.1451851830342936,0.36899862319617804
3672,1.2099E+11,39559,0.093686352,0,0.052980132
3673,1.2099E+11,87614,0.40479759513047087,0.039617486,0.8888888758934376
3674,1.2099E+11,31298,0.11029411561959347,0.10483870798647246,0.068208092
3675,1.2099E+11,78023,0.5878260767334595,0.030744336072098123,0.884428213
3676,1.2099E+11,101438,0.5818584045050512,0,0.729749101
3677,1.2099E+11,91136,0.20695364067091357,0.13984674240200037,0.5947556579573561
3678,1.2099E+11,126250,0.42408376408267323,0.060879368,0.6640692583197467
3679,1.2099E+11,109682,0.4644396501676762,0.058941058,0.6850961483566014
3680,1.2099E+11,93650,0.3718937414576372,0.038686131,0.6312098151302757
3681,1.2099E+11,74592,0.4248291523367978,0.007486631,0.5675381201793234
3682,1.2099E+11,148615,0.5190156541497131,0.021547502,0.7036759137008559
3683,1.2099E+11,93829,0.44372573811480287,0,0.5179039256078259
3684,1.2099E+11,94609,0.36449060156038277,0.030823425667884517,0.6837725357705529
3685,1.2099E+11,136338,0.3053706155997753,0,0.6768240314299397
3686,1.2099E+11,52384,0.12169637294593502,0.033481044,0.3206106856632286
3687,1.2099E+11,39515,0.1363636343641696,0.085714284,0.23554735402492402
3688,1.2099E+11,71807,0.19561551350920944,0.11891117435920065,0.2175962285247595
3689,1.2099E+11,86538,0.25324674913560474,0.046195652,0.5465489522748881
3690,1.2099E+11,65949,0.26602409510349834,0.014729299304421578,0.4109867737843785
3691,1.2099E+11,0,0.039548022,0,0.42173111950523834
3692,1.2099E+11,82115,0.12323612301753413,0.093474426,0.3207692283017752
3693,1.2099E+11,0,0.17449664136750603,0.035830618308947584,0.31175468218266883
3694,1.2099E+11,51799,0.2539184939711677,0.054337899,0.28411850274833167
3695,1.2099E+11,121377,0.28282828023114526,0.005756579,0.5931142363606084
3696,1.2099E+11,148986,0.5727002924873865,0,0.5168100057982408
3697,1.2099E+11,75871,0.19033816241219167,0.06603023,0.37979539399107803
3698,1.2099E+11,177310,0.6362898847044621,0.035798499387355846,0.5376322202245073
3699,1.2099E+11,82316,0.29413974344800997,0.011519302579329692,0.33940842444156427
3700,1.2099E+11,161875,0.5071770274261121,0.012864493886239333,0.7034976096701303
3701,1.2099E+11,143913,0.30401529055420096,0,0.4640839349145768
3702,1.2099E+11,132721,0.38955026197387393,0.029825548509704286,0.43604183251793305
3703,1.2099E+11,101848,0.6527369002193237,0.006777894,0.5185818004332259
3704,1.2099E+11,52824,0.1742514959625659,0.003831418,0.32822409974511574
3705,1.2099E+11,93393,0.3308270641157136,0.010328638400670062,0.38968633498306043
3706,1.2099E+11,44758,0.093922649,0.028077753173266672,0.2897897876141908
3707,1.2099E+11,47982,0.007155635,0.040786598391940286,0.27355623
3708,1.2099E+11,85466,0.051737451,0.016335227156710035,0.13173076796412722
3709,1.21E+11,0,0,0,0
3710,1.2099E+11,81324,0.37959442091511775,0.050681199,0.26058794090389664
3711,1.2099E+11,71719,0.28423236219675974,0.038495188,0.35199439921627435
3712,1.2099E+11,70250,0.18221574211213015,0.033008658,0.25394547941680784
3713,1.2099E+11,129250,0.358581013,0.12384615289349113,0.17023959539571504
3714,1.2099E+11,75833,0.2678311460286587,0.042049934,0.3435270097499795
3715,1.2099E+11,75281,0.15006385600214653,0.050084411648371345,0.34582775392312465
3716,1.2099E+11,79375,0.31953866920102214,0.045401289,0.40841828211634895
3717,1.2099E+11,183750,0.42925169776019256,0.01628854,0.6831742202674569
3718,1.2099E+11,47651,0.17363112266836367,0,0.22377622290685226
3719,1.2099E+11,105827,0.40633245025213327,0.031321619,0.494392977
3720,1.2099E+11,33512,0.19622641324314705,0.095283018,0.6397466299307472
3721,1.2099E+11,94451,0.20164233392662104,0.00746826,0.5149150963060344
3722,1.2099E+11,88784,0.3535427293386214,0,0.6111111058063272
3723,1.2099E+11,89342,0.17301324360088374,0.056712132,0.43552433298783577
3724,1.2099E+11,45046,0.27281021648895787,0.05376344,0.415396338
3725,1.2099E+11,62552,0.3601756901877644,0.015990159704918086,0.2838709654526535
3726,1.2099E+11,0,0.053858520467375236,0.12678936518889322,0.26984126805660535
3727,1.2099E+11,49038,0.1463046746130869,0.062622309,0.2949999986590909
3728,1.2099E+11,0,0.3650793634696677,0.001918649,0.304651161
3729,1.2099E+11,115647,0.26725082000410283,0.029487842578955807,0.29925452449811224
3730,1.2099E+11,45690,0.26995734143840744,0.061114115,0.4966292116231115
3731,1.2099E+11,24826,0.11444921152433174,0,0.077577577
3732,1.2099E+11,53188,0.058984161,0.029756097415823912,0.18487394893251416
3733,1.2099E+11,53229,0.082765846,0.028623353,0.19298866787185315
3734,1.2099E+11,51974,0.018518518396041544,0.021650087643943314,0.19216589773195436
3735,1.2099E+11,53942,0.33365109310151486,0.024785509773255388,0.4130113335977756
3736,1.2099E+11,64259,0.4106217563390964,0.009367681,0.6480815308868014
3737,1.2099E+11,172794,0.527315908,0,0.7332869029715396
3738,1.2099E+11,95577,0.2688787154590536,0.027748132041108518,0.6377850121316937
3739,1.2099E+11,126250,0.3433298826956579,0.092838195,0.7428825556683046
3740,1.2099E+11,142841,0.37979539399107803,0.026396562146123008,0.679211465
3741,1.2099E+11,115903,0.23126734291149545,0.033587786,0.6067226856766236
3742,1.2099E+11,102625,0.24442137911561299,0.035304501,0.6974921602762846
3743,1.2099E+11,128850,0.5129348772839657,0.046825396639581754,0.526159333
3744,1.2099E+11,142794,0.15593561211332382,0,0.679186223
3745,1.2099E+11,111333,0.2527704472149317,0.017199017114501145,0.6500927619662605
3746,1.2099E+11,0,0.1499085909514754,0,0.6680972722732865
3747,1.2099E+11,58917,0.18459795940432663,0.043227665,0.4275774799014707
3748,1.2099E+11,70130,0.6040485781048698,0,0.8010204023249242
3749,1.2099E+11,126198,0.46434148639072625,0,0.47042253331821915
3750,1.2099E+11,73696,0.5766871115101918,0.023791250776736373,0.762050491
3751,1.2099E+11,203092,0.5057283059618936,0,0.48306997379179856
3752,1.2099E+11,117115,0.5432451712419931,0,0.5335406462303836
3753,1.2099E+11,78242,0.28179550981648127,0.05770029,0.48295003773612194
3754,1.2099E+11,67961,0.18946188128405964,0.037473233,0.6345919532936425
3755,1.2099E+11,96927,0.21975806303926032,0.041881443,0.5309523784240362
3756,1.2099E+11,76190,0.5046296262921321,0,0.358564012
3757,1.2099E+11,42399,0.26814204699875427,0.21093371934720018,0.419117644
3758,1.2099E+11,40694,0.2187499970278533,0,0.078539822
3759,1.2099E+11,47199,0.2786144557333249,0.058823529,0.4319273869090903
3760,1.2099E+11,53865,0.3152585080043063,0,0.7210648064691574
3761,1.2099E+11,107353,0.44106089940018767,0.025641025458397255,0.2630596998565939
3762,1.2099E+11,59722,0.30061983160516703,0,0.6413793014982165
3763,1.2099E+11,70991,0.2582417562147429,0.030150753552399472,0.31373657256225795
3764,1.2099E+11,23032,0.5533141130646382,0.059332509,0.29257142689959187
3765,1.2099E+11,119457,0.6314243712817594,0.030714285,0.7015529999895138
3766,1.2099E+11,103726,0.4333017954905307,0,0.5190336730635663
3767,1.2099E+11,85313,0.28808863999918155,0.004191115,0.645184644
3768,1.2099E+11,81875,0.24583866522613745,0.012222222086419755,0.6568093334100441
3769,1.2099E+11,64183,0.34754521514799463,0.020689655,0.6265560122644812
3770,1.2099E+11,94438,0.1974306950816045,0.013324873011898015,0.6517006758387709
3771,1.2099E+11,104683,0.25333333145679016,0.018620689526753866,0.6074113823447295
3772,1.21E+11,0,0,0,0
3773,1.2099E+11,141691,0.7327642762129726,0.023422251,0.9171151726742994
3774,1.2099E+11,236250,0.6846057486282134,0,0.6919900851198176
3775,1.2099E+11,106019,0.544690599,0,0.8132975096487743
3776,1.2099E+11,58061,0.3646666642355556,0.022780374,0.092705167
3777,1.2099E+11,91348,0.4579191487215431,0.013192612,0.6839963802712641
3778,1.2099E+11,26152,0.2148936124490721,0,0.7527675184161438
3779,1.2099E+11,40363,0.22780881298690991,0.075331565,0.034120735
3780,1.2099E+11,83375,0.4885641646215746,0,0.5101449245788701
3781,1.2099E+11,63424,0.25158150729157414,0.076726342,0.16661707775478404
3782,1.2099E+11,47557,0.1516245473680095,0.024622716246046734,0.04012158
3783,1.2099E+11,87772,0.287625417,0.056109725,0.15437987790815316
3784,1.2099E+11,62321,0.503164549,0.045949213,0.4162812172406918
3785,1.2099E+11,102100,0.4292742874628009,0.011213047795993396,0.2527472507633654
3786,1.2099E+11,69883,0.20833333062065976,0.04730473,0.14362778055544315
3787,1.2099E+11,31375,0.14265129477447702,0.052194543,0.060296845451791786
3788,1.2099E+11,73120,0.14573345977245006,0,0.037470726
3789,1.2099E+11,58828,0.5562613379649607,0.005272408,0.6312640192126849
3790,1.2099E+11,50841,0.14735516187210124,0.097560975,0.1907407389746228
3791,1.2099E+11,67593,0.19444444174382722,0.028673835,0.069940476
3792,1.2099E+11,93667,0.7015765686759395,0.026726058,0.900081227
3793,1.2099E+11,75250,0.5336832849196563,0.0225,0.8882275073529927
3794,1.2099E+11,89097,0.4817150002305801,0,0.26086956263962885
3795,1.2099E+11,45351,0.14234234105997892,0.012749003882478058,0.17810550097501135
3796,1.2099E+11,202656,0.7026397460975176,0.005805515,0.7901165975007407
3797,1.2099E+11,72712,0.11179172961874632,0.090962441,0.3836633631710944
3798,1.2099E+11,40795,0.13664596061108758,0.019207682842644864,0.057813910950190506
3799,1.2099E+11,63971,0.42964351914364884,0.071691175,0.8405994435885634
3800,1.2099E+11,81220,0.16085578319448668,0.068545804,0.4841656486957025
3801,1.2099E+11,60481,0.28228781766996647,0.038062283,0.7607555009364586
3802,1.2099E+11,64286,0.13585208894009576,0.014164305848694717,0.4218390780354076
3803,1.2099E+11,99676,0.3363095218076814,0.025922233170876205,0.5708812238663554
3804,1.2099E+11,106442,0.5861581838113251,0,0.8730873008723016
3805,1.2099E+11,115000,0.41311180775432504,0.004402054,0.664039037
3806,1.2099E+11,55474,0.5638148588525266,0,0.8064256963339301
3807,1.2099E+11,48409,0.4835390847008419,0.17555937735698146,0.3178484068722689
3808,1.2099E+11,113438,0.5818181641873285,0,0.42097263797913925
3809,1.2099E+11,64977,0.11793855185392912,0.18043972569795508,0.22222221995696004
3810,1.2099E+11,72981,0.35630251801426455,0,0.37867395503298734
3811,1.2099E+11,118229,0.7038369220163438,0.014388489036109245,0.8950437252547834
3812,1.2099E+11,69299,0.5579019035565266,0.00516129,0.8900862005022543
3813,1.2099E+11,68304,0.2536082448081624,0.028218694636519447,0.8165829077338115
3814,1.2099E+11,115556,0.49840865373387233,0.019701492419692584,0.8553386862494909
3815,1.2099E+11,174167,0.5800502885159239,0,0.8744185988410724
3816,1.2099E+11,132708,0.5622119750897238,0.054695561871046836,0.8190954691548195
3817,1.2099E+11,92847,0.5199999966984127,0,0.847781213
3818,1.2099E+11,84750,0.3886363548037192,0.11284046473073027,0.6837387876601948
3819,1.2099E+11,74432,0.22266139364082485,0.050632911,0.5158987636865752
3820,1.2099E+11,78021,0.47829786826980536,0.034560481,0.8175324622238151
3821,1.2099E+11,80074,0.4849428817762941,0.016614745,0.8570240992766077
3822,1.2099E+11,179732,0.7718696265545519,0.00739645,0.9012345577863686
3823,1.2099E+11,53405,0.514409218,0.006775068,0.8861560022055095
3824,1.2099E+11,113636,0.3843648145868923,0.048854961086183805,0.7466862923904817
3825,1.2099E+11,72778,0.4486921484034995,0,0.7436750949156119
3826,1.2099E+11,71806,0.568567017,0,0.9114093837394713
3827,1.2099E+11,112660,0.6268357768569041,0.009592326,0.7961203452251767
3828,1.2099E+11,250001,0.6916128943017691,0,0.8936651516314845
3829,1.2099E+11,74056,0.547563792,0.018561484,0.91977076
3830,1.2099E+11,100167,0.4943011368068318,0.009259259,0.9254621292459027
3831,1.2099E+11,82446,0.33245207975907415,0.010539367572601564,0.7194329549944893
3832,1.2099E+11,250001,0.5637019196892914,0.027230591,0.8953114907173315
3833,1.2099E+11,47760,0.5877453861526152,0.017898383268485085,0.8799553273034321
3834,1.2099E+11,0,0.5367412054833673,0.068965516,0.9160305203659463
3835,1.2099E+11,143479,0.7021276459936626,0.021897809819383034,0.8996798196405569
3836,1.2099E+11,85400,0.6435285564459251,0.048218029,0.7821958410552176
3837,1.2099E+11,67344,0.5029197043582504,0.048090523,0.838032781
3838,1.2099E+11,82929,0.4332723922408751,0,0.7153916178716228
3839,1.2099E+11,142841,0.5144596625344512,0.070939334,0.8503855997409481
3840,1.2099E+11,112297,0.47021399381021406,0.026147015164543586,0.8045976983469254
3841,1.2099E+11,250001,0.7922008504690126,0,0.8548076881980399
3842,1.2099E+11,188616,0.9038619482016274,0.019536902897706925,0.7656631345348809
3843,1.2099E+11,95000,0.6683702403840418,0,0.7742303262586641
3844,1.2099E+11,92635,0.3674963369875817,0.002016129,0.63625353
3845,1.2099E+11,220865,0.7173553600437131,0,0.9086188898378101
3846,1.2099E+11,138102,0.6169201462269949,0.034361233,0.8362573029552439
3847,1.2099E+11,109844,0.6533637325728194,0,0.7949036619334763
3848,1.2099E+11,0,0.6611721490627812,0,0.9085290369773914
3849,1.2099E+11,62708,0.409057703,0.008213552,0.8978752508713143
3850,1.2099E+11,74176,0.515987458,0.10512129323384747,0.7711864341424879
3851,1.2099E+11,103618,0.5526315716759004,0,0.9670329552254828
3852,1.2099E+11,61100,0.2818336115138606,0,0.6681887265115871
3853,1.2099E+11,67784,0.5435016053329581,0,0.9401381355323244
3854,1.2099E+11,60417,0.47661076366627747,0.018898931644215845,0.7364096034360961
3855,1.2099E+11,98242,0.4291553075046961,0,0.9332723863503438
3856,1.2099E+11,130526,0.5704894041600482,0,0.7587844218481271
3857,1.2099E+11,61613,0.2972651569885237,0.016895459,0.3601286150474044
3858,1.2099E+11,53719,0.2848061011773293,0.030053034590141223,0.7772108799477842
3859,1.2099E+11,54688,0.10189573338986098,0.013786764579165767,0.31893333163235554
3860,1.2099E+11,125250,0.6084275374262329,0.019527235153882477,0.9486948609478411
3861,1.2099E+11,60078,0.7687861123547955,0.009633911,0.9615384483305158
3862,1.2099E+11,46711,0.32443819769047477,0,0.3122119797683642
3863,1.2099E+11,72857,0.2444987745171299,0,0.450296245
3864,1.2099E+11,65434,0.15716657356299626,0.008180943,0.7782719137339776
3865,1.2099E+11,73750,0.3218954222067368,0.077707006,0.678097341
3866,1.2099E+11,92813,0.5678092357093202,0.010540184383793252,0.8761755451560519
3867,1.2099E+11,188906,0.6655443247413656,0.042711235,0.8700866031306689
3868,1.2099E+11,159853,0.6473149445042456,0.040927694127369074,0.9204255279981891
3869,1.2099E+11,67373,0.25806451335414504,0,0.8813559228669924
3870,1.2099E+11,78935,0.4786494490700154,0.053521126258017596,0.8256555575786282
3871,1.2085E+11,113066,0.3613505721167344,0,0.9311224371030302
3872,1.2085E+11,127383,0.47509959686155784,0,0.9195121876462424
3873,1.2085E+11,105762,0.5717884058968715,0.022836538,0.9267872443859841
3874,1.2085E+11,171944,0.5903614418315833,0.067388688,0.9105774097568861
3875,1.2099E+11,117620,0.542027506,0.024500907,0.5077262637116307
3876,1.2099E+11,0,0,0,0
3877,1.2099E+11,119417,0.4571118299987858,0.067049808,0.7412116623693967
3878,1.2099E+11,114310,0.20858585753239467,0.033121018967638985,0.6187607546524924
3879,1.2099E+11,132642,0.2650176647229957,0.038825757,0.6737935206243524
3880,1.2099E+11,87768,0.29751510881453924,0.030248033694809235,0.641375819
3881,1.2099E+11,108750,0.26559060700226994,0.016055045779500884,0.6356242349100275
3882,1.2099E+11,109038,0.2852791863691412,0.011240812748634617,0.6088646943667779
3883,1.2099E+11,85190,0.1462225826717198,0.014423076873547125,0.6360182346655842
3884,1.2099E+11,79446,0.3149741806369812,0.067924528,0.6000772774340135
3885,1.2099E+11,151429,0.5412587374737151,0,0.895357979
3886,1.2099E+11,90132,0.6345810938577345,0.037433154,0.8990731112350864
3887,1.2099E+11,84620,0.3389592099932545,0.007879186,0.7664670620435775
3888,1.2099E+11,97721,0.2980769194942678,0,0.6927899614128531
3889,1.2099E+11,96813,0.4642857073767008,0,0.825860263
3890,1.2099E+11,70487,0.5469543077797677,0.073446327,0.5848708433129997
3891,1.2099E+11,0,0.4497863199809154,0.012618296,0.9000698749121602
3892,1.2099E+11,192969,0.7723735333426699,0.013409961557375847,0.9325153302721217
3893,1.2099E+11,170357,0.8337129777242751,0.003581662,0.8709433896532575
3894,1.2099E+11,36080,0.31120331691947456,0.036466774,0.7834902188016639
3895,1.2099E+11,129591,0.654424029,0.023291925104162656,0.8673835047725492
3896,1.2099E+11,122550,0.6135636557033676,0.018401682,0.8268535224825789
3897,1.2099E+11,110525,0.6180203019542287,0.034546123,0.7838945804278342
3898,1.2099E+11,114583,0.6998697871102227,0.025888019109644677,0.9220208625918679
3899,1.2099E+11,250001,0.8722073201768783,0,0.9258503338377528
3900,1.2099E+11,140625,0.5984162828233452,0.028140703234766803,0.8684759856055951
3901,1.2099E+11,118014,0.6547085103929969,0,0.7759067307259927
3902,1.2099E+11,115405,0.4486071042400855,0.079606439,0.7523267799776279
3903,1.2099E+11,98906,0.6106194651667544,0.092301148,0.7725988673283938
3904,1.2099E+11,0,0.6213425022144148,0.039999999,0.8754966771457394
3905,1.2099E+11,163333,0.6641221272653111,0,0.8873085242088783
3906,1.2099E+11,113092,0.5652984969160728,0.008635578,0.7163695183732656
3907,1.2099E+11,246750,0.734817799,0.013888888613315702,0.9291617363735333
3908,1.21E+11,0,0,0,0.49999964285739795
3909,1.2099E+11,121657,0.37591036203971784,0.027272727134986227,0.8488328979294816
3910,1.2099E+11,161455,0.42547169610626556,0.021894904,0.8219552112400044
3911,1.2099E+11,154677,0.3706453434000837,0.022130726,0.8301435366978778
3912,1.2099E+11,125938,0.5519897233377442,0.050448429927708184,0.8302325533126015
3913,1.2099E+11,250001,0.8140186839811339,0,0.8204134313926781
3914,1.2099E+11,129442,0.5396825356033066,0.006811989,0.8663426435823655
3915,1.2099E+11,176750,0.46657928920983427,0.013961605503422889,0.8222862592589516
3916,1.2099E+11,230119,0.9044005932564402,0,0.918263079
3917,1.2099E+11,138750,0.3333333316945264,0.009506564,0.7671410057475592
3918,1.2099E+11,131968,0.7466496442460138,0,0.848321108
3919,1.2099E+11,175536,0.6504320451654985,0.049275362,0.8114930139017561
3920,1.2099E+11,104028,0.4949545888246489,0.016879562,0.7964028748330831
3921,1.2099E+11,194033,0.7054836678651654,0,0.846376808
3922,1.2099E+11,109803,0.6136363589876034,0.03117506,0.8218594689718988
3923,1.2099E+11,164708,0.6987522157085166,0,0.962131824
3924,1.2099E+11,61932,0.31947069339374873,0,0.8187499914713543
3925,1.2099E+11,138833,0.650316451,0.021360759,0.9411042829312358
3926,1.2099E+11,85691,0.15012305045018007,0.044910179,0.2861400872865865
3927,1.2099E+11,137292,0.6331491642745949,0,0.9113617976522015
3928,1.2099E+11,117875,0.5712250630879621,0.079761904,0.8585418840202189
3929,1.2099E+11,215469,0.6866740050293282,0.018677435544283517,0.8156642110962171
3930,1.2099E+11,58305,0.35676088344720486,0.028452463,0.8333333261370179
3931,1.2099E+11,142331,0.8656934180190742,0,0.9245049390531567
3932,1.2099E+11,163365,0.6138996059987181,0.00482509,0.9201637572142911
3933,1.2099E+11,76211,0.6881868037336978,0,0.9306818076058886
3934,1.2099E+11,145455,0.5210222545670053,0.0206995,0.8892921906273915
3935,1.2099E+11,120000,0.32096774020985086,0.029411765,0.6096131277467247
3936,1.2099E+11,86690,0.1818815318335782,0,0.6287223793048876
3937,1.2099E+11,111875,0.1283422446166605,0.010517799267655345,0.6299045565752674
3938,1.2099E+11,131346,0.22462941591072502,0.015429122,0.6126429010582186
3939,1.2099E+11,121250,0.4729299287750012,0,0.8292951450518156
3940,1.2099E+11,127232,0.30012771008776873,0.034525277,0.8683564933086141
3941,1.2099E+11,144226,0.45529240959259343,0.017394821936105087,0.8422688389966245
3942,1.2099E+11,117885,0.1993957673807286,0,0.8316732984893098
3943,1.2085E+11,75282,0.49933862103612026,0,0.8317472370317958
3944,1.2085E+11,211250,0.5578842259692193,0.012897678,0.8888888818842484
3945,1.2085E+11,110481,0.40399789371910627,0.011811023563922128,0.9012925916492798
3946,1.2051E+11,84091,0.5078533765521792,0,0.614012731
3947,1.2044E+11,0,0,0,0
3948,1.2051E+11,60577,0.18074655833503817,0.015915119152319374,0.4142732775085006
3949,1.2051E+11,65250,0.2972972906014124,0.024539876798775527,0.7284382199482725
3950,1.2052E+11,0,0,0,0
3951,1.2094E+11,0,0,0,0
3952,1.2099E+11,60409,0.2767247894107294,0.042807017243459526,0.097457626
3953,1.21E+11,0,0,0,0
3954,1.2099E+11,0,0.010355029432617908,0.2699579803575842,0.24290998467435285
3955,1.2099E+11,57852,0.15096618175161616,0.070070069,0.26368158985338647
3956,1.2086E+11,0,0,0,0
3957,1.2099E+11,112212,0.700164733,0.037891268,0.9721448332570358
3958,1.2099E+11,79821,0.496202525,0.073849878,0.9296148614924985
3959,1.2099E+11,105491,0.5187969846797447,0,0.9285714194856026
3960,1.2099E+11,89470,0.3807829113739696,0,0.9359374853759769
3961,1.2099E+11,132378,0.5971731378424837,0,0.927966092
3962,1.2099E+11,94884,0.572472591,0,0.9465408745500574
3963,1.2099E+11,0,0.4213886638356851,0,0.9432624029852624