,GEOID,r_income,r_pbb,r_upr,r_wr
0,1.3264E+11,61484,0.16912971807668772,0.031722054,0.47297296658144644
1,1.3293E+11,71823,0.11519078390791372,0.009973404,0.8549345965818395
2,1.3231E+11,59074,0.13766519672174893,0.012096774,0.8204592816235984
3,1.3231E+11,94250,0.16467780036568497,0.043999999,0.9175438516004926
4,1.3231E+11,80556,0.19931740478281634,0.016625615661172318,0.7928836920186739
5,1.32552E+11,49468,0.22877122648580195,0.013371537599125715,0.8627986289228763
6,1.30772E+11,97708,0.1794510895182893,0.005747126,0.8787726313945039
7,1.3293E+11,63549,0.31468531101765373,0.011796733105292802,0.9070055740421229
8,1.3231E+11,108833,0.34287867111621195,0.079757975,0.9079382529882125
9,1.3231E+11,57969,0.22146738829528007,0.050062578,0.6697782885673479
10,1.3231E+11,65781,0.12401263725108502,0,0.7829861043143568
11,1.3231E+11,89154,0.26645767607433113,0.037790697,0.8813559239043699
12,1.3231E+11,96250,0.22236586798729238,0.011242603483771577,0.9107763580116788
13,1.3231E+11,70987,0.2238398523763435,0,0.9170471771914218
14,1.32552E+11,56405,0.094470045,0.071856287,0.6030864160303308
15,1.32552E+11,0,0.26765798759000026,0.095611284,0.6563916531605472
16,1.32552E+11,104635,0.094399999,0,0.5182926776596273
17,1.32552E+11,85000,0.3305322097989523,0,0.4641040109434482
18,1.32552E+11,51824,0.22154779633463131,0.006587615,0.618181812
19,1.32552E+11,87607,0.4037122938614672,0,0.7670233425728435
20,1.32552E+11,0,0.10599078178201564,0.02453271,0.2698993570914972
21,1.32552E+11,20712,0.063368055,0,0.20994879144148654
22,1.32552E+11,68650,0.12318477654889946,0.012820512769148586,0.48246013447626357
23,1.32552E+11,61419,0.3560794000486427,0.010857763182869021,0.9087893788657597
24,1.32552E+11,22876,0.039019963,0.16996699529730203,0.17620900402329626
25,1.32552E+11,34866,0.041970802,0.072755417,0.6495798264741192
26,1.32552E+11,0,0.10455763794751642,0.096491226,0.18523878168974267
27,1.32552E+11,35391,0,0.025742573747671808,0.2439678251478844
28,1.31451E+11,81073,0.147685524,0.098090849,0.7682119159048049
29,1.3264E+11,57321,0.17386934498623774,0,0.43915002936799724
30,1.32E+11,40682,0.1827242464211214,0.024064170479567635,0.5444305313588169
31,1.32E+11,52232,0.11855669899387115,0.028610353833646407,0.6864406721488079
32,1.32E+11,38492,0.3102998655762729,0.038641685730191035,0.40657894201869815
33,1.32E+11,0,0,0,0.13643659492076093
34,1.32E+11,0,0.062801931,0.018867924,0.7970627396920863
35,1.32E+11,50820,0.054982817239601176,0.04115684,0.691103783
36,1.32E+11,36354,0.072955974,0.025119616924406497,0.4738903332390296
37,1.32E+11,39549,0.071335926,0.093333332,0.38678090101859364
38,1.31451E+11,58043,0.44166666140873023,0.011001099988986799,0.6141732223014447
39,1.32E+11,62115,0.18473895396848442,0.003472222,0.84573502
40,1.32E+11,41193,0.073836275,0.012413792932223547,0.6198257013090882
41,1.3286E+11,55938,0.2667342772136483,0.030100334,0.8801302874258613
42,1.3286E+11,114583,0.3116591904958207,0.002846975,0.6846898082829266
43,1.32E+11,73451,0.11666666450617288,0,0.6270967661019772
44,1.3286E+11,58216,0.071849234,0,0.5408486349534602
45,1.32E+11,58224,0.2208504770802404,0,0.6258124361577304
46,1.3286E+11,59398,0.1797566361739124,0,0.7118874740839951
47,1.3286E+11,42596,0.21714818064167585,0.006446414,0.724719097
48,1.32E+11,44545,0.39999998518518576,0.088435371,0.8785185055034296
49,1.32E+11,52321,0.13280475586913026,0.00270027,0.3689922452016105
50,1.32E+11,39787,0.11738148851713896,0.032480315,0.49099722651663974
51,1.32E+11,54725,0.15596330036753364,0.1815519739157837,0.5574879173189573
52,1.32E+11,66845,0.096057347,0.015384615289940829,0.7796700331044703
53,1.32E+11,57000,0.1288732385290617,0.020408163142808144,0.7006638461034167
54,1.30772E+11,65234,0.2511671323474924,0.012118679431179776,0.8035654194296488
55,1.30772E+11,97368,0.31014249530475696,0.008474576,0.8677966042861247
56,1.30772E+11,124265,0.23028883504848685,0.042420461369803736,0.8941769266843397
57,1.30772E+11,94567,0.2801747663562274,0.020316026996315902,0.8045665603538446
58,1.3286E+11,78004,0.21102449771144488,0.030660377213866143,0.8050713121827602
59,1.3286E+11,94605,0.33481012446322705,0.028,0.7908560272818286
60,1.3286E+11,45833,0.3688016490826276,0.009433962,0.8104008579588207
61,1.315E+11,55385,0.063420884,0.04125838,0.8530066767649962
62,1.315E+11,62736,0.1745282998286757,0.075991189,0.8608996480214557
63,1.315E+11,50000,0.16538461379437872,0.008802817,0.6853851642520866
64,1.315E+11,66888,0.15730336882267953,0.023681377570706378,0.791254119
65,1.315E+11,48504,0.015859030697277263,0.014820042238390669,0.8806431609112977
66,1.32E+11,44179,0.12611155920685885,0.049676025560287794,0.4516999435957909
67,1.3286E+11,49243,0.1652892527832799,0,0.6096916245842148
68,1.30772E+11,81563,0.058581705461647426,0.021422450544794767,0.7188732353866296
69,1.30772E+11,91364,0.20790216173187054,0.009189641,0.6504064987771829
70,1.30772E+11,92602,0.21324503170036402,0.019988242,0.7869415762489028
71,1.30772E+11,78750,0.2032902443796681,0,0.8988689228285501
72,1.30772E+11,98886,0.2505882323460208,0.007945516,0.8462643617366066
73,1.30772E+11,90813,0.3253402441650017,0.005134056,0.8686274467224145
74,1.30772E+11,76983,0.19978745802563808,0.024231127453577563,0.5903182402944049
75,11110005001,0,0,0,0
76,11110004001,0,0,0,0
77,1.30772E+11,130156,0.3620292055186072,0.018718502,0.7248280129779361
78,1.30772E+11,0,0.057553955,0,0.2456395330985499
79,1.30772E+11,70486,0.35810810609173366,0.062693156,0.4651821843514891
80,1.30772E+11,86667,0.2550960963593704,0,0.8425196811370093
81,1.30772E+11,85720,0.35240963590052987,0.052923077,0.47406638758264324
82,1.30772E+11,127031,0.6229418187544357,0.010110294071184309,0.6421636586122808
83,1.30772E+11,116771,0.526773758,0.012651555020287007,0.7922251957625657
84,1.30772E+11,82826,0.13299418507998412,0.054340623,0.7841269799781642
85,1.30772E+11,147500,0.6497461846478911,0,0.7895460743497519
86,1.30772E+11,32853,0.061877666700727835,0.033291457,0.18041704360645036
87,11110002001,0,0,0,0
88,1.30459E+11,37636,0.15431164668212335,0,0.7651109352325101
89,10299598002,0,0,0,0
90,1.3293E+11,43375,0.13272010338081336,0.05055487,0.874782601
91,1.3231E+11,78750,0.14849187820191898,0.029411764499917618,0.8919392471265231
92,1.32071E+11,46438,0.12965722705173452,0.005639098,0.7607170634394618
93,1.3169E+11,62250,0.3027026945215488,0.025052191543795586,0.7753222693310816
94,1.3172E+11,63250,0.18778625810850186,0,0.7438202191474141
95,1.3231E+11,90521,0.22253000717885496,0.012917933032538503,0.8916768611280486
96,1.3172E+11,84672,0.22770398337948144,0,0.8547378506265615
97,1.3231E+11,68986,0.13806705978237613,0.039215686,0.9110974806186544
98,1.3231E+11,94531,0.49613898656102345,0,0.8941382248981783
99,1.32552E+11,100888,0.3615384580621302,0,0.8657844908716021
100,1.32552E+11,51607,0.32306411054900824,0.005637773,0.8646934399951132
101,1.32552E+11,76406,0.29129662004801743,0,0.4672364627992739
102,1.32552E+11,66554,0.247993577,0.093307593,0.6668230846230732
103,1.32552E+11,96250,0.4529058085978236,0,0.837550603
104,1.3169E+11,36996,0.1510611716471764,0.018218623297382355,0.7052067327319546
105,1.3172E+11,75417,0.1547779262800947,0,0.8367752151041492
106,1.3172E+11,0,0.1972477018979885,0,0.8820058866960784
107,1.32552E+11,72981,0.11787819021850314,0,0.8220472311488626
108,1.32552E+11,49839,0.14410187570977295,0.019157088000274023,0.8540039020800589
109,1.30352E+11,89966,0.20262663784940643,0,0.81802274
110,1.32552E+11,30231,0.12825651045578135,0.001960784,0.8481262243774534
111,1.32552E+11,65792,0.12362158953208596,0.007113821,0.7494887487244951
112,1.32552E+11,65481,0.1017907624713406,0.23590150726051226,0.7853107289172971
113,1.31511E+11,131010,0.27530364149551706,0.011086474419168704,0.47822822463792625
114,1.32071E+11,39918,0.10833333233024693,0.11290322479477398,0.7496969651533517
115,1.32071E+11,68188,0.2661431041348769,0.04567474,0.8704133726409039
116,1.30352E+11,70636,0.16876574094753474,0.037408759,0.5588235245776512
117,1.30352E+11,61702,0.13913043305428033,0,0.8050784107163673
118,1.30352E+11,129417,0.089021815,0,0.5282135961238271
119,1.30352E+11,38281,0.039711190977335824,0.13520632014744233,0.45319334686619994
120,1.30352E+11,72278,0.1833704514968786,0.08800419,0.6231813742813705
121,1.30352E+11,38239,0.049868765,0,0.6271721859846416
122,1.30352E+11,44490,0.074127906,0.014520202,0.6236559078821514
123,1.30352E+11,49838,0.16078984258406429,0,0.3916666639467593
124,1.32552E+11,52750,0.1659237237943352,0.087215064,0.3164322712197177
125,1.32552E+11,0,0.042748091,0.024390243552507268,0.6226415025234018
126,1.32552E+11,59659,0.1232876701773316,0.00606469,0.3924336510873312
127,1.32552E+11,71348,0.1834061095326177,0,0.6948571349159185
128,1.32552E+11,89600,0.3900264187911941,0.004852798,0.7609080166246815
129,1.32552E+11,66282,0.27461139540658813,0.013953488,0.5516769298310956
130,1.32552E+11,60660,0.053308822549470176,0.005444646,0.5499999954918033
131,1.32552E+11,32222,0.17149220108035187,0.001980198,0.720405854
132,1.31511E+11,89606,0.34714375174423256,0.042849767,0.495370368
133,1.31511E+11,79064,0.14161656552026342,0.006188119,0.36118880992591323
134,1.31511E+11,0,0.2503692743695031,0,0.5963470265173788
135,1.31511E+11,65179,0.2770270207876797,0.026209676890933935,0.39369441880602735
136,1.31511E+11,86677,0.17667844314866382,0.011128775746194152,0.35251215273490966
137,1.31511E+11,90307,0.31850533241093715,0,0.3158340362757491
138,1.31511E+11,68797,0.3022727249827824,0.08675799,0.26957637824405406
139,1.31511E+11,0,0.15369059500818408,0.033450704,0.5930232515041916
140,1.31511E+11,54355,0.1355498714294124,0.12977777720098765,0.48672019464657074
141,1.31511E+11,129881,0.43670885863335507,0.04865557,0.21498371265477617
142,1.31511E+11,80724,0.42971886687311517,0,0.43796711182386316
143,1.31511E+11,73690,0.12145214441285714,0.030548925868501543,0.8292210893603237
144,1.30352E+11,47217,0.084656084,0.003949967,0.5902901089976903
145,1.30352E+11,49665,0.2672521923807755,0,0.5672823181577683
146,1.30352E+11,44599,0.27311827369638125,0.011999999760000005,0.588397786
147,1.31511E+11,81667,0.20280611986216684,0,0.801795058
148,1.30352E+11,61250,0.18028534137113694,0,0.8811341234336519
149,1.30352E+11,76694,0.058884297,0.1290926087082076,0.816455689
150,1.30352E+11,92229,0.23366214405880306,0.005621135,0.9053921524245483
151,1.31511E+11,48911,0.18903318630543745,0.10501193192109867,0.8124999936523438
152,1.31511E+11,119354,0.15699658524463497,0.052791878,0.7107652353387469
153,1.31511E+11,76773,0.20660276670284594,0,0.8527185075518341
154,1.31511E+11,118990,0.5032258035001419,0,0.32253994818107673
155,1.31511E+11,108264,0.20524017367666095,0.002393299,0.48882327925422486
156,1.31511E+11,112917,0.3015536701867679,0.016374268910091996,0.6607290776274686
157,1.31511E+11,90302,0.2797578999343786,0.066286216,0.21549295698770085
158,1.31511E+11,0,0.45725142205667246,0.004711425,0.19810267746594487
159,1.31511E+11,95463,0.2877583442944488,0,0.5492457828338696
160,1.31511E+11,66231,0.3154121841189091,0.069624152,0.2034700307434147
161,1.31511E+11,79710,0.3699999982380952,0.036871961,0.065678582
162,1.31511E+11,139426,0.3011363579330235,0.019538188,0.6535874366189749
163,1.31511E+11,78618,0.31372548857726784,0.1219081266700171,0.300567107
164,1.30352E+11,81481,0.10217983581621365,0,0.8485245845998388
165,1.31511E+11,53125,0.16794342859196565,0.045731707084696614,0.7633928533561862
166,1.32171E+11,85164,0.15384615266272192,0.10437710367422826,0.673690201
167,1.31511E+11,68925,0.2028301862873799,0.052728954,0.6718979859151644
168,1.31511E+11,89148,0.10600706339197657,0.086956519,0.7962771375772788
169,1.31511E+11,107576,0.4745454523884297,0.088477366,0.6579131629624889
170,1.31511E+11,136324,0.1094038100221032,0,0.8042918420416658
171,1.31511E+11,117125,0.3380782898097373,0.008073197,0.7401983904572583
172,1.31511E+11,123917,0.42671232584443614,0,0.6495009954111736
173,1.32171E+11,97371,0.35263612486917784,0.060471976,0.535396352
174,1.31511E+11,64244,0.099156117,0.020676692,0.7384481191068167
175,1.31511E+11,51938,0.13592232844754457,0.1070234104763929,0.16928721085279239
176,1.31511E+11,42056,0.18135095314720298,0,0.18309859074340407
177,1.31511E+11,30264,0.22773722461505677,0.10144927472306696,0.1479779404964249
178,1.31511E+11,45000,0.1395833318793403,0.08736462,0.12308762084083713
179,1.31511E+11,71250,0.075024678,0.056951423308614545,0.18313458184354947
180,1.31511E+11,89005,0.24361158225203083,0.062111801,0.27161653880059644
181,1.31511E+11,102696,0.24412003046131361,0,0.6607459996403434
182,1.31511E+11,33824,0.2987012954686007,0.029220778904537024,0.17071057044444912
183,1.31511E+11,85843,0.22975929894325564,0.1108841549142569,0.13568773198171075
184,1.31511E+11,60677,0.19755409033345164,0.13400960953545324,0.1694997563404577
185,1.31511E+11,103822,0.17738515775699534,0.034753826914547675,0.090533088
186,1.31511E+11,76352,0.34140435422028625,0.020057306,0.069970845
187,1.31511E+11,73553,0.1665619097010565,0.023713420667439856,0.34843205401477323
188,1.31511E+11,141464,0.26126760471384647,0.0030003,0.25117233220641166
189,1.31511E+11,107989,0.44731976992015215,0.033925686043203784,0.6952380897203326
190,1.31511E+11,109107,0.2265917581779798,0.005823627,0.3361522175042127
191,1.31511E+11,94866,0.2851758758143734,0.039126478,0.7408759056489425
192,1.31511E+11,86951,0.37936154135589056,0.057825266764140376,0.3944043303501609
193,1.31511E+11,83125,0.18211920379040394,0.013976240293667085,0.3680147045293577
194,1.3159E+11,77866,0.1729776232962339,0.04074074,0.8085409195121643
195,1.3159E+11,61771,0.23002887170328323,0.015138771950052381,0.8277227668137112
196,1.32171E+11,80125,0.23479005797095068,0.018894332,0.8193717234587868
197,1.32171E+11,48361,0.11128903033395493,0.018547141,0.665759387
198,1.32171E+11,56250,0.23752968839038374,0.066331658,0.8421461831870437
199,1.32171E+11,78326,0.17799352635602897,0,0.38778054621084446
200,1.32171E+11,117625,0.2628696575808362,0.025595763233929716,0.8156716357039431
201,1.32171E+11,51761,0.069444444,0.010262257579677792,0.4936461339819537
202,1.32171E+11,98456,0.33463643209822963,0.009978617,0.8618568184459909
203,1.32171E+11,79516,0.2720333083134399,0.031812725,0.7272240046772561
204,1.32552E+11,17180,0.049261083,0.036585365,0.23366555665929617
205,1.32552E+11,45091,0.075671852,0,0.21798520080828002
206,1.32552E+11,42500,0.023102309468570646,0.022670024617883512,0.6066763337202274
207,1.32552E+11,18708,0.069767441,0.023217246712815148,0.086730268
208,1.32552E+11,41278,0.049008167,0.031958763,0.17053700892208268
209,1.32552E+11,39679,0.19090908801652898,0.015759312095138797,0.049592894
210,1.32552E+11,26100,0.11037233895781465,0.076923076,0.231265107
211,1.32552E+11,0,0.009237875,0.061224489,0.41079811885134493
212,1.32552E+11,83641,0.15489989299367868,0.03451251,0.46361185671420585
213,1.32552E+11,31506,0.10678210524123946,0.012235817438978672,0.11262135849436014
214,1.30772E+11,105000,0.312623271,0.018744142279811225,0.7871485891087778
215,1.30772E+11,67243,0.20897435629520056,0,0.8634686283138847
216,1.30772E+11,107083,0.5793319385212321,0,0.8405539742878054
217,1.30772E+11,117219,0.3835732413904604,0.014553810744719222,0.793045801
218,1.30772E+11,69375,0.3226788407710895,0.012562814,0.8139768687080097
219,1.31131E+11,146897,0.6108404347695466,0.035195531,0.7764609694464202
220,1.30772E+11,101490,0.33280506955728967,0.009263774,0.8276810227878962
221,1.30772E+11,113214,0.34968625014440247,0.029490616,0.6310641602853514
222,1.31131E+11,73717,0.3747790195947023,0.050901378309112524,0.5260915839931226
223,1.30772E+11,138026,0.4874081821227273,0.025931164422766786,0.8342312439526264
224,1.31131E+11,99837,0.3620586453497388,0.013333333262222222,0.8760296504282139
225,1.31131E+11,162667,0.3315412156671934,0.018282988725890393,0.8921644616589258
226,1.31131E+11,225556,0.6940467166989698,0.026923077,0.8220834926957334
227,1.31131E+11,123775,0.5732484030792324,0.005376344,0.8220709731547351
228,1.31131E+11,106646,0.7077151230309329,0.026315789127423828,0.8260325303375153
229,1.31131E+11,0,0.5566037660835073,0,0.7913436641386068
230,1.31131E+11,202992,0.7093595971753744,0.072195121,0.8578244192955685
231,1.31131E+11,177386,0.5429184510520855,0.028957528771187076,0.8345323698122694
232,1.31131E+11,94750,0.6862980727986895,0.014477211718620849,0.7638888857684277
233,1.31131E+11,210909,0.7622759098809361,0.013743455,0.8200103103661149
234,1.32552E+11,76181,0.15431627078444407,0.005113221,0.8711048096947251
235,1.32552E+11,76169,0.1887694123205566,0,0.8421532769876526
236,1.32552E+11,0,0.1561338270615387,0.007290401,0.8146153783491125
237,1.32552E+11,55721,0.08528428,0.001006036,0.8132591051960572
238,1.32552E+11,0,0,0.066115701,0.8604269152639259
239,1.31131E+11,109844,0.2130434759451796,0.001672241,0.800325992
240,1.3063E+11,157784,0.12996031681567302,0.003505697,0.3202567737499517
241,1.31131E+11,118313,0.34936708639641084,0.015991471,0.624999997
242,1.31131E+11,123980,0.17479674654636793,0.013076922976331362,0.7423423356545735
243,1.3063E+11,99946,0.45360824317143167,0.060654429,0.1719948838107744
244,1.31511E+11,68009,0.11741213963728324,0.022774326964980492,0.5056015562318482
245,1.31511E+11,47734,0.24435027903460058,0,0.5033200464366527
246,1.31511E+11,48454,0.13089329943614578,0.011363636299070248,0.32155476918178527
247,1.31511E+11,83694,0.4523060772939933,0.015346181,0.44996374021042873
248,1.31511E+11,110873,0.20676691573859463,0.043448744,0.5246702465819725
249,1.31511E+11,51563,0.3884057858433106,0,0.6374999886160717
250,1.31511E+11,83994,0.234061133,0.024297646,0.2291249157343857
251,1.31511E+11,111645,0.23783783462381305,0,0.7251114359204203
252,1.31511E+11,46154,0.031835205,0.024045261,0.6641666611319446
253,1.3063E+11,70481,0.40038684332314467,0.011959521509112038,0.092247301
254,1.31131E+11,128214,0.5058547950134099,0,0.7155360972042003
255,1.31131E+11,156535,0.6884765557765962,0.035991531150377336,0.849963039
256,1.31131E+11,154412,0.5065034391239217,0.013142174353989402,0.5693730700443316
257,1.31131E+11,0,0.5376827836031183,0.006472492,0.5787738920318135
258,1.31131E+11,123214,0.38875877764919464,0.063134159,0.6437216290187472
259,1.31131E+11,121938,0.5841446426326163,0.006690279,0.4502016740608077
260,1.31131E+11,103092,0.4382785907329718,0.056910568527331624,0.5091351978737199
261,1.31131E+11,131250,0.38318670389449316,0.015260704,0.506318081
262,1.31131E+11,0,0.3057851197550259,0,0.633027515
263,1.31131E+11,54542,0.23948219806383822,0.020250723044833916,0.4899999951000001
264,1.3063E+11,96314,0.5799319678577214,0,0.094686648
265,1.31131E+11,103125,0.41628440128277294,0.048187444526138615,0.5131059227536591
266,1.3063E+11,80087,0.38653198392907756,0.035623409,0.086306653
267,1.3063E+11,71475,0.3740157450864902,0.059284115999529555,0.042164883
268,1.3063E+11,88542,0.35820895267797476,0.028977583220461546,0.068191268
269,1.3063E+11,58648,0.23397075102395107,0.057513914,0.062218214327239785
270,1.31131E+11,123854,0.26607818075563455,0.001074114,0.23177842396662957
271,1.31131E+11,102279,0.3138401528865482,0.085561497,0.419040477
272,1.3063E+11,100141,0.31133540130950776,0.017195767082038578,0.078720162
273,1.3063E+11,0,0.16178067142474842,0.043832823,0.026251526091260524
274,1.31131E+11,90252,0.5330073306193371,0.064769975,0.690358463
275,1.31131E+11,99588,0.6385302816431948,0.029629629,0.5803048031635123
276,1.30772E+11,147417,0.5601593580863796,0,0.8506876194471998
277,1.30772E+11,118692,0.5083798835346379,0.022691705612740958,0.777717387
278,1.31131E+11,170221,0.6580861742692435,0.030260707494130783,0.7823701507594362
279,1.30772E+11,142059,0.42609532775110576,0.015546218,0.7969841824310989
280,1.31131E+11,146023,0.8407643133595688,0,0.7375999881984002
281,1.30772E+11,98170,0.2725694420783903,0.024453024295669083,0.7806788460791199
282,1.30772E+11,109643,0.4433304252688298,0,0.8200908012480659
283,1.31131E+11,113569,0.5587949438348155,0.021132713,0.6749435635442728
284,1.3063E+11,68191,0.2995391685349627,0.092235539,0.068903803
285,1.3063E+11,101929,0.20758693142690274,0,0.12094861564467498
286,1.3063E+11,71439,0.2509386717713475,0.014036786,0.049973698
287,1.3063E+11,93000,0.23875968807163034,0.093359631,0.13282149661104992
288,1.3063E+11,74187,0.2425401664687057,0.17503486628288098,0.055800293
289,1.31131E+11,64307,0.3117192128987554,0.017001545507462412,0.3837638362222736
290,1.3063E+11,38148,0.21585902608240032,0,0.13568627344559786
291,1.3063E+11,0,0.30477527661832476,0.052208835,0.086748633
292,1.3063E+11,55625,0.20460932993474237,0.019722097625629324,0.079335793
293,1.3063E+11,71573,0.38719999380480014,0.059001511966694224,0.11737400452669758
294,1.3063E+11,27194,0.087042531,0,0.4144254253396979
295,1.31511E+11,103313,0.26957223349820636,0.013199245674423345,0.1933904516928369
296,1.31511E+11,142778,0.5316270547289687,0.010664229096087052,0.15210105658133266
297,1.31511E+11,85125,0.36467236318814666,0,0.12383900880867256
298,1.3063E+11,47105,0.20135467856308695,0.046848856403520045,0.2375343532095235
299,1.31511E+11,93186,0.29214659379951213,0.022765598458974717,0.4277408602347105
300,1.31511E+11,117604,0.14017340939181064,0,0.378195095
301,1.31511E+11,82482,0.33251231117595675,0.027542372589593512,0.5362431758671615
302,1.31511E+11,80958,0.2412965157107261,0.035677879,0.4770642172656623
303,1.31511E+11,0,0.2881471370017225,0.030480656327780443,0.3315315300381462
304,1.3238E+11,67250,0.33944953888885293,0.008,0.7587188558098302
305,1.3159E+11,51827,0.14853556329983722,0,0.7168796185818452
306,1.30352E+11,43484,0.23863636117111198,0.004248088,0.7908698285572496
307,1.3159E+11,42745,0.11095700262195558,0.14348785713589562,0.3974461261177484
308,1.3159E+11,52090,0.1721428559132653,0.012371133935593581,0.8224027810655672
309,1.3159E+11,51786,0.383419685,0.055910543,0.6398852177913542
310,1.3159E+11,48869,0.1998292041005192,0.058421851,0.8958579828647457
311,1.32171E+11,81875,0.18571428192419834,0.049657533396275114,0.5988840632431243
312,1.32171E+11,63481,0.2388193180785392,0.050536955,0.8218487325895064
313,1.3159E+11,66542,0.12412342128945708,0.049308478,0.8810055816703599
314,1.3238E+11,0,0.032537961,0.094383775,0.3537331658049796
315,1.3238E+11,0,0.23648648329072322,0.014084506876942408,0.5805493646581339
316,1.3238E+11,71591,0.28040540303711653,0.045003814,0.8568561815594904
317,1.3211E+11,84408,0.35320686221132014,0.007036747,0.8480915965794534
318,1.3211E+11,75576,0.3373759609991625,0.012695312,0.6316124880075686
319,1.3159E+11,88214,0.3815028857629724,0.055999999,0.6418289530751147
320,1.3159E+11,57992,0.094899169,0.010166358501235134,0.6965217330737241
321,1.3211E+11,81326,0.32251908191781753,0.023688663,0.8094405547235399
322,1.3211E+11,72143,0.1871794847797502,0,0.8772532113540497
323,1.3211E+11,88865,0.3043478244533128,0,0.6326013486798929
324,1.3211E+11,71713,0.20306513215454855,0.016168148616263957,0.8575739236115032
325,1.3211E+11,49276,0.3220338946662837,0,0.3931623905774991
326,1.3211E+11,51250,0.1959183653477718,0.010486177211761896,0.7535864915309157
327,1.32971E+11,100221,0.083583884,0,0.8635490015147406
328,1.3211E+11,92321,0.2700892826998964,0,0.7161778550976551
329,1.3211E+11,88056,0.2060606044995409,0.088526912,0.8018867882500692
330,1.3211E+11,116090,0.545514076,0.014879425269987557,0.6372735908614223
331,1.3211E+11,0,0.4545454436711617,0,0.7618343082568889
332,1.3211E+11,87928,0.20723226559643765,0.030138637551906947,0.8286020309126833
333,1.3219E+11,125000,0.5092180514353589,0.028153762706260084,0.8390804563256138
334,1.3219E+11,104875,0.45596868661463463,0.033421284,0.897746963
335,1.3219E+11,176111,0.6009353031883453,0.002820874,0.8527508044619698
336,1.3134E+11,68157,0.088235292,0.21839080041396935,0.38699689803410375
337,1.3134E+11,68594,0.23284823042777308,0.002018163,0.7578544003229548
338,1.32971E+11,87539,0.2123585708236852,0,0.8445839830215386
339,1.32971E+11,72895,0.15331278772486295,0.010122921,0.6594508940894884
340,1.32971E+11,112899,0.31198686114953317,0.026742301,0.8968202407733924
341,1.3219E+11,116151,0.44421768405294093,0.021606648079741563,0.8959020212157228
342,1.32971E+11,55887,0.13213885704289555,0.030111705,0.8508578933090281
343,1.3219E+11,103658,0.5968253905097842,0,0.9184844953014667
344,1.32971E+11,99583,0.17980769057877222,0.084961766,0.8176991102200643
345,1.31131E+11,47930,0.12172284416249356,0.007259528,0.32142856794990726
346,1.31131E+11,44919,0.33059209982578786,0.2236024809999615,0.41069626225331723
347,1.31131E+11,60083,0.30436760553062964,0.055921052,0.5045256436321635
348,1.31131E+11,62404,0.3799504903471474,0.034687809,0.4824561365035396
349,1.31131E+11,79461,0.4085850523959853,0.052591463,0.34143222288086816
350,1.31131E+11,250001,0.4656290471384041,0,0.4179104442959333
351,1.31131E+11,115625,0.5536105002537719,0.004275331,0.5878012760068801
352,1.31131E+11,136438,0.4939939865766669,0.030523255,0.4520813121773348
353,1.31131E+11,111002,0.3881089976209001,0.028806584164563893,0.21276595636896678
354,1.31131E+11,66694,0.3577235749986018,0.013074651990406359,0.34161752172865406
355,1.3063E+11,39081,0.092198578,0.11726383982853943,0.27228524680250815
356,1.3063E+11,90591,0.2942942920848777,0.043169722,0.088492214
357,1.3063E+11,88836,0.2263535536441386,0.030921820122976545,0.090666666
358,1.31131E+11,82368,0.1935846922139297,0,0.45972679953025525
359,1.3063E+11,63966,0.2696132581789323,0.074074074,0.089705254
360,1.3063E+11,77739,0.15851601934504767,0.009873618,0.083128381
361,1.3063E+11,52713,0.093100581,0.021837349233152493,0.023468057
362,1.3063E+11,73676,0.2592592539247067,0,0.037125748
363,1.3063E+11,91000,0.3405405379108839,0.05794948,0.050306748
364,1.3063E+11,57679,0.20869565096408318,0.028068506051053727,0.066397034
365,1.31511E+11,133493,0.3207729437606479,0.020627063,0.24071925614431985
366,1.3063E+11,87176,0.15861027110468143,0.045020464,0.2129406073735364
367,1.31511E+11,131333,0.29597388143662806,0,0.43149283812379513
368,1.3063E+11,109653,0.5344070199940407,0.053545585,0.15262824475852918
369,1.31511E+11,56758,0.20488410511223465,0.10597519689599699,0.21993271564368075
370,1.31511E+11,51414,0.50442477,0,0.3221329414015125
371,1.3063E+11,168164,0.40496407312237703,0.013706453376890615,0.5049751218657954
372,1.31511E+11,95237,0.22843340076995583,0.060398505,0.17544812506546376
373,1.31511E+11,87984,0.4554621810465363,0.011985019,0.2185821685360786
374,1.31511E+11,94898,0.37607449587339187,0,0.062337662106353754
375,1.3063E+11,78273,0.1982248512332001,0.014222824198364969,0.20129870048174228
376,1.3063E+11,68583,0.4971373998364752,0.036689038,0.060363248
377,1.3063E+11,81750,0.09090909,0.031190019044193763,0.378457914
378,1.3063E+11,38125,0.22325581135749056,0.16608391463213362,0.076923076
379,1.3063E+11,31439,0.20919175579727806,0.041079811724415355,0.10549313292451228
380,1.3063E+11,60827,0.12925169921483334,0.043681747,0.050160771381602756
381,1.3063E+11,108203,0.14864863860482172,0,0.10610079434879584
382,1.3063E+11,45887,0.12972085172872166,0.063421828,0.06671721
383,1.3063E+11,113417,0.30427764080486164,0.031594415638542137,0.17928802472952735
384,1.3063E+11,0,0.17953321042130682,0.03949447,0.11022364129214345
385,1.31131E+11,109911,0.4009433914983091,0.018358531119238325,0.38122448668388176
386,1.31131E+11,95893,0.16111110932098768,0.014807502321742327,0.3995340687272331
387,1.31131E+11,30500,0.21818181251475813,0,0.45360823962872443
388,1.31131E+11,101071,0.484530061,0.00594943,0.2250310807085326
389,1.31131E+11,102885,0.29940119162871875,0.062271061,0.11991434603915528
390,1.31131E+11,94673,0.5480225960553539,0.004316547,0.10442144823884549
391,1.3121E+11,90563,0.3287507451957517,0,0.043384726
392,1.3121E+11,0,0.35983263221932393,0,0.39259258936137786
393,1.3121E+11,83512,0.3148148123856882,0.018610421720779022,0.040183113
394,1.3121E+11,77222,0.5405940487011079,0.10372340287601858,0.011990407601975974
395,1.3063E+11,0,0.2076502703872914,0.096064814,0.027646129
396,1.3063E+11,80054,0.053672316,0,0.061676646
397,1.3063E+11,15283,0.025141930047510707,0.072507552,0.078229542
398,1.3063E+11,85950,0.27011494058825475,0,0.061942257
399,1.3063E+11,46863,0.15254237165018264,0.021881837914793305,0.054166666
400,1.3063E+11,0,0.38235293414792404,0,0.11461619227532921
401,1.3063E+11,76486,0.306730766,0.13523666314623092,0.25562994366628156
402,1.3063E+11,49130,0.012510425250121558,0.045025417247455214,0.15988023856359138
403,1.3063E+11,37804,0.2233250592639571,0.038126361240453585,0.3574193502268471
404,1.3063E+11,48945,0.1080817905736924,0,0.10088865603299187
405,1.31511E+11,82431,0.3352517937373843,0.027093595725448328,0.072787427
406,1.31511E+11,68161,0.3433242475629042,0.068939393,0.121745249
407,1.31511E+11,36105,0.38209159000620924,0.009838998,0.1581087943156645
408,1.3063E+11,80313,0.3400286919653609,0.025624999839843753,0.3155108506325524
409,1.31511E+11,58874,0.23214285437925175,0.076595744,0.13398692700991072
410,1.31511E+11,59391,0.4880694107876398,0.019903912011640962,0.26642664026618684
411,1.31511E+11,69750,0.3424223186910443,0.08033241,0.066639411
412,1.31511E+11,82281,0.3212809884165187,0.091901728,0.11277658734634842
413,1.31511E+11,56059,0.098692032,0.012114537311513907,0.21092278520788338
414,1.3063E+11,75694,0.21682567027904884,0.041005290734091995,0.11951219453896489
415,1.3063E+11,42788,0.26666666318082793,0.045209903,0.03715992
416,1.3063E+11,49831,0.31241472970784817,0.096345514,0.098958332
417,1.3063E+11,0,0.055273189,0.074123391,0.037490436
418,1.3063E+11,73299,0.24999998579545535,0,0.060606059381695776
419,1.3063E+11,41811,0.38326848000474395,0,0.081642751
420,1.3063E+11,52334,0.1945812759955351,0,0.10263157804709143
421,1.3063E+11,54643,0.17200986330450146,0.005826271,0.1850715736959531
422,1.3063E+11,59306,0.2194690226642651,0.043184884707356486,0.111584932
423,1.3063E+11,39602,0.089552238,0.05,0.05210643
424,1.3063E+11,58944,0.27894002594881434,0.15290519784155843,0.021887334
425,1.3121E+11,0,0.3046826854446005,0.007606788,0.061882817439490395
426,1.3121E+11,65972,0.2158081685985065,0.027146001,0.16120066614118586
427,1.3121E+11,0,0.6639427919924128,0.010689990177939843,0.095063025
428,1.3121E+11,84396,0.5406824099677829,0.011804384,0.044257112
429,1.3121E+11,152929,0.39583329210069873,0,0.15879264883474214
430,1.3121E+11,0,0.5068153592711852,0.040834845,0.11860174707489546
431,1.3121E+11,26546,0.22641509182669156,0.024679171,0.20892857018494898
432,1.3121E+11,82702,0.26876675423078583,0.020151133,0.040830945412496614
433,1.3121E+11,29920,0.3617747378536734,0.061433446,0.04816112
434,1.3121E+11,48732,0.036363636,0.063985374,0.14208632965749704
435,1.3063E+11,53268,0.2570863529526279,0.049723757,0.072852483
436,1.3063E+11,47143,0.3152173870215029,0.080100124,0.016773162805326175
437,1.3063E+11,50407,0.14676805972039497,0,0.12914906379511729
438,1.3063E+11,48556,0.26334026151531353,0,0.10005183981310607
439,1.3063E+11,110082,0.4519331219857204,0,0.193273733
440,1.3063E+11,123171,0.13837638121076787,0.050349649645459446,0.19632605974367326
441,1.3063E+11,65139,0.18120154863176793,0.026350461,0.058074780763128234
442,1.3063E+11,45750,0.1276881703267719,0,0.21009035986377742
443,1.3063E+11,70663,0.14171656592337614,0.082043343,0.11247947362496327
444,1.3063E+11,50925,0.10133333265777779,0.033816424957408574,0.062184220512303844
445,1.31511E+11,125375,0.4002192938572446,0.016022620018636947,0.3359683772334099
446,1.31511E+11,90652,0.32088798868932406,0.040650406,0.5009578520069068
447,1.31511E+11,135769,0.5037593921834663,0.019172552783324394,0.5007112339920965
448,1.31511E+11,133413,0.4747948361688765,0,0.6526315732225301
449,1.31511E+11,105208,0.3596237311170497,0.013565891,0.1834742993918393
450,1.31511E+11,113295,0.30665669179763133,0.031077347851675777,0.22334780403594884
451,1.31511E+11,113542,0.5089928011781223,0.010160880523616592,0.5202196678970561
452,1.31511E+11,123892,0.3565840915476917,0.042528056,0.6452241690244671
453,1.31511E+11,142070,0.5701438797648932,0.03189066,0.19171270612313424
454,1.31511E+11,111420,0.46083788287032895,0.031182015727469068,0.6436265680268107
455,1.32171E+11,63946,0.28512679722325707,0,0.5873460213474467
456,1.31511E+11,139699,0.4424778705122899,0.008138352,0.6604651128658133
457,1.32171E+11,115897,0.2587131332612181,0,0.5443732795574265
458,1.32171E+11,76404,0.133599999,0.14879906181137045,0.3476123571094638
459,1.32171E+11,0,0.1588888871234568,0,0.45085469764348507
460,1.32171E+11,76994,0.33998186455138835,0.002629273,0.38585496693887655
461,1.32171E+11,73466,0.37265624708862305,0.014569536327354065,0.5097926237915171
462,1.32171E+11,72681,0.22625215694082768,0,0.23647848307746352
463,1.32171E+11,80137,0.19480519250525158,0.091563785,0.4113799842290387
464,1.32171E+11,89306,0.1414549645412531,0.016633064432293024,0.35692307509270216
465,1.31511E+11,90428,0.27278401827225957,0.066790352,0.20279720208812166
466,1.31511E+11,82565,0.45753898687107475,0,0.37748917422087297
467,1.31511E+11,108393,0.41269840334017227,0.046255506,0.20729684565013523
468,1.31511E+11,0,0.3781512541487184,0,0.12586037241041914
469,1.31511E+11,55370,0.30680359041330435,0,0.5094339562566751
470,1.31511E+11,188302,0.5153846074556214,0.017699114870215193,0.6344451964979905
471,1.31511E+11,76528,0.13883677,0,0.5962924758363288
472,1.31511E+11,59952,0.070422534,0.018072288938888084,0.4115442248010178
473,1.31511E+11,98293,0.36758136332111446,0.011257954,0.5813439408428649
474,1.31511E+11,173294,0.46459227,0.026711185085883264,0.5533756459701348
475,1.32171E+11,28261,0.09419014,0,0.5757812455017091
476,1.32171E+11,76949,0.017354877215111447,0.036422067,0.4982227458636093
477,1.32471E+11,123419,0.45098038888176917,0.021005729,0.33399701177701835
478,1.32171E+11,67932,0.20374449114818843,0.052581261447597887,0.3715239133953064
479,1.32471E+11,119531,0.1838879127164989,0,0.47103824621816126
480,1.32171E+11,58182,0.1574440042329117,0.009630819,0.3803779638907199
481,1.32471E+11,104610,0.4746580814589052,0.025835866065077005,0.42054053599415636
482,1.32471E+11,47241,0.11732456011705526,0.096610169,0.4568611301819135
483,1.32171E+11,63285,0.06547619,0.15477293718826254,0.2978482434962316
484,1.32171E+11,71085,0.17467581865235837,0.021305841777966725,0.3785871943786579
485,1.31511E+11,59728,0.3152284247957948,0.086898985,0.062621548
486,1.31511E+11,58271,0.13682522641996137,0.15928369387707966,0.4833690961192645
487,1.3063E+11,53621,0.407327577,0,0.072227873
488,1.31511E+11,47059,0.063129617,0.036772777,0.2964196490573703
489,1.3063E+11,92694,0.1355932188068563,0.08588957,0.063197025
490,1.3063E+11,49399,0.2214518751164279,0.22118742638266423,0.035197989
491,1.3063E+11,46805,0.24708624132666104,0.066239315,0.034059945040055245
492,1.3063E+11,70982,0.3162583483712879,0.098231826,0.046340179
493,1.3063E+11,39500,0.04029304,0,0.24205844827154735
494,1.3063E+11,80536,0.28011203697165166,0.16246498144355795,0.059766762977160895
495,1.31511E+11,93235,0.19433961897472418,0,0.5689530644840934
496,1.31511E+11,47063,0.24508670236893987,0.042319749,0.41600488444712963
497,1.3063E+11,46734,0.13708513609606685,0,0.14076376491667955
498,1.3063E+11,44898,0.1585365826038923,0,0.13666352368837395
499,1.3063E+11,62837,0.26613545604672945,0,0.046186896
500,1.3063E+11,53938,0.13726993759762318,0.069118579,0.088639837
501,1.31511E+11,73301,0.2744360867865152,0.00845666,0.19642857033242986
502,1.3063E+11,40875,0.15922107492301174,0.005671077,0.12004466711309511
503,1.3063E+11,85576,0.13509933595894918,0.012035010809244958,0.12149532634582351
504,1.3063E+11,64792,0.27549194498225504,0.051918735,0.22479928434612592
505,1.31511E+11,100625,0.33890214392718204,0.024943310374792402,0.3803630331653215
506,1.31511E+11,104814,0.1969496008159841,0.015069318775953473,0.3049395145920387
507,1.31511E+11,66753,0.1840659330545828,0.054545454277417915,0.5182522095229414
508,1.31511E+11,66964,0.249433104,0.016022620018636947,0.402511075
509,1.31511E+11,79911,0.2775665346470241,0,0.5416088728043768
510,1.31511E+11,105714,0.2513513490869248,0.013015184287670395,0.4074650046075816
511,1.31511E+11,101512,0.3210900435889805,0.22046651451868687,0.5976529706818695
512,1.32471E+11,91120,0.2316136088736157,0,0.49694914917322613
513,1.32471E+11,81250,0.2235294084775087,0,0.33157199252594455
514,1.31511E+11,87446,0.2860520077656501,0.070895522,0.25768321411472334
515,1.32471E+11,56250,0.2876505980775512,0.042654028,0.4358974319057012
516,1.32171E+11,87904,0.18046709001792577,0.028940887,0.40424242179247016
517,1.32471E+11,57798,0.2237093647474309,0.068376067,0.4137695949981623
518,1.32471E+11,64430,0.32908162845559147,0.053591789582761805,0.276229506
519,1.32171E+11,0,0.10477453441943589,0.077658303,0.4245161235546307
520,1.32171E+11,84175,0.25669642713897084,0.1160609608594726,0.21678023757759693
521,1.32171E+11,31083,0.21821035764190963,0.014048531110491301,0.5589692709715632
522,1.32171E+11,0,0.18477330894120353,0.12548411986456917,0.09073359
523,1.32471E+11,114028,0.3467011598098168,0.038288288,0.3649529300148231
524,1.32471E+11,97043,0.4131944415750386,0.048416018837919794,0.43140688598127913
525,1.3063E+11,45208,0.14090287084948194,0,0.10352264483448853
526,1.3063E+11,38750,0.333678753,0.034657039,0.072834645
527,1.31511E+11,62091,0.3086232933642467,0,0.43716679
528,1.3063E+11,75679,0.36239781851772107,0.006449012,0.14067524059214132
529,1.31511E+11,54722,0.10907811323660722,0.001951854,0.5822130269792501
530,1.3063E+11,61050,0.082489145,0.055276381215120844,0.186480185
531,1.3063E+11,56592,0.040206185152513556,0.047691143,0.10541310466229982
532,1.3063E+11,91168,0.4786127112299109,0,0.12980132364369984
533,1.31511E+11,58317,0.20870535481355632,0.021649484312891914,0.31156316582908816
534,1.3063E+11,88447,0.1913043436672969,0,0.14830071937898331
535,1.32171E+11,89178,0.3289198583350533,0.010875194143577451,0.29373245886935234
536,1.32171E+11,24640,0.06168549,0.060224089214117024,0.1024423330906219
537,1.32171E+11,55533,0.33614535797439743,0.055760125956022484,0.17884780662576177
538,1.32171E+11,94167,0.2820699687895775,0.011803278611126043,0.9008264409632442
539,1.32171E+11,107031,0.32176655813074073,0.021004566,0.6733481761444085
540,1.32171E+11,0,0.17326203023249165,0,0.3926701541311133
541,1.32171E+11,83750,0.28847156865690365,0.065388397,0.6217811125440927
542,1.32171E+11,0,0.41924958533034934,0.060179256591814896,0.8097207775623498
543,1.32171E+11,83355,0.266666664,0.041314554,0.4753833698516274
544,1.32171E+11,43578,0.1147959169031133,0,0.22451728682300273
545,1.3121E+11,0,0.44817925915464263,0,0.022847099974981546
546,1.3121E+11,83393,0.30172413607312726,0.032048506,0.014862981816707003
547,1.3063E+11,48678,0.26125592262289143,0,0.08737864
548,1.3121E+11,68833,0,0,0.027559054575609164
549,1.3121E+11,0,0.2780656255947215,0,0.036802029989821954
550,1.3063E+11,59438,0.1553637465429871,0,0.089918255
551,1.3121E+11,46980,0.083561643,0.014897579004678035,0.039711190977335824
552,1.3121E+11,103698,0.26366559061630884,0,0.043126684
553,1.3121E+11,33707,0.18173912885444235,0.019458544674631602,0.027226319
554,1.3121E+11,56198,0.2429057861191171,0.074300699,0.022947475660645204
555,1.3063E+11,58563,0.338541663,0.05580558,0.033426183657792846
556,1.3063E+11,61212,0.15375981956363738,0.017405063199340383,0.04236006
557,1.3063E+11,83611,0.068131868,0.1710603387752763,0.180817609
558,1.3063E+11,52855,0.053224155,0.041227228751416795,0.046334310578684396
559,1.3063E+11,44175,0.10939226398461586,0,0.021033653719749676
560,1.3063E+11,38281,0.018994413195593148,0.010714286,0.078565328
561,1.3063E+11,53991,0.23026926434290376,0,0.030285714112653062
562,1.3063E+11,83125,0.17037036616369466,0.061728393537570536,0.049019607
563,1.3063E+11,35833,0.2020942387215263,0,0.11160220932816459
564,1.3063E+11,44978,0,0,0.042975206
565,1.3063E+11,73750,0.4273204828840546,0.066577895,0.068069306
566,1.3063E+11,39634,0.13249211217148146,0.086055776,0.031765424
567,1.3063E+11,70871,0.17895683292305006,0.032514451,0.071099407
568,1.3063E+11,57333,0.237163808,0.052009455035237476,0.035130719
569,1.3063E+11,0,0.2079365046359285,0,0.15577889251534055
570,1.3063E+11,61771,0.11177987866053415,0.057103064,0.1772357713970961
571,1.3063E+11,28827,0.48769897991752564,0.017366135783413377,0.040281973
572,1.3063E+11,0,0.17125381739284964,0.095959594,0.11583011471206453
573,1.3063E+11,66824,0.21522309428841085,0.05094905,0.145719489
574,1.3063E+11,35492,0.06707317,0.014553014401735818,0.027546444
575,1.3121E+11,56986,0.41807228411961106,0.069353326,0.021212121083562904
576,1.3121E+11,63778,0.12109374881744386,0,0.034136546
577,1.3063E+11,73625,0.16414904247659093,0.031919744,0.041436464
578,1.3121E+11,80064,0.15448275648989301,0.11625403534710403,0.018976897533193916
579,1.3121E+11,65236,0.12790697426536873,0.026431718,0.025387870060734345
580,1.3121E+11,42007,0.031814273,0.010654490025460503,0.015569709727036732
581,1.3121E+11,0,0.32376395017920334,0,0.080697927
582,1.3121E+11,34750,0.27554744274135545,0.019534185,0.01366298
583,1.3121E+11,71291,0.148857773,0.018097447711844787,0.038373860036573476
584,1.3063E+11,57022,0.35696361131139515,0.040426726,0.041701768990304255
585,1.3121E+11,34765,0.10724925414846818,0.054631829,0.002369668
586,1.3121E+11,93983,0.4028507096560337,0.002018843,0.010260457693287628
587,1.3063E+11,73095,0.28341583807653664,0.082815734,0.051639916
588,1.3121E+11,87344,0.5291970609782095,0.042462844,0.031884058
589,1.3063E+11,75538,0.44463086502297205,0.050279328906713286,0.068080356
590,1.3121E+11,52500,0.21200750270161817,0.042688465,0.031690140473120416
591,1.3121E+11,78810,0.054151622593804245,0,0.020912547
592,1.3121E+11,66925,0.6078767019199195,0,0.021108179280289054
593,1.3121E+11,112857,0.39380530392617547,0.019310344561236627,0.014405762131983649
594,1.3121E+11,47463,0.30879600555960074,0.08098411,0.022591055681922285
595,1.3063E+11,58147,0.1849912723822751,0.020223152,0.062281315
596,1.3063E+11,0,0,0,0.097972971
597,1.3063E+11,46686,0.16283924673445463,0.020226537053183356,0.1603017437043765
598,1.3063E+11,81795,0.062557497,0.013708513609606685,0.079157588
599,1.3063E+11,66201,0.17190082502561302,0.05941358,0.16062801867702084
600,1.3063E+11,91432,0.14382402463918742,0.010174418456767174,0.14296694740225252
601,1.3063E+11,101065,0.057529609855674964,0.11528149979515416,0.089840469
602,1.3063E+11,52108,0.5450885624389005,0.10857142788208618,0.070576025
603,1.3063E+11,0,0.39748952311759317,0,0.039586919
604,1.3063E+11,23102,0.1477170980508765,0.12375415179606186,0.02551382
605,1.3063E+11,58419,0.20841682949064472,0.048220436,0.15764546578047722
606,1.3063E+11,39609,0.026624067874078085,0,0.014667816957137042
607,1.3063E+11,46750,0.142620231,0.13630319058309048,0.014204545396897136
608,1.3063E+11,101639,0.25538461145562136,0.013636363481404961,0.17547892585839903
609,1.3063E+11,0,0.028666666475555557,0.13587211971851376,0.08915537
610,1.3063E+11,0,0.11899790983302903,0.12700228687640405,0.15885714104163268
611,1.3063E+11,44458,0.13421052513850418,0.032980709191159245,0.07757805
612,1.3063E+11,53571,0.083003951,0.065527065,0.14972677431992598
613,1.3063E+11,23385,0.10262529710471006,0.008372093,0.041567696
614,1.3063E+11,40050,0.3033838937761506,0.039106144814456484,0.019897304108489704
615,1.3063E+11,0,0.16094986595052949,0.033975085,0.071948261
616,1.3121E+11,0,0.42493637595581746,0,0.024456521406840744
617,1.3121E+11,55320,0.33818938253705116,0.015067406700496378,0.038732394
618,1.3121E+11,64909,0.3732154971229402,0.040265035472655274,0.027081243595379924
619,1.3063E+11,79051,0.38569424423991244,0.001324503,0.021789883098911417
620,1.3063E+11,51250,0.3113828757160595,0.078099838,0.019618239556637117
621,1.3063E+11,41125,0.45386063175403707,0.016455695994231696,0.001369863
622,1.3121E+11,46173,0.20571095451217392,0.18584454977922468,0.01083902
623,1.3121E+11,64211,0.29074889654369385,0.1123123116377639,0.026154702136033933
624,1.3063E+11,54797,0.28595317486661226,0.032679738348498445,0.012109623887127954
625,1.3063E+11,57670,0.2560113117961625,0.084474885,0.056615775721273694
626,1.31511E+11,70903,0.068093384,0,0.3502879045077936
627,1.31511E+11,72857,0.24354243242875237,0,0.29827915584819165
628,1.3063E+11,70363,0.093632957,0.029508196237570554,0.032064128
629,1.3063E+11,66528,0.22340425362154823,0.045516304038612065,0.088888888
630,1.3063E+11,65719,0.14702581286741967,0.054336989,0.042519685
631,1.3063E+11,76204,0.5578446821260747,0.20602218373974354,0.12769009951441823
632,1.3063E+11,62102,0.24019311864699386,0,0.0360134
633,1.3063E+11,40846,0.20501474623872057,0.032078103,0.042566317
634,1.31511E+11,70556,0.18087317899300231,0.097058823,0.18879667919227747
635,1.3063E+11,65423,0.14780600348109313,0.03899371,0.1704871052030224
636,1.3063E+11,38621,0.17484662040347793,0.054580895622204764,0.001472754
637,1.3063E+11,46544,0.14419225441665884,0.04856787,0.032159264438602383
638,1.3063E+11,38472,0.31671553787807133,0.06027987,0.20158387183884902
639,1.3063E+11,63517,0.18961038468544456,0.05063291,0.027542372589593512
640,1.3063E+11,32379,0.19578312958157937,0.049645389,0.030360531021247333
641,1.3063E+11,38769,0.077147015,0,0.057077625
642,1.3063E+11,42399,0.13872134935197408,0.08029197,0.044180522355436944
643,1.3063E+11,50357,0.26630434493147453,0.027447392246592935,0.13315579139044081
644,1.3063E+11,70551,0.14804147380160443,0.011976047844430899,0.2019812867254745
645,1.31131E+11,151343,0.6789709134285743,0.003161698,0.7620147839093586
646,1.31131E+11,126848,0.378756112,0,0.8014925333259078
647,1.30772E+11,92786,0.3241982488384942,0.00862069,0.6641048794570303
648,1.30772E+11,126490,0.2874651794570185,0.009401286,0.7470119492150917
649,1.30772E+11,96477,0.3530834298297046,0.042923433376758316,0.7319485585366117
650,1.31131E+11,102570,0.35469107145662393,0,0.8138775443765098
651,1.30772E+11,88333,0.4248927002155133,0.018209408056074294,0.7721068203435797
652,1.31131E+11,93372,0.5717017171975671,0.006205251,0.768236762
653,1.31131E+11,118047,0.5003348928309787,0,0.42364366904339024
654,1.31131E+11,94172,0.47554038139316973,0,0.7592014924566345
655,1.30772E+11,111066,0.4574898739120458,0,0.6632064514047699
656,1.30772E+11,112411,0.4588377696196261,0.017684887365032757,0.6162624799705332
657,1.30772E+11,43477,0.11483253510025608,0.016163793016358875,0.25547445122276097
658,1.30772E+11,109917,0.667539258,0.07590759,0.7999999933884299
659,1.30772E+11,95680,0.3396880357073131,0.1111111093964335,0.49772520020268246
660,1.30772E+11,41612,0.09818731,0,0.3572559347902062
661,1.30772E+11,53125,0.1037974670405384,0.055507371591436504,0.26848248853124196
662,1.30772E+11,50525,0.435007609,0.019910403,0.44047834672861325
663,1.30772E+11,76638,0.45401822324757063,0,0.5118191135055544
664,1.30772E+11,66250,0.178954,0,0.4182058033700336
665,1.30772E+11,42019,0.212525665,0.030499075503705404,0.4562787609712113
666,1.30772E+11,97202,0.48910256096729127,0.019210799484886815,0.7640449400877141
667,1.30772E+11,115250,0.3968253940867813,0,0.7779356023771988
668,1.30772E+11,68724,0.16176470463030415,0.011560693558087474,0.5033025065832067
669,1.30772E+11,36506,0.1434184647658455,0,0.6767283283668127
670,1.30772E+11,112206,0.6212121023875121,0,0.7488151570045598
671,1.30772E+11,70486,0.14573990868004588,0.034599156,0.8681241123545549
672,1.30772E+11,93060,0.5320472914373139,0.017810974,0.6371027323093025
673,1.30772E+11,58558,0.070278183,0.012589928,0.7838709614203955
674,1.30772E+11,46686,0.27753479014896704,0.015787585160432056,0.491381402
675,1.31131E+11,81458,0.5397422097758205,0.035208047392738695,0.7194381142010702
676,1.31131E+11,123830,0.6603375457770301,0.017507724,0.8388278311462654
677,1.30772E+11,150056,0.26582278294076805,0.008408797,0.8096529240257434
678,1.30772E+11,101458,0.34120171307723485,0.04303087,0.8859797222467929
679,1.31131E+11,199735,0.7755847896521579,0.066229508,0.7919108980544496
680,1.31131E+11,111530,0.6656050913018784,0.022492401,0.6308957134102305
681,1.31131E+11,192273,0.6285390642294557,0,0.750960794
682,1.30772E+11,106133,0.3635687705310872,0,0.789328929
683,1.31131E+11,119205,0.7134052333327794,0.009359251,0.7056755363853564
684,1.30772E+11,107768,0.6174863219266032,0,0.7918486056499475
685,1.315E+11,57500,0.14148680885507423,0.025414364360062273,0.8534827793956543
686,1.315E+11,78576,0.16512914976818127,0.00382263,0.9196141419960505
687,1.315E+11,63750,0.069423928,0.030037546557727828,0.9268929423246915
688,1.30459E+11,59135,0.25674689820024144,0.051460361,0.9168804468092332
689,1.30459E+11,78625,0.272376045,0.030910131477331817,0.8737373693245587
690,1.30459E+11,78488,0.2367005365409412,0,0.8907014633458322
691,1.30459E+11,38393,0.10558069222351897,0.037859007,0.6248976197797083
692,1.30459E+11,79515,0.24896265215819294,0,0.790874519
693,1.30459E+11,93938,0.41832324616833844,0,0.856557373
694,1.30459E+11,59545,0.2764363007790483,0,0.7016828113121734
695,1.30772E+11,79398,0.231400116,0.020791074945278525,0.7964796435837204
696,1.30772E+11,99432,0.099999998,0,0.7190366890018729
697,1.30772E+11,72390,0.16689466255958055,0,0.6989329215020357
698,1.30772E+11,103750,0.23284313440143217,0,0.704879933
699,1.30772E+11,88375,0.19661921533256926,0,0.8707893369995509
700,1.30772E+11,79667,0.12554426614263958,0.031209363,0.8502810380670361
701,1.30772E+11,158438,0.5987818781926841,0,0.8760490610844123
702,1.30772E+11,175515,0.675537935,0.045627376,0.7433563860817022
703,1.30772E+11,135401,0.3872647161102734,0.030354131,0.7868387884545378
704,1.30459E+11,52917,0.087992666,0.032299741393412525,0.9098687911587633
705,1.31131E+11,95815,0.5297787831549701,0,0.7630445152558902
706,1.31131E+11,123500,0.39848913693589105,0.027376425647327562,0.5486636381812222
707,1.30772E+11,164519,0.513833989,0.024765158,0.7990562296537308
708,1.30772E+11,71250,0.1455064173251581,0.009111617,0.6090504405856793
709,1.30772E+11,79063,0.4625954127848029,0.021008403067109202,0.7142857072966173
710,1.31131E+11,106798,0.641095885,0,0.2404265620919701
711,1.31131E+11,72564,0.17719132726492623,0,0.20746184167630388
712,1.3121E+11,47238,0.075282308,0,0.3530391311154111
713,1.3121E+11,71136,0.18875118981171413,0.011157601037952573,0.17495279940243677
714,1.3121E+11,0,0.45813585374192967,0,0.1428571414199483
715,1.30459E+11,42326,0.25765765533641755,0.033733133180411295,0.8505250101882335
716,1.30459E+11,0,0.4549549498315884,0,0.5922014574150979
717,1.30459E+11,125117,0.5955056105430011,0.11180773132907282,0.8296910261515371
718,1.30459E+11,99901,0.5307743181285618,0,0.6820586787779764
719,1.30459E+11,65643,0.2620689625049545,0.002854424,0.7986965908856148
720,1.30459E+11,47639,0.549999994,0.012686567,0.6206896507134364
721,1.30459E+11,105815,0.5068493073538919,0,0.7930607088840061
722,1.30459E+11,132209,0.4642857092609772,0.063520871,0.7523900501683551
723,1.30459E+11,61436,0.2002503103848522,0.1336683403651423,0.8725182771941664
724,1.30459E+11,89036,0.2739898955304306,0.034308779,0.36108886820585373
725,1.30459E+11,58036,0.17418351206557525,0.018541408917905948,0.8316912903802028
726,1.30459E+11,46806,0.10201660614452425,0,0.9094827507803211
727,1.3121E+11,104167,0.5050426648173572,0.00899654,0.7196090365326265
728,1.30459E+11,78269,0.2622442637182625,0.091210613,0.7901345256047778
729,1.30459E+11,100865,0.4105037469399384,0.078602619,0.7443181779735631
730,1.3121E+11,80682,0.3215129947632862,0,0.7380191614694446
731,1.30459E+11,90400,0.044214487,0.011665586444163406,0.6437933643500897
732,1.30971E+11,93107,0.3521560538793013,0.025514403,0.8325903871590372
733,1.30971E+11,104777,0.1984848469811754,0.016949152,0.733058334
734,1.30459E+11,68065,0.15536723017544982,0.003652968,0.8279498956628221
735,1.3121E+11,59925,0.35852224719964526,0.007256894,0.3760956145331027
736,1.3121E+11,36302,0.050522647,0.044354838,0.086872586
737,1.3121E+11,78214,0.4293233050426819,0.035738368,0.040016006
738,1.3121E+11,141431,0.17329796486916035,0,0.11305871942980965
739,1.3121E+11,94286,0.3795688811661773,0.029385574,0.14034205160793736
740,1.3121E+11,61567,0.5742821437310728,0,0.096671949
741,1.3121E+11,0,0.3471074308448878,0,0.17979610584062924
742,1.3121E+11,38381,0.5162835224315923,0.056808325859460856,0.062577447
743,1.3121E+11,82794,0.37154554569321624,0.2027800482306621,0.032882011
744,1.3121E+11,96649,0.41390373888873006,0,0.044477761
745,1.30459E+11,34942,0.2728395028044506,0,0.812169301
746,1.30459E+11,38203,0.28571427163969104,0,0.44863458454311334
747,1.30459E+11,0,0.7835820603141023,0.033939394,0.32670850653169975
748,1.30459E+11,28720,0.10955710700333085,0.065708418,0.12894736672437676
749,1.30459E+11,31505,0.063291138,0.073981712,0.42544228790697314
750,1.30459E+11,52522,0.3299203602966967,0.039433771,0.6440443168694993
751,1.30459E+11,43158,0.3147699681653761,0,0.4352538480590197
752,1.30459E+11,21875,0.10370370216735257,0.096560845,0.23678331916021356
753,1.30459E+11,35750,0.054615384,0.035271064,0.4396467103059533
754,1.30459E+11,52765,0.31208425547625135,0.032841504,0.7068653987946458
755,1.3121E+11,81522,0.2536327575477839,0.11271676191987706,0.025369978724260157
756,1.3121E+11,75896,0.41527655473857283,0.046577276,0.021671826513561268
757,1.3121E+11,90607,0.5179786149856306,0,0.026086956370510398
758,1.3121E+11,133633,0.2502685257758483,0.011026293,0.041981528
759,1.3121E+11,125385,0.3584337313410268,0,0.028632025298875794
760,1.3121E+11,54356,0.21992709331801832,0,0.061846689
761,1.3121E+11,100352,0.15735388466696285,0,0.064796905
762,1.3121E+11,0,0.4199066808723689,0,0.31369862798836556
763,1.3121E+11,38790,0.12019623777435619,0.049964311,0.021720968998659277
764,1.3121E+11,98373,0.47058822464732525,0,0.075868372
765,1.30459E+11,62872,0.076794657,0.078409718,0.5715935301871043
766,1.30459E+11,46723,0.21934369413347415,0.070588235,0.5340282002818627
767,1.30459E+11,0,0.10161662582871535,0,0.44123505536618474
768,1.30459E+11,52737,0.28155339259119627,0,0.4344122620578172
769,1.30459E+11,93949,0.012024047855229503,0.14147909740387304,0.612426026
770,1.30459E+11,66500,0.11282051089195709,0.10610464962057195,0.8217726317748302
771,1.30459E+11,85139,0.048175182,0.037698412,0.506155947
772,1.30459E+11,70848,0.10312272982481678,0.024231678343784407,0.8764044885895275
773,1.30459E+11,62525,0.22360248320947215,0.088441331,0.5488346251452019
774,1.30459E+11,47596,0.053892215,0.024413145,0.6355519428932472
775,1.30459E+11,42639,0.16861598276202747,0.024740622,0.6559839726790988
776,1.30459E+11,57500,0.072064777,0.054621848356989855,0.5831099169655499
777,1.30459E+11,91181,0.33376288229687007,0.12717391166115313,0.8214027417107539
778,1.30971E+11,137663,0.3865291238681485,0.024590164,0.6526516930116976
779,1.30971E+11,121761,0.3027026994302411,0.079286421,0.7080291906201717
780,1.30971E+11,104792,0.21311475141091107,0.042976939,0.8583227391466154
781,1.30459E+11,120313,0.5543671964851409,0.007733952,0.8033099885212605
782,1.30459E+11,91008,0.19922779768936064,0,0.804137925
783,1.30971E+11,152411,0.6912242612001706,0.030999999690000005,0.41945672508239595
784,1.30459E+11,95734,0.4221276559818923,0.007177033,0.764989657
785,1.30459E+11,0,0.20955882096128897,0.028213165849392208,0.8117194926828099
786,1.30459E+11,112422,0.31054852058608845,0.030638852473019215,0.7939814753550812
787,1.30971E+11,102688,0.2975885053997511,0.018374847,0.4707259934788212
788,1.30971E+11,91250,0.2703448238573128,0.09512195,0.5372848897009093
789,1.30971E+11,78236,0.12414578446303207,0.056038647,0.4094827560992441
790,1.30971E+11,103646,0.30101694711174953,0.03386352,0.7672413756358171
791,1.30971E+11,55417,0.31076922120710093,0.10795454238765505,0.49329569164928944
792,1.30971E+11,94185,0.3000931938481529,0.017377567003336754,0.6833333292658731
793,1.30459E+11,83125,0.31481481065059774,0.014150943229352085,0.8315262649580796
794,1.30971E+11,82088,0.5336757960406633,0.022604422,0.2905156524377732
795,1.30459E+11,73214,0.4744897878488131,0,0.8255506535193775
796,1.30459E+11,50121,0.173027989,0.010957324042922007,0.8856514519755281
797,1.30459E+11,66168,0.11947626645701692,0,0.8559754764456029
798,1.30459E+11,55894,0.12087912014115311,0.00462963,0.8519212706095535
799,1.30459E+11,89844,0.2449203720762198,0.014818599822081759,0.7814861411745205
800,1.3143E+11,68500,0.18725490012495197,0.044554455,0.819282942
801,1.3143E+11,79155,0.15912272440913333,0.028961522428789726,0.9033707831334427
802,1.3143E+11,45120,0,0.096774192,0.8150288923118048
803,1.3143E+11,70642,0.12401263725108502,0.00462657,0.8535320748312892
804,1.3143E+11,126912,0.3576982864875716,0.014904187261148423,0.8672316335184653
805,1.30971E+11,85000,0.11705202227563567,0.1140749142220493,0.5639358449764376
806,1.30459E+11,80583,0.19069767315151048,0.022664455374989192,0.7847422648051865
807,1.30971E+11,77250,0.23321900914640367,0,0.567355664
808,1.30971E+11,111458,0.4170212721593482,0.057142857,0.7079303629404877
809,1.30459E+11,93738,0.19171405205756253,0.037437005,0.5515088420837209
810,1.30971E+11,86181,0.3412073401257916,0.068126519,0.5554455390549947
811,1.30971E+11,93500,0.4315276906176038,0.011855364482185155,0.3503909013845383
812,1.30971E+11,52461,0.12797618857178292,0.015089163030326981,0.5756097525877454
813,1.30971E+11,61326,0.20518687867897117,0.081674673,0.5214723890833511
814,1.30971E+11,63134,0.44690264992364326,0.078606964,0.45140664673013653
815,1.30971E+11,71743,0.2068965487514864,0.052580331,0.071104387
816,1.3121E+11,0,0.486259538,0,0.011154856
817,1.30971E+11,90744,0.3374730003376188,0.033435988,0.12895716885960348
818,1.3121E+11,107563,0.4048531238205221,0.008782936,0.014694509
819,1.3121E+11,106087,0.41076922444970426,0,0.007285974
820,1.30971E+11,109029,0.2568578540805095,0.041395349,0.3845333312824889
821,1.30971E+11,0,0.5227765613280573,0.026717557,0.0804769
822,1.3121E+11,125951,0.8252947392787273,0.10990008982833706,0.011744237
823,1.3121E+11,0,0.49487178218277483,0.011510791,0.006610009
824,1.30971E+11,54167,0.3756260371347907,0,0.5488540343925931
825,1.30459E+11,62778,0.1552863419021328,0.085043987,0.9328467085193671
826,10299598001,0,0,0,0
827,1.3143E+11,63857,0.23662306496286487,0.018090452079492943,0.9194008493623335
828,1.3143E+11,49993,0.1134805779628288,0,0.9010840047352032
829,1.3143E+11,0,0.10519125539356208,0.014705882172722033,0.9250170352759575
830,10299595002,0,0,0,0
831,1.3143E+11,0,0.4999999825174832,0,0.9330421989367949
832,1.3143E+11,62411,0.18873239259406205,0.052091554,0.9579923570213184
833,1.30971E+11,137813,0.4243606396863431,0.063529412,0.3461396366969352
834,1.30459E+11,81563,0.27485379916042546,0.071674707,0.41095890185775946
835,1.30971E+11,66875,0.22829341146486967,0.025032092265519307,0.3452266135717135
836,1.30971E+11,92039,0.20225464056860318,0.033210331928253393,0.4907451329342898
837,1.30971E+11,85474,0.24896265301905962,0.038903625,0.35203689199049276
838,1.30971E+11,122898,0.46747676577929403,0.017470300367083854,0.3039999986488889
839,1.30971E+11,46065,0.1794605790512388,0.021699818971972703,0.4409999955900001
840,1.30971E+11,138238,0.3675438564250539,0.011026293,0.4135546315649855
841,1.30459E+11,31250,0.14492753273121903,0,0.7242128042973637
842,1.30459E+11,75750,0.30228253977617187,0,0.6552207405213007
843,1.30971E+11,130955,0.5250500966930521,0.022828154579402953,0.359384249
844,1.3121E+11,0,0.4919354640348603,0.10181817811570262,0.00170068
845,1.3121E+11,79464,0.8241639609043802,0,0.021072797
846,1.30971E+11,91058,0.3907351420872594,0.050251256,0.3041132818333562
847,1.3121E+11,118704,0.7317880673545022,0.073619631,0.018433179511138487
848,1.30971E+11,116410,0.26976032498847363,0.007356322,0.19185794633236056
849,1.30971E+11,75469,0.18374558087461035,0.051633298,0.4438095209916856
850,1.30971E+11,119390,0.4192307651997042,0.004573171,0.14084506956004245
851,1.3121E+11,80122,0.5436071080134877,0.1031276407174333,0.008505468
852,1.30971E+11,67652,0.28178693835295604,0.12280701646660512,0.241221372
853,1.30459E+11,56531,0.1097345123032344,0.039750584257594826,0.4145486397259043
854,1.30971E+11,77365,0.42402826605401495,0,0.2670454533782978
855,1.30971E+11,48756,0.14971209069374194,0,0.27760829604875964
856,1.30971E+11,68438,0.37135922029644647,0.1873177828912698,0.38722715935952173
857,1.30459E+11,80821,0.12403100655008716,0,0.5587996710559637
858,1.30971E+11,38457,0.12153303014859794,0,0.3782084841372002
859,1.30971E+11,135588,0.5521261964874746,0.025323579,0.49249779129524357
860,1.30971E+11,37813,0.11049723451665099,0.20293398036836235,0.3436176627730329
861,1.30459E+11,34063,0.092990654,0.036761975,0.655205808
862,1.30971E+11,70903,0.4190398664032558,0.026610644071354033,0.29195289356254717
863,1.30971E+11,53703,0.16609588756685126,0.028280543,0.32127838249555607
864,1.30971E+11,83093,0.6765927930983878,0.066707844,0.1122702428600584
865,1.30971E+11,84750,0.19078590682500865,0.040772532,0.34916200954766285
866,1.30971E+11,80921,0.16979768663440978,0.004542505,0.39020407844731364
867,1.30971E+11,61635,0.15083798742236512,0.023628049,0.4281650040671052
868,1.3067E+11,52125,0.11631419851726436,0.081725312,0.078540261
869,1.30971E+11,69679,0.31081080847739634,0.035040431,0.12486486418991966
870,1.30971E+11,142125,0.31544117415116785,0.019463087,0.070376432
871,1.30971E+11,70121,0.3497536888381989,0.006441224,0.5334607979592658
872,1.30971E+11,63750,0.21832242582794512,0.079313543,0.44507771790115175
873,1.30971E+11,58814,0.16717324719838156,0,0.5350877114753259
874,1.30459E+11,91103,0.13095237900368484,0,0.6586257261796366
875,1.30971E+11,62250,0.11768082596050043,0.049610895,0.13480176152069706
876,1.30971E+11,24950,0.4511040867159594,0,0.11371237363116744
877,1.30459E+11,83120,0.14089346982203801,0.025691699,0.8081334681536315
878,1.30971E+11,33925,0.038309114,0.033374536,0.5552274036903284
879,1.30971E+11,26544,0.33762057515947935,0.034217876856020416,0.2157451910111467
880,1.30971E+11,44850,0.21759999651840006,0.052396878,0.27537922826499867
881,1.30971E+11,0,0.20479999672320007,0.045383411,0.14722222119984568
882,1.30459E+11,66000,0.14362656833704546,0.20907840152574414,0.6728395009811767
883,1.30971E+11,156113,0.473913037,0,0.7103896011637715
884,1.30971E+11,78003,0.30130596733856374,0.083216783,0.099075297
885,1.30459E+11,67643,0.091659028,0.13939393845525969,0.7061978503802273
886,1.30971E+11,88899,0.5612903135275756,0.037275064,0.20979020795637932
887,1.30971E+11,89583,0.36087689104760723,0.027439023971966098,0.338834948
888,1.30971E+11,58539,0.4629888235824803,0.15433741269644805,0.1065440773037097
889,1.30971E+11,89493,0.2684563728360585,0.024725274498852798,0.1411078708973302
890,1.30459E+11,78693,0.098023063,0.19689484688147604,0.7693409705380087
891,1.30971E+11,118177,0.5543689266566124,0.091484869,0.10933660866500855
892,1.30971E+11,81806,0.1919385759704688,0.061781608,0.40987124023743304
893,1.30459E+11,100481,0.10981468696077772,0.074165636,0.8613916898911802
894,1.30459E+11,86820,0.1606012645522052,0.022692889389615056,0.7575924861535479
895,1.32231E+11,93636,0.20198675329481164,0.028590425341818982,0.5932017478815598
896,1.32231E+11,79063,0.21598639272120415,0.018095987269111036,0.8222350849899532
897,1.32231E+11,133750,0.3377226929688405,0.052842809,0.6885694706072228
898,1.32231E+11,68795,0.12559999899520002,0,0.5950950921166411
899,1.32231E+11,72601,0.27764705555709346,0.010537407686644809,0.4019908085605604
900,1.32231E+11,84048,0.34055117775048055,0.004897959,0.5055584938826972
901,1.32231E+11,87875,0.23092369323344247,0.02875,0.5502478569164134
902,1.32231E+11,86431,0.1798642513590017,0,0.4798387069133715
903,1.30459E+11,68375,0.09271523,0,0.7602389013631493
904,1.3143E+11,51667,0.2856066293473502,0.024492234023343884,0.9162605187582608
905,1.3143E+11,60588,0.094262293,0,0.8946648304423416
906,1.3143E+11,91354,0.2352303510285618,0.037360504,0.8630746373550439
907,1.30459E+11,81202,0.11888701417464576,0.012599469412470362,0.7909930670265989
908,1.3143E+11,31544,0.11190053087210425,0.072674418,0.950481417
909,1.3143E+11,75991,0.075980391,0,0.9600456511410314
910,1.3143E+11,58929,0.10217596875897854,0.057166528,0.9110764359510418
911,1.3143E+11,49464,0.042669584,0.029574861,0.9364485922962704
912,1.3143E+11,59550,0.17207791928444938,0.025280898521335696,0.9360730486749652
913,1.3067E+11,72136,0.3444034397982357,0.050167224,0.10339622563474547
914,1.3067E+11,80795,0.46406249274902356,0.093610697,0.019417475571056022
915,1.30971E+11,45066,0.17908309199021358,0.1334922510906764,0.48096347722639105
916,1.3067E+11,37478,0.11624440959397303,0.044529262,0.046416938
917,1.3067E+11,68886,0.3439803397545413,0.025806451375055748,0.11046990840502961
918,1.30971E+11,44102,0.37992831200781085,0,0.17828947251125346
919,1.30971E+11,86362,0.40122824563737725,0,0.3696202500453987
920,1.30971E+11,50682,0.14257620312117794,0.049893086,0.5121107236902496
921,1.30971E+11,81319,0.19154929397606296,0.060688405,0.49999999586776867
922,1.30971E+11,62155,0.21647307057578596,0.081414473,0.1375069863750308
923,1.3067E+11,0,0.43827159817482103,0.12010113628190726,0.26656738446338507
924,1.3067E+11,70529,0.2527693831543869,0.1422558910584521,0.2342896158859999
925,1.3067E+11,84965,0.5862744983083432,0.016014234590494048,0.33573357033543144
926,1.3067E+11,99107,0.2526439453273332,0.16246498447745114,0.2829341296187565
927,1.3067E+11,54021,0.3217391269376182,0.015023474037338272,0.24581005449268126
928,1.3067E+11,47126,0.052970651,0.093731692,0.2410447743205614
929,1.3067E+11,94265,0.2532855405820127,0.012345678895102765,0.1899488910566534
930,1.3067E+11,102159,0.3722033873070957,0.033847980796627194,0.2438202233493246
931,1.3067E+11,87000,0.38388625289189376,0.05017301,0.22960288642886004
932,1.3067E+11,117434,0.5090479897006452,0.031295487399596165,0.3422077899856637
933,1.32231E+11,81042,0.2443778074306176,0.049261083,0.6386363587982095
934,1.32231E+11,137869,0.3161004384623274,0,0.8267847214898466
935,1.32231E+11,75781,0.15432873081143375,0.029475982210960892,0.43875838558088603
936,1.32231E+11,80714,0.30500843947659856,0.068564036,0.40232858817452094
937,1.32231E+11,85563,0.20728928912780664,0,0.7615720457504624
938,1.32231E+11,76302,0.21178343611809816,0,0.6985230173890268
939,1.32231E+11,68333,0.16031280390701072,0,0.8506884644978981
940,1.32231E+11,83602,0.08405797,0.079586877,0.759336096
941,1.32231E+11,82302,0.24048096031742847,0.051632047171323164,0.7209737793961901
942,1.32231E+11,114485,0.29078013889787097,0,0.6560934836720077
943,1.3063E+11,41700,0.3045602556260545,0.04692082,0.020781379710877974
944,1.3121E+11,68188,0.3355648507484113,0.040701315,0.017206882684246166
945,1.3121E+11,62167,0.12711864272120083,0.055147058,0.029261155601600912
946,1.3121E+11,45625,0.29126212178339217,0.034632033,0.020047169574915452
947,1.3063E+11,0,0.14285713985594245,0.078358207,0.032171581338182556
948,1.3121E+11,41591,0.3023255780473358,0,0.014226437378622185
949,1.3121E+11,50766,0.076923076,0,0.017843289233178516
950,1.3063E+11,37772,0.26570047988284445,0.013057671239851238,0.04496124
951,1.3121E+11,76346,0.3478701790276858,0,0.046087373758581976
952,1.3063E+11,57719,0,0.14264919734135084,0.017654476448241155
953,1.3063E+11,37054,0.074788901,0.014301429985682838,0.038394415
954,1.3063E+11,44024,0.071729957,0.031518624,0.15557020332517993
955,1.3063E+11,41132,0.15229563099333002,0.021960784141484047,0.056414219
956,1.3063E+11,40417,0.19891007632397614,0,0.2941888584238637
957,1.3063E+11,20129,0.083945435,0.012757605370386602,0.12737127284978814
958,1.3063E+11,33897,0.039076376,0.060957909,0.098726114
959,1.3063E+11,57031,0.13840155675630494,0.11785297412073543,0.1195388342260993
960,1.3063E+11,42903,0.10996309881946052,0.046963055,0.1676136351731986
961,1.3063E+11,46174,0.1623376588238602,0,0.1467764050289684
962,1.3063E+11,74583,0.24817517946258907,0.022222221987066436,0.20859374837036135
963,1.31511E+11,133929,0.2486126498489162,0.019963702178187822,0.16052227219260928
964,1.31511E+11,68546,0.17891373516112244,0.034285713795918375,0.089399743
965,1.3063E+11,0,0.16929698465857984,0,0.089757127
966,1.3063E+11,78412,0.10436432439536387,0.2840579668977106,0.13221153687245749
967,1.3063E+11,73773,0.3746397672931426,0.021377672,0.053097344944788155
968,1.31511E+11,52839,0.13083396992475924,0.065359477,0.1799232025237345
969,1.3063E+11,74231,0.18557794076799639,0.05986261,0.059003051581876645
970,1.31511E+11,84375,0.20765472143603647,0.025177026,0.034743202241977834
971,1.31511E+11,0,0.18691588610358986,0.010878661,0.19167389252667916
972,1.3089E+11,81111,0.3205128170885383,0.055555555,0.032967032665137064
973,1.3063E+11,36086,0.061403507694675306,0.12810457348882912,0.11811505435670101
974,1.3063E+11,36759,0.052521008,0.005055612,0.22395209312632225
975,1.3064E+11,0,0,0,0
976,1.3063E+11,57368,0.084120982,0.064469914,0.18631863018615094
977,1.3063E+11,58690,0.10025706854963952,0.016638935,0.16521738986767487
978,1.3063E+11,60066,0.086419752,0,0.077765607
979,1.3063E+11,34821,0.088967968,0.052341596,0.10926694178054022
980,1.3063E+11,43450,0,0,0.11511895537130502
981,1.3063E+11,62868,0.22821100655721324,0,0.12343966627295655
982,1.3063E+11,0,0.24054053837350867,0.10110450211466014,0.062552126
983,1.3121E+11,0,0.015652173640831765,0.4199066808723689,0.012035010809244958
984,1.3121E+11,44500,0.21698984102502455,0.1485003646781246,0.016863406313302944
985,1.3121E+11,29952,0.37777776578483285,0.12607449495488554,0.023427866542196467
986,1.3121E+11,48141,0.025270757818643106,0.044364508,0.014178481950137765
987,1.3121E+11,49556,0.10054644698856342,0.035398229803714966,0.042501518
988,1.3121E+11,46327,0.2072853407867707,0.063113604,0.022922636
989,1.3121E+11,31625,0,0,0
990,1.3121E+11,55701,0.3708542676296054,0.031714568565762456,0.036097560623438434
991,1.3121E+11,42250,0.032646048,0,0.003857281
992,1.3121E+11,65000,0.4510638233891656,0.044235924340001016,0.029955947
993,1.3121E+11,148125,0.511876478,0,0.009936766
994,1.3121E+11,98325,0.328810851,0,0.029304029
995,1.3121E+11,119476,0.6155988686462711,0,0.015219337374938788
996,1.3121E+11,75745,0.40035692801691297,0.23242736535882208,0.034148398
997,1.3121E+11,122700,0.512908774,0.027448071012996508,0.027530364
998,1.3121E+11,63238,0.6025316379426375,0.006433823,0.040590406
999,1.3121E+11,95781,0.548266164,0,0.032806323981002666
1000,1.3121E+11,133491,0.5323224219287915,0.061548642875257166,0.038776389320222364
1001,1.3121E+11,0,0.5008756479706542,0.08598726,0.016570605
1002,1.3121E+11,108595,0.4780058580937558,0,0.003051882
1003,1.3121E+11,42852,0.31087662085327417,0.021097046,0.011758941637633798
1004,1.3121E+11,54087,0.19816643019628752,0.050355067460587044,0.026553372137263026
1005,1.3121E+11,129500,0.49666913029852605,0,0.03051882
1006,1.3121E+11,41696,0.066666664,0.095959594,0.043478260449485405
1007,1.3121E+11,46356,0.44015956861489935,0.22732768769857695,0.15568181641270665
1008,1.3121E+11,40962,0.2383531935173002,0.039497306647241416,0.022918258037293675
1009,1.3121E+11,239338,0.6209149920970594,0,0.12499999618902452
1010,1.3121E+11,39474,0.4015999935744001,0,0.017954723
1011,1.3121E+11,127051,0.075226977,0,0.060702874
1012,1.3121E+11,20329,0.08144796,0,0.034267912
1013,1.3122E+11,0,0,0,0
1014,1.3121E+11,87500,0.7593283440423817,0.078431371,0.17385943065524748
1015,1.3121E+11,52356,0.22248803295483177,0.015086206571417963,0.025710419
1016,1.3121E+11,31719,0.10504201239319276,0,0.030232557436452156
1017,1.3121E+11,52097,0.1848874568346068,0,0.1972633956982509
1018,1.3121E+11,91674,0.18236472580431412,0.045255474,0.4783783719138058
1019,1.3089E+11,0,0,0,0.1923076183432237
1020,1.3121E+11,0,0.49494946995204697,0.1839080389307265,0.38259108537265013
1021,1.3121E+11,64832,0.4121140093573158,0.019361084033290572,0.043222004
1022,1.3121E+11,0,0.10771470003326493,0.103067483,0.010012516
1023,1.3121E+11,109444,0.3733333233777781,0.037128711952259606,0.22075782173380853
1024,1.3121E+11,58672,0.33419688253375956,0.12559241408548782,0.27023660933702853
1025,1.3121E+11,127721,0.44891303859877135,0,0.008138352
1026,1.3121E+11,67841,0.487209297,0.011387163443197066,0.35228848332470897
1027,1.3121E+11,68086,0.6913078741567191,0,0.043712575
1028,1.3121E+11,57787,0,0,0.016429353598802262
1029,1.3121E+11,89432,0.5351608994617295,0.049493813,0.047919293216654564
1030,1.3121E+11,90417,0.5099999915000002,0.011477761671768125,0.42984409320886313
1031,1.3121E+11,28766,0.3983451489557311,0.10369702341120808,0.027299703102078913
1032,1.3121E+11,144167,0.6567163852379908,0,0.4057649577435708
1033,1.3121E+11,91735,0.7695312424850465,0,0.015613910464060252
1034,1.3121E+11,198220,0.6098159434378412,0.021990740486218283,0.016114593
1035,1.3121E+11,33861,0.2566371653026862,0,0.028243601
1036,1.3121E+11,77146,0.34574467472083914,0.20858895385599766,0.10810810689067447
1037,1.3121E+11,49000,0.39588687928311367,0,0.10109717789108795
1038,1.3121E+11,40165,0.22019867367385204,0.16758241643143945,0.050474762366442966
1039,1.3121E+11,73920,0.4640338439487469,0.02184466,0.043624161
1040,1.3121E+11,36110,0.30264446324540195,0.029045642912484293,0.007303713
1041,1.3121E+11,63302,0.23514211278702551,0.12919896306979425,0.2203147321843386
1042,1.3121E+11,24074,0.3131868074507911,0.062080536,0.14331210038946815
1043,1.32171E+11,75252,0.17713822384621716,0.050347222,0.11163521968696846
1044,1.32171E+11,0,0.3690476135558391,0.17343173218411154,0.12389900103406341
1045,1.32471E+11,67906,0.20325203015967444,0.088169642,0.410878658
1046,1.32171E+11,66346,0.33390410673027304,0.05143277,0.31829327945908154
1047,1.32171E+11,0,0.2519754148202334,0,0.31102134846496626
1048,1.32471E+11,97188,0.29003558546835356,0.001796138,0.088550984
1049,1.32171E+11,66594,0.1648909174789908,0.11003860961375053,0.10878417653058703
1050,1.32171E+11,36943,0.197860957,0.079999998,0.13223140374443157
1051,1.32471E+11,76250,0.29782833197695624,0.092452829,0.27515923391618324
1052,1.32471E+11,81429,0.18637803491880658,0.005663049,0.24685251687566312
1053,1.32171E+11,70848,0.398868455,0.053968254,0.13289760276199564
1054,1.32171E+11,79505,0.2878289426343924,0,0.19086873690000802
1055,1.32171E+11,55208,0.064625849,0,0.3394683
1056,1.32171E+11,69297,0.4341290854630496,0.017921146846349184,0.075415896
1057,1.32171E+11,46220,0.2583194664795363,0,0.078321678
1058,1.32471E+11,84583,0.37025703567774154,0.032917706,0.4541015602827072
1059,1.32471E+11,201625,0.5392456621891369,0.066725978,0.11969439626744995
1060,1.32471E+11,87232,0.5738095169784582,0.013184584044781095,0.097489783
1061,1.32471E+11,52620,0.2507433077230594,0,0.072961373
1062,1.32471E+11,89889,0.39237826116881963,0.012746973,0.13860911204504023
1063,1.31511E+11,98320,0.3952702569165454,0,0.46592488920827696
1064,1.32471E+11,137750,0.36951982527098487,0,0.5107843087178009
1065,1.32471E+11,93125,0.338028167,0.028262176618988714,0.28186628051050366
1066,1.31511E+11,77001,0.119241192,0.0341628,0.3190045230825536
1067,1.32471E+11,60617,0.13001911797286583,0.046125460403589294,0.5307692226035504
1068,1.3089E+11,78009,0.35882352677335644,0,0.011681056314468988
1069,1.32471E+11,92452,0.30882352638408306,0.084304932,0.24062499849609376
1070,1.31511E+11,115154,0.3930885500857556,0,0.14193867387765247
1071,1.32471E+11,76115,0.33636363401144315,0,0.2743097222430389
1072,1.3089E+11,120468,0.1803628592296539,0,0.061463047
1073,1.32471E+11,61250,0.13121161289105743,0.012707722,0.29496981772647957
1074,1.32171E+11,102335,0.3041237097725582,0.017823639691258723,0.17328865402925486
1075,1.32471E+11,94211,0.4643916845045744,0.053367217,0.2597568761371921
1076,1.32471E+11,66923,0.5012755070071715,0.05839822,0.20483641439148212
1077,1.32471E+11,96850,0.3007438862832743,0.060465115716603575,0.10858400507275125
1078,1.32471E+11,55293,0.1801566556115319,0.11531365207275229,0.18854748471684718
1079,1.32171E+11,77727,0.28581979109438854,0.065119277,0.4845227838154652
1080,1.32471E+11,38202,0.11342154902248064,0,0.1654948611925643
1081,1.32471E+11,99333,0.40139859578463505,0.026683608301351865,0.13224637561371036
1082,1.32471E+11,49669,0.094289507,0,0.17869906948749772
1083,1.3089E+11,65288,0.193871537,0.091091091,0.012670565240396855
1084,1.3089E+11,88111,0.43799471717685073,0.043217286395950946,0.010183299
1085,1.3089E+11,0,0.4797611116140603,0.011594202831337955,0.026016259951087316
1086,1.3089E+11,75469,0.18716163815033537,0,0.014168530841397981
1087,1.3089E+11,103883,0.2612951787553074,0.035125448,0.030082987395835127
1088,1.3089E+11,82875,0.23267326444711306,0.10227272621619085,0.019422572
1089,1.3089E+11,152758,0.6094254318306944,0.023985239704887824,0.003141361
1090,1.3089E+11,114242,0.4517819659142352,0.10598626000013484,0.028309741646047114
1091,1.3089E+11,105500,0.22325581187669014,0.025790349203075297,0.008767123
1092,1.3089E+11,68636,0.17976031718028873,0.068387096,0.011168384783776764
1093,1.3089E+11,58954,0.254817144,0.025177534,0.020725389
1094,1.32471E+11,101406,0.6469298103743463,0,0.16574147370546016
1095,1.3089E+11,116513,0.6163265243231988,0.21002537937801155,0.033392963426398546
1096,1.3089E+11,91484,0.3886516144682635,0.023308697991422978,0.016218523191555596
1097,1.3089E+11,66745,0.535031836,0,0.022149302525436402
1098,1.3089E+11,100304,0.2462311526855383,0,0.025814382
1099,1.3089E+11,75093,0.15876288496120738,0,0.024585477
1100,1.32471E+11,67422,0.30544488306182094,0,0.23255813784478097
1101,1.3089E+11,0,0.35123614363822553,0.049798115,0.018544935673716578
1102,1.32471E+11,39447,0.1335616392615877,0,0.072393822
1103,1.32471E+11,31644,0.4191919121348163,0,0.14672897059131804
1104,1.32471E+11,49773,0.7475177198933657,0.2713178259519661,0.083936323
1105,1.32471E+11,87786,0.3053557129867649,0.024064170962137896,0.20766961529398456
1106,1.32471E+11,51660,0.17230273474552762,0.014869888291575114,0.2268803917770605
1107,1.32471E+11,56076,0.3802816794286851,0.018087854829771193,0.3008962829590745
1108,1.32471E+11,65484,0.23186344074065832,0.055721989,0.40606842862447756
1109,1.32471E+11,56168,0.3382022452909986,0.086893903,0.11049250488011775
1110,1.32471E+11,70826,0.3060288315463379,0.012131716,0.14716525846100567
1111,1.32471E+11,83750,0.27510039884437354,0.015597920142132408,0.4782608644935221
1112,1.32471E+11,53887,0.19039999695360005,0.027104136560568665,0.2782294464477918
1113,1.32171E+11,40260,0.22617901610992286,0.11502347350338338,0.29863547641857513
1114,1.32171E+11,99234,0.45468277602203344,0.028857479217564905,0.7734521539706746
1115,1.32971E+11,80899,0.2265822770469476,0.057065217081167297,0.5617913800351962
1116,1.32971E+11,61250,0.21300812834952743,0.005607477,0.666666663
1117,1.32171E+11,50305,0.15170278481214877,0.004541326,0.6207571761047181
1118,1.32171E+11,64019,0.18248175034483577,0.020640955890054557,0.7070967696316337
1119,1.32971E+11,54803,0.31764705508650526,0.1668484169373128,0.6451814728086266
1120,1.32171E+11,72434,0.20080321016327699,0,0.8390092827305927
1121,1.32171E+11,95160,0.21545667195015608,0.053775743,0.8487632448850654
1122,1.32971E+11,104615,0.4457547064680494,0.015810276367385842,0.8811428470726532
1123,1.3089E+11,73056,0.36315788995844883,0.11801242089425565,0.033361847
1124,1.3089E+11,64800,0.17478684424612154,0.04173531,0.032058493
1125,1.3089E+11,65477,0.36709637589259436,0.060448149763167536,0.029721955753969527
1126,1.3089E+11,0,0.4198286362322077,0,0.038842345
1127,1.3089E+11,72893,0.9290779922203785,0,0.022727272382920116
1128,1.3089E+11,0,0.7103331411048383,0.099186164,0.092827004
1129,1.3089E+11,127857,0.4025735257116404,0,0.016271501551503944
1130,1.3089E+11,101181,0.3898734127864125,0.080783353,0.024793388258998704
1131,1.3089E+11,47746,0.5053191435604346,0.1935874156467791,0.020833333
1132,1.3089E+11,50103,0.16172985686178995,0.06518283,0.019785378873959158
1133,1.32471E+11,42616,0,0,0.10232158123541203
1134,1.32471E+11,81010,0.36750651288004765,0.099999999,0.039529412
1135,1.32471E+11,53750,0.3941267327028326,0,0.1444695243287864
1136,1.32471E+11,0,0.34999999611111116,0,0.11111111019661638
1137,1.32171E+11,92566,0.2421784444707017,0.032906764,0.6319350430856898
1138,1.32471E+11,52296,0.20590405752100327,0.089521165,0.3805426844437943
1139,1.32471E+11,39433,0.10592369424737101,0.038099507,0.3359773352069273
1140,1.32471E+11,88125,0.3732217541989811,0.025586353762712483,0.2649409963268329
1141,1.32471E+11,76250,0.11872909599724836,0,0.17037754031763047
1142,1.32171E+11,152942,0.588597838,0.010570824,0.6446601900021994
1143,1.3089E+11,64688,0.43500362792299474,0.083937198,0.023008849455713052
1144,1.3089E+11,110074,0.19340974073488726,0.058668424,0.034576270952025284
1145,1.3089E+11,64583,0.27722772002744833,0.11595466333082247,0.023982558
1146,1.3089E+11,73310,0.45109211347490874,0.21153845960129616,0.019023986608569177
1147,1.3089E+11,63567,0.1858774643211063,0.031719532289486374,0.019360269
1148,1.3089E+11,62591,0.3416506685062316,0.05021834,0.024198822601708157
1149,1.3089E+11,94146,0.26647965965666676,0.1164807916173384,0.037938439241671874
1150,1.3089E+11,125547,0.37115588153599277,0,0.023581429
1151,1.3089E+11,106325,0.3832684750336873,0.023703703352537728,0.017053206
1152,1.3089E+11,68350,0.1863799272020315,0.13623516033784533,0.015632879396707617
1153,1.3121E+11,111068,0.3295454511410594,0,0.23376623207960873
1154,1.3121E+11,58135,0.2973760889595322,0.1486658176789604,0.31456456220296874
1155,1.3121E+11,124306,0.6361904640725626,0.041441441,0.3158522012413325
1156,1.3121E+11,41124,0.046762589,0.020364415644540026,0.007628735
1157,1.3121E+11,49275,0.4130737077458455,0.10037174596813202,0.23439211134291227
1158,1.3121E+11,16382,0,0.13690476027494333,0.029850746021138092
1159,1.3121E+11,42713,0.19611157906921742,0.056650246,0.013150684859448302
1160,1.3121E+11,0,0.40058479141730224,0.22049180147137867,0.073984232
1161,1.3121E+11,39006,0,0,0.083197389
1162,1.3121E+11,61094,0.2852564011135769,0.1781970612537304,0.054678006626026655
1163,1.3089E+11,0,0.081395346,0.19335346847874718,0.015060241
1164,1.3121E+11,35895,0.041484715251425434,0,0.022429906332430784
1165,1.3121E+11,0,0.2516556124731382,0.003215434,0.038759689
1166,1.3121E+11,91250,0.17454544819834736,0,0.066462167
1167,1.3121E+11,26528,0.10838709607492196,0.053324968,0.043879907283449524
1168,1.3121E+11,34176,0,0.021943573323768444,0.038194444
1169,1.3121E+11,72813,0.5094117587128029,0,0.3353819110150842
1170,1.3121E+11,82206,0.4879120771887456,0.081330867,0.035550458
1171,1.3121E+11,96771,0.8924999776875007,0,0.32840236200588224
1172,1.3121E+11,54231,0.21551723518628635,0.034031413,0.0880597
1173,1.30971E+11,117616,0.15839243311592868,0.028598665122986987,0.5580708606489089
1174,1.3121E+11,86001,0.282245823,0.018356643,0.15542521766238684
1175,1.3121E+11,0,0.7126567763665134,0.010556621779686932,0.027647058660899657
1176,1.3121E+11,0,0.3393461066590067,0.031496063,0.014198782865457858
1177,1.30971E+11,135048,0.39339338945552166,0,0.10881458900416663
1178,1.3121E+11,145794,0.5682051223773834,0.02430243,0.017568192244252462
1179,1.3121E+11,0,0.5258964113494797,0.3364485965586514,0.034955125
1180,1.3121E+11,115625,0.5445495244173743,0.067879325,0.009607686
1181,1.30971E+11,111103,0.21659482525221094,0.049019607,0.16052631518599128
1182,1.30971E+11,110547,0.3470873744285513,0.052004333,0.23302938078505886
1183,1.3121E+11,84757,0.5574162612749252,0.12756756618845874,0.3110181267640429
1184,1.3121E+11,0,0.1731266105135243,0,0.088857545
1185,1.3121E+11,117948,0.1786632367781075,0,0.018595041130216518
1186,1.3121E+11,0,0.046153844970414235,0,0.018064516
1187,1.3121E+11,51058,0.40994853499230643,0.0942492,0.19115548942716848
1188,1.3121E+11,85414,0.41711808865527533,0.020537125,0.087538619
1189,1.3121E+11,82049,0.6405353606016184,0.2226345042182838,0.360856264
1190,1.3121E+11,37620,0.2637681133935448,0.021834060976462438,0.015802781189615797
1191,1.3121E+11,29968,0.2717601521106368,0,0.015220699920537293
1192,1.3121E+11,75875,0.44473006568817314,0.052631577793167156,0.14525993661682055
1193,1.3121E+11,53333,0.2942583661660678,0,0.072642966
1194,1.3121E+11,101944,0.2768115901911364,0.052429667,0.059509918
1195,1.3121E+11,63750,0.13696059951869544,0.012244897887784852,0.007121662
1196,1.3121E+11,29681,0.33289986563199137,0,0.011983223415319212
1197,1.3121E+11,58427,0.10362694032054559,0.043795619,0.014175257549287919
1198,1.3121E+11,51000,0.3119999972266667,0.025327511,0.22750864855096326
1199,1.3121E+11,53750,0.2871125564908229,0.063004846,0.17064083330371957
1200,1.3121E+11,0,0.31062123626009547,0.042789222776715964,0.1301684512991049
1201,1.3121E+11,47105,0.22865852961406924,0,0.1280991717892676
1202,1.3121E+11,45000,0.5273037452678542,0.052550231,0.020408163
1203,1.3089E+11,39201,0.39653679310357753,0.026129943,0.005334627
1204,1.3089E+11,80446,0.519559896,0,0.10500410086132814
1205,1.3089E+11,94821,0.3387470978030911,0.064981949,0.040524434
1206,1.3089E+11,115093,0.42715231316608926,0,0.023162939
1207,1.3089E+11,41250,0.08275862,0.012115563726788781,0.13365853528138014
1208,1.3089E+11,48142,0.1749663502696319,0.065747613,0.037599421275492255
1209,1.3089E+11,62721,0.3384223889870875,0.032472324,0.048964218
1210,1.3089E+11,31781,0.24064170908518975,0.019896193599513896,0.036512261
1211,1.3089E+11,69375,0.29328621389953685,0.14893616794929837,0.047141424
1212,1.3089E+11,58320,0.35557986481860104,0.033719705,0.013676588787798965
1213,1.3121E+11,30377,0.12816901227930969,0.071246818,0.027551020127030406
1214,1.3121E+11,53498,0.2418604613665045,0.079819276,0.041206029736622816
1215,1.3121E+11,32866,0.23767382758945857,0.16225165383828197,0.016228748
1216,1.3121E+11,20100,0.2841483955805363,0.067567567,0.05927835
1217,1.3121E+11,76146,0.4051339240498446,0.058035714,0.35684061555937074
1218,1.3121E+11,0,0.23854659970700476,0.048816567,0.093047034
1219,1.3121E+11,40260,0.26224783483792746,0.079842931,0.071020408
1220,1.3121E+11,30441,0.1586901723251846,0.073634203,0.060963618
1221,1.3089E+11,88452,0.15272244153091047,0,0.3953488336730874
1222,1.3121E+11,24434,0.12101910635319894,0.11942674969065686,0.043280181739405676
1223,1.3121E+11,64375,0.4510869483498741,0,0.010159651521630602
1224,1.3121E+11,42703,0.3622603394322872,0.020161290159989596,0.011475409773358416
1225,1.3121E+11,92654,0.14182865268661876,0.041643219,0.00245098
1226,1.3121E+11,20821,0.27450979794096303,0.043333333,0.009873061
1227,1.3121E+11,70101,0.31198686114953317,0,0.010478061489993048
1228,1.3121E+11,72027,0.3821548757212984,0.033670033,0.033200530767589234
1229,1.3121E+11,76717,0.19375812491861996,0.10273081790987233,0.071510956
1230,1.3121E+11,28504,0.15700482965374535,0.06354009,0.010878323888483787
1231,1.3121E+11,0,0.6312625208332497,0.11187607508963812,0.014897579004678035
1232,1.3121E+11,23656,0.137030993,0,0.009769094
1233,1.3121E+11,28697,0.24611973119601185,0.027593818679979926,0.054470709
1234,1.3121E+11,94904,0.6249999879807695,0.098662206,0.0880829
1235,1.3121E+11,42301,0.1031307531651795,0.091353995,0.011520737
1236,1.3121E+11,79844,0.5303951287173992,0.04978038,0.090346534
1237,1.3121E+11,16282,0.14718614400029992,0.009070295,0.009393064
1238,1.3121E+11,74286,0.4039125385050341,0.12889366134378452,0.21422376223570025
1239,1.3121E+11,43125,0.22658959275618967,0.018008474,0.13052781647269746
1240,1.3121E+11,0,0.020327498473588376,0.002222222,0.3434915091706943
1241,1.3121E+11,16149,0,0,0.00929368
1242,1.3089E+11,58523,0.44585561199294377,0.036742192059141504,0.2573991008305013
1243,1.3121E+11,16047,0.084782608,0.020652174,0.023648648488860485
1244,1.3121E+11,25286,0.23490565816126738,0.045927209,0.020393299195970143
1245,1.3121E+11,78623,0.6336260899168621,0.093291404,0.008053691
1246,1.3121E+11,53750,0.3283996269343235,0.015397082533248927,0.012592592
1247,1.3121E+11,46610,0.5682507525960491,0,0.048517519561758496
1248,1.3121E+11,42672,0.16863905075977736,0.11896348505343363,0.038709677
1249,1.3121E+11,34688,0.045248867,0.20361990028869228,0.032967032449497134
1250,1.3121E+11,65757,0.14216867298591962,0.052023120785859876,0.06723198
1251,1.3121E+11,51224,0.27455919049673566,0,0.015720523880170097
1252,1.3121E+11,34972,0.32701893991008035,0.046990931,0.007667032
1253,1.3089E+11,72740,0.4178454796752396,0.012072434486192812,0.2248243546555951
1254,1.3121E+11,24297,0.10857908701636614,0.085645355,0.024307518234553318
1255,1.3121E+11,22069,0.11347517569538758,0,0.12523719046264525
1256,1.3121E+11,167857,0.4083239549119915,0.007658643,0.22503515857897105
1257,1.3121E+11,0,0.26086956257968086,0.052529182,0.27125243172451374
1258,1.3089E+11,63889,0.3626473221881476,0.095201827,0.20063694107773136
1259,1.3121E+11,24554,0.06236559,0.23834196479547556,0.004807692
1260,1.3121E+11,76714,0.7361701971027618,0.023404255,0.32168550542974816
1261,1.3121E+11,63495,0.4680573602600084,0.2855887496872693,0.080996882
1262,1.3121E+11,149286,0.7635726661370812,0.019704433173983037,0.4999999938423646
1263,1.3089E+11,44077,0.2618771696190363,0.068817204,0.078639744
1264,1.3089E+11,92757,0.47933409598545296,0.050466264122510894,0.2795986603371327
1265,1.3089E+11,66169,0.2768304886977885,0.050820953472861974,0.040059347
1266,1.3089E+11,46660,0.3733108045048851,0,0.010784901073787292
1267,1.3089E+11,0,0.11111110848437096,0,0.027285129418246047
1268,1.3089E+11,37969,0.17428087691572122,0.008287293,0.10112359436939782
1269,1.3089E+11,92238,0.3338735764364088,0.10939510798719296,0.067567567
1270,1.3089E+11,56129,0.16918032675947328,0.042948038,0.075812274
1271,1.3089E+11,67750,0.5006385632102355,0.017667844,0.18106617480637707
1272,1.3089E+11,46667,0.2617534909561183,0.007945516,0.091514142
1273,1.3121E+11,0,0.2134387309597089,0.16314778957489848,0.081460672
1274,1.3121E+11,45781,0.4250960252868627,0.12029161457725863,0.2649667376389497
1275,1.3121E+11,0,0.27290836109744304,0.008403361,0.1645856962022055
1276,1.3121E+11,21346,0.15490533296204248,0.12462462275338405,0.046666666
1277,1.3121E+11,54583,0.3538083451152741,0.001841621,0.15699658524463497
1278,1.3121E+11,84655,0.58720487,0.056053811240255526,0.5050724601081706
1279,1.3121E+11,40565,0.19444444244398723,0.07090909,0.074016962
1280,1.3121E+11,61364,0.3060344761630501,0.080071173,0.2078559704115226
1281,1.3089E+11,126667,0.5444126022501184,0.12429378414035985,0.4574389307369435
1282,1.3089E+11,0,0.7534983772497483,0.3048084734734436,0.40948616277086036
1283,1.3121E+11,44076,0.2728194698497011,0,0.059999999
1284,1.3121E+11,51476,0.27054794211703265,0.049180327331362544,0.064333017
1285,1.3121E+11,9156,0.071691175,0.5588235191392735,0.054888506777212576
1286,1.3121E+11,73500,0.49382715439719566,0,0.076848248
1287,1.3121E+11,66929,0.7377777613827164,0,0.006082725
1288,1.3121E+11,71159,0.6504854289989632,0.017148981595402128,0.021074099108945622
1289,1.3121E+11,0,0.35483870365299314,0.025466893,0.083798882
1290,1.3121E+11,0,0.4275132229892781,0,0.020293122657349238
1291,1.3121E+11,0,0.3746581551991052,0.068398268,0.034662045
1292,1.3121E+11,0,0.35849055927376305,0.20376913776479225,0.054411764
1293,1.3121E+11,95515,0.42923432878806667,0.078556262,0.091078065
1294,1.3121E+11,69709,0.47197106264040634,0.064541832,0.24635036346502212
1295,1.3121E+11,188382,0.774716357,0.053484602,0.674915628
1296,1.3121E+11,0,0.24603173626858188,0.071174375,0.11956521479206056
1297,1.3121E+11,51000,0.5209825944628189,0,0.10566705958874227
1298,1.3089E+11,85500,0.43765585489207165,0.018703241662054344,0.492385781
1299,1.3121E+11,166033,0.6577825089788645,0.10740072105234007,0.5966587064704956
1300,1.3121E+11,46875,0.4218240973644284,0.037325038299766126,0.12167831997652699
1301,1.3121E+11,0,0.3133514965030552,0.031291611,0.09919571
1302,1.3121E+11,77344,0.48928569681122513,0.082666664,0.086105673
1303,1.3089E+11,119926,0.7611262419516236,0.004512635,0.6408498927974647
1304,1.3121E+11,0,0.1811023574513817,0,0.076923076
1305,1.3121E+11,120089,0.8068259330592087,0.003073141,0.5354713287877971
1306,1.3121E+11,34406,0.3252595099436071,0,0.026948989153522722
1307,1.3121E+11,64917,0.4010362652742356,0.069523809,0.24280104553140677
1308,1.3121E+11,204107,0.786381832,0.044289044,0.7744783244423891
1309,1.3089E+11,59500,0.6554364421482661,0.007457121,0.3773148119034351
1310,1.3121E+11,0,0.3827930126833789,0.027322404,0.39953541928530295
1311,1.3089E+11,111800,0.5563909714673365,0.0758547,0.49495628449928525
1312,1.3121E+11,45795,0.2901678587489722,0.11585365618183627,0.10367170514393408
1313,1.3089E+11,49116,0.41676791717171424,0.095334685,0.18774860630271595
1314,1.3089E+11,79000,0.427343747,0.052790346509876726,0.1106216343092431
1315,1.3089E+11,48438,0.32420090830744436,0.17959183429126757,0.058506543
1316,1.3089E+11,110227,0.5451977247119287,0,0.2506361291267668
1317,1.3089E+11,95505,0.3257485010434222,0.093916755,0.1317891363275628
1318,1.3089E+11,85042,0.38219326403698956,0.046462513,0.4276663101619186
1319,1.3089E+11,0,0.27014924969926496,0.016506189594137695,0.092578985
1320,1.3089E+11,38557,0.14920070782947234,0.062101909839141566,0.2167182628990981
1321,1.3089E+11,92330,0.5695364144116488,0.07366771,0.37145649685770776
1322,1.3089E+11,75577,0.34754796700324164,0.081023452,0.2467718759430147
1323,1.3121E+11,84135,0.5967914374674713,0.03707518,0.016903914440356632
1324,1.3121E+11,76344,0.2701949823092621,0,0.003754693
1325,1.3121E+11,100142,0.5011406805996906,0.057463209127798114,0.032695866547218594
1326,1.3121E+11,49483,0.4253333276622223,0.002659574,0.086225025
1327,1.3121E+11,0,0.1718749973144532,0,0.13778990262223872
1328,1.3121E+11,77895,0.39966272513216317,0.04414003,0.19329608722574204
1329,1.3121E+11,45105,0.18954827112889042,0.10594315177039308,0.010764262590073936
1330,1.3121E+11,69493,0.6409691559364631,0,0.012543553919557115
1331,1.3121E+11,76042,0.3214953210935454,0.14211886121293463,0.18259385353935403
1332,1.3121E+11,82857,0.5776119316774339,0.10344827454089049,0.018757327
1333,1.3121E+11,134542,0.8667355282362033,0.12984495998212248,0.7118226542543297
1334,1.3121E+11,33847,0.31412893944953446,0.009987515,0.03625731
1335,1.3121E+11,0,0.5313283141437555,0.10058479414520709,0.1906040242871943
1336,1.3121E+11,35658,0.32723111379333836,0.070017952,0.12064676466857258
1337,1.3121E+11,54250,0.7556497068411059,0.039946737,0.23187183615622398
1338,1.3121E+11,110500,0.8883928472277585,0,0.6086956468809074
1339,1.3121E+11,75192,0.26339285126355244,0.3141153019062564,0.055220017
1340,1.3121E+11,27621,0.095652173,0.010365853595330161,0.00596817
1341,1.3121E+11,91048,0.7805925256307749,0.040464593329094814,0.5493597664214797
1342,1.3121E+11,144375,0.9136636568043269,0.007087172,0.7353115683364299
1343,1.3089E+11,57470,0.3980848125985991,0,0.024074073962620027
1344,1.3089E+11,39792,0.3101482290747066,0.092558983,0.013888888792438273
1345,1.3089E+11,71136,0.18607594701169689,0.022703818135151516,0.028203555927629947
1346,1.3089E+11,58750,0.22906792687096483,0.035502958,0.017873942
1347,1.3089E+11,58453,0.16416184781315785,0.020040079959518238,0.017543859535127618
1348,1.3089E+11,78197,0.2718052710770257,0.1288167926639619,0.03848947
1349,1.3089E+11,40132,0.275814274,0.059672130756248325,0.020537125
1350,1.3089E+11,76375,0.37874464779782707,0.062415196320114004,0.054878048476285766
1351,1.3089E+11,84904,0.3744454270235543,0.018368846301477986,0.043410041613964216
1352,1.3089E+11,29375,0.14325842294217914,0,0.023584905474961435
1353,1.3089E+11,0,0.24057450196455113,0,0.032477341
1354,1.3089E+11,51618,0.190730836,0.003779289,0.021653543
1355,1.3089E+11,92917,0.5690721532150071,0,0.055727554
1356,1.3089E+11,0,0.10810810683774258,0.030134813400992756,0.024901703474420663
1357,1.3089E+11,39413,0.1659625819797068,0.10804462649415957,0.020977090750822273
1358,1.3089E+11,70750,0.31473533394323794,0.029579067,0.033279872
1359,1.3089E+11,30245,0.29487179014628545,0.067164178,0.16340361322738242
1360,1.3089E+11,25972,0.33571428228862976,0,0.032171581
1361,1.3089E+11,52791,0.32968369428608646,0.17945690461089842,0.014598540074946275
1362,1.3089E+11,0,0.33384852652475233,0.015222482257347984,0.010745891208938742
1363,1.3089E+11,33676,0.011574074,0,0.026152787156553427
1364,1.3089E+11,47024,0.1714743562263725,0,0.10418604554245539
1365,1.3089E+11,46076,0.3345690423116864,0.068571428,0.047867711
1366,1.3089E+11,69067,0.17201834665116575,0.010952902399201507,0.22756640181215793
1367,1.3089E+11,0,0.091032607,0.077755905,0.010031347899489982
1368,1.3089E+11,37981,0.1566170700343221,0.034743202,0.016810168032758636
1369,1.3089E+11,97941,0.381551359,0.049601417,0.033910533665869165
1370,1.3089E+11,55393,0.2456647327842563,0.061281335,0.069318181
1371,1.3089E+11,63510,0.239270385,0.10764872470420808,0.013829279857752598
1372,1.3089E+11,14875,0.060606059075604575,0.047979797,0.018944519364756166
1373,1.3089E+11,33730,0,0.11524163461671344,0.007770008
1374,1.3089E+11,58537,0.2045454531781721,0.032530904147489235,0.019587083009067852
1375,1.3089E+11,0,0.21212120932646628,0.098850574,0.013020833220305268
1376,1.3089E+11,61566,0.082561728,0.12053778340038115,0.01642984
1377,1.3089E+11,0,0.18735177717508478,0.027047913237651367,0.075510203
1378,1.3089E+11,72432,0.30843373246237965,0.084944751,0.012252042
1379,1.3089E+11,84688,0.33788395327843085,0.049822063,0.040892193
1380,1.3089E+11,33889,0.19190600271663183,0.049368541,0.03515625
1381,1.3089E+11,52050,0.16465863343601986,0.025173064662221117,0.016981131995372017
1382,1.3089E+11,72969,0.098137535,0.031404958504655876,0.011098130776295964
1383,1.32471E+11,84718,0.3241252242334213,0.085882352,0.052914798
1384,1.32471E+11,42842,0.078136739,0.032488629,0.18882769324289778
1385,1.32471E+11,58144,0.27200902627529316,0.11133603126178106,0.20723981712905143
1386,1.32471E+11,0,0.047717841,0,0.18043025551401629
1387,1.32471E+11,67176,0.24062499624023445,0,0.6956521657385175
1388,1.32471E+11,75057,0.16519545819425652,0.011884549984002122,0.53853564
1389,1.32471E+11,81477,0.2427745636673461,0.036871508,0.5203426087056202
1390,1.32471E+11,132206,0.27818756292742297,0.045312499645996096,0.38713317847479484
1391,1.32471E+11,105938,0.34554973369699304,0,0.5851318898070992
1392,1.32471E+11,47331,0.14850530232878204,0.066141732,0.6543739223467073
1393,1.3089E+11,41338,0.24183006219829986,0.03726708,0.018530351
1394,1.3089E+11,26821,0.35524256095082063,0,0.017719568
1395,1.3089E+11,80972,0.1759615367696006,0.015151515008034896,0.033108522
1396,1.3089E+11,46053,0.19136522530495653,0.042201834,0.005454545
1397,1.3089E+11,79042,0.3983050799236673,0.1056137002320295,0.010232558044348297
1398,1.3089E+11,0,0.35461440989497844,0.05778003,0.029735682655640513
1399,1.3089E+11,56910,0.12875536204387636,0.048648648,0.10026041536119251
1400,1.3089E+11,83055,0.5113858131985308,0.22096672805419507,0.012594458279666773
1401,1.3089E+11,96270,0.46425255123373926,0.037556904,0.039974210058110214
1402,1.3089E+11,62418,0.090714285,0.037243948,0.014392059481925264
1403,1.3089E+11,66912,0.2843419761350435,0.11898512581815288,0.2119601314819925
1404,1.3089E+11,47461,0.05927835,0.2687747017867279,0.10363391585710689
1405,1.3089E+11,58958,0.2877419317710719,0.16129032049947975,0.071182548
1406,1.3089E+11,63527,0.26208304790957765,0.11343472678431732,0.086315789
1407,1.3089E+11,43714,0.3060836443710334,0,0.19480519250525158
1408,1.3089E+11,55380,0.14247311636460866,0,0.048372092573282864
1409,1.3089E+11,60951,0.061381073,0.1308840398291155,0.034627492
1410,1.3089E+11,82083,0.23154847711217835,0,0.042914171228401486
1411,1.3089E+11,0,0.267310785,0.015781922298681174,0.16316439847757233
1412,1.3089E+11,65080,0.40219779335829026,0.080357141,0.014333895326021119
1413,1.32971E+11,56159,0.14664310824520221,0.066412213,0.8941841607901118
1414,1.32971E+11,86250,0.23975822538778896,0.028518289,0.9122073540459558
1415,1.32971E+11,39628,0.24274193352627474,0.012977099137579396,0.8392727211689257
1416,1.32971E+11,72273,0.1863230903238544,0.062652563,0.7419117592506489
1417,1.32971E+11,72059,0.3264192104102706,0.008,0.824412527
1418,1.32971E+11,98125,0.3631680594773467,0.05860215,0.8672853788061002
1419,1.32971E+11,93295,0.33834586102743436,0.015567765425203614,0.8818040366889266
1420,1.32971E+11,80398,0.19128329205189687,0.008246528,0.8778429901766581
1421,1.32971E+11,75260,0.33276010032020553,0.017228464,0.7043889814785327
1422,1.32971E+11,31843,0.015769944195084006,0.1873498784039241,0.2632247132322272
1423,1.3089E+11,47802,0.32953465973851226,0.20549084687611607,0.034932464
1424,1.3089E+11,47213,0.26721762840020546,0.20930232370928153,0.027247956217656976
1425,1.3089E+11,49562,0.21162790533621778,0.033530572,0.022621423668520137
1426,1.3089E+11,58085,0.24367939621474236,0.012808783,0.014397905696344214
1427,1.3089E+11,60758,0.1987890999113108,0.039723661,0.031430068
1428,1.3089E+11,58324,0.19576271020540076,0,0.038968825
1429,1.3089E+11,91319,0.4352517933423046,0.093126385,0.019607842970095116
1430,1.3089E+11,96633,0.21683226056790028,0.049180328,0.033971587
1431,1.3089E+11,183613,0.2721712496609901,0.019431988,0.010270774880758405
1432,1.3089E+11,76194,0.3288100191606993,0.19963453540596374,0.04472477
1433,1.3089E+11,74663,0.3693239115103541,0.10307234783872797,0.30364806541150147
1434,1.3089E+11,39500,0.17712470073769102,0.034433285262315025,0.090803932
1435,1.3089E+11,72500,0.20493358439341952,0.033653846,0.11710037065891848
1436,1.3089E+11,15729,0.091503265,0,0.067586206
1437,1.309E+11,0,0,0,0
1438,1.3089E+11,99689,0.511316867,0.00379867,0.4717741887925989
1439,1.3089E+11,58846,0.18355640359888717,0.059130434,0.10099132527266837
1440,1.3089E+11,65781,0.43243242628118883,0,0.19802867206067498
1441,1.3089E+11,31486,0.3481745294018297,0.095196506,0.054158607
1442,1.3089E+11,68596,0.38535031438056994,0.019498607,0.35091145604875357
1443,1.3121E+11,16656,0.1573301530711543,0.063414634,0.061376317
1444,1.3121E+11,80938,0.755994348,0.009873061,0.7015872941630974
1445,1.3121E+11,148103,0.7706945692607557,0,0.6181988684971964
1446,1.3121E+11,16891,0.14916285922126546,0.11571428406122451,0.036989795
1447,1.3089E+11,31847,0.4477040759221419,0,0.33035714039912845
1448,1.3121E+11,88292,0.6262626051763434,0.087999998,0.13858695463876422
1449,1.3089E+11,62656,0.5937940719760644,0.016731017,0.5588382545876903
1450,1.3121E+11,0,0.9999992307698226,0.056010928579160325,0.001426534
1451,1.3121E+11,0,0.33833717854114115,0.11758360175206471,0.072568939
1452,1.3121E+11,31758,0.22991689113803626,0.047999999,0.11752136501022725
1453,1.3121E+11,25698,0.12546816361921195,0.030604437409300404,0.024238657
1454,1.3121E+11,33800,0.23491655667629582,0,0.010976314205798301
1455,1.3121E+11,53147,0.5062836533880852,0.001602564,0.12828438750719648
1456,1.3121E+11,58391,0.7180752577540083,0.035344015,0.021446383932935742
1457,1.3121E+11,28945,0.1996644278551642,0.035435860840284474,0.032380952
1458,1.3121E+11,15871,0.00856531,0.081946222,0.008028098
1459,1.3121E+11,37978,0.29999999433962277,0.058319038,0.10601265655043265
1460,1.3121E+11,40313,0.16101694744685438,0,0.006329114
1461,1.3121E+11,97500,0.4316081290978916,0.052074139,0.076481835
1462,1.3121E+11,12273,0,0,0.013579049334829783
1463,1.3121E+11,30518,0,0,0.057627117
1464,1.3121E+11,21271,0.177514782,0,0.11522633507764743
1465,1.3121E+11,89306,0.5058430633415182,0.08121019,0.14138817298986925
1466,1.3121E+11,0,0.3123425614019506,0.012084592,0.037735849
1467,1.3121E+11,0,0.10909090578512408,0,0.010471203640251118
1468,1.3121E+11,189286,0.6376672979190507,0.07380738,0.6694915191196655
1469,1.3121E+11,116250,0.846282366,0.062780269,0.675324669
1470,1.3121E+11,0,0.5422943158482698,0.011820330876120324,0.36676798007327277
1471,1.3121E+11,0,0.768292589,0.2833876129189703,0.3061564008959002
1472,1.3089E+11,77411,0.6083569362014382,0.1753826519427127,0.5594095899674569
1473,1.3089E+11,53679,0.6053511638199425,0.031868132,0.6518904738997331
1474,1.3089E+11,83281,0.5668508224657368,0.018828451685894858,0.5852842760427737
1475,1.3121E+11,0,0.31999998171428673,0.11944444361496914,0.016317016190232975
1476,1.3121E+11,0,0.4240837474301703,0.021080368813876288,0.006915629
1477,1.3121E+11,41080,0.3978159064303291,0.070503596,0.052369076653752164
1478,1.3121E+11,85460,0.5772787242103207,0.045056319836591745,0.1196358892114969
1479,1.3121E+11,108382,0.8150887513676868,0.006237006,0.7470326354077698
1480,1.3121E+11,12550,0.2531876092315554,0.080789945,0.1436915871064067
1481,1.3121E+11,12951,0.098039209,0,0.067669168
1482,1.3121E+11,0,0.727118632,0.013953488155759874,0.6257197576637283
1483,1.3089E+11,250001,0.47923321918157796,0.018662519149883063,0.4469273693080741
1484,1.3089E+11,90440,0.3691335706756898,0.013262599352231659,0.3138888859825103
1485,1.3089E+11,133750,0.6167938884214207,0.058224162603899836,0.6152416318758264
1486,1.3089E+11,137083,0.7957559576159687,0.10519480382863891,0.6270042141181079
1487,1.3089E+11,38381,0.1530944600473215,0,0.11517509637996035
1488,1.3089E+11,52656,0.18885245777801668,0.041884816510268666,0.079275198
1489,1.3089E+11,108488,0.7929717280903611,0.006875477,0.6236559111843373
1490,1.3089E+11,66902,0.36187844970645994,0,0.3361297520350685
1491,1.3089E+11,206799,0.7740712602420677,0,0.6852818335841241
1492,1.3089E+11,163875,0.7367367293619947,0.018078021,0.6469031199211058
1493,1.3121E+11,0,0.21503759075131443,0.054154994825817045,0.1017488060135325
1494,1.3121E+11,57234,0.35242839132983567,0.039374053,0.3537144593282957
1495,1.3121E+11,15109,0.14919354638180718,0.022459892807915587,0.1353637878957058
1496,1.3121E+11,90246,0.6893295496758305,0.07615894,0.5488215442018388
1497,1.3121E+11,64231,0.6488371942130885,0,0.4419713761212818
1498,1.3121E+11,39326,0.3178170093448313,0,0.020979020612254887
1499,1.3089E+11,140179,0.7630252036720572,0.017628204986953486,0.4658691029847354
1500,1.3089E+11,105104,0.7366459535820379,0,0.6375952528569412
1501,1.3121E+11,33646,0.27659573933083675,0.046511627,0.075995174
1502,1.3089E+11,52335,0.680365289,0.051477597,0.38656069084854994
1503,1.3121E+11,24219,0,0.27878787033976155,0.00137931
1504,1.3121E+11,63545,0.313146229,0,0.015206812559569268
1505,1.3121E+11,69331,0.5080459711718854,0.058823529,0.008264463
1506,1.3121E+11,11520,0.19315402950723645,0.039301309185560934,0.025316455340134245
1507,1.3121E+11,18615,0.24131944025487084,0.084406293,0.007284079
1508,1.3121E+11,39392,0.22263681315128342,0,0.031712473
1509,1.3121E+11,58654,0.17907227422791505,0.007834758,0.029882603736578403
1510,1.3121E+11,53991,0.48798076336561585,0.018108652,0.018251680900560223
1511,1.3121E+11,0,0.5669515629134504,0.043832185,0.056620209
1512,1.3121E+11,0,0.12677106542303457,0.17458100436745108,0.011326861
1513,1.3121E+11,102065,0.8231009279594076,0,0.7478031568734345
1514,1.3121E+11,86081,0.6502963535114619,0.052713178,0.46360423700633047
1515,1.3089E+11,104375,0.6935933083231819,0.059139784416310175,0.44208361588702116
1516,1.3121E+11,115417,0.7951002138630265,0,0.7909343127573144
1517,1.3121E+11,0,0.6270096261411696,0.017094017,0.28039010699968614
1518,1.3121E+11,41250,0.14960628743257579,0,0.040816325
1519,1.3121E+11,35611,0.3493282082662532,0.19160583591960154,0.057617187
1520,1.3121E+11,29274,0.31065759402375215,0.027704485305379386,0.069594594
1521,1.3121E+11,186307,0.9042071138886271,0,0.786745052
1522,1.3121E+11,41328,0.14252336115599623,0.047540983,0.027027027
1523,1.3089E+11,58944,0.15406976520247434,0.006031363,0.051663127730621886
1524,1.3089E+11,45795,0.3092715211306522,0.1085450340153289,0.081283422
1525,1.3089E+11,169473,0.6531204597015932,0.061571125,0.6565860170928359
1526,1.3089E+11,179063,0.805817604,0.009803922,0.6873239404350988
1527,1.3089E+11,39583,0.3738474402862746,0.04453125,0.20025428989030966
1528,1.3089E+11,54432,0.3374340889730389,0.040472175,0.093548386
1529,1.3089E+11,165833,0.7819472537327865,0.058292282,0.7403982877638813
1530,1.3089E+11,85938,0.6700274915671174,0.006140351,0.5909090874655648
1531,1.3089E+11,36724,0.19322033767308247,0.003759398,0.060521414988261565
1532,1.3089E+11,123636,0.6934225117790133,0.019607842934903582,0.8263598239920521
1533,1.3121E+11,74375,0.8203592732499074,0.029276985668846775,0.29745552736443254
1534,1.3121E+11,71536,0.3093749903320316,0,0.041176470103806234
1535,1.3121E+11,18558,0.14239999886080001,0.075328265,0.028854823905727467
1536,1.3121E+11,146111,0.9311700990052104,0,0.7775768464956886
1537,1.3121E+11,110481,0.6913207494994661,0.057733428,0.36915887562960376
1538,1.3089E+11,190357,0.8457997601173791,0.037353255,0.7801418360674586
1539,1.3121E+11,63563,0.5678137594350834,0.030927834761688523,0.4381533062878632
1540,1.3121E+11,67092,0.7377048978769154,0,0.26023391432406556
1541,1.3121E+11,103718,0.7462686465906561,0.073405535,0.41614906401502005
1542,1.3121E+11,129375,0.9887766498946317,0.008315098,0.7007266089885258
1543,1.3121E+11,47961,0.41947563972001356,0.056047196,0.029275808
1544,1.3121E+11,90900,0,0.023908523659994557,0.029484029121817825
1545,1.3121E+11,28534,0.091482647,0.022082018230851163,0.054181389
1546,1.3121E+11,42151,0.35239566688723856,0,0.025547445022377328
1547,1.3121E+11,31110,0.1475155256596968,0.10632183755284716,0.029810298
1548,1.3121E+11,34779,0.22202486284147668,0.082644627,0.019073569222430937
1549,1.3121E+11,19844,0.4383333296805556,0.015212169613993838,0.028767123090636143
1550,1.3121E+11,48571,0.38532109502567136,0,0.12085769862711795
1551,1.3121E+11,41027,0.10275423619963733,0.033776868,0.041105121
1552,1.3121E+11,0,0.12292358599794709,0.056547618206136636,0.022753128
1553,1.3089E+11,155781,0.8402182319546514,0.14318181736828514,0.8202352902577162
1554,1.3121E+11,0,0,0,0.037735848
1555,1.3121E+11,74309,0.6599190216607387,0.056695992,0.26390292958642136
1556,1.3121E+11,0,0.6733615150807452,0.012334801653437871,0.3853695295221001
1557,1.3121E+11,0,0.27037036035665335,0,0.044799999
1558,1.3121E+11,0,0.36666662592593047,0,0.090909087
1559,1.3121E+11,112734,0.8184019271379912,0,0.7788697724908291
1560,1.3089E+11,172727,0.7102713109469835,0.035645472,0.8180839524425839
1561,1.3121E+11,25516,0.4835164658052577,0,0.020771512736750364
1562,1.3121E+11,54821,0.34638553173537556,0,0.093610697
1563,1.3121E+11,117365,0.8070714772707803,0.035444946942345804,0.7683615757194384
1564,1.3121E+11,28549,0.5638297752376644,0.072356214,0.078703703
1565,1.3121E+11,0,0.3430012567086853,0.1740226964183771,0.41286862163891097
1566,1.3089E+11,146250,0.8614800677278931,0.027821939,0.8239795865817628
1567,1.3121E+11,39613,0.33703702455418433,0,0.026315789012003703
1568,1.3121E+11,109630,0.9309392179471527,0,0.7193378425933947
1569,1.3121E+11,56204,0.33185839239564635,0.030170528945472105,0.6699595838798401
1570,1.3121E+11,83203,0.6492890892687347,0.054545454,0.28594507038816586
1571,1.3121E+11,14324,0.084745762,0,0.11890606279540948
1572,1.3121E+11,95469,0.7310838371054823,0.1324503302486733,0.5518394602689008
1573,1.30971E+11,51451,0.28653845878328404,0,0.405677112
1574,1.30971E+11,45492,0.5274725210320815,0,0.076923076
1575,1.30971E+11,62623,0.3436123317743407,0,0.21645997623190544
1576,1.3067E+11,54737,0.4769085723194291,0.1753889662278008,0.056003394
1577,1.3067E+11,38397,0.33831908590940823,0.046385542,0.038732394
1578,1.30971E+11,35284,0.3080139351357914,0,0.094996833
1579,1.3067E+11,64803,0.3121546932582441,0,0.081287044
1580,1.3067E+11,112744,0.12420785647391817,0,0.034141958
1581,1.3067E+11,40481,0.046987951,0.016177957369282535,0.075046904
1582,1.3067E+11,59861,0.27346938403443016,0.088803088,0.0771369
1583,1.3121E+11,0,0.9359698505467072,0.1018766742375781,0.3675213612389511
1584,1.3089E+11,156250,0.889097728,0.014388488949847322,0.847250501
1585,1.3121E+11,0,0.23068308812224986,0.005518764,0.045911047
1586,1.3121E+11,73318,0.8953107863106785,0,0.5917431124800102
1587,1.3121E+11,111944,0.8095617465373566,0.026535254,0.7386706892849646
1588,1.3121E+11,89583,0.6303258066375212,0,0.4719202855804322
1589,1.3121E+11,0,0.2214764952029198,0.006711409,0.03488372
1590,1.3121E+11,66707,0.6774193426985781,0.014106583,0.46234309301015974
1591,1.3121E+11,111389,0.8261589267192231,0.023112480383474878,0.7543859547316336
1592,1.3089E+11,250001,0.8882521405133511,0.009474591,0.8482570003536773
1593,1.3121E+11,0,0.8214971130374558,0,0.5640138359514374
1594,1.3121E+11,66316,0.6434400461805396,0,0.6291390676395773
1595,1.3121E+11,0,0.47985781421969415,0,0.6520963367341986
1596,1.3121E+11,43938,0.7255216576962816,0.062831188,0.33117350373525195
1597,1.3089E+11,152054,0.9352517851042909,0.034666666,0.8369152865118169
1598,1.3121E+11,112554,0.9066917916428672,0.014617368747916004,0.6088060913733608
1599,1.3121E+11,68894,0.8136142493741613,0,0.8249999906250002
1600,1.3121E+11,0,0.5696969351698827,0.035884773603481857,0.776196405
1601,1.3121E+11,69632,0.769771515,0.037993920395229176,0.8344827490289339
1602,1.3121E+11,88914,0.6208251351507832,0,0.29425113241867523
1603,1.3089E+11,89408,0.8461538381181972,0.037511436,0.7788802212694528
1604,1.3121E+11,108005,0.9034926387546632,0.15646853010079956,0.7635196996927617
1605,1.3121E+11,128433,0.8924148537738789,0.017397355480881314,0.7549353250174586
1606,1.3121E+11,0,0.045235803439673705,0.004074242,0.10810810768465291
1607,1.3121E+11,166774,0.7642014923451073,0.013605442044650709,0.7116279003569498
1608,1.3121E+11,156806,0.7837837783521567,0.055074257,0.6489439137003357
1609,1.3121E+11,0,0.7374301593583222,0.048780487287587625,0.6148923757132497
1610,1.3121E+11,103950,0.9192652673247959,0.002513264,0.6060692796848861
1611,1.3121E+11,103167,0.7104477505903322,0.018492176123866628,0.5438225919342915
1612,1.3121E+11,132399,0.6967136084815624,0.026929981804937327,0.7101740246976304
1613,1.3121E+11,92500,0.9576158813560811,0.011166252963197855,0.832389572
1614,1.3121E+11,129175,0.9875930398561658,0,0.676079729
1615,1.3121E+11,98636,0.8642447253490493,0.076124566,0.7872340305891485
1616,1.3089E+11,250001,0.8626328629384067,0.015927977729030627,0.8396407899958898
1617,1.3121E+11,91838,0.5794701890816194,0,0.5770348753337954
1618,1.3121E+11,0,0.8749999453125034,0.064683053,0.5141752544189739
1619,1.3121E+11,112978,0.8548387047532333,0.030693069154984806,0.6795275563798128
1620,1.3121E+11,132658,0.7758719223792343,0.030640668,0.6890871606788802
1621,1.3121E+11,166128,0.950271239,0.012100259186687475,0.8729962900986894
1622,1.3121E+11,132197,0.9604146940582969,0.1668185946506965,0.8240827768195411
1623,1.3121E+11,0,0.12116991474693713,0,0.014423076749722636
1624,1.3121E+11,26267,0.4047618927154199,0.097323599,0.031166518
1625,1.3121E+11,15990,0.3503184490243026,0.16831682335065232,0
1626,1.3121E+11,41224,0.45611510135086186,0,0.026415094
1627,1.3067E+11,27500,0.22043627760693138,0.073146292,0.086538461
1628,1.3121E+11,48897,0.3516128975546307,0,0.066298342
1629,1.3121E+11,18846,0.22490706110681172,0.026220614591133683,0.046021093
1630,1.3121E+11,0,0.07142857,0.089678509,0.026992288
1631,1.3121E+11,0,0,0,0
1632,1.3121E+11,146844,0.4983642257539343,0.064638783,0.16654701962277804
1633,1.3089E+11,206719,0.8555555469135804,0.00997009,0.7766405732893403
1634,1.3089E+11,113679,0.8213610508377973,0.036458333,0.7239914997453132
1635,1.3089E+11,154044,0.7669410971061362,0,0.715151512
1636,1.3089E+11,36716,0.7618181679669425,0,0.7598290533347944
1637,1.3089E+11,83355,0.6690909009807163,0.016091954,0.3856624284422647
1638,1.3089E+11,78550,0.5641025585394225,0.036713286,0.3126242529193626
1639,1.3089E+11,197031,0.8807946874040615,0.015673981,0.7976298924555161
1640,1.3089E+11,88864,0.6475195766099253,0.085141902,0.49212302706584377
1641,1.3089E+11,250001,0.8970588070393603,0.016467065621750515,0.6666666613503456
1642,1.3089E+11,62078,0.22073279516771407,0.019593067,0.18835370101830554
1643,1.3089E+11,85313,0.3823933948941307,0.016059295762450305,0.032948929
1644,1.3089E+11,88359,0.3248239408026062,0.017756255,0.036414566
1645,1.3089E+11,73665,0.290999999,0.044715447,0.015582034759019087
1646,1.3089E+11,69926,0.3063147944739416,0.048024787,0.045815515908274186
1647,1.3089E+11,0,0.35613340669229276,0.015838339618578157,0.038461538
1648,1.3089E+11,55938,0.37415881309448984,0.020022247,0.035733622
1649,1.3089E+11,59275,0.20432692062107066,0.08705357,0.033858267
1650,1.3089E+11,30134,0.1570351739065933,0.039414414,0.025013594208735213
1651,1.3089E+11,88992,0.39215685869807165,0.013562387,0.10492227911319768
1652,1.3089E+11,90552,0.16577539663702148,0.19346733182242887,0.016949152362826778
1653,1.3089E+11,0,0.15969581546646622,0.027185892526187416,0.058259081
1654,1.3089E+11,43234,0.17754568958817638,0.13590263553851284,0.013651877
1655,1.3089E+11,103813,0.18234323281895023,0.1120107954655142,0.042717087
1656,1.3089E+11,69664,0.35788690209905577,0.11253644249249888,0.043413912
1657,1.3089E+11,53080,0.7073715509503236,0.043931496322177986,0.014840680860581924
1658,1.3089E+11,80785,0.33522012367786086,0.032558139345592214,0.047477745
1659,1.3089E+11,68051,0.3581749022192023,0.049346879,0.048375451
1660,1.3089E+11,43402,0.09437086,0.03113325,0.021443888338499726
1661,1.3089E+11,59597,0.2746598616100352,0.049304677311601285,0.04318026
1662,1.3089E+11,84250,0.4125214372854079,0.08303249,0.025967143476591716
1663,1.32971E+11,76359,0.10457963018059037,0.046497584,0.854330704
1664,1.3089E+11,40469,0.15728900054617648,0.12903225646361965,0.11530249028254455
1665,1.32471E+11,70500,0.398897051,0.00661157,0.7199210974366755
1666,1.32971E+11,79554,0.2039215672946303,0.062633833,0.7344150267531382
1667,1.31351E+11,69733,0.5019480486886491,0.053642009860858215,0.14774236338730953
1668,1.32971E+11,88194,0.305147056,0.046651617406684595,0.7982798999352627
1669,1.31351E+11,62963,0.325025431,0,0.21842105191308864
1670,1.31351E+11,98059,0.3333333312088379,0.043928923771328114,0.06828528
1671,1.32971E+11,96204,0.3406735707166636,0,0.6766467015221055
1672,1.31351E+11,66424,0.2575618674833926,0.006006006,0.2206068254070365
1673,1.3089E+11,28750,0.366013064,0.1568627416805503,0.04518664
1674,1.3089E+11,0,0.7605262957756238,0.028500619,0.6456692840757111
1675,1.3089E+11,110201,0.767765187,0.006413419,0.615484426
1676,1.3089E+11,0,0,0,0.029556649
1677,1.3089E+11,109310,0.784615374,0.044117647,0.6796246603242315
1678,1.3089E+11,37017,0.2529290127296415,0.010143198,0.08377425
1679,1.3089E+11,120341,0.7401490868993708,0.1049085649190706,0.8215158857252169
1680,1.3089E+11,0,0.6220657130970491,0.022883294670862822,0.4667949906949472
1681,1.3089E+11,118250,0.6628630636632462,0,0.783034251
1682,1.3089E+11,58490,0.651675479,0.007836991,0.6736990107334809
1683,1.3089E+11,75846,0.5898463554452481,0.1272333506917523,0.020477816
1684,1.3089E+11,75978,0.5773195757253696,0.029520295,0.041864890182065746
1685,1.3089E+11,80774,0.41904761405895696,0.086956521,0.031677465574676274
1686,1.3089E+11,128571,0.5834411346478582,0.061810154184270674,0.013297872252008828
1687,1.3089E+11,128222,0.4350086617416927,0.025641025484487025,0.014504431792873234
1688,1.3089E+11,54620,0.283950614,0.087328766,0.02897351
1689,1.3089E+11,65391,0.2905904032233358,0.005223881,0.1024390236763831
1690,1.3089E+11,94952,0.4261255521488551,0.038829488,0.037192247
1691,1.3089E+11,78324,0.32823259121474685,0.057387862,0.018518518
1692,1.3089E+11,99250,0.47391951956840894,0.042468480142876706,0.050177095335436274
1693,1.3089E+11,105000,0.6615177927366166,0.035012285,0.4822904339888404
1694,1.3089E+11,0,0.094839609,0,0.6781361958556545
1695,1.3089E+11,65804,0.26813365714642495,0.048886474,0.10098039166186083
1696,1.3089E+11,60714,0.7931654533603336,0,0.4095940909029017
1697,1.3089E+11,112731,0.8333333202306082,0.047169811,0.6472148455276546
1698,1.3089E+11,68207,0.3773885320271614,0.099246231,0.10430563914914713
1699,1.3089E+11,62083,0.20641025376397112,0.013806705978237613,0.14886459084218173
1700,1.3089E+11,44583,0.30075542823061646,0.16244343817898896,0.1381466734613606
1701,1.3089E+11,34122,0.6317228748247687,0.058772687478196306,0.27715091482968324
1702,1.3089E+11,187000,0.8844085902633254,0,0.8316666597361112
1703,1.3089E+11,73716,0.075931231,0.18279569646779978,0.093347638
1704,1.3089E+11,46824,0.1734458927594329,0.10226576789794387,0.070255474
1705,1.3089E+11,86703,0.2012383885353066,0.074920634,0.091721262
1706,1.3089E+11,60231,0.28993435131362855,0.02047502,0.055555555
1707,1.3089E+11,43314,0.22700586639910242,0.1755813933071931,0.027047913237651367
1708,1.3089E+11,68235,0.26147958850153585,0.05532359,0.056903765214194435
1709,1.3089E+11,63894,0.3053435036808269,0,0.092024539
1710,1.3089E+11,104511,0.4785714200255104,0,0.021300448
1711,1.3089E+11,111625,0.41765980272123615,0.045454545237059586,0.033636363
1712,1.31351E+11,93333,0.5028409019482827,0.013477088767155138,0.26007325769163686
1713,1.31351E+11,87943,0.28651058766431897,0.028124999707031254,0.16231474832523113
1714,1.3089E+11,132267,0.5200302303852591,0,0.045239703
1715,1.3089E+11,98068,0.362680679,0.078324225,0.1214887631917924
1716,1.3089E+11,60965,0.2178770925376861,0.019125682885922743,0.13478915561152743
1717,1.3089E+11,48528,0.21848013628255497,0.030721965969877373,0.09074733
1718,1.3089E+11,58180,0.32374999595312504,0.015184382,0.12178517305760081
1719,1.3089E+11,50714,0.12003000660142531,0.059316956,0.097119341
1720,1.3089E+11,104309,0.6749792130093166,0.008908686,0.028846154
1721,1.31351E+11,56723,0.15506715317378325,0.009513742,0.18476621278456853
1722,1.3089E+11,43203,0.2657430697009689,0.030330882074164688,0.15341545266844653
1723,1.31351E+11,0,0.16524701592424165,0.060786650050218716,0.14169787676842774
1724,1.31351E+11,140217,0.7811634132641714,0.1157894706371192,0.039772727
1725,1.32971E+11,100096,0.2796865564816965,0.022896964,0.8017111182601353
1726,1.32971E+11,111793,0.3396004660446479,0.023281596,0.8327586135107016
1727,1.31351E+11,92442,0.42464245957489044,0.0264731,0.22118643880350475
1728,1.31351E+11,0,0.30249890266331037,0,0.2840796005767184
1729,1.31351E+11,114716,0.3333333296783626,0,0.10104529558045705
1730,1.31351E+11,88843,0.3517350129989352,0.22559366605808928,0.22700198393777643
1731,1.31351E+11,64498,0.37586471655753484,0.05362776,0.17374701587710253
1732,1.32971E+11,120882,0.3008921305685959,0,0.8122765148255273
1733,1.3089E+11,32304,0.3994169037985874,0.027027027,0.15861344371204367
1734,1.3089E+11,33958,0.1859205742613615,0,0.1030818267472707
1735,1.3089E+11,120395,0.5830212161919949,0,0.48583569061022885
1736,1.3089E+11,59592,0.25936767998028293,0.044351073555783965,0.071276141
1737,1.3089E+11,35538,0.1039874894137022,0.047520661,0.026838432
1738,1.3089E+11,22169,0.2150537608715202,0,0.1838879143267258
1739,1.31351E+11,76094,0.37525772422149023,0,0.3510869527055766
1740,1.3089E+11,58229,0.13941018579879108,0.031407035,0.3672727228209367
1741,1.3089E+11,34634,0.2612859061383597,0,0.029580152389502363
1742,1.3089E+11,0,0.097103917,0,0.097315435
1743,1.3121E+11,0,0.9087452125952391,0.038034864991799804,0.5035663302170733
1744,1.3121E+11,81184,0.650363512,0.053907022483150234,0.48527208943948036
1745,1.3121E+11,0,0.5543070953443036,0,0.7643171637815603
1746,1.3089E+11,108162,0.7203608154592679,0.056109725,0.7532110022641193
1747,1.3121E+11,133802,0.9412265677919373,0,0.6298254858285273
1748,1.3121E+11,127431,0.8853582499354626,0.078902229,0.6901527954995519
1749,1.3121E+11,117250,0.9221388281225251,0.026058631709620264,0.8145483547997734
1750,1.3121E+11,55486,0.6774193439125913,0.055660377,0.38350391099636416
1751,1.3121E+11,250001,0.815310997,0,0.8521008331756232
1752,1.3121E+11,241453,0.9354422147485977,0.020082693324969324,0.48452768335075175
1753,1.3121E+11,81919,0.9999999665551852,0,0.384158408
1754,1.3121E+11,0,0.8406374334534377,0.024208566,0.9047120324113923
1755,1.3089E+11,235234,0.8333333231954584,0.063583814,0.8304221191381215
1756,1.3121E+11,68802,0.8546666552711113,0.009443861,0.37878787541187275
1757,1.3121E+11,123794,0.8285903320410964,0,0.5583554339631602
1758,1.3121E+11,0,0.8721311380094958,0,0.84477892
1759,1.3121E+11,180134,0.8407257895014962,0.02782324,0.7833876093910813
1760,1.3121E+11,59875,0.7547869008351643,0.025728987882808797,0.5005617949406641
1761,1.3089E+11,118214,0.8844036534971808,0.054421768,0.7624999931919644
1762,1.3121E+11,125500,0.9934711534986818,0.024253731,0.44558359270044484
1763,1.3089E+11,39091,0.2526652425088993,0.04668534,0.13222632145002264
1764,1.3089E+11,44509,0.8195804081177566,0.088111887,0.6398416802131704
1765,1.3089E+11,56731,0.37957316783861916,0.065753424,0.17681895018266094
1766,1.3089E+11,52778,0.2725546032995764,0.023519164,0.049753694336188696
1767,1.3089E+11,0,0.745350495,0.048034934198160115,0.5337922369599986
1768,1.3089E+11,55966,0.34149484316047135,0.015430266970740255,0.14140480526153046
1769,1.3089E+11,188274,0.9999999637681174,0,0.7446153617041428
1770,1.3089E+11,169479,0.8452721982304471,0,0.8153266229230324
1771,1.3089E+11,82250,0.37769516447810286,0,0.26582278303915535
1772,1.3089E+11,45865,0.405381941,0.016421780324790143,0.11015118742915253
1773,1.3121E+11,26890,0.16806721276746112,0,0.013513511687363285
1774,1.3067E+11,142664,0.3260050230778579,0.051708217674477294,0.16578108307236405
1775,1.3121E+11,30964,0.22629582520485683,0.14078498173391654,0.010663507045832304
1776,1.3121E+11,62566,0.34867663580349095,0.020169851165925148,0.22595078047034922
1777,1.3067E+11,168190,0.7909090819214877,0.022727272,0.2367270441178823
1778,1.3121E+11,0,0.12457912318093016,0.066605839,0.071246819
1779,1.3121E+11,43203,0.30185758046660094,0.034802784,0.044809559038016734
1780,1.3121E+11,52910,0.2765236989105677,0.044228694,0.067823343
1781,1.3121E+11,198611,0.7715582334106168,0.018154311374367453,0.5790309723667119
1782,1.3067E+11,64706,0.39112343785888376,0,0.205194804
1783,1.3067E+11,74600,0.26867335263463377,0,0.15808383044210983
1784,1.30971E+11,89662,0.17024539616188045,0.086288415,0.4884422061463095
1785,1.3067E+11,88375,0.26868859346993335,0.04042312,0.18506493420656336
1786,1.3067E+11,54211,0.27700347949471293,0.014347202089710158,0.20091848219381767
1787,1.3067E+11,69715,0.3378282445860309,0.043395022,0.16231343223017375
1788,1.30971E+11,51524,0.051460361,0.1138872741784586,0.22303030167860424
1789,1.30971E+11,30511,0.286713277,0,0.4172313609174118
1790,1.3067E+11,79861,0.23284589164402822,0.025869758912847825,0.2244738875723002
1791,1.3067E+11,87500,0.3050955394579902,0.037691401,0.30812013176796366
1792,1.3067E+11,53511,0.097807756,0.24590163624335895,0.3153049445879753
1793,1.3121E+11,94643,0.6578599648895646,0.01,0.7559321948482238
1794,1.3121E+11,140938,0.795336777,0.028985506923238497,0.8051947999662675
1795,1.3121E+11,103592,0.8777120229022484,0.035502958,0.32482598231060344
1796,1.3121E+11,187065,0.8698140075849212,0.024965325589940007,0.8543096807451588
1797,1.3121E+11,0,0.7177418776014615,0,0.32603405532763857
1798,1.3089E+11,87246,0.8899159589082692,0.054911059,0.7527352215236847
1799,1.3089E+11,40191,0.535055344,0.078922643,0.372444011
1800,1.3089E+11,123472,0.7350835234476907,0.027088036,0.725747624
1801,1.3121E+11,0,0.7542372801457915,0,0.42992873853961555
1802,1.3121E+11,58278,0.8360128348548929,0,0.5186011866175507
1803,1.3089E+11,0,0.7989417566697483,0.027351567529342445,0.3152046765192709
1804,1.3089E+11,54688,0.12239901930968153,0.06609547,0.026357827265512564
1805,1.3089E+11,45223,0.6649746024118122,0.13282732195773583,0.096920289
1806,1.3089E+11,33771,0.15275310699153546,0.057660626,0.022357723501498224
1807,1.3089E+11,140471,0.7844638863844214,0.042944785,0.7821782129815705
1808,1.3089E+11,31184,0.23655913469765302,0.017892643779470304,0.12297734428839249
1809,1.3089E+11,55511,0.8506786945394256,0.017699114730989122,0.3771580295198137
1810,1.3089E+11,86372,0.8416588045083996,0,0.6646848949780922
1811,1.3089E+11,66250,0.41366459113460136,0,0.5029515879226495
1812,1.3089E+11,33718,0.077900084,0.097494921,0.096180555
1813,1.3121E+11,90398,0.7241992818131736,0.09090909,0.6500920750451927
1814,1.3121E+11,114842,0.713004476,0.061452513,0.8100743120555384
1815,1.3121E+11,120977,0.6078431306335171,0.041589648,0.6644981350883074
1816,1.3121E+11,0,0.6806596599601251,0.027616278668368043,0.8081343871959824
1817,1.3089E+11,214750,0.884615366,0.02788104,0.846553955
1818,1.3121E+11,0,0.5361139342008447,0.005777961,0.40409482323173684
1819,1.3121E+11,173167,0.8967921771716573,0,0.849162003
1820,1.3121E+11,89375,0.9246284402905686,0,0.6262705189501914
1821,1.3121E+11,201154,0.876790806,0,0.8308080598280794
1822,1.3121E+11,0,0.909810112,0.063613231,0.7734374913678852
1823,1.3089E+11,101758,0.6315192672163349,0.071280991,0.5241286828141509
1824,1.3089E+11,74302,0.24183006219829986,0.038257173,0.021903959377388718
1825,1.3089E+11,41286,0.15686274253492252,0.035714285,0.050349649997554896
1826,1.3089E+11,140216,0.7198772009218941,0,0.5714285681762745
1827,1.3089E+11,105380,0.422471907,0.072337575,0.22042410591281192
1828,1.3089E+11,83604,0.6545643085626109,0.037313432526422614,0.643644802
1829,1.3089E+11,115556,0.427692303,0.081726354,0.5805214679407863
1830,1.3089E+11,77596,0.40686274011197626,0.05348615,0.068318318
1831,1.3089E+11,48750,0.33160082815383757,0.053244591903123195,0.1532066499215757
1832,1.3089E+11,0,0.7698412576215674,0,0.6199999917333334
1833,1.3121E+11,128585,0.7303921508954889,0.048231510866306185,0.7044485027151218
1834,1.3121E+11,240962,0.9797979633030647,0.019259258973936905,0.792943354
1835,1.3089E+11,114215,0.9279835295474945,0,0.49999999521988536
1836,1.3121E+11,102466,0.7761193971931388,0,0.6137566101484032
1837,1.3121E+11,159375,0.8335664277372977,0,0.6798096486756652
1838,1.3121E+11,250001,0.9566209827255484,0,0.9089805714929543
1839,1.3121E+11,65227,0.8395604303345008,0.033747779451618304,0.5345501920824629
1840,1.3089E+11,153382,0.7318255132176815,0,0.871116216
1841,1.3121E+11,95750,0.742168666,0,0.4922480572456584
1842,1.3121E+11,105346,0.7141008963246973,0,0.34793186924657094
1843,1.3089E+11,0,0.6902255587201086,0.043942247056231974,0.7110042697061738
1844,1.3121E+11,116402,0.9304703381342502,0,0.681388007
1845,1.3121E+11,96056,0.6107506894277045,0.005940594,0.45400593135010436
1846,1.3121E+11,50000,0.6487179320841556,0.046770600294641425,0.39999999327731106
1847,1.3121E+11,72917,0.5693860338991923,0.052295918033827056,0.43206996832612266
1848,1.3121E+11,113720,0.7630718829563418,0.025081788167047023,0.4779806608165343
1849,1.3089E+11,90881,0.7368420621729788,0.016666666203703717,0.751962312
1850,1.3121E+11,56094,0.6831345709857825,0,0.7420178704723133
1851,1.3121E+11,250001,0.9705042724024332,0.004139073,0.9540086951273543
1852,1.3089E+11,0,0.9132231216276215,0,0.5819477365564402
1853,1.3089E+11,69788,0.6174358911032216,0.039805036,0.3527156526983025
1854,1.3089E+11,99273,0.22029702788533806,0.022123893642154176,0.18242789951423274
1855,1.3089E+11,79423,0.8457943530002638,0.021186439780235603,0.5630885016367514
1856,1.3089E+11,95543,0.7484662500156826,0.015579357199811517,0.773722623
1857,1.3089E+11,84583,0.35332369686904846,0.028072364141781884,0.1983903412539624
1858,1.3089E+11,50880,0.18690908954975208,0.07285483,0.050236622
1859,1.3089E+11,0,0.20997374776971792,0.051485147495343615,0.033996682968518384
1860,1.3089E+11,66184,0.21632124072122746,0.16207626946953105,0.1235132651096682
1861,1.3089E+11,97115,0.6814159171430811,0.022260273591433673,0.508090611
1862,1.3089E+11,38391,0.2112068942757878,0,0.039698836
1863,1.3121E+11,57292,0.041782729223081766,0.033333333,0.081264107
1864,1.3067E+11,99453,0.7002288302813545,0.005965697,0.22563835213320296
1865,1.3067E+11,128158,0.5937813380764159,0.067268252,0.248911013
1866,1.3121E+11,91376,0.7238855573926444,0.06766467,0.2691092844655131
1867,1.3121E+11,201250,0.7982216087672941,0,0.6181069933411234
1868,1.3067E+11,122375,0.7212435158420362,0,0.3940092143202234
1869,1.3121E+11,111157,0.8258774891543187,0.009481669,0.47098718737382367
1870,1.3121E+11,0,0.9086115833284432,0,0.864406771
1871,1.3121E+11,78472,0.8226002330182232,0.006535948,0.2069377965677297
1872,1.3121E+11,200383,0.7499999933745584,0.008196721,0.7821543345485986
1873,1.3121E+11,94046,0.7944751293428163,0.046536796033151556,0.6919126997187074
1874,1.3121E+11,250001,0.9868073748442299,0.016867469676295547,0.868075795
1875,1.3121E+11,79180,0.8222748717739944,0.045492839,0.6146408797331431
1876,1.3121E+11,95333,0.8275493815934363,0.011846001915863762,0.8156955956260666
1877,1.3121E+11,96691,0.806866944,0.093678598,0.48438456531301555
1878,1.3121E+11,179557,0.9536423683171794,0,0.8359374891153973
1879,1.3121E+11,58788,0.6516329653838805,0.014350453,0.33172413564328185
1880,1.3089E+11,137778,0.7694117556539793,0,0.7100881419188233
1881,1.3121E+11,80357,0.63265304,0.090634438,0.7185534478214867
1882,1.3121E+11,77697,0.6962025140201895,0.041850219342506184,0.7376093186937417
1883,1.3089E+11,111646,0.8344155776427307,0.010862185941193578,0.7473084183197694
1884,1.3089E+11,83401,0.49273255097772456,0,0.5012853427481976
1885,1.3089E+11,122936,0.35180623829307783,0.18908170575169303,0.18204334252604742
1886,1.3089E+11,153750,0.8632558059232018,0,0.8415470939391947
1887,1.3089E+11,144531,0.7325349228289928,0.028789161483580343,0.7965162248890244
1888,1.3089E+11,116250,0.6454352373096047,0.026367187242507938,0.7892271601153227
1889,1.3089E+11,111902,0.7647714518977542,0.009469697,0.7806716875896389
1890,1.3089E+11,43566,0.32581648269194025,0,0.16815920230687362
1891,1.3089E+11,67731,0.276672692,0.090647481,0.056847545
1892,1.3089E+11,30655,0.2306451575702394,0.10689170032501125,0.066076294
1893,1.3121E+11,60650,0.6944083134667319,0.11383108795800383,0.2723004673528915
1894,1.3089E+11,74158,0.5562913854655498,0.00930626,0.622334452
1895,1.3121E+11,250001,0.9388489039775377,0,0.9399293175508915
1896,1.3121E+11,81998,0.5322128777000997,0.021479713347497455,0.470869145
1897,1.3121E+11,79273,0.784277865,0,0.34699103268897524
1898,1.3121E+11,77931,0.678160912,0.035118525,0.3058161331718816
1899,1.3089E+11,51607,0.6894409795146795,0,0.29053420533707397
1900,1.3121E+11,121563,0.9058577311102748,0,0.8291525367515082
1901,1.3121E+11,72173,0.8079999892266668,0,0.21216973408991407
1902,1.3089E+11,0,0.8255577925850347,0,0.5350389261953401
1903,1.3067E+11,113750,0.2242424215243343,0.010101009987642986,0.2586898378429824
1904,1.3067E+11,75850,0.29107589415282825,0.089248067,0.30699666679201965
1905,1.3067E+11,61064,0.222591358,0.027576196987283065,0.23626373410014895
1906,1.3067E+11,68237,0.4495934922797277,0.031410256,0.2386058968439362
1907,1.3067E+11,69196,0.24509803521081644,0.053921567746379614,0.2830188656995372
1908,1.3067E+11,94250,0.46886911729518277,0.041176470103806234,0.315905741
1909,1.3067E+11,69082,0.48235293644752025,0,0.47190201389119585
1910,1.3067E+11,62875,0.3657587501198606,0.051222351,0.41940189336687167
1911,1.3067E+11,87000,0.2895522370773001,0.063509749,0.29686746844883144
1912,1.3067E+11,115104,0.31688672469154466,0.004135079,0.5927452548001215
1913,1.3121E+11,234185,0.8225388494489787,0.041162227104573526,0.9098005124908889
1914,1.3121E+11,192656,0.6631716820029924,0,0.8428898985907122
1915,1.3121E+11,93601,0.5771889334425239,0.051776649220541635,0.46369294124799854
1916,1.3121E+11,130809,0.8529784429280299,0,0.8698884650571442
1917,1.3121E+11,66797,0.6634214094099943,0,0.34777376236132657
1918,1.3089E+11,46042,0.6816143436626516,0.13892529397820907,0.5355063996769127
1919,1.3089E+11,105608,0.9106529105308945,0.041490262138101086,0.42255990401776794
1920,1.3121E+11,250001,0.9834254034980618,0.016210739,0.8846411744826213
1921,1.3121E+11,0,0.45161289281997946,0.007029877,0.38252426813083235
1922,1.3121E+11,68042,0.7937062798303098,0,0.8043478144297419
1923,1.3067E+11,83953,0.30657439234204575,0.060799073,0.24750146826865685
1924,1.3067E+11,90595,0.2995951295710474,0,0.19152854159247623
1925,1.3067E+11,250001,0.7999999926605506,0.018106995735744893,0.5231560862026524
1926,1.3067E+11,250001,0.844144137,0.010268562320153536,0.5787234007372438
1927,1.3067E+11,150865,0.555555549,0.055497382,0.38698629805662416
1928,1.3067E+11,163829,0.7612456681553144,0.008396306,0.39588235061245675
1929,1.3067E+11,148241,0.5737398844197892,0,0.3659078269522053
1930,1.3067E+11,101208,0.5363128192004012,0.15642457226678366,0.4403225735431843
1931,1.3067E+11,125559,0.7077223782236327,0.005934718,0.5734526430018446
1932,1.3067E+11,158830,0.7643158483163601,0.013001695799877356,0.45624332734128425
1933,1.3121E+11,93008,0.9486356188019965,0,0.5527488773737166
1934,1.3121E+11,94730,0.8984615292465484,0.060660124,0.5381026396726077
1935,1.3089E+11,103906,0.8149253609712633,0,0.51031487
1936,1.3121E+11,0,0.6546666579377779,0,0.7527593735898525
1937,1.3089E+11,0,0.7251815892835158,0.029115341219313088,0.43360234458105396
1938,1.3121E+11,113504,0.9140271079625742,0,0.7957559576159687
1939,1.3121E+11,41798,0.6810344729736426,0,0.6399999926857144
1940,1.3121E+11,237222,0.9365079216427314,0,0.8690126992276374
1941,1.3121E+11,44258,0.276276274,0,0.5057268677909528
1942,1.3089E+11,68708,0.5984455803511508,0,0.32022471310440614
1943,1.32971E+11,45125,0.031088082498859037,0.084374999,0.561327557
1944,1.32971E+11,101982,0.3609589016372678,0.002184599,0.8179816483743793
1945,1.32971E+11,0,0.095959595,0.050104383610601426,0.6168478218964143
1946,1.32971E+11,59034,0.059775839853351935,0.087699316,0.8663414549625225
1947,1.32971E+11,36645,0.090326713,0.040853382,0.40979870714090877
1948,1.32971E+11,87583,0.3628196243067061,0.012002182149469819,0.8726851801349237
1949,1.32971E+11,77875,0.25683059908797345,0.021459227314311678,0.5595238070567733
1950,1.32971E+11,71042,0.26808834525446806,0.11790392948742397,0.5945521184151277
1951,1.32971E+11,84195,0.27811244700690313,0.03319502,0.7837045675046626
1952,1.32971E+11,0,0.22640061223023322,0.030655391,0.3575308624319464
1953,1.31351E+11,72847,0.1588180964098052,0.000796813,0.31755280176582085
1954,1.31351E+11,94571,0.39186690950215425,0.005751849,0.21398601298841016
1955,1.31351E+11,70996,0.2523616700086144,0,0.13346613412882335
1956,1.31351E+11,118750,0.37957824428646925,0.000456413,0.16065292027210942
1957,1.31351E+11,82695,0.24866023446591515,0.027865168414089127,0.28973509773876877
1958,1.32971E+11,105625,0.29530916529521145,0,0.7859824731790834
1959,1.31351E+11,128517,0.5821995431848098,0.060738581,0.23822605871967792
1960,1.31351E+11,99052,0.30978808970950467,0.033152909,0.2538126347831556
1961,1.31351E+11,89645,0.40186246130471015,0,0.22836429438892478
1962,1.31351E+11,91696,0.411147008,0.014397905664935172,0.12980318589595508
1963,1.3089E+11,29464,0.168407309,0.095500458,0.071725571
1964,1.31351E+11,67813,0.5675675602629657,0.028500619,0.3242424217860423
1965,1.31351E+11,115104,0.3507073689448446,0.032176655948412264,0.3226691027300315
1966,1.3089E+11,29423,0.19225036971310924,0,0.048717948
1967,1.31351E+11,108393,0.6819338335631828,0.044878048,0.11538461415187379
1968,1.31351E+11,107578,0.4384191136174714,0.050612244,0.2222850666160347
1969,1.3089E+11,49010,0.3357972509419509,0.068846815,0.028485756907902872
1970,1.3089E+11,21548,0.092727272,0.07027027,0.030978934
1971,1.3089E+11,48883,0.2824933649536689,0.078823528,0.039017340758545224
1972,1.31351E+11,77092,0.6149606250790502,0.012320328457766403,0.2883917757654669
1973,1.32971E+11,87411,0.30599234889081023,0.013529645787784934,0.35001881689868714
1974,1.31351E+11,114083,0.2258635941021825,0.12368815499484143,0.26566951377728265
1975,1.31351E+11,89441,0.38252148449109624,0.022340425294250794,0.10595160166153302
1976,1.31351E+11,65984,0.3409610957973982,0.037564767,0.22502378579912563
1977,1.32971E+11,86611,0.24310635766400474,0.029064487,0.6056489073805902
1978,1.31351E+11,101736,0.3780821891912179,0.064481461,0.2739307521693954
1979,1.31351E+11,123920,0.32385542012599794,0.015714833,0.2420526782831395
1980,1.31351E+11,67969,0.4429824367112966,0.1304347769376184,0.31452580654830964
1981,1.31351E+11,77983,0.2848180641804509,0.007223942,0.24522968024572664
1982,1.31351E+11,95536,0.30059522914895154,0.045673076,0.18098510674702054
1983,1.3089E+11,159861,0.8970370303923183,0,0.6808675392651624
1984,1.3089E+11,44017,0.3605839363418404,0,0.089704996
1985,1.3089E+11,128421,0.8910368990242803,0.057616416,0.7086477033740702
1986,1.3089E+11,82222,0.3593281322175877,0.028353326,0.43856998772119843
1987,1.3089E+11,91389,0.291215401,0.14926624675360062,0.28707677497817463
1988,1.3089E+11,142250,0.7011070024464083,0.04030501,0.7186991811487872
1989,1.3089E+11,139453,0.8321255938149084,0.013745704309900294,0.7688483780542802
1990,1.3089E+11,120740,0.6231369721565865,0.034083601,0.5240071101125838
1991,1.3089E+11,46339,0.7755101896936886,0,0.7623762250432966
1992,1.3089E+11,220028,0.8443291264319561,0,0.7583219299666122
1993,1.31351E+11,96838,0.3752665205195467,0.009700176,0.29152248882766013
1994,1.31351E+11,88750,0.3674418576167298,0,0.37445482632738425
1995,1.31351E+11,90313,0.25578230944513863,0.025766871,0.5723104005969101
1996,1.3089E+11,156250,0.6856148412341666,0.074113855,0.48699763
1997,1.3089E+11,152321,0.49659090344783063,0.084548104,0.46682464086236464
1998,1.31351E+11,72852,0.2938906733511854,0.039608802,0.20854412474117975
1999,1.31351E+11,144773,0.4241572974135211,0,0.5227454068416169
2000,1.31351E+11,48839,0.546391745,0.012244897792586425,0.6055684384504821
2001,1.3089E+11,129219,0.6259469637694417,0,0.5742838069667968
2002,1.31351E+11,115000,0.49371068664873496,0.040744021,0.2563106783674239
2003,1.31351E+11,98420,0.5437219669986326,0.015596330132143761,0.19959879538817055
2004,1.31351E+11,68086,0.23767724349981606,0.064420803,0.29449492092733875
2005,1.31351E+11,63065,0.30541236719829423,0.024096385300237097,0.2223557678944966
2006,1.31351E+11,95781,0.19741100163906958,0.030120481726101194,0.3481634746603028
2007,1.31351E+11,59438,0.30052723549161275,0.028083028,0.4014084475633142
2008,1.31351E+11,83333,0.30113635508135356,0.081683166,0.493519437
2009,1.31351E+11,81750,0.23792394533440933,0.025194686096222232,0.2950819657903473
2010,1.31351E+11,74151,0.11203319424596685,0.008294453,0.28441410532187655
2011,1.32971E+11,37588,0.20374449114818843,0,0.6848428772195667
2012,1.31351E+11,67000,0.33215234426791546,0.016903312935068877,0.18399532602806468
2013,1.3089E+11,121058,0.7166276290661387,0.054347826,0.6677989085068009
2014,1.31351E+11,93929,0.4954591271901198,0.061154177,0.5579999962800001
2015,1.31351E+11,128002,0.3935091237980819,0.010357815345029988,0.6456310634838345
2016,1.31351E+11,69489,0.4283536552716947,0.039191672,0.5316172326154603
2017,1.31351E+11,105000,0.28790983311567797,0.028896672251342626,0.4125683031928395
2018,1.31351E+11,173711,0.7640653218862918,0,0.4999999939759037
2019,1.31351E+11,107623,0.5905861404033202,0,0.6177090610139911
2020,1.31351E+11,135653,0.6937798976671781,0.042638777,0.4747356023811069
2021,1.31351E+11,64527,0.389460152,0,0.4990697651206057
2022,1.31351E+11,132969,0.5315789380424748,0.042979942,0.5698427329339247
2023,1.31351E+11,66454,0.44402035058498285,0,0.3560090676038619
2024,1.31351E+11,69961,0.16180620732073184,0.003759398,0.4868322010020151
2025,1.31351E+11,157986,0.3109919529357647,0,0.39230249566304864
2026,1.31351E+11,42889,0.21048688980908697,0.10934519955915321,0.18871837333588395
2027,1.31351E+11,0,0.5423728756104569,0.073940486,0.47978436011072295
2028,1.31351E+11,80982,0.45004756945720675,0.017766497,0.4817961135813343
2029,1.31351E+11,0,0.5618963954179421,0.015827338015630663,0.3134469667287219
2030,1.32971E+11,97216,0.4003091159172402,0.023648648488860485,0.6374999962053571
2031,1.31351E+11,75938,0.19291819174042618,0.014639071102276269,0.2642967528887339
2032,1.31351E+11,96218,0.3384379759690814,0.015546918292354701,0.31469082191929565
2033,1.32971E+11,75211,0.18200836439313045,0.057096247,0.8452860528180012
2034,1.32971E+11,46206,0.16338880360522842,0,0.5561128491779759
2035,1.32971E+11,103088,0.33984867377144595,0.024912805057733908,0.8192771046372701
2036,1.32971E+11,65052,0.2823823395152755,0.03994137,0.5775034273748167
2037,1.32971E+11,89323,0.22647793316837692,0.044128645892829874,0.7956656311558352
2038,1.32971E+11,88977,0.32737611431863434,0.010891763,0.7739590166955782
2039,1.32971E+11,109418,0.24978429573000732,0.033547466,0.7463712729321188
2040,1.32971E+11,91410,0.5058881231310691,0.01264637,0.88379705
2041,1.32971E+11,114844,0.18986174940219586,0.054380664241837885,0.7156208229931854
2042,1.31351E+11,127143,0.4062758017648571,0.14750542192693114,0.5525197294928978
2043,1.3067E+11,66830,0.3480243108202992,0.055555555,0.3471837456400393
2044,1.3067E+11,83559,0.26987447134153825,0.008130081,0.2905844132257759
2045,1.3067E+11,74750,0.22473245868332392,0.032497678,0.36653116282837966
2046,1.3067E+11,87222,0.3461538410332272,0.017751479027344984,0.34325522265196184
2047,1.3067E+11,188682,0.5485714250884354,0.010125074388772637,0.3273035594838691
2048,1.3067E+11,72798,0.3664596216388258,0,0.3449222292321846
2049,1.3067E+11,93543,0.5302061085273198,0.21460602040611135,0.46595255955659864
2050,1.3067E+11,186042,0.7846763436634565,0.080745341,0.6031096513657148
2051,1.3067E+11,84896,0.44705881601581826,0.078103207,0.5850746210440336
2052,1.3067E+11,67809,0.086879432,0.067984571,0.17517241298771302
2053,1.3089E+11,83607,0.7089946964903934,0.096560845,0.4824561356485757
2054,1.3089E+11,82147,0.5650644716874036,0.034013605,0.5510388387440033
2055,1.3089E+11,90385,0.4466858757443381,0.020820189,0.543992429
2056,1.3089E+11,77637,0.28424152957112275,0,0.2993589724400066
2057,1.3089E+11,49464,0.031767955,0.019900497,0.14199134076197972
2058,1.3089E+11,47388,0.4894067762047544,0,0.411702686
2059,1.3089E+11,174167,0.853658519,0,0.8028600530862099
2060,1.3089E+11,208654,0.7849588626914352,0.008988764,0.8513119471478722
2061,1.3089E+11,71343,0.6873889753572119,0.020920501800271944,0.19106317264204029
2062,1.3089E+11,64773,0.6055555387345685,0,0.5216049329052991
2063,1.3121E+11,66135,0.7022900709748849,0,0.6566401778851295
2064,1.3121E+11,0,0.902912607,0.017857142611852436,0.9434092412463131
2065,1.3121E+11,118625,0.7827248371974637,0,0.6374908779176449
2066,1.3121E+11,68125,0.7189655048454223,0,0.6217821720615627
2067,1.3121E+11,153179,0.8953124930053712,0.038009674927369216,0.6155698184946242
2068,1.3089E+11,75527,0.5185840616179812,0.051603904,0.30681817794421495
2069,1.3089E+11,82179,0.9813333202488891,0,0.5642256835026929
2070,1.3121E+11,71566,0.6614906729582194,0.087005649,0.3674948202122689
2071,1.3121E+11,239511,0.8063555034125571,0.009505703,0.8266048919483462
2072,1.3089E+11,58609,0.20568561528953822,0,0.1533546313629822
2073,1.3121E+11,250001,0.9284722157744986,0.005747126,0.8721638025890216
2074,1.3121E+11,250001,0.6921823991501238,0,0.8072289091788842
2075,1.3067E+11,66938,0.35139572493603083,0.078461537,0.25895316447722916
2076,1.3067E+11,0,0.8235293862684401,0.059620594590227796,0.5529556582148318
2077,1.3067E+11,122813,0.7229629576076818,0.092171016,0.35003630827860344
2078,1.3067E+11,58333,0.5016251299932272,0.029011785775051806,0.41057934164081156
2079,1.3067E+11,235637,0.9002976056503332,0,0.5593220283218143
2080,1.3067E+11,64923,0.4714714667520374,0.028181041603919373,0.43283581766540435
2081,1.3067E+11,197625,0.7568093311594424,0,0.6009576967202099
2082,1.3067E+11,250001,0.7314702219748455,0,0.8998447135105224
2083,1.3121E+11,129595,0.6519721502091398,0.046403712,0.5932203347936417
2084,1.3121E+11,56324,0.6307691822485244,0,0.5352797923289588
2085,1.3089E+11,0,0,0,0.075639599
2086,1.3121E+11,53058,0.7225158524179923,0.006572295,0.6317942686628039
2087,1.3121E+11,147129,0.8540489561765635,0,0.7127659511279615
2088,1.3121E+11,250001,0.8812073916143389,0,0.5975308568206067
2089,1.3089E+11,91543,0.8850793594598136,0.023894862,0.6186540695474967
2090,1.3121E+11,250001,0.9381578823926595,0.012048193,0.8675055450221647
2091,1.3089E+11,77733,0.3672985694952946,0.2368421013677286,0.26236124861391275
2092,1.3089E+11,125795,0.42781875207777925,0.003875969,0.26292334881529994
2093,1.3121E+11,54063,0.6716101659342681,0.1007092193819895,0.7889237158363442
2094,1.3121E+11,250001,0.9561128376784822,0.03624161,0.9215189795652406
2095,1.3089E+11,148580,0.744094478,0.027166881925396093,0.5798611010440782
2096,1.3121E+11,138081,0.7987551784361496,0.021215043189826005,0.6083044940601765
2097,1.3089E+11,52419,0.1214848130316669,0.020335985673421878,0.1585760510468051
2098,1.3121E+11,85223,0.5852089994520322,0,0.5910099856214762
2099,1.3089E+11,199205,0.9234828252379202,0.065963059,0.7440224930517231
2100,1.3089E+11,133287,0.7936320661128294,0,0.7415026767307453
2101,1.3121E+11,75625,0.6962843239395451,0,0.6290773473524944
2102,1.3121E+11,82372,0.762261008,0.020152883807137707,0.5904916229579059
2103,1.3089E+11,217917,0.7342888562922949,0,0.6914715661248197
2104,1.3089E+11,162393,0.8343948938293644,0.003318584,0.69758064
2105,1.3089E+11,37143,0.3947019815271261,0.082862523,0.1756185867494352
2106,1.3089E+11,55417,0.3831544146725482,0.030383091,0.1884317221918204
2107,1.3089E+11,57867,0.5397007993129943,0,0.12853107253862237
2108,1.3089E+11,126638,0.6480686639650759,0.099999999,0.6114090657659236
2109,1.3089E+11,91071,0.7803921507420224,0.008039579,0.5373961181620768
2110,1.3089E+11,167500,0.7458193896787136,0.094503374,0.8049727987181601
2111,1.3089E+11,0,0.25992779314209763,0.10291858520862389,0.13077593608739377
2112,1.3089E+11,107083,0.7981424099186228,0,0.6803680939854718
2113,1.3067E+11,153299,0.7688766043381529,0,0.6979819018929583
2114,1.3067E+11,84500,0.3457188958688385,0,0.6799091863801454
2115,1.3067E+11,63242,0.6616822306227621,0.012841091286659851,0.3031423234169626
2116,1.3067E+11,86651,0.8252631492077563,0.082892415,0.33780583790208496
2117,1.3121E+11,92788,0.750666657,0.057810577,0.6125654410172419
2118,1.3067E+11,140417,0.827877499,0.018147086741670614,0.6427566762112752
2119,1.3067E+11,73682,0.31159419725372833,0,0.31274638222409484
2120,1.3067E+11,186667,0.7508509138812055,0.014550264454032643,0.7059686853915427
2121,1.3067E+11,51625,0.6303871392959304,0.012709416448819085,0.3916349791272101
2122,1.3067E+11,148036,0.748235285,0.015334063,0.7149758385026489
2123,1.3121E+11,120170,0.7896077392276732,0.018953752771213975,0.575132977
2124,1.3121E+11,113618,0.8784355086846141,0.014964788600662072,0.6475128589407131
2125,1.3121E+11,96354,0.9274193398803333,0,0.7842565483344527
2126,1.3121E+11,140677,0.8453541205630012,0,0.8173463479761841
2127,1.3121E+11,91820,0.8641358555031383,0.1788617871637253,0.6077380916206067
2128,1.3089E+11,0,0.6025640915281302,0.030390738,0.7991689640004299
2129,1.3089E+11,189345,0.7950747511427023,0.055979643,0.7651467784812819
2130,1.3089E+11,121186,0.8516579332316062,0,0.7214035037094491
2131,1.3121E+11,243558,0.7727272634841237,0,0.7942386722326658
2132,1.3121E+11,250001,0.8906752268380189,0.06521739,0.8602150471565665
2133,1.3089E+11,86802,0.5437787955785853,0.046095954411138715,0.48905109132079494
2134,1.3089E+11,47765,0.5840707878455637,0,0.17166042339787502
2135,1.3089E+11,44205,0.054285712734693924,0,0.12374999845312502
2136,1.3089E+11,122054,0.5702087232428015,0,0.24999999746963567
2137,1.3089E+11,191250,0.7482805949342421,0.066974595,0.6249999949269481
2138,1.3089E+11,74259,0.7891891785244706,0,0.5636172390786831
2139,1.3089E+11,31542,0.14121037328328173,0,0.14772727160812674
2140,1.3089E+11,107727,0.6341201648699554,0.019120459,0.7572533775894258
2141,1.3089E+11,250001,0.7048832196933841,0.019743336428989768,0.7910074871689635
2142,1.3089E+11,126415,0.5199362000005088,0.036284469983421844,0.7173912994742438
2143,1.3089E+11,66768,0.6222222049382722,0,0.24864864640857076
2144,1.3089E+11,109167,0.4333034876159043,0.010038609961091816,0.40502629804192697
2145,1.3089E+11,111107,0.4700460798548645,0,0.6458878960403986
2146,1.3089E+11,54057,0.39589442428255694,0.058083252,0.34943538049287715
2147,1.3089E+11,149792,0.7522590304799772,0.007412399,0.7262918754895408
2148,1.3089E+11,0,0.093994776,0.037549406,0.1669550158567905
2149,1.3089E+11,58324,0.011083743774114878,0,0.10785749093285753
2150,1.3089E+11,227500,0.751486317,0.012761021,0.6814035039901508
2151,1.3089E+11,158258,0.6417021221982798,0.006933744,0.6350288377817052
2152,1.3089E+11,75969,0.3837837768687608,0,0.41945288116333007
2153,1.3121E+11,250001,0.9783057750175024,0,0.8512132768121757
2154,1.3121E+11,148971,0.8144044208531244,0,0.8489451405152308
2155,1.3121E+11,152112,0.8970588180327278,0.024766097827374257,0.7756550176001363
2156,1.3089E+11,112995,0.569351224,0.10834236068968191,0.631229231
2157,1.3089E+11,136528,0.8525179753894727,0.087852494,0.7395626169029561
2158,1.3089E+11,111506,0.8330892996619429,0.029677418971904273,0.7355460306686721
2159,1.3121E+11,110000,0.8206214573358551,0.037086092,0.7957746398815428
2160,1.3089E+11,111389,0.6709021515768469,0.05875576,0.8393854689987048
2161,1.3089E+11,128770,0.8890330896234063,0,0.789473678
2162,1.3121E+11,250001,0.9708029019926478,0,0.8888888796584747
2163,1.3067E+11,0,0.46359222925896254,0.10378787800160699,0.44226161743046655
2164,1.3067E+11,87316,0.40727271986776875,0.063973063,0.31269840773494595
2165,1.3067E+11,218463,0.820419318,0.009700176,0.8912671156569596
2166,1.3067E+11,88625,0.5707277140578274,0.040175768737126374,0.3383658939754361
2167,1.3067E+11,148240,0.6558505343574186,0.015799256,0.646085292
2168,1.3067E+11,91964,0.7278177414399416,0.038621508980264355,0.3828746153952623
2169,1.3067E+11,110486,0.8253215922456223,0.017786561147651113,0.5003408282185356
2170,1.3067E+11,0,0.7854710467029393,0,0.3999999966666667
2171,1.3121E+11,108324,0.8741721757817641,0.01980198,0.7292609296435828
2172,1.3067E+11,135625,0.8057259631316364,0,0.7271889333899637
2173,1.3089E+11,103033,0.8759615300388315,0.060557768,0.7092582527923214
2174,1.3121E+11,147045,0.9160400887714275,0.008196721,0.7907692226587772
2175,1.3121E+11,250001,0.9416516971126419,0.009969325,0.8438155092043212
2176,1.3121E+11,89188,0.5988165609607508,0.077085532,0.7558685375035818
2177,1.3121E+11,219722,0.8025258231627346,0,0.773375588
2178,1.3089E+11,250001,0.79328858,0.031531531,0.8010963132255575
2179,1.3121E+11,250001,0.7672605705204837,0.007936508,0.8276797716732731
2180,1.3089E+11,207930,0.8960468390037066,0,0.7562723923981793
2181,1.3089E+11,141438,0.7590089919142119,0.03960396,0.42445414476459264
2182,1.3121E+11,250001,0.9366391098563902,0.020270270099068666,0.8950549401370608
2183,1.3067E+11,72433,0.6010230140599552,0.028021015598242757,0.4249790408635454
2184,1.3067E+11,194770,0.7236614728210454,0.014792899189454154,0.7802491033785667
2185,1.3067E+11,82691,0.7399650830721626,0,0.49149507169655265
2186,1.3067E+11,90938,0.46389124499667594,0.043674698466304986,0.45967741626560876
2187,1.3067E+11,54744,0.4077306682327847,0.1864009356811145,0.46100916902512423
2188,1.3067E+11,115814,0.5283483933578603,0.016862169964353593,0.7425742512988923
2189,1.3067E+11,82632,0.8970873612216047,0.039246467201782306,0.42647058253381576
2190,1.3067E+11,104337,0.7876940089373946,0.031443299,0.5305052405600321
2191,1.3067E+11,68972,0.6225868665773469,0.017910447627533972,0.2582417564681198
2192,1.3067E+11,100539,0.6185344694281365,0.014112903,0.4625322937657326
2193,1.3089E+11,130817,0.7626526917512619,0,0.7934973568233976
2194,1.3089E+11,168929,0.6637499958515626,0.018935517,0.6474919436378649
2195,1.3089E+11,33061,0.510552759,0.021854304491031096,0.3390528459914012
2196,1.3089E+11,80031,0.43914955689773055,0.008672448,0.3352337495140607
2197,1.3089E+11,154375,0.653576428,0.017334777710349105,0.6685159454333153
2198,1.3089E+11,0,0.2191283266449355,0.08547794,0.1801848040031581
2199,1.3089E+11,91195,0.5601144984721899,0,0.6727493835431949
2200,1.3089E+11,60455,0.41321388115102037,0.016605166,0.27085590319146313
2201,1.3089E+11,162031,0.823308264,0.010271459939314307,0.7841291137583786
2202,1.3089E+11,0,0.3069306829395814,0,0.12611464807497264
2203,1.3067E+11,120000,0.4558093301309898,0,0.4616113700321197
2204,1.3067E+11,92033,0.8249999939338236,0.035593220137891415,0.4670813868995263
2205,1.3067E+11,85677,0.44862155013682914,0.04516129,0.5728314207701505
2206,1.3067E+11,91953,0.5887404523975148,0.00756859,0.554788606
2207,1.3067E+11,116591,0.6170500593092009,0,0.5505709579888176
2208,1.3067E+11,88834,0.6186943528383627,0.09339975,0.44814089581075445
2209,1.3067E+11,49670,0.42614600295168076,0.047538199532458414,0.3390977418112952
2210,1.3067E+11,68770,0.19562841316253102,0.008984726,0.3068257103590079
2211,1.3067E+11,230461,0.9999999765807969,0,0.46282972511199705
2212,1.3067E+11,61172,0.5455729095628528,0.017834395,0.28949857815043917
2213,1.3067E+11,85400,0.43918918325420025,0,0.48336106087054026
2214,1.3067E+11,60870,0.2052565681444735,0,0.2975018902535815
2215,1.3067E+11,128313,0.4789156578422123,0.057264956775513194,0.3007128950051011
2216,1.3067E+11,49560,0.21999999790476193,0.011444921234299563,0.2558139517886116
2217,1.3067E+11,125400,0.46087580430096337,0.006105834,0.3158268252957642
2218,1.3067E+11,78158,0.3627002246830638,0.029411764,0.37186700577050125
2219,1.3067E+11,81167,0.33046682640704145,0.024767801601983472,0.41368077839022166
2220,1.3067E+11,91875,0.38909090201652907,0.020123838697773396,0.36903602367053534
2221,1.3067E+11,121250,0.651256275,0,0.2711397033902601
2222,1.3067E+11,96458,0.19150858002250606,0.029225908,0.278032035
2223,1.3089E+11,47016,0.5873873768038311,0,0.3527583500174176
2224,1.3089E+11,56563,0.17064219870381286,0,0.30383480377824773
2225,1.3089E+11,139792,0.7174254204485806,0.022099447208571172,0.6361904701315193
2226,1.3089E+11,82992,0.6138996020482702,0.025673941,0.4158262186514646
2227,1.3089E+11,76452,0.5398550675737765,0.004389816,0.42402183417632544
2228,1.31351E+11,60694,0.39100345795269054,0.033014354,0.217374366
2229,1.3089E+11,66037,0.4227885993584918,0.04047976,0.38247337934092235
2230,1.3089E+11,71552,0.4677672919200685,0.033057851,0.3054522905486227
2231,1.3089E+11,78636,0.6356094407427605,0.020091848334719584,0.43399999783000004
2232,1.3089E+11,70658,0.082125603,0,0.19023689741394906
2233,1.3121E+11,146583,0.9102563985864565,0.00533049,0.5359628645948291
2234,1.3121E+11,129423,0.816379303,0.040895061412846746,0.5524064141582544
2235,1.3121E+11,250001,0.962603865,0,0.8679098611662016
2236,1.3121E+11,217201,0.8209982646988251,0,0.8406072026507856
2237,1.3121E+11,205368,0.8260869340737247,0.058558557,0.7886855110035689
2238,1.3121E+11,0,0.7423698317561056,0,0.7648195827009048
2239,1.3089E+11,250001,0.7528373218610509,0.018369689906029336,0.737000427
2240,1.3121E+11,79922,0.619354833,0.017921146792821266,0.4078947314750693
2241,1.3121E+11,250001,0.9999999678456603,0,0.7754442524160864
2242,1.3121E+11,250001,0.9061784793343424,0.013172337945418904,0.8138297810499256
2243,1.31351E+11,121604,0.4932079363301156,0.026196928399305073,0.43159285901128314
2244,1.3089E+11,69286,0.3963815724279347,0.047407406705075456,0.15650969312313445
2245,1.31351E+11,115625,0.6344221025826369,0,0.6834895408544374
2246,1.3089E+11,89500,0.45964125045245235,0,0.2522585111031375
2247,1.31351E+11,116280,0.4512195082646384,0,0.32024336106060086
2248,1.31351E+11,118661,0.289795916,0.016512549428582896,0.2859033733560333
2249,1.3089E+11,128750,0.44444443924626387,0,0.6528028874068456
2250,1.31351E+11,55550,0.3394833906582609,0,0.11462450528162335
2251,1.31351E+11,81292,0.4217032909106691,0.037593984,0.42662848656672525
2252,1.31351E+11,139315,0.6230158647749224,0.013052208704295094,0.41522762625410026
2253,1.31351E+11,78638,0.4015401518067098,0.009549072,0.1880341872688881
2254,1.31351E+11,85668,0.4999999971846847,0.032570422391855536,0.2848618081505596
2255,1.31351E+11,81250,0.27355622823144654,0,0.5621486535780846
2256,1.31351E+11,89898,0.37078651440326166,0.006963042,0.36029114290217895
2257,1.31351E+11,127071,0.38394523718764634,0.032515991,0.4534324422674576
2258,1.31351E+11,0,0.7057010677087663,0,0.6607869652539082
2259,1.31351E+11,108375,0.43728813188738874,0.005625879,0.4357231122637632
2260,1.31351E+11,90469,0.4259927767076334,0,0.29376257397503736
2261,1.31351E+11,71735,0.4150627580329476,0,0.2462380289729228
2262,1.31351E+11,0,0.45876287477415273,0.041237112,0.237343851
2263,1.31351E+11,99167,0.6344605372872699,0,0.6497128740794679
2264,1.31351E+11,126917,0.6074074017832648,0.012175324576498989,0.41638225019122727
2265,1.31351E+11,98571,0.30612244626333235,0.020669992725089147,0.5090497708764153
2266,1.31351E+11,139267,0.571631198,0.037831021,0.3382899603101118
2267,1.31351E+11,39082,0.22701688413372806,0,0.096261682
2268,1.31351E+11,71438,0.6192528646659071,0.058695652,0.5571521844732059
2269,1.31351E+11,103682,0.37242613811614916,0.008445946,0.17437895677360468
2270,1.31351E+11,127533,0.5378627,0.027465668,0.6009367653351907
2271,1.31351E+11,82182,0.41713925383025047,0.005073281,0.24663884911154912
2272,1.31351E+11,33671,0.5410256271531891,0.081597221,0.274096383
2273,1.31351E+11,73871,0.2903795208263061,0.028809704103034843,0.30480905017815385
2274,1.31351E+11,63988,0.47297296897826885,0.044233807,0.4898305057071723
2275,1.31351E+11,123409,0.2999278997842257,0.005790388,0.4264281568007608
2276,1.31351E+11,114613,0.6426298977451761,0,0.662162158
2277,1.31351E+11,78838,0.5471537761499254,0.011732229042565706,0.436823101
2278,1.31351E+11,0,0.5697879808322617,0.2738955801293528,0.5327613062967137
2279,1.31351E+11,185682,0.6180257245482521,0,0.5295536727436227
2280,1.31351E+11,151069,0.5997060235193238,0.024626209214484565,0.26618950147856335
2281,1.31351E+11,92692,0.23541887343140114,0.004180602,0.5927125458079956
2282,1.31351E+11,93602,0.47434943885242054,0.033052495,0.3221379547773999
2283,1.31351E+11,96351,0.47262004656596424,0.044960115700071676,0.5167548470502361
2284,1.31351E+11,103248,0.4783653807823287,0.024470899,0.5783521762653298
2285,1.31351E+11,173488,0.6725228343462907,0.011799409959885487,0.4051401850227094
2286,1.31351E+11,0,0.26754385378193307,0.030965391057096704,0.2741935461758585
2287,1.31351E+11,0,0.1140939559028874,0,0.11901504625150416
2288,1.31351E+11,112697,0.5903271608772808,0.046391751979487736,0.2758051174582567
2289,1.31351E+11,44802,0.31802426067569967,0.017369726903476206,0.43505337691233653
2290,1.31351E+11,69484,0.14935622189393802,0.03415941,0.3463556831116287
2291,1.31351E+11,72848,0.20160366436653113,0.019517206,0.21876619896958943
2292,1.31351E+11,37296,0.28734621891611406,0.025732666,0.11181102303511274
2293,1.31351E+11,114041,0.2973395884610393,0.11999999873684213,0.5480649154303064
2294,1.31351E+11,88750,0.25839792947806295,0.038,0.39675767579558296
2295,1.31351E+11,123005,0.32648125360965835,0.025089605435010688,0.4131196774505775
2296,1.31351E+11,0,0.4002016088689354,0.055429005,0.4342235367534764
2297,1.31351E+11,115543,0.4587155942260752,0.015978176,0.40583363195594657
2298,1.31351E+11,112813,0.5097435845154504,0.074976569,0.44685848240247517
2299,1.31351E+11,118402,0.4271402530640243,0,0.5848089441528007
2300,1.31351E+11,74159,0.13011828816998827,0.033766233473885424,0.5651214065659889
2301,1.31351E+11,184079,0.6456901076378101,0.038727524,0.3967437857894439
2302,1.31351E+11,0,0.5121241463421519,0.044351464,0.4128718857749127
2303,1.31351E+11,75227,0.19912948640773137,0,0.27167947161537065
2304,1.31351E+11,124091,0.26620689287990495,0.066210045,0.6018998220906752
2305,1.31351E+11,90250,0.669491516,0,0.5467756535261067
2306,1.31351E+11,56738,0.23260869396660366,0.017766497,0.19989367251518517
2307,1.31351E+11,50403,0.11851126230645188,0.08030303,0.20272172593748602
2308,1.31351E+11,80307,0.3566057963844705,0.025431426,0.2034412945169975
2309,1.31351E+11,0,0.6624869314264689,0,0.6847133685274589
2310,1.31351E+11,40490,0.092914438,0,0.17088055723242998
2311,1.31351E+11,34583,0.1574279367521956,0.030808728942177607,0.087655222
2312,1.31351E+11,0,0.24407582745595713,0,0.24684804083047088
2313,1.3089E+11,50292,0.1619047593348451,0,0.14128943661667054
2314,1.3089E+11,47738,0.3242574177164006,0.16898954409425881,0.1477960229231113
2315,1.3089E+11,34804,0.072614106,0.10844892675348138,0.073732718
2316,1.31351E+11,43648,0,0.060460652,0.08963997
2317,1.3089E+11,46515,0.094488188,0,0.10540540469320672
2318,1.31351E+11,43913,0.16686251272782007,0.034126163039026235,0.15565509431324134
2319,1.31351E+11,37301,0.2907801399691803,0,0.13814041693305343
2320,1.31351E+11,0,0.016241298927116034,0,0.11099020553873552
2321,1.3089E+11,39693,0.5590163842784199,0.11157024639710404,0.093596058
2322,1.3089E+11,121000,0.7168674590833214,0,0.652412274
2323,1.31351E+11,103750,0.40507859244161315,0.010626992448172237,0.6027190286803699
2324,1.31351E+11,121250,0.48652481924450486,0.056220095,0.45460277140855754
2325,1.31351E+11,147457,0.6871880085326455,0.014428413,0.6492007047140257
2326,1.31351E+11,110658,0.5246781059583895,0.046875,0.5703575514973613
2327,1.31351E+11,133734,0.4329652962699898,0.028350515281246682,0.43645773182025455
2328,1.31351E+11,80917,0.34504929127711403,0.10679611610606378,0.42987717672128767
2329,1.31351E+11,120410,0.29062996140481756,0.002457002,0.4181908036668769
2330,1.31351E+11,132197,0.5511163304869781,0.066412629,0.6694045140174306
2331,1.31351E+11,92404,0.5190839638049731,0.023483365719340846,0.3603646815721464
2332,1.31351E+11,118073,0.530739295,0,0.42211981372295015
2333,1.31351E+11,55341,0.12333566837185937,0.039849219,0.12466246568558745
2334,1.31351E+11,47371,0.10561055989427327,0.007827789,0.19930589886313388
2335,1.31351E+11,30813,0.04347826,0.021063189357440427,0.15333333231111113
2336,1.31351E+11,89750,0.10848400405446448,0,0.22656699122158142
2337,1.31351E+11,100105,0.33570412040250186,0.048780487379960914,0.25280413932006784
2338,1.31351E+11,115536,0.41680532099163625,0.009767092,0.2632900784290913
2339,1.31351E+11,69519,0.2982456107648508,0.006416132,0.2871403388893697
2340,1.31351E+11,75667,0.39829059148221213,0,0.15728604350589018
2341,1.31351E+11,0,0.18597560692110357,0.009446694,0.2638888868527092
2342,1.31351E+11,57179,0.11244377642513079,0,0.13774973639458604
2343,1.3089E+11,88656,0.9329095979314294,0.025580011745508557,0.644516474
2344,1.3089E+11,33942,0.042643922331686096,0.032345013041172335,0.039804469
2345,1.31351E+11,44233,0.20762711688451596,0.016321406,0.14042553141693073
2346,1.3089E+11,158550,0.5739592508949579,0.067821067,0.298213184
2347,1.3089E+11,77946,0.4079804527037422,0.012261580297945638,0.4310595034030515
2348,1.3089E+11,80865,0.34650112475732364,0.020948180584915318,0.3364269115512227
2349,1.3089E+11,30435,0.046610169,0,0.1317907438038695
2350,1.31351E+11,0,0,0,0.083792048
2351,1.3089E+11,211176,0.7099098971187406,0,0.8281829316664656
2352,1.3089E+11,94609,0.6218637881386418,0,0.3067193651642738
2353,1.3067E+11,157000,0.6990014165620341,0,0.6832740152733628
2354,1.3067E+11,133500,0.7290836362914885,0,0.7499999861111114
2355,1.3067E+11,64763,0.820325197,0.021607022136346913,0.3234344717660783
2356,1.3067E+11,56429,0.3609341787586605,0.055478502,0.2646048096975709
2357,1.3067E+11,66000,0.3604651124686563,0,0.42738275017108357
2358,1.3067E+11,76172,0.32496306757809357,0.013586956337133745,0.16643059372216293
2359,1.3067E+11,58996,0.7899917900738984,0.030411449,0.38007863446868523
2360,1.3067E+11,0,0.6600345963664828,0.065610859,0.36484490129361224
2361,1.3067E+11,76691,0.800173003,0.027240143173905784,0.5377438461599334
2362,1.3067E+11,65723,0.4699828392798827,0.090066224,0.25856164162190376
2363,1.3089E+11,0,0.46259351044147745,0.016077170245689495,0.5318595509511111
2364,1.3121E+11,249028,0.7815191794712673,0.015942029,0.8587755031936694
2365,1.3121E+11,94856,0.4715447058629125,0,0.8179723408067703
2366,1.3089E+11,250001,0.9320732372588705,0.003769521,0.8196031219506728
2367,1.3089E+11,128229,0.9025340954671717,0.076655051,0.6899999913750001
2368,1.3089E+11,116607,0.9058355317528445,0,0.492187495
2369,1.3121E+11,126625,0.9280868259418341,0.003826531,0.5763939132773793
2370,1.3089E+11,201250,0.8544117521410036,0.020080321016327698,0.7705882277393311
2371,1.3121E+11,74551,0.7439703084974926,0,0.6960784275812721
2372,1.3089E+11,90461,0.7988095142998868,0.031016042449026286,0.6506935605208883
2373,1.3067E+11,92417,0.353243415,0.010047281264495974,0.2823374899386902
2374,1.3067E+11,81563,0.2471482866240657,0.034985422485528994,0.24204946853916687
2375,1.3067E+11,88506,0.46153845139475935,0.02793296,0.3445121916208111
2376,1.3067E+11,74073,0.18460111146010103,0,0.31059907690968164
2377,1.3067E+11,149792,0.5763508177263053,0.040540540252200996,0.4036384286319589
2378,1.3067E+11,81599,0.13492063135130605,0.018181817851239675,0.32921810428627074
2379,1.3067E+11,41000,0.037965071845367716,0.019251925086623073,0.25569084036161543
2380,1.3067E+11,100161,0.31707316786745104,0.023989033420225955,0.21922544799982402
2381,1.3067E+11,64000,0.2802359854450739,0.072881355,0.2963176047392543
2382,1.3067E+11,26343,0.18790496354416927,0,0.245695363
2383,1.3067E+11,103345,0.7297470357677007,0.031670403,0.46607459869955736
2384,1.3067E+11,67613,0.5348646387623902,0,0.34691357810547174
2385,1.3067E+11,131466,0.7625329614107399,0,0.33285508848127565
2386,1.3067E+11,95481,0.6997954981603456,0.005860048,0.5415341090790593
2387,1.3067E+11,86189,0.7714907424212106,0,0.2486427768877006
2388,1.3067E+11,58864,0.4903846075258877,0.049459041,0.3046407162826294
2389,1.3067E+11,75595,0.26315788214555585,0.13839285096460485,0.16853932110844605
2390,1.3067E+11,145964,0.46289751014496433,0.091525421,0.4120667469567812
2391,1.3067E+11,58880,0.22443376647608945,0.024683925,0.2993039420007429
2392,1.3067E+11,63750,0.14322916480170358,0,0.3506261149317879
2393,1.3121E+11,237870,0.8909426822376584,0,0.734848476
2394,1.3121E+11,133506,0.6967136084815624,0,0.6227735329340106
2395,1.3121E+11,236250,0.8484636812258123,0.011459589798193065,0.8231602919386178
2396,1.3121E+11,250001,0.5908596236032685,0.026887279970141884,0.7218749924804688
2397,1.3121E+11,71118,0.6723549411563715,0.1605068620854608,0.5551763304303035
2398,1.3121E+11,69682,0.6439600304817437,0.030881016976557523,0.4322916621636285
2399,1.3089E+11,228333,0.8014552931241654,0.020120724,0.7678708626604853
2400,1.3121E+11,123309,0.7296296206218565,0,0.38869463642951846
2401,1.3121E+11,82321,0.8890600787510003,0,0.5796645641544595
2402,1.3121E+11,132057,0.9428334636053566,0.017437961,0.8243542374586403
2403,1.3089E+11,63958,0.3963038932997147,0,0.2534504359667448
2404,1.3089E+11,58547,0.2955032088275888,0.077260754,0.182222221
2405,1.3089E+11,33000,0.14330217622111602,0,0.1134122276783804
2406,1.31351E+11,27489,0.26506023806067647,0.023096664,0.12323943589648219
2407,1.31351E+11,42282,0.19890008983592952,0.043876882,0.17809523724716553
2408,1.3089E+11,156548,0.889392558,0,0.7769968001469854
2409,1.3089E+11,43750,0.3165654786074113,0,0.17556742205896247
2410,1.3089E+11,67538,0.5518896187649093,0,0.6868475943851942
2411,1.3089E+11,31205,0.18198529244498812,0.024603174407911314,0.1339285704320791
2412,1.3089E+11,43611,0.080882352,0.033230293,0.19790209651816715
2413,1.3067E+11,93672,0.7414601423880768,0.060349689,0.3602074476180695
2414,1.3121E+11,144464,0.8541226035069217,0,0.7429620472097669
2415,1.3067E+11,57569,0.4523809480725624,0.039198606,0.23280802125495687
2416,1.3067E+11,59700,0.7422680221064943,0,0.3353873209913088
2417,1.3067E+11,41439,0.3929173626826752,0.10146862347838954,0.1429942404703048
2418,1.3067E+11,81563,0.688906123,0.015552995302114082,0.2802631560509003
2419,1.3067E+11,60104,0.083105522,0.082534389,0.2369523800497052
2420,1.3067E+11,94622,0.7704011011728832,0.008515815,0.5628794400444108
2421,1.3067E+11,59254,0.45636791914660474,0.015384615236686392,0.32894736553554943
2422,1.3067E+11,51510,0.31892410836768387,0.024602025871186498,0.20123105965326202
2423,1.3067E+11,115909,0.4492600375342491,0.021759697,0.3687898065682178
2424,1.3067E+11,90000,0.3866967261928216,0.009268795,0.474304063
2425,1.3067E+11,0,0.079800498,0,0.3666946983457132
2426,1.3067E+11,73071,0.12818745604281562,0,0.294526143
2427,1.3067E+11,34241,0.30558482291269945,0.066091953,0.28402061709267723
2428,1.3067E+11,118295,0.6707466258170548,0.007625272,0.6253180621799106
2429,1.3067E+11,86714,0.35796178115947913,0.035077289,0.6273083344862432
2430,1.3067E+11,49395,0.064150942,0.044260027,0.18536990702103154
2431,1.3067E+11,108125,0.6406052882647505,0.009211873,0.5279232065626247
2432,1.3067E+11,99583,0.6609294263259086,0.018370606882023906,0.49711588622382863
2433,1.3121E+11,30972,0.26795579740392544,0.050709938633773446,0.079177057
2434,1.3121E+11,0,0.7281153375065362,0,0.1953818810356849
2435,1.3121E+11,113958,0.7773279037519067,0,0.21783876127206242
2436,1.3089E+11,160109,0.7399999922105264,0,0.6509837412234069
2437,1.3121E+11,0,0.4038155738662071,0,0.1307189528244123
2438,1.3089E+11,188705,0.7779422592306272,0.03787416,0.7731229555325193
2439,1.3121E+11,0,0.7777777201646133,0.21142855934693947,0.43333332222222254
2440,1.3121E+11,99250,0.5889303445962043,0,0.5101892248166723
2441,1.3121E+11,53676,0.6076554965774594,0.038277512,0.6213402692170444
2442,1.3121E+11,173654,0.8458497912272755,0,0.8888888811728396
2443,1.31351E+11,71522,0.29287598558211103,0.040816326040620333,0.15932913934780477
2444,1.31351E+11,27257,0.22972971420745172,0,0.12918215493325136
2445,1.31351E+11,35541,0.031128404,0.050493962,0.12533571955831943
2446,1.31351E+11,99089,0.3335777101643863,0.045882352671280276,0.20786789602783923
2447,1.31351E+11,53375,0.22339304295686993,0.027397260039407022,0.17311320673059807
2448,1.31351E+11,38036,0.026706231057771052,0,0.15279770335152293
2449,1.31351E+11,34069,0.2906520008589788,0.046376811,0.12264763061228014
2450,1.31351E+11,66776,0.3697674332612225,0,0.1358760412887242
2451,1.31351E+11,44986,0.21812297593447913,0.021454735628180347,0.16482504528165262
2452,1.31351E+11,58548,0.2654494344740248,0.017821782001764534,0.13143148175531594
2453,1.31351E+11,98155,0.4790874479174197,0,0.2597714957319814
2454,1.31351E+11,106172,0.5234972620382813,0.05389718,0.1266932260821257
2455,1.31351E+11,173859,0.7504456261101103,0.029411764494894087,0.6785449095876399
2456,1.31351E+11,124840,0.4311790802605867,0.014249790384535664,0.3671804153799618
2457,1.31351E+11,76733,0.3211009157945927,0.002407318,0.3076256485804781
2458,1.31351E+11,68359,0.21483770919879894,0.093930634,0.31588447368335315
2459,1.31351E+11,82163,0.5902526969268467,0,0.33093524882252473
2460,1.31351E+11,126250,0.4004192788172059,0,0.576923068
2461,1.31351E+11,100758,0.37657960929587525,0.03787416,0.32507204423589603
2462,1.31351E+11,39482,0.2509363264552269,0.013671874866485597,0.26184689998877947
2463,1.31351E+11,71875,0.06257521,0.11742424131227044,0.19977616004602036
2464,1.31351E+11,56336,0.11809045077775816,0.052947052418111366,0.18450184331640365
2465,1.31351E+11,66587,0.2588532861816755,0.030943396,0.30443756292859875
2466,1.31351E+11,72473,0.1774785779990382,0,0.2596566505031713
2467,1.31351E+11,51339,0.21635610542074427,0.063969896,0.13516260093921442
2468,1.31351E+11,54125,0.48131672169647044,0.035182679,0.13815142508283468
2469,1.31351E+11,75938,0.23549883717518752,0.030956847739616815,0.18028004562263683
2470,1.31351E+11,38843,0.3120488608771547,0.000668747,0.22121486787181965
2471,1.31351E+11,0,0.084632515,0.097877357,0.16763485338062362
2472,1.31351E+11,115313,0.4011799291687337,0.040816325605071986,0.3253873620335237
2473,1.32971E+11,116007,0.30910281395479494,0.007629108,0.8747243013907176
2474,1.30132E+11,61000,0.1522570761112695,0.022845952853485948,0.647647644
2475,1.30132E+11,46389,0.074324322,0,0.6391230920889867
2476,1.31351E+11,89527,0.5053418776424045,0,0.36105126944829263
2477,1.30132E+11,91731,0.19647354916280166,0.014285714139941693,0.7352537672479166
2478,1.31351E+11,115855,0.49060898980871376,0.032577904,0.5492154046033687
2479,1.30132E+11,64938,0.20411392297408268,0.060454545,0.6809506637344231
2480,1.31351E+11,68864,0.20779220479376329,0.052890528,0.534551682
2481,1.30132E+11,56017,0.2770330627610986,0.008709422,0.775939844
2482,1.30132E+11,98554,0.19796954223364308,0.061325771,0.49915062146333344
2483,1.31351E+11,2499,0.281818177,0,0.18018867754538984
2484,1.31351E+11,49375,0.10816776962348956,0.022140221,0.13175122695682803
2485,1.31351E+11,89975,0.11409395888073111,0,0.17239635908798606
2486,1.31351E+11,58649,0.42717257739078857,0.04104903,0.093401014
2487,1.31351E+11,45667,0.046116504,0,0.17972350064770967
2488,1.31351E+11,67604,0.21060171618049117,0.013544017905823725,0.18071242240910146
2489,1.31351E+11,42153,0.10303830775378722,0.007238883,0.1393280618643472
2490,1.31351E+11,50708,0.15839243311592868,0.012578616220349935,0.1958121098143061
2491,1.31351E+11,36435,0.30119047260487536,0.030833333076388893,0.16878804555180937
2492,1.31351E+11,78598,0.34678044727090424,0,0.17120852979141868
2493,1.31351E+11,137670,0.35048678476712947,0.014277555600927723,0.346876893
2494,1.31351E+11,66679,0.28881700421064227,0.045646337,0.16085453923702625
2495,1.31351E+11,90809,0.2987101133828234,0.041351487,0.1823554234598758
2496,1.31351E+11,79281,0.33860044955643087,0.019587628765012223,0.17090239347733924
2497,1.31351E+11,0,0.2619047591935325,0.033830845434518954,0.17974322268371454
2498,1.31351E+11,101563,0.4019306695834547,0.033856893,0.24628364706193792
2499,1.31351E+11,104068,0.39703989448494276,0.038777908,0.30914704627886125
2500,1.31351E+11,80893,0.2141680377745631,0.027624309201489578,0.4599999977560975
2501,1.31351E+11,90511,0.10051813367338722,0.07202216,0.384475437
2502,1.31351E+11,69400,0.2919540213106091,0.021551724034713962,0.2500931783447887
2503,1.31351E+11,0,0.20505991737603307,0.041184041,0.4590829921121126
2504,1.31351E+11,104659,0.21689189042640614,0.007359706,0.12221772512255068
2505,1.31351E+11,93038,0.11206896444378386,0.009751773,0.18120805258567388
2506,1.31351E+11,100533,0.20314735190881722,0.017378351,0.3659574452512449
2507,1.31351E+11,100100,0.26245352964718566,0.029894489859938513,0.26747260949198104
2508,1.31351E+11,92361,0.29527558764492534,0.06877828,0.1401916281382167
2509,1.31351E+11,41709,0.22597402303929842,0.13021868657834307,0.2743034038742823
2510,1.31351E+11,72203,0.17710582770829747,0,0.26871400893748554
2511,1.31351E+11,92981,0.43564355819457484,0,0.5108538313252255
2512,1.31351E+11,94788,0.44949152237632867,0,0.2614858247239207
2513,1.31351E+11,71250,0.17361637472618366,0.048387096474025455,0.1893382341339569
2514,1.31351E+11,40888,0.10471204051424031,0.001121076,0.17760843975610527
2515,1.31351E+11,40889,0.078947367,0,0.18781406917202217
2516,1.31351E+11,47244,0.46755237369671754,0.012552301202710036,0.14363835164550362
2517,1.31351E+11,35959,0.39454093803299084,0,0.15455140697739747
2518,1.31351E+11,35707,0.14045801312277842,0.023516237138675955,0.17026194013665685
2519,1.31351E+11,94107,0.39171974106454627,0.006849315,0.13001293576964465
2520,1.31351E+11,82983,0.2868217026470765,0.052631579,0.37230215604135397
2521,1.31351E+11,39808,0.13523131592389492,0.057682491,0.1328996278410792
2522,1.31351E+11,73782,0.15373765650581586,0.089151449,0.19973100067430397
2523,1.31351E+11,22606,0.11078717039668848,0.11494252763465013,0.13148008916994675
2524,1.31351E+11,111771,0.2719626142807232,0.026556016377128497,0.22380239353441322
2525,1.31351E+11,53465,0.22037421808342808,0.085253456,0.16232771698064535
2526,1.31351E+11,61910,0.41591319696281015,0,0.1638269976158126
2527,1.31351E+11,55469,0.2137518652652935,0.009845288,0.3351309681422884
2528,1.31351E+11,59408,0.14128256371460357,0,0.14140875057946237
2529,1.31351E+11,72708,0.23645680646810538,0,0.14025131682103234
2530,1.31351E+11,49167,0.2766934526212003,0,0.20710784059916862
2531,1.31351E+11,65273,0.25285076721442357,0.009657594,0.15914072705330676
2532,1.31351E+11,82772,0.17290748708251666,0,0.2826747698884896
2533,1.3089E+11,88321,0.38943248151240234,0.027027026829605356,0.2654958663972321
2534,1.31351E+11,58571,0.2559288512259995,0.011363636264303879,0.1736318399321799
2535,1.31351E+11,198169,0.6703786116884342,0.046087888037643215,0.2138810168005522
2536,1.3089E+11,217689,0.7725888246437683,0.012962963,0.8005578744730971
2537,1.3089E+11,92024,0.6431717967228812,0.013850415320631367,0.49499999587500004
2538,1.31351E+11,54667,0.49004328580049106,0.0591133,0.2301324484260559
2539,1.31351E+11,58542,0.5130889783723048,0.13612564732326454,0.13192611963158155
2540,1.31351E+11,147014,0.5634266839915429,0.019174041,0.49104859021068675
2541,1.3089E+11,164545,0.7936857504134673,0.016276041560702854,0.7747480689107998
2542,1.31351E+11,41014,0.23177083132143375,0.024890190154537407,0.15101010024742373
2543,1.3067E+11,235000,0.7044728321969197,0.043115438,0.6116071360311703
2544,1.3067E+11,39219,0.3272146821451342,0.095451633,0.27363515130735583
2545,1.3067E+11,69457,0.21679197723318325,0.001117318,0.3068072837314738
2546,1.3067E+11,42727,0.32047871914257026,0.032631579,0.17656631263981845
2547,1.3067E+11,73901,0.4237187102281364,0.037917087775950015,0.2834443860407771
2548,1.3067E+11,54405,0.32374100386699894,0,0.147935779
2549,1.3067E+11,67009,0.3015440481240323,0.098146876,0.2553191469960551
2550,1.3067E+11,47432,0.49822694152079894,0,0.13953488155759874
2551,1.3067E+11,58993,0.093793102,0.038018432741723125,0.29387754930683646
2552,1.3067E+11,232639,0.9613899242706594,0.073359071,0.8981481273576822
2553,1.3067E+11,78048,0.16556291171439852,0.032873807,0.28628494958342277
2554,1.3067E+11,86813,0.5371428510040818,0.046875,0.5071428541241497
2555,1.3067E+11,0,0.5400457542323627,0,0.7531831463938967
2556,1.3067E+11,48886,0.19635459655050044,0,0.20692640513483632
2557,1.3067E+11,106219,0.3697225550680184,0.026486486343316292,0.23927392607660106
2558,1.3067E+11,116824,0.4842219751444834,0.005524862,0.5756302480698162
2559,1.3067E+11,67845,0.1516064241806584,0.018867924,0.21773485322445257
2560,1.3067E+11,121250,0.47049441035894085,0.057029177,0.6189473619058172
2561,1.3067E+11,119038,0.47106325389594045,0,0.571575164
2562,1.3067E+11,52076,0.11594202769295399,0.034564021723770454,0.30531608976066027
2563,1.3089E+11,81691,0.31076506221553785,0.011731844,0.21715526483629063
2564,1.3089E+11,99088,0.7459283326878801,0,0.5552274036903284
2565,1.3089E+11,65750,0.6313193510318206,0,0.2935400501625837
2566,1.31351E+11,0,0,0.090529247,0.2662835198029977
2567,1.3089E+11,58125,0.14641744434254328,0.00804829,0.19284148873015713
2568,1.31351E+11,60817,0.41605839078622553,0.019345237951300314,0.12499999941037734
2569,1.3089E+11,60518,0.7994722884830934,0.044537815,0.2849378859865071
2570,1.31351E+11,46706,0.10618729008204607,0.020979020816013823,0.14533204934873892
2571,1.31351E+11,33611,0.1217038514867373,0.0539629,0.1707156915908359
2572,1.3089E+11,91272,0.4234404456816551,0,0.2911931776819151
2573,1.3121E+11,0,0.8298755071939764,0,0.48886737184058693
2574,1.3121E+11,133750,0.7352184995473201,0.19748427424548085,0.7542297350469302
2575,1.3089E+11,111556,0.8243625945557707,0,0.42822580299817903
2576,1.3121E+11,197875,0.8816567873440476,0,0.9170984337163416
2577,1.3089E+11,53886,0.6785714188775512,0.018571428306122455,0.37462686008019613
2578,1.3121E+11,110804,0.5969601645861626,0.038073394320764245,0.6506469470857349
2579,1.3121E+11,98619,0.6588151273460733,0.010044642801090162,0.4504734142371689
2580,1.3121E+11,85659,0.7265624918910436,0.066486972,0.5212240817253299
2581,1.3121E+11,175833,0.8226436094665722,0.015274949005728365,0.817649353
2582,1.3089E+11,108659,0.7852272682657542,0.018815716553316455,0.26560587406933545
2583,1.3089E+11,0,0.8439375648987087,0.014173228,0.33877901686346507
2584,1.3089E+11,61807,0.5641240522705444,0.009352518,0.37268292319333735
2585,1.3089E+11,93906,0.7429718800906437,0.042242079,0.39416553328245907
2586,1.3089E+11,35836,0.27100840051461766,0,0.15611061482555477
2587,1.3089E+11,108275,0.6536523847147055,0,0.29927666998845687
2588,1.3089E+11,49511,0.12262521483052492,0.035365853442891136,0.13765690318972007
2589,1.3089E+11,59872,0.46554769906759985,0.024294671,0.3577464755141176
2590,1.3089E+11,71528,0.554574634,0,0.6065162869265897
2591,1.3089E+11,152813,0.7182389846762393,0.011223344430714429,0.732681331
2592,1.31351E+11,54292,0.15733333193481483,0,0.2808557307687563
2593,1.3067E+11,49500,0.5157480264198029,0.037911302,0.29591213974428227
2594,1.3067E+11,110250,0.5586158152640126,0.010484927847412007,0.4676906754889265
2595,1.3067E+11,93333,0.7728168038554379,0.04925187,0.39101338245213485
2596,1.3067E+11,60734,0.5536480449078093,0,0.15426996820192926
2597,1.3067E+11,201014,0.8813114696307445,0.023515578932889015,0.7844016101102572
2598,1.3067E+11,52396,0.187624749,0.018743668,0.1520332710164821
2599,1.3067E+11,82997,0.6101578544258212,0.013395847197616563,0.46109358327500743
2600,1.3067E+11,36989,0.4321329520184778,0.020618556,0.16065573507121747
2601,1.3067E+11,60913,0.20661823884892463,0.022151054,0.4618181802915101
2602,1.3067E+11,0,0.3294892861698635,0.09642857,0.36341161479095657
2603,1.3089E+11,69289,0.7053763289166382,0,0.3335937473937989
2604,1.3089E+11,178472,0.5876993032414738,0,0.6586826268421242
2605,1.3089E+11,76667,0.5787401529233059,0,0.3124539402177307
2606,1.3089E+11,0,0.9999999787234047,0,0.241340779
2607,1.3121E+11,100536,0.6862744994528733,0.067282321,0.5880893227284203
2608,1.3121E+11,137083,0.7358170979185682,0.022151898558924854,0.7685060513559485
2609,1.3121E+11,0,0.8014311126756509,0,0.717434855
2610,1.3089E+11,239961,0.9172354870543047,0.013250194752531608,0.8325666896727996
2611,1.3121E+11,166065,0.8155096884583509,0.005457853,0.8334910083562392
2612,1.3121E+11,70379,0.7955800885198872,0.05116279,0.4476650491519316
2613,1.3121E+11,95980,0.7489711625937793,0,0.5221238707024836
2614,1.3089E+11,94947,0.6963722342557395,0,0.426003592
2615,1.3121E+11,161100,0.7491071361686863,0,0.5222222157750344
2616,1.3089E+11,116883,0.9038601536499625,0,0.35202804030031026
2617,1.3067E+11,250001,0.8203812256570292,0.036069652,0.8023426022335646
2618,1.3121E+11,146223,0.679300282,0,0.31675392255557694
2619,1.3121E+11,97813,0.8722891461169983,0,0.23392856933992348
2620,1.3089E+11,116250,0.8957475871639563,0.016861218977156693,0.21838439989757996
2621,1.3121E+11,78264,0.6905443928210776,0.022284121941946466,0.7330508319268892
2622,1.3089E+11,235395,0.8309143626203602,0.014476614618727091,0.7955077173818075
2623,1.3067E+11,0,0.5076252612717809,0.044265593,0.6249999935963115
2624,1.3067E+11,202583,0.6878914333205487,0.026655201834435066,0.6633663306627693
2625,1.3067E+11,130175,0.7627432737465869,0,0.7774319005647323
2626,1.3067E+11,190375,0.5664179062207619,0.062024575412378144,0.591847003
2627,1.3067E+11,118056,0.5725132834281451,0.005784062,0.686423502
2628,1.3067E+11,105500,0.43175852735066583,0.037037037,0.7278195452239622
2629,1.3067E+11,70139,0.5235848974279105,0,0.49119999607040005
2630,1.3067E+11,0,0.3191673866507599,0.039751552548127005,0.349999998
2631,1.3067E+11,87643,0.769771515,0,0.7629127793148791
2632,1.3067E+11,139688,0.7831206988898852,0.030739673095680375,0.8020698525092507
2633,1.3067E+11,126250,0.7883663268766544,0,0.48021977758121004
2634,1.3067E+11,52906,0.063174113,0.028735631771039775,0.5059790694620399
2635,1.3067E+11,86607,0.5560711480582278,0.029476786812993466,0.6149237439274305
2636,1.3067E+11,56086,0.23697270177453225,0.14711934005021254,0.17038690349414506
2637,1.3067E+11,139779,0.48577235278686637,0.06615776,0.6982017146348576
2638,1.3067E+11,64442,0.372448976,0,0.6214510991999125
2639,1.3067E+11,229586,0.8559321953302054,0.036050156,0.8082010528558131
2640,1.3067E+11,161667,0.6135857392696465,0.014112903083539284,0.8109090850115703
2641,1.3067E+11,43945,0.5915966287126617,0.012912481880739141,0.39375475709249996
2642,1.3067E+11,53281,0.5716878299149214,0.099502486,0.40313272544820505
2643,1.31351E+11,76250,0.22380106439430986,0.004894763,0.19321039315502767
2644,1.31351E+11,50681,0.330874601,0.026747195627720488,0.30758087731733036
2645,1.31351E+11,126912,0.3514170012031012,0.019285714147959186,0.4708442082607119
2646,1.31351E+11,79247,0.43925232823827426,0,0.20467466705827753
2647,1.31351E+11,65189,0.2741258702919459,0.067692307,0.28269617421834836
2648,1.31351E+11,56250,0.26666666233062336,0.326467556,0.1991967855486202
2649,1.31351E+11,40551,0.3317358874774447,0.021729289172796335,0.26156941474467194
2650,1.31351E+11,118071,0.5704022906551395,0.094922736,0.20034246403816383
2651,1.31351E+11,66765,0.25358490374652903,0,0.2059213424395875
2652,1.31351E+11,49378,0.2936210103787898,0.064791133,0.32706766671377696
2653,1.31351E+11,93207,0.3833333275252526,0.041907514,0.17258566870663136
2654,1.31351E+11,58143,0.15925266762230722,0.012632978639408387,0.18005354631824935
2655,1.31351E+11,0,0.2497532058267206,0.023715414863534817,0.24764542799088407
2656,1.31351E+11,50729,0.1908396934424956,0.010971787,0.13255907035418873
2657,1.31351E+11,62256,0.14264597085997066,0.038936959,0.18542074273277523
2658,1.31351E+11,45225,0.38529088490350294,0.042872454,0.16629044269156928
2659,1.31351E+11,87185,0.3516972712760308,0.011230697186566694,0.18511796677217796
2660,1.31351E+11,55050,0.37378640517485157,0.015470296933970935,0.20239390531885798
2661,1.31351E+11,51199,0.19121236622284488,0.014603616031963727,0.16397849352164992
2662,1.31351E+11,64293,0.2313432811157433,0.035128805,0.10707332831230806
2663,1.3089E+11,0,0.5517241306137384,0,0.8144796306381934
2664,1.3089E+11,118920,0.6823289000783564,0.015943313,0.7059791513659948
2665,1.31351E+11,45950,0.19150640872190378,0,0.18973359200952833
2666,1.3089E+11,188472,0.9202334451316451,0,0.8080949001528619
2667,1.31351E+11,36700,0.19175257534275697,0.0456942,0.32327585928210467
2668,1.31351E+11,121125,0.6727772654776477,0.017820141,0.5617103957156929
2669,1.3089E+11,150909,0.7152641808682566,0,0.8615717313513214
2670,1.31351E+11,59841,0.3402520360248181,0.029450262,0.18710307676061028
2671,1.31351E+11,72645,0.35918743897333855,0.025409835857296427,0.3139130421134215
2672,1.31351E+11,53426,0.5322283560568292,0.024999999867021276,0.2320388326986521
2673,1.31351E+11,98289,0.6355611521366816,0.022653721,0.34576534307874635
2674,1.31351E+11,0,0.30160691839793674,0.064824654,0.3258728708516305
2675,1.31351E+11,0,0.29615384235700204,0,0.18005354631824935
2676,1.31351E+11,45090,0.22684703315896446,0.020946795,0.1362903220310874
2677,1.31351E+11,36614,0.048888888,0.025134649458982954,0.11851851705532696
2678,1.31351E+11,28458,0.066921605,0,0.24083769
2679,1.31351E+11,43250,0.47971359809410985,0,0.13952130683291708
2680,1.31351E+11,44714,0.269825916,0.005784526,0.12269129206668013
2681,1.31351E+11,95846,0.12321562688499012,0.023947998549613415,0.17043371917877997
2682,1.31351E+11,39810,0.3328220807849374,0.03271028,0.080851063
2683,1.31351E+11,95644,0.30313588674137115,0.003218884,0.4550214162064663
2684,1.31351E+11,61912,0.2586206822235436,0,0.3637820454522108
2685,1.31351E+11,62614,0.10117056771596515,0.050030883,0.25942962162175887
2686,1.31351E+11,84224,0.13954905460360112,0.014077669834574418,0.27186858204571424
2687,1.31351E+11,107060,0.2620087298106444,0.052489905,0.16532797747437766
2688,1.31351E+11,0,0.3421461844145228,0,0.3204272320370196
2689,1.31351E+11,117979,0.41831238528837594,0.006474104,0.17802108605830863
2690,1.31351E+11,171923,0.30477759305448876,0.018892794293089654,0.21222268642853626
2691,1.31351E+11,74559,0.3380736888295172,0.018389346744519044,0.24863042457382878
2692,1.31351E+11,107115,0.11230769057988169,0.036263735865233675,0.30102967715911766
2693,1.31351E+11,111544,0.2929427391086187,0.04968944,0.19728729719744395
2694,1.31351E+11,69327,0.3058925450095967,0,0.21822222125234567
2695,1.31351E+11,72083,0.333964046,0,0.2006153833808284
2696,1.31351E+11,50242,0.2715053739112422,0.013004791149864537,0.239249412
2697,1.31351E+11,39402,0.1374045786542576,0,0.10689990229883428
2698,1.31351E+11,58856,0.3001519734031005,0,0.13582166855457922
2699,1.31351E+11,55979,0.43247344133176446,0.017906335964832397,0.3273897953076286
2700,1.31351E+11,60352,0.32274589833252154,0,0.20203836809329515
2701,1.31351E+11,88952,0.3157894632963993,0.11199999701333342,0.33621933136768645
2702,1.31351E+11,60568,0.2795992688561087,0.083798882,0.16605705803908516
2703,1.30132E+11,87250,0.23725834693647474,0.017499088525340545,0.6442362275859278
2704,1.31351E+11,0,0.31417623317332444,0.15151514641363145,0.8445945874611944
2705,1.30132E+11,55469,0.06887755,0.065302144,0.5815470588858616
2706,1.31351E+11,122685,0.19695688759968819,0,0.7388963611110608
2707,1.30132E+11,51389,0.14348302142953975,0,0.6707818874832766
2708,1.30132E+11,92361,0.2150470205953165,0.00757166,0.510523737
2709,1.30132E+11,88899,0.2957371199312867,0.005568815,0.7517882635780525
2710,1.30132E+11,51202,0.050660792579583024,0.038183015,0.4211040526570393
2711,1.31351E+11,0,0.12573964311036032,0.087009803,0.69322412
2712,1.30132E+11,84848,0.14813016,0.034626616,0.5608782412739391
2713,1.31351E+11,156721,0.29137528458332673,0.022988505369646875,0.31556106437965864
2714,1.31351E+11,59115,0.2035123945918141,0,0.19843184440029044
2715,1.31351E+11,45625,0.3050039689832886,0.028244787974143995,0.20762711738724504
2716,1.31351E+11,0,0.3446808437301948,0.015736766584595614,0.45593107716414133
2717,1.31351E+11,87425,0.4165834124217441,0.042868277140543434,0.20088161082568257
2718,1.31351E+11,70328,0.1185958243017474,0.063150074,0.16215089553084244
2719,1.31351E+11,53537,0.25294117434503216,0.042112299,0.2557103049821153
2720,1.31351E+11,81490,0.25476190354875283,0.040068936,0.3080669701428707
2721,1.31351E+11,48107,0.5132508788582077,0.01791639,0.2982857125812245
2722,1.31351E+11,50182,0.076154806,0.035349233,0.26188068623922806
2723,1.31351E+11,0,0.47230046504882195,0,0.1886204194183911
2724,1.31351E+11,45625,0.39347604084122284,0.043650793,0.18022598768233905
2725,1.31351E+11,96853,0.4354669442000685,0.011281588396743734,0.291595924
2726,1.31351E+11,44223,0.2748936146817565,0,0.1433121007698081
2727,1.31351E+11,121750,0.47085201265860976,0.08108108,0.32167300135609883
2728,1.31351E+11,56054,0.41800642638792684,0.008952551,0.2815013389731832
2729,1.31351E+11,82614,0.362236165,0.035351089,0.22667170295930597
2730,1.31351E+11,95568,0.43283581551199235,0.071757129,0.11004784623177126
2731,1.31351E+11,51778,0.5076507605071939,0.034769463,0.1823979580204212
2732,1.31351E+11,0,0.087087084,0.002475247,0.1936389130623114
2733,1.31351E+11,55494,0.18451242653429803,0.079800498,0.22888086477342337
2734,1.31351E+11,101739,0.3189655159915144,0.004001334,0.1725967535187367
2735,1.31351E+11,36272,0.1668177682065479,0.029058749,0.1473951706010472
2736,1.31351E+11,29605,0.3257641892946359,0.027369826252537876,0.2886652527083408
2737,1.31351E+11,42037,0.2819843317494836,0.04495159,0.22025723295613156
2738,1.31351E+11,118107,0.3699494926139552,0.015028901647231783,0.3558282191796686
2739,1.31351E+11,65230,0.13116279008761492,0,0.3299096124490155
2740,1.31351E+11,80484,0.436936932,0.027542372589593512,0.23205054433055403
2741,1.31351E+11,116938,0.5020990721906039,0.05453306,0.3993453333369049
2742,1.31351E+11,85851,0.22515527600690566,0.025793650537761403,0.4521276555662442
2743,1.3121E+11,189167,0.8748403464260492,0,0.8539534804283397
2744,1.3121E+11,150417,0.6389228807965376,0.09134045,0.7359767820505146
2745,1.3121E+11,72589,0.523809514,0.025210084,0.48592591872702345
2746,1.3089E+11,126761,0.5825687939777799,0,0.6278688421660846
2747,1.3121E+11,79962,0.6922077832180807,0.108820159,0.2949806927028518
2748,1.3121E+11,90865,0.926008948,0,0.5330520318839377
2749,1.3121E+11,113821,0.7561521168215647,0,0.5226130615749242
2750,1.3121E+11,84701,0.5275707859346439,0.014569536327354065,0.4284016611503169
2751,1.3121E+11,0,0.9999950000249999,0,0.5057470683049347
2752,1.3121E+11,64963,0.5504761799909299,0,0.10143626479859727
2753,1.3121E+11,131724,0.6818181624483477,0,0.7620967588286944
2754,1.3089E+11,208750,0.8927556754775875,0.011481056191268334,0.8995594674028217
2755,1.3121E+11,128788,0.7406523409653751,0,0.685322066
2756,1.3067E+11,106583,0.8540229835975691,0.040065861,0.8198031929901403
2757,1.3067E+11,164650,0.7900262363513617,0.013636363481404961,0.7949138573017731
2758,1.3121E+11,119395,0.6826483862409045,0,0.4775757517869606
2759,1.3121E+11,118125,0.8066298231128478,0.060465116,0.7840236570410702
2760,1.3121E+11,91513,0.6835730455444887,0.029829545,0.45500957
2761,1.3089E+11,176042,0.8831999929344001,0,0.8550983848831343
2762,1.3067E+11,0,0.6535052324455662,0,0.6956521696530792
2763,1.3067E+11,153214,0.6892039220872196,0,0.7479296027539876
2764,1.3067E+11,159695,0.723723716,0,0.7638709628137358
2765,1.3067E+11,149432,0.7368420935112904,0.028248587171630125,0.8146911451194395
2766,1.3067E+11,23856,0.49654377308129294,0.029804727,0.3506261149317879
2767,1.3067E+11,33992,0.6900368876376959,0,0.4044943787761286
2768,1.3067E+11,62500,0.39354838074921966,0,0.3079999958933334
2769,1.3067E+11,82656,0.24148296351219475,0,0.22846889815509033
2770,1.3067E+11,59557,0.28717366465849226,0.025406504,0.3004769459434184
2771,1.3067E+11,119615,0.5898491002764183,0,0.6850828666198632
2772,1.3067E+11,118750,0.6664290757916673,0.020183486115085712,0.7460707232511261
2773,1.3089E+11,236397,0.7050869239852742,0.028268551070267663,0.8000892423021452
2774,1.31351E+11,179688,0.6445242254124915,0.086601306,0.636859317
2775,1.31351E+11,30694,0.059677418,0,0.1298495635007952
2776,1.31351E+11,92292,0.5675954533787879,0.096709869,0.35378150963208815
2777,1.31351E+11,83523,0.5766249220237035,0.059785673661671326,0.5152859935143689
2778,1.3089E+11,250001,0.8010075465868067,0,0.892145359
2779,1.3121E+11,214271,0.8231788024955047,0.010325245171268739,0.8175809595665502
2780,1.31351E+11,63824,0.4596949866029685,0.009995002,0.4117147690504466
2781,1.31351E+11,149786,0.6114398301491158,0,0.6214833680117217
2782,1.3121E+11,193527,0.7401656238078093,0.069999999,0.7949552417009338
2783,1.3067E+11,102667,0.8143426229932859,0.0393586,0.5904164256108589
2784,1.3121E+11,100843,0.7951416939664641,0.064275037,0.33352304875627176
2785,1.3121E+11,91563,0.6931905073206541,0,0.5303550943278632
2786,1.3089E+11,227625,0.8185011613758646,0.012707722,0.8149324796272241
2787,1.3121E+11,64178,0.43030302161003997,0.038961038238199665,0.4218551407642295
2788,1.3121E+11,63300,0.6995475049814706,0,0.334346501
2789,1.3121E+11,70160,0.806590246,0.068564035,0.31805929633369906
2790,1.3121E+11,65963,0.43666665938888904,0.04704301,0.3146067386272777
2791,1.3089E+11,163281,0.9526261487886082,0.009795191,0.8765989399804444
2792,1.3067E+11,127841,0.6853396819387404,0.032989690381549586,0.7732962394068412
2793,1.3067E+11,133927,0.7439999940480001,0.069044006,0.750577361
2794,1.3067E+11,51331,0.38593155526681033,0,0.4318016015185879
2795,1.3067E+11,194637,0.817919067,0.039669421,0.8001066055431417
2796,1.3067E+11,41307,0.5100830307226213,0,0.517509724
2797,1.3067E+11,49209,0.2566248220833358,0.13310580053349488,0.3551273203363571
2798,1.3067E+11,0,0.772621792,0.094017092,0.4810238262928171
2799,1.3067E+11,58803,0.404949377,0.014558689585453234,0.3838782390987698
2800,1.3067E+11,207188,0.7447368355724839,0.009984639,0.6415929162984013
2801,1.3067E+11,191813,0.852705402,0.058260869,0.6660317418029731
2802,1.3067E+11,160385,0.7725490120338332,0.040358744032657004,0.5519159422007668
2803,1.3121E+11,80988,0.6936813091527293,0.046658259,0.3968253905265811
2804,1.3121E+11,100050,0.6008447666225474,0,0.37075471348344613
2805,1.3121E+11,0,0.45930231222958395,0.081005584,0.27397259737822705
2806,1.3121E+11,59151,0.4854651092228909,0.041152263,0.2563694247104345
2807,1.3121E+11,86250,0.5370370246056244,0,0.36942674823087585
2808,1.3121E+11,250001,0.8158253640405817,0.009888751,0.7833637953988685
2809,1.3067E+11,114559,0.6870611766593664,0.017241379153889482,0.6938775471931741
2810,1.3121E+11,43842,0.069518713,0,0.33098590383852455
2811,1.3067E+11,125875,0.7424242367998164,0.033630748,0.7541215225901011
2812,1.3121E+11,58661,0.6120058475548192,0.022130013525172704,0.4293785276079215
2813,1.3121E+11,175156,0.7365177082200661,0.01051051,0.599817679
2814,1.3067E+11,162778,0.7534722169897763,0.015634395576461842,0.7706896518504756
2815,1.3067E+11,235655,0.845238081,0.015306122188671391,0.802208827
2816,1.3121E+11,35613,0.07692307,0,0.15245008797731238
2817,1.3121E+11,0,0.7999999884892088,0,0.6990920791298044
2818,1.3121E+11,23910,0.46180554753809816,0,0.14814814653433392
2819,1.3121E+11,67847,0.33281492483958125,0.028818443388783237,0.28309571724855975
2820,1.3067E+11,220921,0.7808988654368137,0,0.6842105210200424
2821,1.3121E+11,0,0.22897195191719852,0,0.2846889918099403
2822,1.3121E+11,0,0.4531249949428014,0,0.7806873849314667
2823,1.3067E+11,111424,0.32662192028387116,0.029439695826783515,0.5556333061187313
2824,1.3067E+11,92019,0.5885450915829816,0.048675292,0.5951712487637774
2825,1.3067E+11,126225,0.5023342623498201,0,0.5253885983140487
2826,1.3067E+11,125335,0.6828160432792124,0.070911722,0.44705239930648255
2827,1.3067E+11,57625,0.24352650897949132,0.011339092811343992,0.43428571237676605
2828,1.3067E+11,132279,0.6678667806672657,0.021594684206024218,0.6158980545151818
2829,1.3067E+11,131250,0.7451550315391955,0.045871559,0.7819597613110982
2830,1.3067E+11,74514,0.3644986400474439,0.054545454,0.5656249955810547
2831,1.3067E+11,186875,0.6986128581424158,0.019173157464510742,0.6658778955708571
2832,1.3067E+11,123112,0.731788075,0.009253547,0.6053412432970265
2833,1.3121E+11,132813,0.8009049701275569,0.10915492861659394,0.7803819376702957
2834,1.3067E+11,189773,0.9241213983696374,0,0.8125384092652833
2835,1.3121E+11,85637,0.64967562,0.068849706,0.49395648272396064
2836,1.3067E+11,178152,0.6577540019016845,0,0.7605729825336086
2837,1.3121E+11,75893,0.4691601019083983,0,0.386476084
2838,1.3121E+11,250001,0.9193037829224086,0.040247677,0.8456790019051975
2839,1.3121E+11,0,0.3283581844508818,0,0.29223742957819954
2840,1.3067E+11,199227,0.6900148979879664,0.028364116,0.7111436915388871
2841,1.3121E+11,91207,0.9496855146816454,0,0.3399433331460812
2842,1.3121E+11,62125,0.2504780066830209,0.11121076133443264,0.1811091838725374
2843,1.3121E+11,46125,0.6475869736522225,0.012931034343415578,0.6454316794180077
2844,1.3121E+11,242303,0.8305941740759271,0.031990521,0.8478500457789411
2845,1.31351E+11,141628,0.6815286562190296,0,0.8238691009438445
2846,1.31351E+11,73809,0.3216875390791856,0,0.31301587102847067
2847,1.31351E+11,123250,0.5649867299073378,0.03892944,0.5425742520537203
2848,1.31351E+11,186776,0.6837376398586016,0,0.7432045726523279
2849,1.3121E+11,250001,0.8379120764023067,0.021739130172232727,0.8665966295525565
2850,1.31351E+11,191250,0.9633357227653795,0,0.805507738
2851,1.3121E+11,128557,0.6777777730709877,0.035547785,0.5733219299986236
2852,1.31351E+11,176068,0.752730876,0,0.6939252295915582
2853,1.31351E+11,70433,0.7596265955702848,0.06174089,0.19491525320489803
2854,1.31351E+11,191771,0.77485131,0.028081123025888277,0.6056434920465004
2855,1.31351E+11,156667,0.4125214372854079,0,0.4114583297616465
2856,1.31351E+11,33971,0.3782991146876963,0.011235955,0.26537432977690956
2857,1.31351E+11,100644,0.5756256738234421,0,0.4748603314057436
2858,1.31351E+11,113000,0.5476635462835183,0.010046367773984793,0.7590579641389678
2859,1.31351E+11,86250,0.6423208147281856,0.047647768,0.29194029676453553
2860,1.31351E+11,70278,0.3298479056098108,0.087301587,0.1850594217031159
2861,1.31351E+11,56080,0.5066401028775558,0.029359952851673796,0.1603405457242265
2862,1.31351E+11,151875,0.7329842855184892,0.015932521,0.6270983175833434
2863,1.31351E+11,68365,0.1546961240499379,0.037190082,0.2706422002830149
2864,1.31351E+11,76548,0.3147773247492174,0.018287614145572617,0.417952311
2865,1.31351E+11,142832,0.2656587415624462,0.017094017,0.36489606968942184
2866,1.31351E+11,110539,0.4266337801894725,0,0.38179251671282627
2867,1.31351E+11,83472,0.29554995553694413,0.058585858191341024,0.4493101352770838
2868,1.31351E+11,47279,0.17032966565028393,0.049999999,0.4648187534153784
2869,1.31351E+11,135667,0.4508414486196506,0.030102789793665274,0.4559082872314449
2870,1.31351E+11,108556,0.19999999873015875,0.032407407,0.319999998
2871,1.31351E+11,81924,0.44115413484317284,0.023759608499234044,0.43760683386660826
2872,1.31351E+11,115802,0.6180408694993597,0,0.3640189354864864
2873,1.31351E+11,71123,0.30601792181795234,0.068674698,0.42415985082506946
2874,1.31351E+11,104620,0.5159059438734029,0.068424356,0.2736066316277907
2875,1.31351E+11,71250,0.40229257422329384,0.046728971744257136,0.29612870640458167
2876,1.31351E+11,66544,0.4555373679457863,0.024136298986576907,0.3117021265542478
2877,1.31351E+11,93750,0.3774250374351845,0.083682007,0.357076777
2878,1.31351E+11,46394,0.3559685464190955,0.070604209,0.38402777511091823
2879,1.31351E+11,190815,0.5277486855733122,0,0.3663624487199319
2880,1.31351E+11,86525,0.37948717705456936,0.041472265207505105,0.2307692298816568
2881,1.31351E+11,66648,0.30559344739981653,0,0.1957787467556132
2882,1.31351E+11,101092,0.6897784082217412,0.028571428385899815,0.6030569680266004
2883,1.30132E+11,89700,0.063811922,0.063037249,0.7747010649798548
2884,1.31351E+11,108784,0.30188677821288784,0,0.7499999885670734
2885,1.30132E+11,27566,0.1278928120841314,0.030162412643127464,0.47473867182283386
2886,1.30132E+11,28173,0.081690139,0,0.4095744626386375
2887,1.30132E+11,47388,0.094170403,0,0.5282758584256837
2888,1.30132E+11,78688,0.16393442530280145,0.035539759948734956,0.7488667237132061
2889,1.30132E+11,50341,0.173476701,0.006870706,0.7821428524872449
2890,1.30132E+11,53152,0.17847533472219432,0.016431924754053796,0.6828321984343734
2891,1.30132E+11,43531,0.035010940152933476,0.039387308,0.7783109330296456
2892,1.30132E+11,101596,0.36564930960114117,0.077941925,0.6611226565410765
2893,1.31351E+11,110417,0.555555551,0.04468219,0.5238095202461938
2894,1.31351E+11,91004,0.2605363934763143,0.048237475913961485,0.5563570734323078
2895,1.31351E+11,77194,0.309190029,0.070175438,0.332119002
2896,1.31351E+11,116023,0.4391143830421701,0.013081395158700652,0.5025432298825714
2897,1.31351E+11,82537,0.25242091509089143,0.04198895,0.35109561578139636
2898,1.31351E+11,116667,0.441860457,0,0.4706546222273745
2899,1.31351E+11,104152,0.409530384,0.023043944142315413,0.46835442868587907
2900,1.31351E+11,109635,0.4999999959546926,0.016355140091383526,0.33464223239684887
2901,1.31351E+11,79363,0.3606299155806313,0.12624584577800835,0.3549276336669357
2902,1.31351E+11,104261,0.4403803918040937,0.030131826600132642,0.538598572
2903,1.3121E+11,93447,0.4883401853451278,0.049230769,0.43945912452698754
2904,1.3121E+11,0,0.5086206750396358,0,0.7136258495698419
2905,1.3121E+11,160096,0.6774509737504807,0.028310502024561625,0.7203389762679946
2906,1.3121E+11,127857,0.6602112559821962,0,0.6129032175685052
2907,1.3121E+11,173487,0.6724303489680082,0.005902192,0.6364280606915091
2908,1.3121E+11,109412,0.6696774107138399,0.035443038,0.6810344754198872
2909,1.3121E+11,82805,0.5167213080870734,0.000484027,0.32966226017010913
2910,1.3121E+11,107734,0.701720828,0,0.7217805926584961
2911,1.3121E+11,79821,0.6302382857005893,0.031518624,0.6270928430893311
2912,1.3121E+11,199125,0.8961864216909657,0.031809144,0.7878426604547955
2913,1.31351E+11,123750,0.512576856,0.003569607,0.598165135
2914,1.31351E+11,112625,0.4837398275662637,0,0.35127054781359424
2915,1.31351E+11,190417,0.6653846068540435,0.098451326,0.44933920209978856
2916,1.31351E+11,250001,0.6313750766212067,0,0.3992210301887973
2917,1.31351E+11,69681,0.6583448883109343,0.042944785,0.23265741666847006
2918,1.3121E+11,193269,0.848670739,0,0.7187499916811344
2919,1.31351E+11,106607,0.3167701835246656,0.02919708,0.6298076862518492
2920,1.31351E+11,139531,0.6225045315562202,0,0.6623145361286972
2921,1.31351E+11,80909,0.4395116488400483,0,0.28932178723433055
2922,1.31351E+11,107218,0.7178611977490194,0.027149321021273112,0.24540901365938222
2923,1.31351E+11,108889,0.41845293179447407,0.006578947,0.45337837531501096
2924,1.31351E+11,78952,0.4921116474993225,0.009259259,0.3653683303752399
2925,1.31351E+11,99375,0.3030794116194585,0.029498525,0.34560326844986433
2926,1.31351E+11,135836,0.6600517630711669,0,0.4880218994659692
2927,1.31351E+11,143333,0.362162157,0.017297297,0.3097151182635857
2928,1.31351E+11,102034,0.5480833856887466,0.016155989,0.43495353668708525
2929,1.31351E+11,131571,0.5007194208581337,0.044951139772305276,0.4425062283997642
2930,1.31351E+11,87321,0.23945782771900861,0.012430939054821285,0.4512694475735508
2931,1.31351E+11,145893,0.608409983,0.035448827698977545,0.37375745341074823
2932,1.31351E+11,154659,0.468906358,0.009744214,0.48401826207752136
2933,1.31351E+11,129145,0.3671328628539294,0.048241206,0.457968022
2934,1.31351E+11,79433,0.40069444166184415,0.006568144,0.41666666470495917
2935,1.31351E+11,59688,0.3434704768609933,0,0.28871128582706007
2936,1.31351E+11,101964,0.2772364900156201,0.04175988,0.5369047587089003
2937,1.31351E+11,164375,0.4211469458575816,0.061594202,0.4735751246261645
2938,1.31351E+11,90603,0.20331186565490464,0,0.4573091820355163
2939,1.31351E+11,148179,0.3709677403609179,0.085405759,0.4263031742771025
2940,1.31351E+11,130578,0.2860447163759081,0.019075568,0.49659348602124537
2941,1.31351E+11,127674,0.49797022330216206,0,0.6776099758528564
2942,1.31351E+11,116923,0.2723214224928254,0,0.6074766292058502
2943,1.3134E+11,103750,0.5274896238200746,0.00335249,0.8968547599590436
2944,1.31351E+11,218409,0.758302569,0.015410959,0.8605830055692902
2945,1.31351E+11,155804,0.7475345093931508,0.014134275493513468,0.7389807111640447
2946,1.31351E+11,182065,0.6404682167145783,0.014367815885519887,0.7733710975130208
2947,1.3121E+11,180917,0.6737160080138006,0.045454545227499775,0.6977040786662241
2948,1.31351E+11,155469,0.7868731505392835,0.019081693386513457,0.7337164715818176
2949,1.3121E+11,135144,0.6893017252447039,0.029058116086883187,0.6595845105779767
2950,1.3121E+11,77833,0.8257317847125134,0.074311338,0.8165647536600069
2951,1.3121E+11,171349,0.75954814,0.021057557,0.7688727985063454
2952,1.3121E+11,195380,0.6824224419139965,0.040207522,0.8223428950943142
2953,1.31351E+11,192130,0.8228782186607846,0.018538712993034754,0.8394216070059238
2954,1.3067E+11,162273,0.6426592738443281,0.036015325,0.7418719175277245
2955,1.3067E+11,198750,0.8106694475871397,0.033824805,0.6711281027971441
2956,1.3067E+11,139826,0.6117353231993093,0.032967033,0.7568881624239209
2957,1.3067E+11,101000,0.30097087113000115,0.030381944,0.6967353892033042
2958,1.3067E+11,47139,0.41249999570312507,0.088258471,0.3093220320258957
2959,1.3067E+11,0,0.5927903792684863,0.007272727,0.7072961312678444
2960,1.3067E+11,137446,0.4467105233769045,0,0.6072644687442426
2961,1.3067E+11,118000,0.39750584257594823,0.005669738,0.6749079396375174
2962,1.3067E+11,145625,0.7163588295994877,0.036755386,0.7753846094201184
2963,1.3067E+11,120938,0.5211267564857062,0.044085231,0.6888217481037961
2964,1.3067E+11,250001,0.8637395846802454,0.022880215189231393,0.7903005410498597
2965,1.3121E+11,88819,0.49108469174528463,0.14870316917173967,0.21787709345057896
2966,1.3121E+11,50577,0.6009732213875129,0,0.32511012929418387
2967,1.3121E+11,0,0.20232557669010287,0,0.3026499260439341
2968,1.3067E+11,236158,0.9052631492319316,0,0.7834158367362881
2969,1.3121E+11,63095,0.44795321113505016,0.049661399,0.3998194909763584
2970,1.3121E+11,181063,0.8023255710293854,0.043478260372102284,0.77578857
2971,1.3067E+11,126250,0.8316690323585018,0,0.7223587164425985
2972,1.3121E+11,77868,0.39705881769031154,0.0210035,0.46009389311350635
2973,1.3121E+11,95093,0.8379254389147047,0.024340770626499184,0.6473988392528985
2974,1.3067E+11,192500,0.694334642,0,0.7015285542918057
2975,1.3067E+11,180398,0.8283752797225379,0.034482758,0.8234495209440944
2976,1.3067E+11,96250,0.3795620391780774,0.024141133,0.6453697010382649
2977,1.3067E+11,158530,0.49128081484497405,0.093202223,0.6329837910725271
2978,1.3067E+11,86612,0.38764044632712324,0.1199127898262152,0.6988505706962611
2979,1.3067E+11,101250,0.49334810982984356,0.013100436538204842,0.6426829189916717
2980,1.3067E+11,168177,0.783246971,0.013297872252008828,0.7676701520440435
2981,1.3067E+11,134619,0.6027928580078133,0.014678898992789608,0.712129376
2982,1.3067E+11,178636,0.8281733617929821,0.012379642195603271,0.795763988
2983,1.3067E+11,119107,0.35325506748529845,0.03875969,0.5658163236437943
2984,1.3121E+11,209271,0.8237453999541567,0,0.6562998352767159
2985,1.3121E+11,141161,0.7288702867876964,0.031363967677870405,0.7732680141828691
2986,1.3121E+11,93265,0.504731853,0.024316109,0.5302752244928879
2987,1.3121E+11,132622,0.6912508988340499,0.007772021,0.6059670750721858
2988,1.3121E+11,250001,0.6930692983531027,0,0.790233066
2989,1.3121E+11,118292,0.8563380161079153,0.018891687419500158,0.7385892054888863
2990,1.3121E+11,250001,0.4895104846202749,0.10007304528799821,0.5299073249375963
2991,1.3121E+11,167357,0.7341888108690302,0.015246636634559312,0.6031833117278633
2992,1.3121E+11,170294,0.7156348298464341,0.010700389,0.7853333280977778
2993,1.3121E+11,34468,0.639760828,0.076470587,0.6295636631383468
2994,1.3121E+11,114655,0.7683823458788388,0,0.8471042405629017
2995,1.3067E+11,166600,0.7285714181632654,0.033205619,0.8437741620744458
2996,1.3121E+11,69371,0.8111888030850269,0.031993437,0.7148731959227335
2997,1.3067E+11,142011,0.7654320882656779,0,0.8089461652088994
2998,1.3067E+11,177813,0.8309455508028123,0.007772021,0.7962962912113902
2999,1.3121E+11,171033,0.8521057703025879,0.007518797,0.7478005792003853
3000,1.3121E+11,0,0.05759162,0,0.2399540730200451
3001,1.3121E+11,127067,0.8089171802777669,0.022288261184424056,0.7245840968153041
3002,1.3121E+11,250001,0.8702902972804799,0,0.8456957182149664
3003,1.3121E+11,0,0.16323417114237856,0.053460888838149194,0.30847952990877536
3004,1.3067E+11,101096,0.6943972717419818,0.056292462,0.4496047386402694
3005,1.3067E+11,68910,0.33293697582714654,0.010045662008715416,0.7746967003925763
3006,1.3067E+11,107438,0.2830540010888827,0.035038542,0.5606631457372785
3007,1.3067E+11,69037,0.6227544881494496,0.09465122,0.459854014
3008,1.3067E+11,134345,0.47351350839444856,0.025021570103351425,0.7172300023311624
3009,1.3067E+11,102333,0.394854582,0.081766917,0.5846958758358674
3010,1.3067E+11,105625,0.5400457624710469,0.1811902222040902,0.6141592884120396
3011,1.3067E+11,115568,0.6207999900672002,0,0.6910919490582476
3012,1.3067E+11,83672,0.23139065071326803,0.004809794,0.42514969847729694
3013,1.3067E+11,75261,0.3271780287538919,0.007744875,0.621062526
3014,1.3067E+11,213000,0.7503670961766946,0.015256587860518893,0.7769516656417131
3015,1.3121E+11,107639,0.6413793014982165,0.092734225,0.34423076592085805
3016,1.3067E+11,165208,0.7511520650788933,0.007526882,0.814528587
3017,1.3121E+11,0,0.40717821278244787,0.011961722344955475,0.4406130234435784
3018,1.3121E+11,165750,0.7551581739317995,0,0.7390510881473441
3019,1.3121E+11,0,0.689051085,0.081555833,0.661157018
3020,1.3121E+11,33571,0.38421051957525404,0.14336492721131602,0.19404069626423914
3021,1.3121E+11,55000,0.3474692154928972,0.067015706,0.20979020816013824
3022,1.3121E+11,112665,0.7947269153535421,0,0.775453267
3023,1.3121E+11,54350,0.22658959275618967,0.074208144,0.19522387943149924
3024,1.3067E+11,127663,0.3813651096276803,0,0.5614457786229254
3025,1.3067E+11,130865,0.6446776515040832,0,0.7394136747604749
3026,1.3067E+11,94000,0.514841346,0.03629764,0.6625487603215295
3027,1.3067E+11,82484,0.5543386642431453,0.018558173,0.6645161242687017
3028,1.3067E+11,163281,0.48983542604225144,0.050045495449995495,0.758207066
3029,1.3067E+11,128456,0.6361808981288352,0.007220217,0.7494834672030812
3030,1.3067E+11,70388,0.2570281072885922,0.074336282,0.6449704065683975
3031,1.3067E+11,126875,0.4498607179685137,0.017877094772322966,0.636443656
3032,1.3067E+11,127885,0.64814814,0,0.7164056000296324
3033,1.3067E+11,171667,0.6473779346149612,0.054024255490494735,0.6935407793798171
3034,1.3121E+11,146250,0.7326297209091494,0,0.6249999951774692
3035,1.3121E+11,91250,0.7701754318405664,0.014423076807507398,0.43091206755372985
3036,1.3121E+11,137935,0.5966386482996561,0,0.8488687705984727
3037,1.3121E+11,124135,0.6472795375744927,0.010186757,0.678618849
3038,1.3121E+11,81189,0.5747531694305136,0.12341772073786253,0.5656324548589949
3039,1.3121E+11,142876,0.8986013907464914,0.081617086,0.6299126603170706
3040,1.3121E+11,192895,0.7558945856040598,0.081936685,0.5966010706770971
3041,1.3121E+11,250001,0.8436170123019467,0.018229166508427375,0.7099184734380538
3042,1.3121E+11,204167,0.7721925051102406,0,0.7684021498001068
3043,1.3121E+11,97440,0.5390390349921994,0.030112044607058512,0.5720808834176068
3044,1.3121E+11,144802,0.6001330632060342,0,0.41279798988207034
3045,1.3121E+11,0,0.6998799435788723,0.061188810653943965,0.2943162617089687
3046,1.31351E+11,116935,0.6522678150525496,0,0.2726467976611189
3047,1.31351E+11,100743,0.7658536523101329,0.1884745749933927,0.33618843443120316
3048,1.31351E+11,85536,0.5267175539012878,0.015169194777309249,0.3139240490434225
3049,1.31351E+11,138869,0.8167053269523744,0,0.4189043993672997
3050,1.31351E+11,122634,0.40429504757894447,0.030728709124418708,0.5751222880844005
3051,1.31351E+11,115714,0.5228873147378994,0.063076922,0.48367593127356795
3052,1.3121E+11,123125,0.7184465903163982,0,0.5597783011894037
3053,1.31351E+11,131563,0.6516308074140819,0.01489118,0.37159253767770184
3054,1.31351E+11,112813,0.6996586791925367,0,0.5781249924723308
3055,1.31351E+11,115833,0.44152541998707273,0.006849315,0.418310569
3056,1.31351E+11,113382,0.46726982188786687,0,0.4850398920045216
3057,1.31351E+11,141151,0.473118276,0.015221707377751772,0.6148180215995752
3058,1.31351E+11,163786,0.7513888836709105,0.019673974032186767,0.5568229803260542
3059,1.31351E+11,98047,0.18309858920488362,0.036789297,0.5734214348500629
3060,1.31351E+11,78669,0.2922776120011964,0,0.3329089730559582
3061,1.31351E+11,94657,0.4507628231516946,0.071713146,0.48615159995516327
3062,1.31351E+11,116250,0.4532608646384689,0.036484245,0.5841737735905836
3063,1.31351E+11,95417,0.406219627,0.010919017189089926,0.5041231418135067
3064,1.30132E+11,63036,0.21619365428886766,0,0.7606263939562282
3065,1.30132E+11,79710,0.3777315276913032,0.008219178,0.7280740382191536
3066,1.30132E+11,84792,0.248327136,0,0.7194928656121519
3067,1.30132E+11,58237,0.10386740216721103,0.009623797,0.7342211885684934
3068,1.30132E+11,63333,0.3110516906323379,0,0.7697200968847322
3069,1.30132E+11,87857,0.065329218,0.006831768,0.7871041557149784
3070,1.30132E+11,106023,0.20278004740163494,0.020680453497795508,0.7526958968174271
3071,1.30132E+11,63188,0.14547837292951019,0.019586506859776857,0.7725663648445454
3072,1.30132E+11,100179,0.2613272299252758,0.005929691,0.7822866319411058
3073,1.31351E+11,111250,0.4569054988898702,0.032745591664604605,0.5813743192523765
3074,1.3121E+11,191250,0.697892263,0.048228346,0.6056445415282644
3075,1.3121E+11,250001,0.6855523885112639,0,0.4553733978984809
3076,1.31351E+11,117471,0.5205078074169159,0,0.2622568072976124
3077,1.31351E+11,143533,0.4884563128634843,0.003180915,0.29043813642756094
3078,1.3121E+11,95489,0.7550034454451108,0.005379558,0.4588910111907695
3079,1.3121E+11,221827,0.8161849616626016,0.023715414785420802,0.43717616297165696
3080,1.31351E+11,198109,0.5774424100282572,0.029784537200351475,0.47342192428891516
3081,1.3121E+11,168625,0.8986332471681863,0.012770137399114563,0.38046874702758793
3082,1.31351E+11,72363,0.6681636693205406,0.060458958,0.4291282762964979
3083,1.3121E+11,231250,0.6723868849861641,0.011990407530091037,0.51413612
3084,1.31351E+11,96354,0.39746834939913483,0.067351597,0.5360054311412674
3085,1.31351E+11,36645,0.4058898795660707,0.04481434,0.5129533634459986
3086,1.31351E+11,0,0.16916043154962412,0.040930232,0.5724043689781221
3087,1.31351E+11,60921,0.3316901385092244,0.012250161107349057,0.44910807739187786
3088,1.31351E+11,86622,0.34470989368930727,0.025399811614300927,0.4020028583547721
3089,1.31351E+11,106802,0.1728553114871279,0.049209138407652564,0.3448773423890524
3090,1.31351E+11,103056,0.4365719115970644,0.031960227,0.5188417274143525
3091,1.31351E+11,132480,0.21283598347319813,0.040534315796709734,0.38508839058348665
3092,1.31351E+11,119115,0.604651157,0.00933908,0.40680473172187015
3093,1.31351E+11,100959,0.37906503679811954,0,0.541123083
3094,1.3121E+11,150313,0.6699507279154232,0.18901453652642106,0.5987951735084919
3095,1.3121E+11,103487,0.5960317413013354,0.058102001,0.614734863
3096,1.3121E+11,185000,0.7091836674389144,0.019504876072731613,0.49999999742002066
3097,1.3121E+11,186753,0.5054073503575534,0.003227889,0.457727515
3098,1.3121E+11,234444,0.8609550440877101,0.014336917,0.7179053993420152
3099,1.3121E+11,79097,0.44262294523804613,0.080131723,0.49599358576928215
3100,1.3121E+11,198036,0.9393939204162844,0,0.6695583543410225
3101,1.3121E+11,116295,0.8219177706886862,0.092050205,0.2806122401256422
3102,1.3121E+11,240000,0.8050490770680354,0.042416452,0.6721311414195706
3103,1.3121E+11,74728,0.5507246262789933,0,0.5193877498021658
3104,1.3121E+11,154257,0.8443579684400976,0,0.3331336109458741
3105,1.3121E+11,170380,0.8062992062496126,0.026229508024724537,0.12801724082751187
3106,1.3121E+11,107188,0.6743697408154439,0,0.1762962954256973
3107,1.3121E+11,173427,0.7529691032548907,0.068817203,0.2535046699356931
3108,1.31351E+11,84167,0.7039999943680001,0.025106837472719884,0.3705882334775087
3109,1.31351E+11,146442,0.6359365787672544,0.042424242,0.46869210645167797
3110,1.31351E+11,159844,0.8582089392125198,0,0.5652565205647478
3111,1.3121E+11,188438,0.6645833287181714,0,0.2834158398303475
3112,1.3121E+11,213074,0.7154605145483468,0.025104602160326332,0.2736373718171594
3113,1.3121E+11,175859,0.6292307595502961,0,0.70034246
3114,1.31351E+11,70662,0.5172413724503797,0.080765143,0.46836268448556634
3115,1.31351E+11,52969,0.5585215491063337,0.14716311795810075,0.38523760985604033
3116,1.31351E+11,96848,0.4525633444162443,0,0.6110875979217621
3117,1.31351E+11,98243,0.5086206841743461,0.068426197,0.46722688813878493
3118,1.31351E+11,150865,0.6923878968468415,0.064668769,0.7430858752322717
3119,1.31351E+11,117560,0.27228524680250815,0,0.47443181481227403
3120,1.31351E+11,82212,0.3369495830443549,0.030642023197266423,0.3279729143970676
3121,1.31351E+11,0,0.43021914151996377,0,0.5245901600254087
3122,1.31351E+11,176212,0.5878877356876829,0.014492753531866708,0.4014801091513408
3123,1.31351E+11,106908,0.5868772711193527,0,0.7052631532548477
3124,1.31351E+11,0,0.7626641579487415,0.12657468430369115,0.5542168619054532
3125,1.3121E+11,183333,0.6813241073057109,0.012785388069473113,0.3150123038760775
3126,1.3121E+11,168542,0.8795056552059151,0.022727273,0.28255275201980057
3127,1.3121E+11,52248,0.5830230783095824,0,0.44196771374352256
3128,1.31171E+11,156467,0.7016752532108553,0.003464203,0.3052337183170846
3129,1.31351E+11,165689,0.6167899059730756,0.055885435,0.5688325975527736
3130,1.3121E+11,188517,0.8655030711960671,0,0.53095975
3131,1.3121E+11,174196,0.7187658031423075,0.024609559751019593,0.38941018505757247
3132,1.3121E+11,201827,0.8448275716409039,0,0.4646892589733156
3133,1.3121E+11,166528,0.8328267224064827,0.052896724,0.36407300322696445
3134,1.31351E+11,118233,0.5423412170464432,0.022564666909385432,0.6111350858388644
3135,1.31351E+11,187163,0.45462402372840083,0,0.7456616011623558
3136,1.31351E+11,175724,0.576502724,0.081632652,0.6991869855538665
3137,1.31351E+11,95776,0.5012130009645172,0.004154549,0.4660514157348338
3138,1.31351E+11,120833,0.45475637523484486,0.031217481,0.5517955762997543
3139,1.31351E+11,0,0.15760869136932906,0.071960297,0.2099236614513529
3140,1.31351E+11,170718,0.5940530019776794,0.018611669926500655,0.3887700513969516
3141,1.31351E+11,64110,0.23621323312304016,0.052369076980242665,0.34057255508108314
3142,1.31351E+11,113047,0.4431599143899824,0.035849055927376305,0.6087419977746056
3143,1.31351E+11,115764,0.4647058784478498,0.1185696353916585,0.7212486269373022
3144,1.3219E+11,142237,0.5503144610824335,0.060967528,0.8395585702904984
3145,1.30132E+11,90521,0.23809523629557644,0.032679738367915996,0.7009259226808985
3146,1.3219E+11,83611,0.34403209283819364,0.013824884665208436,0.7655807311219495
3147,1.30132E+11,102882,0.42303030046648304,0,0.7944885530383532
3148,1.30132E+11,50741,0.12108559372562011,0.028783658,0.5450346378365309
3149,1.30132E+11,79556,0.3049504930366304,0.020285087608086144,0.6744288195323865
3150,1.30591E+11,95750,0.5723684085006928,0,0.7470198576553662
3151,1.30132E+11,68636,0.14721345796831276,0.021145374,0.689958589
3152,1.30132E+11,77163,0.16483516404761028,0.013447433,0.7403993827173603
3153,1.30132E+11,86875,0.2631166776576611,0,0.7489500665004662
3154,1.30132E+11,109181,0.24375742873058945,0.017601759982378878,0.678169537
3155,1.3157E+11,91000,0.4058078897557119,0.044475329781269425,0.8544943772219417
3156,1.30132E+11,88228,0.093318608,0.006035283,0.7758913379631097
3157,1.30132E+11,47438,0.33404254608420114,0.033158812684837474,0.8006962506466819
3158,1.3157E+11,71538,0.16255143949304815,0.084714548,0.7546274287867706
3159,1.3121E+11,131471,0.6069221185794547,0.014527844860437714,0.8142322036387101
3160,1.3121E+11,118577,0.43763212605428914,0,0.638920128
3161,1.3067E+11,188571,0.807896729,0.006093433,0.8201263936795021
3162,1.3121E+11,71400,0,0,0.12840466801162775
3163,1.3121E+11,108517,0.12818590608556293,0.004219409,0.24840764067507812
3164,1.3067E+11,206500,0.6875800212062739,0.016538688620562972,0.825205475
3165,1.3121E+11,60125,0.6499999828947374,0,0.43692869402324147
3166,1.3121E+11,131500,0.6524390194173856,0.006761325,0.868348871
3167,1.3121E+11,205906,0.8407335826184017,0.006039689,0.8755821631697793
3168,1.3121E+11,146250,0.6140776549981152,0,0.8235294012336394
3169,1.3067E+11,98333,0.5593719277784894,0.14159291930978674,0.6771231776807715
3170,1.3067E+11,123438,0.7573170639351577,0.008018328,0.694091244
3171,1.3067E+11,223625,0.8222003848506838,0,0.7185863827317646
3172,1.3067E+11,95417,0.45109779988924353,0.010362694211030275,0.6729514091881696
3173,1.3067E+11,117500,0.5843023085958632,0.06527415,0.7199999912727274
3174,1.3067E+11,106741,0.3166226871157957,0,0.613839279
3175,1.3067E+11,121902,0.7114474861736283,0,0.764897071
3176,1.3067E+11,123571,0.5082508166955311,0.031900138,0.4535593189589199
3177,1.3067E+11,86875,0.671809247,0.007802341,0.808616398
3178,1.3067E+11,165804,0.6989164032591609,0.05629139,0.7534059911289464
3179,1.3067E+11,91830,0.45477870138050863,0.006342495,0.6249999973958333
3180,1.3067E+11,106927,0.42239685243225095,0.015334947414568624,0.5748683177210812
3181,1.3067E+11,149646,0.605311917,0.065016982,0.5387426880893907
3182,1.3067E+11,56453,0.43661971271933786,0,0.5002956800692154
3183,1.3067E+11,140406,0.6772334228892083,0,0.6315426953750504
3184,1.3067E+11,0,0.451967059,0.098024315,0.5858208911505903
3185,1.3067E+11,0,0.36760924977366005,0,0.5177935896993453
3186,1.3067E+11,148450,0.40468749367675794,0.004291845,0.6106623537103203
3187,1.3067E+11,47481,0.24246771531610165,0.07532751,0.4934497780680511
3188,1.3067E+11,0,0.3397379882992316,0.018561484775239872,0.45283018393259766
3189,1.3067E+11,180913,0.5866084382342909,0.028013029,0.7591817723887411
3190,1.3121E+11,168611,0.7376950736032709,0.043406593,0.808383229
3191,1.3121E+11,47689,0.336244537,0.031710078916080645,0.31208790980155376
3192,1.3121E+11,53409,0.10801687672559598,0.011125654377449907,0.24566473810935882
3193,1.3121E+11,66858,0.5703544514462465,0.042914171228401486,0.8124507422186703
3194,1.3121E+11,148095,0.6919866386311633,0,0.7550921398880109
3195,1.3067E+11,167596,0.9119878465555714,0.028930817246153245,0.8093869654273279
3196,1.3121E+11,148125,0.5520833289095887,0.090523337,0.4631083129810312
3197,1.3121E+11,193125,0.7853260762863306,0.044585986693172146,0.697068398
3198,1.3121E+11,225536,0.6806722574676932,0,0.8188976306308169
3199,1.3121E+11,220714,0.6872246620349707,0.049129989,0.6775147878882043
3200,1.3121E+11,61691,0.4980340694884133,0.056930692364719156,0.5562347120264706
3201,1.3121E+11,118275,0.7089337073640677,0.049865228,0.5476003104044036
3202,1.3121E+11,130795,0.5770750950126805,0.029445073445950886,0.4224786732439605
3203,1.3121E+11,82661,0.8117421773341278,0.10399999948000001,0.4304013645157926
3204,1.3121E+11,203506,0.7610121765603357,0.10290651922304384,0.6075949332129176
3205,1.3121E+11,182523,0.6860346515185051,0.030042918197056498,0.5402843573444742
3206,1.3121E+11,67083,0.5727733484954862,0.008397481,0.4824233322182249
3207,1.3121E+11,99044,0.734757451,0,0.5367965342145429
3208,1.3121E+11,75435,0.5210608343048232,0.21683309248454932,0.38964992093112694
3209,1.3067E+11,111510,0.6990769187749113,0.038735983,0.6129541831861286
3210,1.3067E+11,95250,0.3830806034869864,0.018664752199104434,0.610644254
3211,1.3067E+11,28725,0.378378372,0.021314387022074718,0.58077544
3212,1.3067E+11,75227,0.3312807861374336,0.063141683,0.7966915645854239
3213,1.3067E+11,154725,0.466299859,0.020092735599728306,0.4379977221956899
3214,1.3067E+11,72016,0.6053082139956488,0.157499999,0.4839586705603118
3215,1.3067E+11,125833,0.43686006080443585,0,0.48036425452268494
3216,1.3067E+11,104512,0.6032719774716567,0.014571948865464947,0.7545731649803875
3217,1.3067E+11,73409,0.3709226433278412,0.047337277706362826,0.4213172427284201
3218,1.3067E+11,115039,0.3857493762715141,0,0.6596758755035665
3219,1.3067E+11,109732,0.303030299,0,0.5715756892731649
3220,1.3067E+11,130885,0.5504241229931751,0.041017227,0.7028047427033185
3221,1.3067E+11,152705,0.8224228681533268,0.011392404991187311,0.733445563
3222,1.3067E+11,120729,0.517123282,0.017353578987488297,0.7098645966163966
3223,1.3067E+11,157411,0.6267942523751746,0.017884914,0.6623686692341515
3224,1.3067E+11,144464,0.5884615346893491,0.024390244,0.8384918354614979
3225,1.3067E+11,72465,0.31537962157443467,0.0475,0.7171350828779007
3226,1.3067E+11,80496,0.3147335403464982,0.092462311,0.581380205
3227,1.3067E+11,170586,0.7468553400404454,0.012278308238210722,0.7489316199309208
3228,1.3067E+11,173393,0.7523809458668317,0.017479971,0.7696188297667106
3229,1.3121E+11,250001,0.7819999843600004,0.095975231,0.5405660326361695
3230,1.3121E+11,185110,0.6079234889627939,0,0.4091603022201504
3231,1.3121E+11,222292,0.812439254,0.074939564,0.5638554171577879
3232,1.3121E+11,250001,0.7202797152427992,0.012624584633723691,0.5742904793464901
3233,1.3121E+11,145938,0.5986316921478713,0,0.46979388436535974
3234,1.3121E+11,69380,0.5526641815035418,0.049704141,0.4155154047235345
3235,1.3121E+11,140000,0.9210822895030182,0,0.3955847231767021
3236,1.3121E+11,133500,0.7375415200715225,0.013071895302783423,0.5282685465700658
3237,1.3121E+11,130237,0.7013888834769376,0.083451202,0.468588638
3238,1.3121E+11,103068,0.8747494902329711,0.017839445,0.23937600731911776
3239,1.3067E+11,164345,0.6666666598708801,0.010733452497911874,0.807784426
3240,1.3121E+11,199135,0.860294109,0.008787346,0.7982594873555421
3241,1.3121E+11,206156,0.7363253753671055,0,0.9273809413407031
3242,1.3067E+11,177885,0.7268588660567699,0.028395061,0.8409658547796348
3243,1.3121E+11,110079,0.7189374402833124,0.006728343,0.7340241753942189
3244,1.3121E+11,148227,0.690344054,0.035126235,0.8042414290029247
3245,1.3121E+11,149769,0.7694235396134451,0,0.826035493
3246,1.3067E+11,109167,0.5868725755430005,0,0.7276341875980697
3247,1.3121E+11,189702,0.799999992,0.010586319132033232,0.8496611161450331
3248,1.3121E+11,170667,0.6945137070509513,0.017772511637766452,0.7427035273217856
3249,1.3121E+11,22320,0.5355555436543212,0.016597510029097304,0.5356234028546641
3250,1.3121E+11,235084,0.6890282088462182,0.22997118023071367,0.5168755977157609
3251,1.3121E+11,96212,0.7224880209931096,0.059782607612633924,0.4999999939024391
3252,1.3121E+11,178868,0.827764972,0.021993448657026442,0.5433992711207134
3253,1.3121E+11,103095,0.7240924044614363,0.051485148175015524,0.6045164991052895
3254,1.3121E+11,217308,0.7455919207659466,0.041237112551812116,0.6548956556196525
3255,1.3121E+11,101786,0.5481062231253538,0.01908242,0.7072131124353668
3256,1.3121E+11,100769,0.6656322679159637,0.020988490040700813,0.26101218246948366
3257,1.3121E+11,250001,0.7296416700442453,0.041436463,0.6672025616205376
3258,1.3121E+11,112708,0.6060820324888117,0.017038008,0.6160220966113162
3259,1.31351E+11,218958,0.7112831779725313,0,0.7061266837688127
3260,1.31171E+11,143142,0.7719008232566081,0.009857612,0.24054053994953184
3261,1.31351E+11,194063,0.8333333165997326,0.039473684,0.7546583772809692
3262,1.3121E+11,244107,0.8850746202606372,0.00656168,0.6106623553545377
3263,1.31171E+11,163636,0.6655974311724241,0.046623243,0.5892169432882748
3264,1.31351E+11,107092,0.6152343709945679,0,0.4793543525549761
3265,1.3121E+11,187222,0.7223154301819176,0.039660056,0.5528266888191534
3266,1.3121E+11,194722,0.7268951118702481,0.006750241,0.5278219353909226
3267,1.31171E+11,133125,0.6857949168118771,0.013651877074864004,0.6275524077659885
3268,1.31171E+11,182946,0.7956989190272479,0.049450549148653544,0.41136103541227204
3269,1.30132E+11,73990,0.1462113111396872,0.006782946,0.7945492606949738
3270,1.30132E+11,94954,0.22098568981728386,0.037769783946224315,0.7744680814445953
3271,1.31351E+11,81378,0.46940638840724763,0.031117397233964658,0.6711165007820601
3272,1.3157E+11,136017,0.39980915649037063,0.005342832,0.8615512855583712
3273,1.31351E+11,140089,0.6774541458742811,0,0.7197096553896725
3274,1.3157E+11,123603,0.22366522205147749,0,0.859435524
3275,1.30132E+11,80093,0.30387096578147765,0.021884498347206696,0.7925435911452581
3276,1.3157E+11,87986,0.43560605785602236,0.005145798,0.7763157853878117
3277,1.31351E+11,129731,0.30443974501293974,0.030612244782266648,0.5028880848271188
3278,1.31351E+11,189141,0.6119631854910799,0.046864686159309006,0.3278026891129924
3279,1.31351E+11,208897,0.7350705674802327,0.017298187666407023,0.3937058420442785
3280,1.31351E+11,89583,0.36179775009889326,0.022935779685001264,0.3335149845585014
3281,1.31351E+11,140764,0.6629901879535517,0,0.38896847858905104
3282,1.31351E+11,68643,0.5888641399159726,0.001172791,0.3402094562354508
3283,1.31351E+11,125994,0.266483509,0.096153844,0.39390088444852756
3284,1.31351E+11,148024,0.4806201516517255,0,0.458178437
3285,1.31351E+11,0,0.4785435568459876,0.061124693629282474,0.4742268012478666
3286,1.31351E+11,54963,0.082265677,0.014233241440618724,0.27547362890182475
3287,1.31351E+11,97340,0.2530664928788477,0.020253164,0.545550845
3288,1.31351E+11,131049,0.20601336073481782,0.009832842,0.5783718034219708
3289,1.31351E+11,0,0.13444108558246096,0,0.43227091346433655
3290,1.31351E+11,173096,0.5439800340363067,0.008712488,0.5728744910279631
3291,1.31351E+11,94336,0.28027522807213195,0,0.4708284700384233
3292,1.31351E+11,0,0.24534986496590022,0.011363636264303879,0.5476804088422654
3293,1.31351E+11,94891,0.45901638968019354,0.015825169,0.5200509196686766
3294,1.31351E+11,0,0.5314009576263936,0.019531249745686853,0.6480736017937113
3295,1.31351E+11,59838,0.2516556124731382,0.045714283,0.5095056937356333
3296,1.31351E+11,104063,0.5102880616437196,0,0.5836491576413148
3297,1.31351E+11,158218,0.2916666624760537,0,0.39651638937995504
3298,1.31171E+11,178424,0.7219701832665575,0,0.6854489121644031
3299,1.3121E+11,183958,0.6520978963977456,0.012508229015745694,0.4270833309918677
3300,1.31351E+11,75288,0.7139334067332502,0.050574712,0.5350166720580435
3301,1.31171E+11,202955,0.7028248508155385,0.026743075,0.6655313306162716
3302,1.31351E+11,141216,0.4840506304605031,0.056874382,0.5210481077274566
3303,1.31171E+11,250001,0.8635513857280115,0.025875189864913398,0.6942604779882949
3304,1.31351E+11,111167,0.5927927874523172,0,0.47799757578523383
3305,1.31171E+11,176036,0.7408312922208738,0.081853616,0.5607929490713967
3306,1.31171E+11,86528,0.5379403769740724,0.007179896,0.3697056698861964
3307,1.31171E+11,163295,0.7694840749782209,0.041782729,0.6875449914503601
3308,1.3121E+11,250001,0.8064832926671582,0.013661202061373388,0.641344952
3309,1.3121E+11,0,0.5283505018466366,0.098876402,0.5560836449041479
3310,1.3121E+11,85224,0.8851823050024646,0,0.28303108624979867
3311,1.3121E+11,181654,0.82324687,0.020930232395889672,0.4472972942750183
3312,1.3121E+11,125288,0.6844319679602809,0.075026794,0.2563429548876382
3313,1.3121E+11,174242,0.7716713837299072,0.045953002371002596,0.6331914866672702
3314,1.3121E+11,84781,0.7055793930851555,0,0.27161438200754107
3315,1.3121E+11,237872,0.9020020979767956,0.016740087958237112,0.7645722879290516
3316,1.3121E+11,86169,0.6852342998653024,0.1064013831626178,0.31923076747675405
3317,1.3121E+11,177692,0.7950819590667833,0,0.405063287
3318,1.31351E+11,60039,0.3312302786872196,0,0.6458141614920501
3319,1.31351E+11,77542,0.2651122602321912,0.014858840900008611,0.6238049683374522
3320,1.31351E+11,80602,0.30526315253924297,0.010736196,0.4358974326101249
3321,1.31351E+11,0,0.603571423,0,0.6241092599518453
3322,1.31351E+11,113214,0.3537331658049796,0.038068709,0.5890637896515013
3323,1.31351E+11,136994,0.27001510472048673,0.018395179136076183,0.5406064812108522
3324,1.31351E+11,45085,0.25080385448868403,0.023474178,0.24516128856515207
3325,1.31351E+11,112073,0.46415093755784986,0.015267175406028621,0.47055015876666567
3326,1.31351E+11,74421,0.4589096789348277,0.012121212039587798,0.5731201860679681
3327,1.31351E+11,167197,0.5045180684900747,0.033876221,0.6199524911166152
3328,1.31171E+11,176538,0.7764530493557895,0,0.7372147886026168
3329,1.31351E+11,188611,0.7368845783947976,0.018854748471684717,0.443204866
3330,1.31171E+11,169537,0.696202521,0.010791366777081934,0.5401188667153131
3331,1.31351E+11,118866,0.5321856247590896,0.032938076,0.5606653592922438
3332,1.31171E+11,209091,0.6099773219577577,0.024022174240769405,0.594152045
3333,1.31171E+11,206250,0.8315282691753518,0.012087911955077892,0.738878136
3334,1.31171E+11,159643,0.6191489328768673,0.014194139129147713,0.5519742121193625
3335,1.31351E+11,186739,0.7415048453700869,0.038281979,0.8108808237637253
3336,1.31171E+11,164826,0.7857713766125389,0.010266940381472004,0.3912478319270024
3337,1.31171E+11,248487,0.6675585239628192,0.025055679147796887,0.5944548844245541
3338,1.3121E+11,250001,0.9277275821561669,0.023156899701526935,0.7315507982270011
3339,1.3121E+11,116830,0.686595339,0,0.4156886941588098
3340,1.3121E+11,86184,0.5524193437012229,0.003642987,0.49999999458874467
3341,1.3121E+11,92098,0.7329615815801637,0.018716577,0.5261893295233573
3342,1.3121E+11,0,0.9199028902936193,0.024444444,0.4874999956473215
3343,1.31171E+11,133190,0.777442093,0.026230219,0.5191046789077444
3344,1.31171E+11,97895,0.5408038943921809,0.019796954214228658,0.26194453637840115
3345,1.3121E+11,146479,0.8444252303852616,0,0.4419144960877579
3346,1.31171E+11,159688,0.6442307659704921,0.026031237380731927,0.46692733637364825
3347,1.31171E+11,119053,0.7479579842712021,0.076581575,0.34351949239452323
3348,1.31351E+11,92045,0.4620573316858572,0.026991442,0.7102418903229959
3349,1.3139E+11,141250,0.583333326,0.049729729192111036,0.8149532659504469
3350,1.31351E+11,125045,0.3273542564197953,0,0.6359564898531255
3351,1.31351E+11,44282,0.32692307377958585,0,0.5412121179320478
3352,1.31351E+11,54375,0.19670329454172206,0.012891344264352263,0.4687714449638199
3353,1.31351E+11,109375,0.31748589591066967,0,0.5966964859139953
3354,1.31351E+11,110442,0.4378326055257251,0.017890421103651057,0.41626486526433665
3355,1.31351E+11,0,0.13944222996460376,0,0.7100456566967606
3356,1.31351E+11,50346,0.3663845179397277,0,0.726474274
3357,1.31351E+11,70619,0.24848484597490056,0.066729323,0.5412423597696417
3358,1.3067E+11,91400,0.377630118,0.010119595123094802,0.6639511134017199
3359,1.3067E+11,131544,0.6975476775881229,0,0.6868829288654237
3360,1.3067E+11,116908,0.36644165509699467,0.008744038,0.7104575116963562
3361,1.3067E+11,83625,0.7331256414005645,0.023897058603887328,0.7047619
3362,1.3067E+11,73081,0.45125785808759544,0.008641975,0.5240858936501109
3363,1.3067E+11,125484,0.32066868813573424,0.026315789109199596,0.6326742910231603
3364,1.3067E+11,129741,0.5060096093027692,0.048832271,0.7543221041462957
3365,1.3067E+11,84531,0.36594202456591757,0,0.6272814541087276
3366,1.30571E+11,117774,0.6966950922351008,0.020140105,0.7834121152410308
3367,1.30571E+11,113750,0.3354430326670406,0.019556714216991993,0.7964693582921146
3368,1.3067E+11,0,0.14261168139842473,0.017291066033269943,0.5851364008924139
3369,1.3067E+11,116250,0.3047337187948604,0.020408163,0.6131687116631953
3370,1.3067E+11,151250,0.40660376974902107,0.029607697782326442,0.49643052994821235
3371,1.3067E+11,95139,0.5133587688290312,0,0.7497155773638728
3372,1.3067E+11,93824,0.38420347544573663,0.02062975,0.6774420191325227
3373,1.3067E+11,70040,0.38415043395466464,0.069587629,0.4364563987177347
3374,1.3067E+11,0,0.23437499593098968,0.20143884602246265,0.6929238892800549
3375,1.3067E+11,82031,0.28782707294849746,0.018719211638234368,0.6073059305268865
3376,1.3067E+11,115865,0.4030501060054459,0.021505376199560645,0.5302963267125328
3377,1.3067E+11,59440,0.28171478318709725,0.039789789491067644,0.5973118247456354
3378,1.3121E+11,140710,0.7802003489675878,0.024429967294082696,0.7693045526652059
3379,1.3121E+11,112663,0.6238286395739138,0,0.6800401135402195
3380,1.3121E+11,221364,0.8123044753670023,0.012670565178649463,0.8269230717932812
3381,1.3121E+11,159615,0.6827643573458422,0.057039710779496676,0.861521615
3382,1.3121E+11,175028,0.712978363,0,0.8337182383855409
3383,1.3121E+11,159722,0.6837606792652158,0.096426545,0.7851239628867565
3384,1.3121E+11,166485,0.7579908560427572,0.047425473612120954,0.6395027580144838
3385,1.3121E+11,150375,0.7019304965101892,0.012116892287121223,0.722559548
3386,1.30571E+11,0,0.6463719712562805,0.023696682277277392,0.7695439708080457
3387,1.3121E+11,234792,0.7743643985766483,0.008093525,0.8388256390723449
3388,1.3121E+11,169911,0.7585470004428739,0.051456310180035825,0.7229262631167842
3389,1.3121E+11,119054,0.703504039,0.046707146,0.5268817179668923
3390,1.3121E+11,141371,0.6801275166830232,0.037533512,0.8202846902109903
3391,1.3121E+11,242125,0.7545357443486047,0.012093023143320716,0.6225402448788887
3392,1.3121E+11,172109,0.7175843567036526,0.046062406,0.7024793323922927
3393,1.3121E+11,231484,0.8872870132727784,0.015494636287310652,0.6793002849436318
3394,1.3121E+11,120625,0.6596078379638601,0,0.46826515889798903
3395,1.3121E+11,196923,0.6120058475548192,0.013253012,0.8036363563305786
3396,1.3121E+11,89500,0.7749999919270835,0.033170731383700185,0.22938689096518558
3397,1.3121E+11,250001,0.6720977528299618,0.043715847,0.7997841295208628
3398,1.3067E+11,0,0.36111109996570684,0.027100270268285362,0.464837042
3399,1.30571E+11,103230,0.3025276449347249,0.013354530959127087,0.7194533733140941
3400,1.30571E+11,0,0.18418972186411287,0.0520079,0.5734886268802628
3401,1.30571E+11,150780,0.2598984745187972,0.000919118,0.6123853164190726
3402,1.30571E+11,97212,0.3193215315684253,0.034722222,0.6510611694690314
3403,1.30571E+11,99971,0.425680932,0.006726457,0.5499303284952849
3404,1.30571E+11,74896,0.29387754802165766,0.011265164547095629,0.62479474
3405,1.3016E+11,60865,0.2816635134058269,0,0.4615384551986476
3406,1.30571E+11,77443,0.20519835560604166,0,0.6282173438682808
3407,1.3016E+11,56208,0.067510548,0.04144385,0.7899343487240383
3408,1.30571E+11,82422,0.4364640835749825,0.014141413998571576,0.8100961473549988
3409,1.30571E+11,62169,0.1437598713466055,0,0.6924242319329662
3410,1.30571E+11,126685,0.4832402189642438,0.090756302,0.7134786060251929
3411,1.30571E+11,60417,0.31353134796152893,0.011128775657730117,0.7589531575901769
3412,1.30571E+11,79016,0.4930046602731202,0.07491082,0.7192690990073694
3413,1.30571E+11,94228,0.46178343581382614,0.051546391398306586,0.6984872159703327
3414,1.30571E+11,121522,0.3517110199294483,0,0.6862275366918859
3415,1.30571E+11,95111,0.3378226673645043,0,0.6767676699316397
3416,1.30571E+11,73971,0.733059533,0,0.7224489736942941
3417,1.30571E+11,87095,0.4814410454069812,0.021399911,0.721911318
3418,1.30571E+11,119575,0.5997910114949807,0,0.697019865
3419,1.30571E+11,69848,0.4769520180907618,0.023880596836711964,0.7871972272941337
3420,1.30571E+11,0,0.464870063,0,0.6670623105812326
3421,1.30571E+11,113449,0.5905359701084695,0.014242554966583706,0.7097093767843151
3422,1.30571E+11,74131,0.4867807116113475,0.012216404815495028,0.612159326
3423,1.30571E+11,0,0.14373716337295353,0,0.3810142993366151
3424,1.30571E+11,95163,0.44476603741067994,0.00956341,0.6900735268747297
3425,1.30571E+11,207222,0.61594792,0,0.7218798123194151
3426,1.30571E+11,86351,0.48033847446322314,0.019670631200042855,0.7627543012120366
3427,1.30571E+11,68915,0.5611570201557271,0.013755158089716932,0.7333948305655219
3428,1.30571E+11,80203,0.2013536361983618,0.006037736,0.6368366251985608
3429,1.30571E+11,0,0.3186528414856777,0.04347826,0.5227743217104107
3430,1.30571E+11,40902,0.3603351930144191,0.013241220418876105,0.4425691493550438
3431,1.30571E+11,0,0.4606240644780971,0.031707317,0.7664714438764901
3432,1.30571E+11,86310,0.12641673821781396,0,0.6190998868326022
3433,1.3016E+11,74760,0.20165394273757034,0.084199584,0.812953653
3434,1.30571E+11,63588,0.48226350944034196,0.043137255,0.6009473025402765
3435,1.30571E+11,63077,0.3908948174207493,0.005512173,0.6525995926650925
3436,1.30571E+11,125625,0.45173382894345054,0.049050633,0.744113024
3437,1.30571E+11,97278,0.43261230921287597,0.043878273,0.8154003018082595
3438,1.3121E+11,191429,0.6649076341713026,0.025316455,0.7630208233981663
3439,1.3121E+11,244155,0.8638676789830301,0.058009579,0.6938288418212449
3440,1.3121E+11,226134,0.7240110328977826,0.014717273,0.8037084347588975
3441,1.30571E+11,127750,0.5378995384666709,0,0.8156539607844802
3442,1.3121E+11,250001,0.7845238001842405,0.033575317,0.7347696825054258
3443,1.3121E+11,250001,0.6970443178067902,0,0.7950907065625326
3444,1.30571E+11,138245,0.5611402808616633,0.003955175,0.8565498115472794
3445,1.3121E+11,250001,0.9246987858965986,0,0.7825688001599193
3446,1.3121E+11,250001,0.7058823451067443,0,0.8249807183887378
3447,1.30571E+11,91144,0.3821989503782791,0.011117612573916837,0.8381201007914704
3448,1.30571E+11,139667,0.5436005587651156,0.026108075129884185,0.7978779798521062
3449,1.30571E+11,76696,0.3650234727502994,0.035320803514838614,0.615925057
3450,1.30571E+11,151250,0.7956204296598496,0.088752868,0.8689801638174209
3451,1.30571E+11,94611,0.42933333142518515,0,0.7667817385240439
3452,1.30571E+11,141979,0.6589056966367207,0.030204961917961577,0.8506075707604891
3453,1.30571E+11,68319,0.18609865262221242,0,0.7815126003510648
3454,1.30571E+11,105625,0.38546511403799355,0.022868032287431953,0.6803671161996523
3455,1.30571E+11,113474,0.5730117302932742,0.006443299,0.7044787051964805
3456,1.30571E+11,72969,0.4098479333102974,0.021667760855759943,0.7737441925971118
3457,1.30571E+11,111240,0.31539541265608134,0.021946169681382317,0.8175039214383676
3458,1.31351E+11,86154,0.21218961465621058,0.051516886,0.41019607682276044
3459,1.31351E+11,105299,0.2544951555394861,0.052845527739220494,0.35588751884105874
3460,1.31351E+11,95875,0.19999999607843147,0,0.5508196661112605
3461,1.3139E+11,86652,0.34864864629291453,0.034757835,0.7763888834972994
3462,1.31351E+11,68542,0.562952239,0,0.5899704971241114
3463,1.31351E+11,112644,0.3899106653183885,0.012728044,0.6097039956981873
3464,1.31351E+11,121645,0.6293436232688839,0.015447154345958095,0.48520379405246344
3465,1.3139E+11,39649,0.16043613457264588,0.054393305,0.587527837
3466,1.3139E+11,91429,0.3682119156528223,0.028571428200371063,0.8091603001961813
3467,1.31351E+11,146250,0.5268176337685622,0.039296794,0.5025167743077452
3468,1.31171E+11,111786,0.7463126770274073,0.069800569,0.2609108147015616
3469,1.31351E+11,115052,0.3597430368335863,0.024667931,0.6095732375457138
3470,1.31171E+11,159716,0.8194856537117425,0.048380804,0.33505287507079473
3471,1.31171E+11,184133,0.7382445112137753,0.013978861186570537,0.4563324198648111
3472,1.31171E+11,170217,0.7718562828032558,0.002227171,0.7066167261480785
3473,1.31171E+11,201667,0.7028186231444937,0.00405954,0.698712789
3474,1.31171E+11,135707,0.6180679730047588,0,0.6158075559051027
3475,1.31351E+11,114828,0.5353728387118004,0.028520499,0.6159420240262317
3476,1.31171E+11,186057,0.8871212087609044,0.016237204319671003,0.2999464373327626
3477,1.3121E+11,203275,0.6402793871911596,0.026743075,0.7883556192890983
3478,1.3121E+11,250001,0.8511904593017766,0,0.7358078522291719
3479,1.3121E+11,162098,0.6976744077879937,0,0.8241491019112714
3480,1.3121E+11,250001,0.8543743031319252,0.091679915,0.7778586979034326
3481,1.31171E+11,105746,0.5813148763783959,0.031994048,0.3606158823322099
3482,1.31171E+11,143036,0.6172506683086193,0,0.5611989961598751
3483,1.3121E+11,242917,0.7382378037789752,0.008814102,0.8749233545375638
3484,1.3121E+11,250001,0.7731329226250214,0.021720613,0.7282796790298384
3485,1.31171E+11,141036,0.7325775233992079,0.00652819,0.6066142446655545
3486,1.31171E+11,183651,0.7014413129619677,0.011750155,0.6590269374385728
3487,1.31171E+11,183833,0.7508509138812055,0.008287293,0.6212638743754745
3488,1.31171E+11,206523,0.8133333288148149,0.029272492340626375,0.80685994
3489,1.31171E+11,125000,0.5338512704345031,0.040196078,0.45955249306051354
3490,1.31171E+11,114561,0.6407151058782289,0.014452473516106318,0.5775225571061421
3491,1.31171E+11,111176,0.5208004185318567,0.009925558,0.6013904959390093
3492,1.31171E+11,144313,0.6491969541454059,0.013362224581573764,0.4442162891986852
3493,1.31171E+11,137008,0.6116142748448893,0.037830446500317014,0.5155431347693219
3494,1.31171E+11,118672,0.6387546932970762,0.003636364,0.8498371307822894
3495,1.31171E+11,117440,0.3854989204199647,0.020744356188258962,0.5499999972772277
3496,1.31171E+11,103512,0.7615192978734788,0.034482758443217916,0.3813585123930596
3497,1.31351E+11,106250,0.3365047554506522,0.023073574126802027,0.8090523299903237
3498,1.31351E+11,129750,0.7119205219434821,0,0.8168007076246586
3499,1.3139E+11,94917,0.31681956992770904,0.008393956,0.8288288248988676
3500,1.3139E+11,74911,0.20485175091724123,0.023212627561686964,0.6778373517522905
3501,1.31171E+11,102813,0.4413965050590482,0.016072676337717147,0.8143712526085554
3502,1.31171E+11,98672,0.3818503218512061,0.04472667,0.657485027
3503,1.31171E+11,156750,0.5511191739194242,0.007954545,0.69312169
3504,1.31171E+11,159804,0.7824370953012477,0.013439731,0.6171048636533548
3505,1.31171E+11,81429,0.450180067,0.016483516,0.7822311236991909
3506,1.31171E+11,89016,0.6026845617359579,0.016148325310561228,0.6427299684191988
3507,1.31171E+11,47781,0.24227642079450065,0.021264028,0.609451625
3508,1.31171E+11,0,0.24679029781176678,0,0.6926575653498533
3509,1.31171E+11,152841,0.5529045585798282,0.042910447,0.7492428785630353
3510,1.31171E+11,93393,0.3395696881237634,0.058724831722107115,0.8623072787756125
3511,1.3139E+11,123605,0.41431385151468253,0.016061867840203047,0.8492922529171846
3512,1.3139E+11,111111,0.3131392579611388,0.080699394,0.8453389770809394
3513,1.31171E+11,160721,0.6242628422555784,0.046815042,0.8925781191889446
3514,1.3139E+11,87692,0.26604145969377363,0,0.8463169006554483
3515,1.31171E+11,133250,0.5473484813930021,0.002179837,0.876202688
3516,1.31171E+11,128690,0.5415070219603787,0.033139111,0.6876961685885242
3517,1.31171E+11,39625,0.2450424911824186,0.042589437577572754,0.6688182687744872
3518,1.31171E+11,80924,0.3885267224442409,0.031194295622154228,0.596604684
3519,1.31171E+11,170856,0.7048977017675282,0.010838562402518183,0.7089552203534566
3520,1.31171E+11,88056,0.41368077502148576,0,0.6431411466884578
3521,1.31171E+11,81964,0.260263928,0.045315370206274526,0.6497175107872752
3522,1.31171E+11,106447,0.4539106113553728,0.014888337376623217,0.8199513315494621
3523,1.31171E+11,96600,0.4653243813174916,0.009919405,0.7091521577251423
3524,1.31171E+11,77500,0.2614583319715712,0.026884301,0.651342552
3525,1.31171E+11,116850,0.49628712257070395,0.017130621,0.8377823351281154
3526,1.3157E+11,109700,0.4211485832165125,0.059725584667267274,0.8965929414429591
3527,1.3157E+11,80433,0.2187050343978055,0.054138469,0.8541488415134779
3528,1.31351E+11,114500,0.726478145,0,0.8001077543097642
3529,1.30132E+11,139806,0.49209138407652564,0.011636363551735538,0.7151071577882533
3530,1.3139E+11,128553,0.5748265581029407,0.006081668,0.8741007162802132
3531,1.31351E+11,156111,0.3573407177469479,0.067922374,0.6714927575062768
3532,1.3157E+11,108993,0.4906638953250633,0,0.6339554447082755
3533,1.3139E+11,105156,0.5600924456079165,0.012693935030367172,0.8713450249934452
3534,1.3157E+11,145625,0.30617540059068293,0,0.7478431343221837
3535,1.30571E+11,185048,0.5792880165163752,0.020202019946944195,0.9078947293758657
3536,1.30571E+11,138200,0.32585596029600966,0.013507809145175983,0.8454656329993263
3537,1.30571E+11,74219,0.11405055782451172,0.005027933,0.838475494
3538,1.30571E+11,0,0.1923076907982128,0.045081967,0.7372301172341753
3539,1.30571E+11,109973,0.509169358,0.009,0.7641843903884362
3540,1.30571E+11,143908,0.5206869592452228,0.06849315,0.7823458235650192
3541,1.30571E+11,78148,0.19218749849853517,0,0.7970809755316337
3542,1.30571E+11,134948,0.4993909805189893,0,0.846454126
3543,1.30571E+11,113056,0.4307540639193984,0,0.8125894105415257
3544,1.30571E+11,112072,0.49869451371609325,0.023284313582816706,0.7985645894805521
3545,1.30571E+11,130750,0.15073814956691414,0.012958963189640293,0.8536759396597007
3546,1.3121E+11,250001,0.8832335064900149,0,0.8143236002270239
3547,1.30571E+11,81528,0.4833055051477003,0,0.8699616081095891
3548,1.3121E+11,0,0.7809632937962925,0,0.8298555332806018
3549,1.30571E+11,145192,0.6029962518586317,0.024361949,0.8530852077927351
3550,1.3121E+11,245521,0.9027565015102872,0.042883778478037426,0.8772470422329377
3551,1.30571E+11,154696,0.5057057026684342,0.045934529852510404,0.7456828856134894
3552,1.30571E+11,134328,0.5384615350940491,0,0.8503401312338995
3553,1.30571E+11,168750,0.4869831472131218,0,0.8915254136550801
3554,1.30571E+11,117926,0.41791979688020175,0.01491681,0.8597654214188403
3555,1.30571E+11,89189,0.4265010307815628,0.037852112,0.7999999931914894
3556,1.30571E+11,207569,0.460275768,0,0.8738609070798037
3557,1.30571E+11,151528,0.26840854947500864,0.036272321,0.8337969343964052
3558,1.30571E+11,75625,0.45235069310863163,0.066805845,0.90234059
3559,1.30571E+11,132896,0.40176990794893885,0.032983508,0.7737920880395894
3560,1.30571E+11,98556,0.2634048239718175,0.04778761,0.8374575408177702
3561,1.30571E+11,0,0.21204188296647572,0.006379585,0.8571428502637011
3562,1.30571E+11,0,0.35619596336486475,0.004896627,0.8409550755121202
3563,1.30571E+11,110833,0.36953807278978684,0.041564791667912084,0.8908697952951389
3564,1.30571E+11,149017,0.4049875291521819,0.011510128860450603,0.8528667754938162
3565,1.30571E+11,169075,0.2732035907694342,0,0.6738964966746708
3566,1.30571E+11,72174,0.24712643441449775,0,0.8272162573279714
3567,1.30571E+11,98521,0.3373397408867008,0,0.657938715
3568,1.30571E+11,143010,0.28701077545654696,0.014652014575342676,0.812300316
3569,1.30571E+11,61433,0.2483221452701616,0.036743516,0.7385811395667528
3570,1.30571E+11,163583,0.46823204096524834,0.028037383039658716,0.8319172484967962
3571,1.30571E+11,137007,0.4594594535462104,0,0.6650671721202767
3572,1.30571E+11,0,0.16749999860416667,0.004672897,0.6539792349828187
3573,1.30571E+11,138438,0.6212311518766888,0,0.8681198862772759
3574,1.30571E+11,88992,0.1525691687543939,0,0.7856664381402114
3575,1.3121E+11,136875,0.7002606368352682,0.010752688083104317,0.7870275751428623
3576,1.31171E+11,173269,0.6293456000544704,0.020604395510053133,0.8828616317497576
3577,1.31171E+11,126200,0.6074154819661097,0.019267823,0.7595841430812731
3578,1.31171E+11,197679,0.6474226777425869,0.032817109,0.705550857
3579,1.30571E+11,185261,0.4217236082523019,0.014641288361926361,0.8314363098567138
3580,1.31171E+11,189708,0.8226190427225057,0,0.6830843735038983
3581,1.31171E+11,177656,0.6040697639298269,0.077200205,0.7313213075770286
3582,1.30571E+11,116528,0.4135618449063946,0.061558611253709164,0.8947368367539663
3583,1.31171E+11,138026,0.6885833790281926,0.068894601,0.7395364900050623
3584,1.30571E+11,73500,0.4867256529485475,0,0.8435081612768001
3585,1.30571E+11,115833,0.3477690265894421,0.051628764,0.7961904731573696
3586,1.30571E+11,97447,0.312364418,0,0.4960560868005602
3587,1.30571E+11,90221,0.43320754390032046,0,0.8268096470412352
3588,1.30571E+11,87550,0.282352939,0.1750677497286301,0.717549321
3589,1.30571E+11,92048,0.21869272926882877,0,0.6305318691411617
3590,1.30571E+11,133886,0.5463137961794972,0.054085155,0.8309591603468225
3591,1.30571E+11,59750,0,0.008487654,0.2063245194073379
3592,1.30571E+11,86995,0.2979591806330696,0.034414946,0.4740695517140357
3593,1.30571E+11,46875,0.2249705527091851,0.025535661797664626,0.550027486
3594,1.30571E+11,56756,0.381516585,0,0.7494780754202606
3595,1.30571E+11,118958,0.5011618861257794,0,0.8117048304747846
3596,1.30571E+11,120524,0.4675118821908726,0.010020040013226185,0.7977022937177708
3597,1.30571E+11,160045,0.6854700737526483,0.021518987,0.9135879717370822
3598,1.30571E+11,198953,0.5686032103300173,0,0.855325911
3599,1.30571E+11,111509,0.3147362018512056,0.1008086247934845,0.8512304202951319
3600,1.30571E+11,107136,0.4718406560999955,0.025233132061255447,0.8675136076791577
3601,1.30571E+11,115588,0.3218864454126078,0,0.8746635875637693
3602,1.30571E+11,124844,0.5032092393889009,0.086695747,0.8988195577621434
3603,1.30571E+11,54466,0.17301829136418986,0.021014493,0.7954773829372996
3604,1.30571E+11,98531,0.37751003763380164,0.007821229,0.9056693620501697
3605,1.30571E+11,37636,0.1186311778050861,0.040204678,0.6218879635794193
3606,1.30571E+11,105332,0.47593342116089327,0.02406199,0.9024299031684863
3607,1.30571E+11,73553,0.1195826635667523,0,0.6017925710550893
3608,1.30571E+11,110500,0.48496009524272504,0.050359712,0.8205024277937503
3609,1.30571E+11,78227,0.1465416161015051,0.013198757661500329,0.9169960401818495
3610,1.30571E+11,100421,0.34626038541370924,0.017156862639970204,0.8244328068955225
3611,1.30571E+11,79519,0.2734584413745517,0.007371007,0.9159663788574254
3612,1.30571E+11,101621,0.2722021640996234,0.066365979,0.9321033141542191
3613,1.30571E+11,78125,0.3154761867205216,0,0.8961937638737564
3614,1.32271E+11,67143,0.2165071744436941,0.032644178,0.9341445888751282
3615,1.30571E+11,0,0.4352650994418607,0.021028037,0.8475471634147385
3616,1.30571E+11,93550,0.3873417672488384,0,0.8979266204477413
3617,1.3016E+11,89519,0.21280991588973888,0.030970816,0.8761261221796119
3618,1.30571E+11,90461,0.45120119781380486,0.020363636215537193,0.8111587939315515
3619,1.30571E+11,98785,0.5459896942899949,0,0.935276675
3620,1.3016E+11,59265,0.13162878663230315,0,0.9168297411114005
3621,1.30571E+11,106815,0.4610148486323339,0.015179113447607083,0.9221311428169511
3622,1.30571E+11,0,0.16271186361882872,0.061667834,0.8697275070185609
3623,1.32271E+11,69964,0.19411764579008076,0,0.9306384890645911
3624,1.313E+11,66250,0.11513994837697233,0.030319735,0.9198084924009067
3625,1.30571E+11,107572,0.3651567918804405,0.018987342,0.917020269
3626,1.30571E+11,125125,0.22185792107259103,0.038353601,0.9223443155872212
3627,1.30571E+11,68931,0.37021630307640346,0.015117158,0.8954545403667356
3628,1.32271E+11,106808,0.30824891238604263,0.00815047,0.913520092
3629,1.32271E+11,77406,0.23747560027667144,0.008328706,0.894460636
3630,1.32271E+11,89392,0.11239193002599475,0,0.8906064156325422
3631,1.32271E+11,59500,0.3051689830500101,0.052631578527658866,0.9396267734398818
3632,1.32271E+11,42595,0.11979166458695027,0,0.8912579862339234
3633,1.32271E+11,0,0.3016453326938696,0,0.9274611238780462
3634,1.32271E+11,115625,0.3542757355274741,0,0.946996455
3635,1.31171E+11,116000,0.4392614145844372,0.029955947,0.8773148080454104
3636,1.31171E+11,68056,0.41950112903059944,0,0.8812644496432964
3637,1.3139E+11,98750,0.3772372630691268,0.004130525,0.729372934
3638,1.31171E+11,105714,0.35294117255337215,0.030243902143961932,0.9345484595314958
3639,1.3139E+11,88081,0.13774597249112752,0.11575562514862339,0.6329113870640389
3640,1.31171E+11,87413,0.3400447401935515,0.013254786353057537,0.7553571383609694
3641,1.31171E+11,141204,0.6629603868555928,0.013162018134873023,0.6455426799585182
3642,1.31171E+11,180492,0.5974941221809388,0,0.7622781644148652
3643,1.31171E+11,114103,0.4948024922307563,0.023766816036920105,0.8227800643582612
3644,1.31171E+11,128493,0.5031159098333364,0.022710622627433615,0.8015075343320455
3645,1.30571E+11,107554,0.4454912456865243,0,0.9009900890980188
3646,1.30571E+11,185483,0.3679577432398086,0,0.9107866917211136
3647,1.31171E+11,93125,0.3474945495915627,0.011305241404879329,0.8463022453614004
3648,1.31171E+11,144167,0.4903614398751634,0.022580645,0.803977267
3649,1.31171E+11,191771,0.600591712,0.007397444,0.8854346523578892
3650,1.31171E+11,112222,0.3887043124799948,0.036619717794088485,0.6958801446001488
3651,1.31171E+11,87632,0.4356110352456568,0.013025458774272003,0.8050427699007529
3652,1.31171E+11,120843,0.3407407375857339,0.036082474,0.7987643354036688
3653,1.31171E+11,124560,0.4166026101721552,0,0.560559004
3654,1.31171E+11,78796,0.27007298777239075,0.023224043398578642,0.6648976446937253
3655,1.31171E+11,141250,0.5461229910018517,0.001082251,0.8246013629858707
3656,1.31171E+11,175000,0.49954586285607755,0.009708738,0.8920041490550148
3657,1.31171E+11,168421,0.346398822,0.018422106,0.771749295
3658,1.31171E+11,138939,0.41891891456425245,0.031596925,0.8707386301794131
3659,1.31171E+11,112917,0.44832214564509104,0.037939297,0.769935136
3660,1.31171E+11,75662,0.30585898557170316,0.026218762694720347,0.7307990662110199
3661,1.31171E+11,108203,0.3944315499485899,0,0.8877980302398455
3662,1.3139E+11,53382,0.3280318069712935,0.019393939276400367,0.7928870251418043
3663,1.31171E+11,97750,0.44946491736664784,0.051808406140680295,0.8888186930586311
3664,1.31171E+11,122361,0.5022761722133826,0,0.8938679192578542
3665,1.31171E+11,102109,0.38709676956873634,0,0.8820435696315284
3666,1.31171E+11,103875,0.4180945824667952,0.02071163,0.8985010668158412
3667,1.31171E+11,0,0.20545746223549388,0.010645375844009475,0.8494783841320538
3668,1.3139E+11,60521,0.3113300461937927,0.012126865558518045,0.865605651
3669,1.31171E+11,129063,0.5655471258637751,0.012897282298953098,0.7333833994240202
3670,1.31171E+11,85274,0.39090105834407657,0.05362117,0.8259740229091872
3671,1.31171E+11,105430,0.3843008962853565,0.049597855,0.7501369821910302
3672,1.31171E+11,126506,0.24897480814894665,0.036401456,0.8088314442173858
3673,1.31171E+11,134643,0.49731662795497983,0.038819875173604426,0.831271082
3674,1.31171E+11,124653,0.3141852249216269,0.059251559,0.8606115030520548
3675,1.31171E+11,123574,0.3880656772604498,0.045742905,0.8353119453515737
3676,1.31171E+11,125313,0.32461538211834323,0.026991442,0.8568904543174884
3677,1.3086E+11,82500,0.28493647783604137,0.017202693,0.8727328592907074
3678,1.3086E+11,91923,0.25390303817663895,0,0.8836662697786941
3679,1.31171E+11,90729,0.20121951044233877,0.013024601931804618,0.7983091739232538
3680,1.31171E+11,147645,0.4458896959110838,0.020279405046059462,0.7852998027790145
3681,1.31171E+11,113750,0.35374867630677215,0,0.8749298885309597
3682,1.3139E+11,106558,0.5661764671190167,0.021878334995313047,0.7734976847791593
3683,1.3086E+11,83458,0.3033908369816131,0.037537537349661976,0.8397790022108168
3684,1.3086E+11,72188,0.3286384945667747,0.093659942,0.7793696219242864
3685,1.3139E+11,112321,0.3833017041432476,0.015124555025582251,0.8868778235953855
3686,1.32231E+11,158870,0.4372623532579624,0,0.3548085867898358
3687,1.32231E+11,104461,0.22074467889410745,0.053900708837583626,0.764616932
3688,1.32231E+11,96569,0.2987755077650979,0.048891785861200875,0.7429088669709785
3689,1.32231E+11,96237,0.5119760402398796,0.025604551556123022,0.4880952344635771
3690,1.32231E+11,81138,0.15393013016413684,0,0.8543388385622994
3691,1.3067E+11,104588,0.1934189390576329,0,0.23063683106164518
3692,1.32231E+11,164444,0.5888610726604439,0,0.7350299346180394
3693,1.32231E+11,83750,0.18584070561516175,0.012114537311513907,0.7706421954074879
3694,1.32231E+11,89375,0.20238095019068236,0.042095416,0.6903765642233155
3695,1.32231E+11,78902,0.1122369437861501,0.026334519385519436,0.7943974588033961
3696,1.3067E+11,102273,0.3139601121711675,0.10103499210924105,0.10519217730821188
3697,1.3067E+11,92599,0.18650088478684043,0.10427350249105125,0.3648648613430033
3698,1.3067E+11,100345,0.18484848204775028,0.014322916480170358,0.1808429104916252
3699,1.3067E+11,144625,0.4306306228715203,0,0.5984251901189518
3700,1.3067E+11,95990,0.5650224151903317,0.011637572638091665,0.2086563294014449
3701,1.3067E+11,53433,0.3646250694640809,0.021222410775796216,0.13364322990329328
3702,1.3067E+11,0,0.5842613171175849,0.026760563,0.24966799303009302
3703,1.3067E+11,142663,0.23430493010868914,0.044897959,0.4046948318807997
3704,1.3067E+11,68771,0.21171547939987048,0,0.266932269
3705,1.3067E+11,0,0,0,0.052083333
3706,1.3067E+11,94107,0.31217948517833666,0.039426523,0.3424396420429502
3707,1.3067E+11,124101,0.6152980842784135,0.011640212,0.7428814248071337
3708,1.3067E+11,98882,0.35222381382909745,0.043123543,0.4577235735144425
3709,1.3067E+11,31875,0.10883280585437215,0.069462647,0.15138282277013956
3710,1.3067E+11,85121,0.35881841564884087,0.022744503239238035,0.20715522096275119
3711,1.3067E+11,150515,0.6072351342734479,0,0.6424908377839499
3712,1.3067E+11,82786,0.4425702775697167,0,0.3750620945103721
3713,1.3067E+11,111042,0.5084985763668757,0.013755157995114746,0.6635182920481902
3714,1.3067E+11,74453,0.44103279524750316,0.037085230728137734,0.3264277697288479
3715,1.3067E+11,114250,0.3791245765715517,0.025627336,0.27966689604672523
3716,1.3067E+11,59097,0.25292739750670495,0,0.3012345654219377
3717,1.3067E+11,65179,0.29132790933160013,0,0.41774332112193524
3718,1.3067E+11,54194,0.278260865,0.027522935358976524,0.15817091335703964
3719,1.3067E+11,63750,0.20394736618478765,0,0.29872340171299233
3720,1.3067E+11,82750,0.3075435173351691,0.025270758,0.141840607
3721,1.3067E+11,102540,0.47648514261775815,0.1327231106095754,0.2539184937058402
3722,1.3067E+11,78786,0.37467920979744046,0.052959501145175225,0.3623898103585719
3723,1.3067E+11,74797,0.30558015672648225,0.011080332333238695,0.48102189429911024
3724,1.3067E+11,108463,0.4950166058137696,0.036878216,0.41536683757731463
3725,1.3067E+11,47955,0.2718707904189665,0.034762456,0.4005449563995575
3726,1.32231E+11,97771,0.2670278617103107,0,0.7283824988383393
3727,1.32231E+11,81563,0.27569528082593375,0,0.7299012642461123
3728,1.32231E+11,78876,0.1458900373114315,0.10344827547007095,0.6673021893836882
3729,1.32231E+11,48958,0.16179336916582127,0,0.7151556108582164
3730,1.32231E+11,0,0.1680482278217918,0,0.7883181408934625
3731,1.32231E+11,0,0.21997621617150753,0,0.6175580159681331
3732,1.32231E+11,69928,0.16074766280024455,0.026774848,0.7212475598379748
3733,1.32231E+11,0,0.0749354,0,0.7740331448948445
3734,1.32231E+11,72560,0.25773195610585614,0,0.413886995
3735,1.32231E+11,88848,0.2639269382289777,0.024486572,0.42677824012684856
3736,1.32231E+11,53347,0.23223349959094544,0,0.15537848502404725
3737,1.32231E+11,88061,0.465004789,0.17027863645295174,0.5763765516146689
3738,1.32231E+11,66620,0.4601769775759004,0.17073170269019777,0.26331810862529514
3739,1.32231E+11,64273,0.29341736489203524,0.018343195157732573,0.7321618704357727
3740,1.3067E+11,83500,0.493036207,0,0.36782786696809494
3741,1.32231E+11,64350,0.13865546072840904,0,0.7196796297501166
3742,1.32231E+11,71799,0.6384039847181714,0,0.3615870136988863
3743,1.32231E+11,58492,0.48086124018451964,0.010920436732289885,0.530898873
3744,1.32231E+11,98516,0.2437908480797984,0.010582010526021108,0.2870005611311167
3745,1.32231E+11,70030,0.23792577408273627,0,0.4838585684709509
3746,1.3067E+11,108405,0.2950955918944672,0.049438202,0.2670872751467546
3747,1.3067E+11,63462,0.095950703,0.14203137785275494,0.1479050976885154
3748,1.3067E+11,75625,0.4586255195143686,0,0.2725225204765577
3749,1.3067E+11,68287,0.23603871752763428,0.043740572932425476,0.21258741159632907
3750,1.3067E+11,81716,0.3677725083623459,0.014886164493115897,0.36948662061108734
3751,1.3067E+11,71328,0.41244239156172363,0.023569023,0.25638977430998583
3752,1.3067E+11,43181,0.25084061700846927,0.056174334,0.19356046352092673
3753,1.3067E+11,96920,0.24399999674666673,0.035203519964757755,0.28061224285268044
3754,1.3067E+11,142856,0.3947368397443969,0.043478261,0.3339474880978927
3755,1.3067E+11,82237,0.21311475021648907,0.10101009930959429,0.24807287842976258
3756,1.3143E+11,57500,0.2681498797640529,0.11455108240917355,0.8732654868338068
3757,1.3143E+11,56172,0.19639065608927117,0.046296296,0.9483674946972855
3758,1.3143E+11,83158,0.11330049149457644,0,0.9465983837117895
3759,1.32231E+11,58033,0.013371537599125715,0,0.7421937520328512
3760,1.3233E+11,68409,0.18127147610591515,0.021364009684765737,0.9024088888053806
3761,1.3233E+11,82778,0.14318706366773526,0.10634648188084937,0.8537036957990398
3762,1.3233E+11,0,0.18153266217630237,0.034482758,0.8189964108781577
3763,1.3233E+11,54253,0.21762870345063415,0,0.8404196530070699
3764,1.32231E+11,80935,0.2587107991401498,0,0.39604395430310346
3765,1.32231E+11,60833,0.18564593123783799,0.07496136,0.4889502739919416
3766,1.32231E+11,43592,0.1073113194892533,0.00861244,0.526916798
3767,1.3067E+11,145897,0.7419752994817864,0.023232322997653303,0.6518987304263595
3768,1.32231E+11,73558,0.18812541568962365,0,0.5244420801039209
3769,1.32231E+11,35470,0.175365343,0.041284403,0.6126302043448555
3770,1.32231E+11,153281,0.39425981674592236,0.046854664,0.6814198042006143
3771,1.32231E+11,71848,0.2813880108429779,0,0.642946314
3772,1.32231E+11,62206,0.18234323357119125,0.030968247624585464,0.46683861287089673
3773,1.32231E+11,78915,0.27458033243908475,0.051254089,0.6742857078639457
3774,1.32231E+11,65290,0.1741366629380113,0,0.8229640828378144
3775,1.32231E+11,74656,0.04,0.035901271,0.7535794969587076
3776,1.32231E+11,97645,0.368925391,0,0.7158671553696164
3777,1.32231E+11,72593,0.23235800144270222,0.039351851548211025,0.6992110419171054
3778,1.32231E+11,93622,0.092356686,0.2492354701951763,0.7572502603947341
3779,1.32231E+11,107540,0.20092112722555483,0.076214833,0.6692047349018412
3780,1.32231E+11,100271,0.17071650983977252,0.021893814877428492,0.6783919563899902
3781,1.32231E+11,58920,0.19425359029198258,0.048955223588327025,0.6037562959058346
3782,1.32231E+11,75096,0.21187214418381603,0,0.7686567106816663
3783,1.3067E+11,152950,0.5886454124636912,0.036574487,0.8380530899287337
3784,1.3067E+11,50724,0.26300783846751363,0.009775733,0.23884758253323612
3785,1.3067E+11,172750,0.43707482249872753,0.013262599,0.5919753049878068
3786,1.3067E+11,121094,0.6107692213727812,0,0.7598566240156217
3787,1.3067E+11,61475,0.2977602068806297,0,0.1247139573831355
3788,1.3067E+11,66719,0.5642795464686838,0,0.42565266500764665
3789,1.3067E+11,136902,0.6255639050709481,0,0.6508598194327263
3790,1.3067E+11,102917,0.5157766927697004,0.020156775,0.16570605067935124
3791,1.3067E+11,43184,0.24916573693920205,0.11602209837917037,0.1786922199622761
3792,1.3067E+11,100052,0.7708638303743497,0,0.6997439135739827
3793,1.3067E+11,164081,0.8350923372679111,0,0.7915662555232982
3794,1.3067E+11,155156,0.5930047600476192,0,0.8233918032351836
3795,1.3067E+11,46694,0.4663865497228304,0.036896877607408916,0.34769598834412935
3796,1.3067E+11,152944,0.8065983981046826,0.034330986,0.6841339105958231
3797,1.3067E+11,131944,0.4414414357600845,0.026315789,0.6527643001671746
3798,1.3067E+11,182898,0.6972375613564911,0,0.7988087306498429
3799,1.3067E+11,68407,0.5699815785452893,0.011524822592865048,0.8859060336621474
3800,1.3067E+11,124038,0.6618156572292747,0.018549747,0.7503416822307896
3801,1.3067E+11,94111,0.5535603680894094,0.014209591390114911,0.7111368868263521
3802,1.3067E+11,133654,0.47900894370950486,0.012730744667531862,0.8551691240820908
3803,1.3067E+11,92078,0.5565293553327839,0.047419804411298436,0.8222390255503856
3804,1.3233E+11,55625,0.038805969570060155,0,0.8132487610059989
3805,1.3067E+11,230468,0.717407132,0,0.8293670844082679
3806,1.3067E+11,176531,0.7071960253896028,0.006314581,0.7426988885060479
3807,1.3067E+11,79406,0.45739470658771103,0.007597341,0.7598684160534973
3808,1.3067E+11,175357,0.7612655727587193,0.040250446867169526,0.8066260932614868
3809,1.3067E+11,113816,0.4791332224788666,0.076923076,0.726012198
3810,1.3067E+11,225195,0.589743582,0,0.7848633441845596
3811,1.3067E+11,189844,0.734593256,0.041124057,0.8137450158678037
3812,1.3067E+11,148542,0.4943481500049122,0.029034435995716167,0.764971019
3813,1.3067E+11,206250,0.63334536,0.003016086,0.7982251247163702
3814,1.3067E+11,177292,0.5962244331608577,0.003942181,0.6862051506508078
3815,1.32231E+11,105250,0.31175468218266883,0,0.7770432645610381
3816,1.32231E+11,107262,0.27144771936026996,0.002925688,0.8207468845612161
3817,1.32231E+11,98189,0.2579029725887231,0.050860519,0.6719463884497521
3818,1.3067E+11,117647,0.4746411437833383,0.032282282,0.7519500740928233
3819,1.3067E+11,120208,0.6122672441153643,0.019319227053180985,0.7427869813211357
3820,1.3067E+11,137727,0.6087360538221557,0.013719512,0.804138591
3821,1.32231E+11,117188,0.2685930825741682,0.034511434,0.7961630663622579
3822,1.32231E+11,120784,0.2186621685291615,0.003233256,0.7352686276634808
3823,1.32231E+11,115316,0.3245078049931582,0.002597403,0.6215698767658906
3824,1.3067E+11,147773,0.5404530686035268,0.015549076622457953,0.8054779161236562
3825,1.32231E+11,104375,0.24547429221235126,0.018205461520120536,0.902219134
3826,1.3067E+11,132331,0.6713286556799848,0.064102563,0.7647679244222793
3827,1.32231E+11,125980,0.20239234352922322,0.005424254,0.610831232
3828,1.3067E+11,227500,0.6541916069731796,0.067532467,0.7977867122959084
3829,1.32231E+11,191985,0.1859131843905554,0.096349491,0.7890044517904573
3830,1.3067E+11,240227,0.5465498297201552,0.009460738,0.772298762
3831,1.3067E+11,165667,0.7091690442812458,0,0.7978883801064225
3832,1.32231E+11,137652,0.44382954928705287,0.090489025,0.6188863784090053
3833,1.32231E+11,95500,0.34574841640373566,0.002994012,0.7289391547233262
3834,1.32231E+11,115952,0.5035360643314282,0.055774277849250146,0.6433298479856152
3835,1.3067E+11,158438,0.5716272561082945,0.022896039462276984,0.8278080117377139
3836,1.3067E+11,90417,0.5527472466731072,0.067382812,0.3689526827806875
3837,1.3067E+11,91396,0.5036065540747111,0.023348519229222556,0.42322834367960405
3838,1.3067E+11,141908,0.6478134073013796,0.044889129,0.7244231574905391
3839,1.3067E+11,165938,0.5815046930798637,0.009615384,0.6876155204471763
3840,1.3067E+11,182813,0.7414364558957298,0.00744879,0.6974500296523085
3841,1.3067E+11,42074,0.41269840905909694,0,0.4517353554678126
3842,1.3067E+11,55332,0.5188284446467442,0.052998605,0.47385620398849454
3843,1.3067E+11,0,0.26591759801652437,0,0.30485556051102913
3844,1.3067E+11,71629,0.48161328017066096,0,0.3942632148804094
3845,1.3067E+11,113954,0.6327272698512396,0,0.31721933552848847
3846,1.3067E+11,123934,0.7739052656487465,0.029272152,0.7986526886328392
3847,1.3067E+11,60637,0.18703976160471633,0.019178082,0.510721243
3848,1.3067E+11,66799,0.5085629150516536,0.010389610322145387,0.5828025446772689
3849,1.3067E+11,135120,0.40587218993201907,0,0.5400721982666268
3850,1.3067E+11,127109,0.7262692996408544,0.056751466599775605,0.587587582
3851,1.3067E+11,162857,0.6048387056126431,0.035341830617949994,0.700683368
3852,1.3067E+11,64167,0.392030843,0.016634051,0.258319231
3853,1.3067E+11,115774,0.5558086497060518,0,0.7871835380760797
3854,1.3067E+11,107641,0.21486267827362396,0.12841529879214073,0.29268292358444653
3855,1.3067E+11,118472,0.4101665170011699,0.027450980176855058,0.7578772760758581
3856,1.3067E+11,205000,0.6009389614935309,0,0.6802243991569117
3857,1.3067E+11,126875,0.6823056208806217,0.00989011,0.7694858974337819
3858,1.3067E+11,44671,0.6446661500793082,0.013218771,0.43459119223527554
3859,1.3067E+11,139541,0.6732851864027946,0.031007751457244166,0.6714046766604961
3860,1.3067E+11,180486,0.6021671733410654,0.018072288938888084,0.7901739939593245
3861,1.3067E+11,88644,0.26256563944061784,0.009043928,0.5880177471300463
3862,1.3067E+11,89563,0.5044722628895839,0,0.6125925880548697
3863,1.3067E+11,72445,0.40294839799817694,0.062205466,0.6364421361274427
3864,1.3067E+11,80018,0.39523417916816617,0.057720057,0.5212375431503014
3865,1.32231E+11,146168,0.45759162064088155,0.038709677,0.7241379283495071
3866,1.3067E+11,118500,0.5464535409944702,0.058976582315901284,0.8102040761210607
3867,1.32231E+11,86162,0.4338132817751357,0.029893238327782068,0.5908109756681745
3868,1.32231E+11,118454,0.19260203835966788,0,0.8113314401624281
3869,1.32231E+11,150968,0.5974304004557773,0,0.8726790393058419
3870,1.3233E+11,59583,0.15192307546227812,0.024935511,0.8387301534048879
3871,1.3067E+11,82100,0.3755186644083265,0,0.7558770275237159
3872,1.32231E+11,101458,0.5599694380445421,0,0.7421805150036617
3873,1.32231E+11,122375,0.43480791365071064,0.035623409,0.5197272259146263
3874,1.32231E+11,126011,0.5607142807079082,0.032634032,0.8201875299493242
3875,1.3067E+11,97422,0.4277879302761615,0,0.5028604090225377
3876,1.3067E+11,43250,0.3188854439801015,0.058227847364204464,0.6482635739246343
3877,1.3067E+11,114410,0.5559006124860154,0,0.622932738
3878,1.3067E+11,51900,0.2232387902722892,0.062911485,0.6190276587635052
3879,1.3067E+11,83795,0.5863039344624397,0.040205303334428545,0.7593984910499078
3880,1.3067E+11,179769,0.4435364008652571,0.00731383,0.8123586977214868
3881,1.3067E+11,109821,0.44086020320268277,0,0.6094316734046956
3882,1.3067E+11,54013,0.32553191258488007,0.024263431,0.43553585642411013
3883,1.3067E+11,59720,0.5177494941878802,0.043132803,0.5373883898583237
3884,1.3067E+11,59375,0.36824323702291833,0.05738332,0.5584415560240624
3885,1.3067E+11,108917,0.5361445702387866,0,0.601520908
3886,1.3067E+11,59943,0.2835365810436497,0,0.69784845
3887,1.3067E+11,63998,0.38155275128365795,0,0.7416666622519842
3888,1.3067E+11,80614,0.2526555367780308,0.029470863834756438,0.4434782587271581
3889,1.3067E+11,77386,0.17518247535830384,0.050377832484185585,0.4734411030780473
3890,1.3067E+11,150417,0.5407999913472001,0,0.6885382002613106
3891,1.3067E+11,135652,0.5740223383516433,0.016968326,0.7431506785689155
3892,1.3067E+11,103563,0.4035656369241034,0.069767441,0.50911708
3893,1.3067E+11,109881,0.5988095166808391,0.052788844,0.6762481038105287
3894,1.3067E+11,84311,0.32451498831997366,0.022188217121742793,0.4401168430374058
3895,1.32231E+11,82542,0.2300706333998927,0.034671533,0.8899613842344828
3896,1.32231E+11,84367,0.19828259017734123,0,0.7540514704094236
3897,1.32231E+11,137365,0.4115346998458715,0.055936073,0.7719240812437038
3898,1.3067E+11,106979,0.4701298660594817,0.020648967,0.7246920154006855
3899,1.32231E+11,112135,0.24956369837368414,0.081004263,0.8028886966742196
3900,1.32231E+11,205046,0.4293680257493678,0,0.7987421341785004
3901,1.3016E+11,181058,0.39043823145664414,0.045454544,0.8743455344791355
3902,1.3016E+11,0,0,0.014084506794286853,0.8038528755892667
3903,1.3016E+11,39148,0.090206183,0,0.9023198913025654
3904,1.3016E+11,123214,0.40564373539996706,0.008634223,0.79629629
3905,1.3115E+11,69432,0.075019952,0.027346636900616134,0.9418297147444225
3906,1.3016E+11,63981,0.11578947246537398,0.007881773,0.9261744877643865
3907,1.3115E+11,48317,0.091878588,0.016064256920587303,0.9164004211054291
3908,1.3016E+11,98938,0.29361296192933306,0.018018017855693534,0.8864915489072087
3909,1.3016E+11,105469,0.3442622913195378,0.042533936,0.8124999949218751
3910,1.3016E+11,58750,0.20544554201181262,0.031460674,0.846049041
3911,1.3016E+11,84886,0.097387172,0.01632653,0.8365724307723283
3912,1.3016E+11,0,0.26666666466916356,0.039735099098524386,0.8902980285967151
3913,1.3016E+11,55221,0.39678898172502336,0.032653060558100806,0.6979166575792102
3914,1.3016E+11,72759,0.17733089417430628,0,0.8053960918174736
3915,1.3016E+11,94236,0.49659442416969396,0,0.9122106906934928
3916,1.3016E+11,54241,0.30666666411111115,0.022268615,0.6706382950185604
3917,1.3016E+11,87891,0.14560439360433525,0.081767955,0.7966991688169605
3918,1.30571E+11,131125,0.28288973168905146,0.016969696866850324,0.7668393732717658
3919,1.30571E+11,67219,0.40756302276372736,0.034451079,0.6391082181184011
3920,1.30571E+11,90833,0.30702389350453374,0.037922986943273125,0.8503105537247792
3921,1.30571E+11,134028,0.4929643504082347,0.002547771,0.8247863215820267
3922,1.30571E+11,167321,0.508431699,0.023104692973973336,0.8468899484693782
3923,1.3016E+11,47460,0.1078360883692589,0.04884742,0.7772108799477842
3924,1.30571E+11,103021,0.22089040717653413,0,0.8130216960515718
3925,1.30571E+11,156250,0.5615808771913522,0,0.8810939305523547
3926,1.30571E+11,110865,0.5063965857867986,0.004102564,0.8438177828426368
3927,1.3016E+11,43375,0.32767401820587405,0,0.8199566071588221
3928,1.3016E+11,94115,0.20032051121538053,0.039246467509839345,0.781712469
3929,1.3016E+11,70938,0.264084505,0.012690355222585827,0.8835893218788252
3930,1.3016E+11,72300,0.10169491381786845,0.014184396995456301,0.7361111047212577
3931,1.3016E+11,132016,0.20853079580422768,0,0.5947281615366036
3932,1.3016E+11,0,0.04659498,0,0.4914134677488314
3933,1.3016E+11,94509,0.5228757999060196,0,0.6461748545604529
3934,1.3016E+11,30111,0.1457800474225052,0,0.3042635629431825
3935,1.3016E+11,73534,0.028999999710000005,0,0.31753554126142725
3936,1.3016E+11,74583,0.23186682382956705,0.026343519355408223,0.6672494133610174
3937,1.3016E+11,82963,0.26101888803080203,0.019295706612177003,0.8215633378891465
3938,1.3016E+11,94434,0.22534331944230138,0.021182266,0.7693726901781702
3939,1.3016E+11,127835,0.2772997996207823,0,0.8590951891654326
3940,1.3016E+11,44946,0.44412331,0,0.6378205077097716
3941,1.3016E+11,83391,0.10496183005798035,0,0.4503205092121754
3942,1.3016E+11,84219,0.4513749131363185,0.069461827,0.8594049862792467
3943,1.3016E+11,83417,0.23631123749055305,0.096487686,0.5763673860868556
3944,1.3016E+11,66912,0.058394159,0,0.4291187684659161
3945,1.3016E+11,105797,0.21113127518976846,0.039257294,0.5427666286020769
3946,1.3016E+11,81250,0.30624092666008035,0,0.5476070501379997
3947,1.3016E+11,87206,0.18425196560233126,0,0.7260802413111093
3948,1.3016E+11,0,0.46892654042580395,0,0.89112902
3949,1.3115E+11,96691,0.49968253650995215,0.01124926,0.7824543570869454
3950,1.3016E+11,73618,0.16384615258579882,0.029748283525947494,0.7377049127747334
3951,1.3016E+11,45101,0.1960227244883136,0,0.727499995
3952,1.3016E+11,98532,0.13290113344488547,0.053030303,0.70833333
3953,1.3016E+11,62833,0.021214338,0.006176652,0.6457219208173669
3954,1.3016E+11,26615,0.15547024653607971,0,0.6315378561160199
3955,1.3016E+11,81932,0.3092063472431343,0.019989479,0.7928138087129546
3956,1.3016E+11,45848,0.16932515129662393,0.3082259632485038,0.683143215
3957,1.3016E+11,69464,0.16591421934634065,0,0.6107899748478808
3958,1.3016E+11,87361,0.21407333781889656,0.02112676,0.7074554237645427
3959,1.3016E+11,58384,0.17675312030016216,0.012566137483028192,0.5413105387402158
3960,1.3115E+11,167837,0.45735607188319755,0.032830523,0.9186864666248127
3961,1.3016E+11,59477,0.2964743542231674,0.042216358,0.6301145611283587
3962,1.3016E+11,106853,0.30125899009659185,0.084745762,0.6411378509034439
3963,1.3016E+11,74288,0.224083767,0.091378039,0.549895321
3964,1.3016E+11,41884,0.1401547709359005,0.058964143,0.84946236
3965,1.3016E+11,103125,0.4625698272338567,0.010672358477349429,0.8640988309295143
3966,1.3016E+11,32186,0.25509110123160667,0,0.7896551669678954
3967,1.3016E+11,102548,0.1931034472514406,0.016932752699889923,0.7373588574503738
3968,1.3016E+11,57019,0.27832783,0.013320647,0.811623241
3969,1.3016E+11,94417,0.362968403,0.010788941262380707,0.8644529076513179
3970,1.3016E+11,106000,0.2055591454068575,0.068470458,0.827460505
3971,1.3115E+11,70984,0.19744058320438224,0.041921397,0.930169485
3972,1.3016E+11,75653,0.1493506481383876,0.000694444,0.8412419400044409
3973,1.3016E+11,78214,0.20676691470216899,0.015184382,0.8683446188930821
3974,1.3016E+11,70391,0.1869237201431373,0.037722908,0.9042988694764643
3975,1.3016E+11,103850,0.2631578924662822,0.010933557519482275,0.8700343262872274
3976,1.3016E+11,83750,0.2222222203516648,0.011185682243208933,0.8801261789989806
3977,1.3016E+11,65875,0.26497695547261574,0,0.8790459891052301
3978,1.3016E+11,107774,0.17534246094952163,0,0.8928210223172799
3979,1.3016E+11,58030,0.1554404104808184,0,0.758571418
3980,1.3016E+11,91451,0.26285714160544216,0.011483693102968795,0.7570876239878375
3981,1.3016E+11,73929,0.12310286574112256,0.018354861,0.9022556338793775
3982,1.3115E+11,87292,0.23765019709412288,0,0.8821385068998967
3983,1.3115E+11,36781,0.13302752141023486,0.087309644,0.8995790685533429
3984,1.3115E+11,53750,0.20804195440486095,0,0.8985915366395558
3985,1.3016E+11,0,0.025078369119800343,0,0.6952029468988713
3986,1.3016E+11,82857,0.13676285901175836,0.064551422,0.8375950183994816
3987,1.313E+11,45614,0.20860926922064824,0,0.8853313411367734
3988,1.313E+11,59471,0.13137557858287807,0.026685393071029545,0.8531073402511179
3989,1.313E+11,58173,0.1589285685905613,0.017182130288966833,0.8451327358837811
3990,1.313E+11,78125,0.21501706240026094,0.061583577,0.8922924813014577
3991,1.313E+11,67250,0.2206896513674198,0,0.9323420005030335
3992,1.32271E+11,56250,0.089700996,0.09359047,0.9371460875586292
3993,1.32271E+11,70577,0.10428305206176812,0.031837915602924524,0.9079319984712182
3994,1.313E+11,53438,0.13908450459358268,0,0.9087808959183215
3995,1.31231E+11,36339,0.19215155355681254,0.033371691215515635,0.9063062981413847
3996,1.3086E+11,211938,0.5734232037870813,0.012787723730657613,0.908319867
3997,1.3086E+11,105250,0.3945012762499919,0,0.9162585655423185
3998,1.3139E+11,73295,0.2271791336501089,0.008905852,0.7508353186117646
3999,1.3086E+11,71903,0.30357142364332107,0.028860028443578233,0.8551724078953628
4000,1.3139E+11,80750,0.3843137204664873,0.029205607135448515,0.8713235187337804
4001,1.3188E+11,0,0.3391089024973044,0.010615711027267282,0.9199999840000003
4002,1.3139E+11,98889,0.3270042125104597,0,0.8982494431263738
4003,1.3188E+11,88750,0.032442747,0.11355932010916407,0.8635851086405286
4004,1.3188E+11,87917,0.24392613951480915,0.032336297232527914,0.8959044317639111
4005,1.3188E+11,53664,0.24373177700447943,0.030952381,0.8452846551704273
4006,1.3188E+11,78185,0.3380101997702781,0.05800464,0.9355488324718144
4007,1.3188E+11,145972,0.5451688880976521,0,0.9109697860813213
4008,1.3188E+11,0,0.3656307062955995,0.007198228,0.836084902
4009,1.3188E+11,0,0.3359374956258139,0.044347826,0.8072562266750994
4010,1.3188E+11,58206,0.25044091269063645,0,0.9079620094378231
4011,1.3188E+11,64718,0.3458213223264042,0.059836065,0.9163987064598175
4012,1.3139E+11,91875,0.3075611125209715,0.020377733497128563,0.9374471642542385
4013,1.3188E+11,77695,0.21038960765727782,0,0.8710976794003138
4014,1.3312E+11,49141,0.26894501829205025,0,0.8952321148354322
4015,1.3312E+11,70320,0.2935849034446422,0.008152174,0.9179600836033255
4016,1.3086E+11,62667,0.30077120629324416,0.036315789,0.9126589225391989
4017,1.3086E+11,72344,0.3808030089033688,0.014055179520795526,0.8899594275357027
4018,1.3086E+11,0,0.20231958502165484,0.1596998911071823,0.8749999888392859
4019,1.3086E+11,86979,0.2791239502370738,0.006143045,0.8997194919364674
4020,1.3188E+11,72104,0.40431266690676676,0.014244091893026571,0.8934642958312644
4021,1.3188E+11,74792,0.26131386479833774,0.002628121,0.9244712897837736
4022,1.3188E+11,56161,0.26212120814967865,0.016685206,0.9205297945509213
4023,1.3188E+11,55688,0.27788944583975156,0.094426531,0.9129603017075069
4024,1.31111E+11,66538,0.3244444396378602,0.028776978003208952,0.9206939167200259
4025,1.3188E+11,58259,0.21439280038391603,0.046650717,0.875630245
4026,1.3188E+11,37792,0.3060109247812715,0.016073871354056527,0.8558733661319817
4027,1.3188E+11,83948,0.2536382483651092,0,0.9310344730299428
4028,1.3188E+11,86563,0.4077478633765735,0.00472534,0.9012894579755915
4029,1.3188E+11,53285,0.18194069958260983,0.051724138,0.9352068623324992
4030,1.3188E+11,62417,0.43474426424387774,0.06377551,0.9259259189272417
4031,1.3291E+11,34120,0.19259258783722005,0,0.9311258154817773
4032,1.3291E+11,70291,0.3747841040624507,0,0.9280177084383421
4033,1.3312E+11,66875,0.19651346756713997,0.07142857,0.9048697519267299
4034,1.3312E+11,46535,0.36455695741067146,0,0.9319787903535443
4035,1.31171E+11,147310,0.46375545446501787,0.0390625,0.8662060247097612
4036,1.30571E+11,111667,0.1017569538670794,0.062868369,0.9008189180999189
4037,1.32271E+11,50000,0.10567010218496475,0.03907496,0.9276595688288172
4038,1.32271E+11,0,0.15850815481332972,0,0.9356136632673308
4039,1.32271E+11,129504,0.6502702667552959,0,0.9485323645012771
4040,1.3086E+11,100508,0.2937017975983175,0,0.9386694337906994
4041,1.3086E+11,98409,0.6834094264321244,0,0.9672618903681267
4042,1.3086E+11,59481,0.5948553006844429,0.057661927,0.9546350990667151
4043,1.3086E+11,92679,0.1637931010949267,0.022253129036813226,0.9270152404464571
4044,1.31231E+11,74067,0.20358090050675795,0.00375,0.9280039675868721
4045,1.32271E+11,67685,0.27700348271194264,0.007514761,0.9182939315606684
4046,1.32271E+11,95051,0.2558139503572344,0,0.9179170263202381
4047,1.32271E+11,65703,0.2021660613327426,0.046309695,0.8132231337750154
4048,1.32271E+11,112768,0.34289276380432965,0,0.904601561
4049,1.32271E+11,58668,0.19889502625072497,0.000551572,0.8768529026405194
4050,1.32271E+11,46207,0.20338982878483197,0.11352040743928311,0.918609964
4051,1.32271E+11,55260,0.16963350607713606,0.031578947,0.9247397844296255
4052,1.32271E+11,76691,0.088495574,0,0.9045801354087761
4053,1.31231E+11,52279,0.24847746347774102,0,0.8620928561185527
4054,1.32271E+11,71402,0.12499999809451223,0,0.898614144
4055,1.32271E+11,86414,0.5041628075470601,0.000852515,0.9334705011421777
4056,1.32271E+11,71654,0.17462932167002765,0.011532125015945223,0.9402390250948401
4057,1.31231E+11,69655,0.37755101559246157,0.035714285,0.9373912961965974